code,description,status,work_rvu,facility_pe_rvu,mp_rvu,global_days,conversion_factor
A0021,Outside state ambulance serv,I,0.00,0.00,0.00,XXX,33.4009
A0080,Noninterest escort in non er,I,0.00,0.00,0.00,XXX,33.4009
A0090,Interest escort in non er,I,0.00,0.00,0.00,XXX,33.4009
A0100,Nonemergency transport taxi,I,0.00,0.00,0.00,XXX,33.4009
A0110,Nonemergency transport bus,I,0.00,0.00,0.00,XXX,33.4009
A0120,Noner transport mini-bus,I,0.00,0.00,0.00,XXX,33.4009
A0130,Noner transport wheelch van,I,0.00,0.00,0.00,XXX,33.4009
A0140,Nonemergency transport air,I,0.00,0.00,0.00,XXX,33.4009
A0160,Noner transport case worker,I,0.00,0.00,0.00,XXX,33.4009
A0170,Transport parking fees/tolls,I,0.00,0.00,0.00,XXX,33.4009
A0180,Noner transport lodgng recip,I,0.00,0.00,0.00,XXX,33.4009
A0190,Noner transport meals recip,I,0.00,0.00,0.00,XXX,33.4009
A0200,Noner transport lodgng escrt,I,0.00,0.00,0.00,XXX,33.4009
A0210,Noner transport meals escort,I,0.00,0.00,0.00,XXX,33.4009
A0225,Neonatal emergency transport,I,0.00,0.00,0.00,XXX,33.4009
A0380,Basic life support mileage,I,0.00,0.00,0.00,XXX,33.4009
A0382,Basic support routine suppls,I,0.00,0.00,0.00,XXX,33.4009
A0384,Bls defibrillation supplies,I,0.00,0.00,0.00,XXX,33.4009
A0390,Advanced life support mileag,I,0.00,0.00,0.00,XXX,33.4009
A0392,Als defibrillation supplies,I,0.00,0.00,0.00,XXX,33.4009
A0394,Als iv drug therapy supplies,I,0.00,0.00,0.00,XXX,33.4009
A0396,Als esophageal intub suppls,I,0.00,0.00,0.00,XXX,33.4009
A0398,Als routine disposble suppls,I,0.00,0.00,0.00,XXX,33.4009
A0420,Ambulance waiting 1/2 hr,I,0.00,0.00,0.00,XXX,33.4009
A0422,Ambulance 02 life sustaining,I,0.00,0.00,0.00,XXX,33.4009
A0424,Extra ambulance attendant,I,0.00,0.00,0.00,XXX,33.4009
A0425,Ground mileage,X,0.00,0.00,0.00,XXX,33.4009
A0426,Als 1,X,0.00,0.00,0.00,XXX,33.4009
A0427,Als1-emergency,X,0.00,0.00,0.00,XXX,33.4009
A0428,Bls,X,0.00,0.00,0.00,XXX,33.4009
A0429,Bls-emergency,X,0.00,0.00,0.00,XXX,33.4009
A0430,Fixed wing air transport,X,0.00,0.00,0.00,XXX,33.4009
A0431,Rotary wing air transport,X,0.00,0.00,0.00,XXX,33.4009
A0432,Pi volunteer ambulance co,X,0.00,0.00,0.00,XXX,33.4009
A0433,Als 2,X,0.00,0.00,0.00,XXX,33.4009
A0434,Specialty care transport,X,0.00,0.00,0.00,XXX,33.4009
A0435,Fixed wing air mileage,X,0.00,0.00,0.00,XXX,33.4009
A0436,Rotary wing air mileage,X,0.00,0.00,0.00,XXX,33.4009
A0888,Noncovered ambulance mileage,N,0.00,0.00,0.00,XXX,33.4009
A0998,Ambulance response/treatment,I,0.00,0.00,0.00,XXX,33.4009
A0999,Unlisted ambulance service,X,0.00,0.00,0.00,XXX,33.4009
A2001,"Innovamatrix ac, per sq cm",A,0.00,3.81,0.00,ZZZ,33.4009
A2002,Mirragen adv wnd mat per sq,A,0.00,3.81,0.00,ZZZ,33.4009
A2004,"Xcellistem, 1 mg",C,0.00,0.00,0.00,XXX,33.4009
A2005,"Microlyte matrix, per sq cm",A,0.00,3.81,0.00,ZZZ,33.4009
A2006,Novosorb synpath per sq cm,A,0.00,3.81,0.00,ZZZ,33.4009
A2007,"Restrata, per sq cm",A,0.00,3.81,0.00,ZZZ,33.4009
A2008,"Theragenesis, per sq cm",A,0.00,3.81,0.00,ZZZ,33.4009
A2009,"Symphony, per sq cm",A,0.00,3.81,0.00,ZZZ,33.4009
A2010,"Apis, per square centimeter",A,0.00,3.81,0.00,ZZZ,33.4009
A2011,"Supra sdrm, per sq cm",A,0.00,3.81,0.00,ZZZ,33.4009
A2012,"Suprathel, per sq cm",A,0.00,3.81,0.00,ZZZ,33.4009
A2013,"Innovamatrix fs, per sq cm",A,0.00,3.81,0.00,ZZZ,33.4009
A2014,Omeza collag compl 100 mg,C,0.00,0.00,0.00,XXX,33.4009
A2015,"Phoenix wnd mtrx, per sq cm",A,0.00,3.81,0.00,ZZZ,33.4009
A2016,"Permeaderm b, per sq cm",A,0.00,3.81,0.00,ZZZ,33.4009
A2017,"Permeaderm glove, each",C,0.00,0.00,0.00,XXX,33.4009
A2018,"Permeaderm c, per sq cm",A,0.00,3.81,0.00,ZZZ,33.4009
A2019,Kerecis marigen shld sq cm,A,0.00,3.81,0.00,ZZZ,33.4009
A2020,Ac5 wound system,C,0.00,0.00,0.00,XXX,33.4009
A2021,Neomatrix per sq cm,A,0.00,3.81,0.00,ZZZ,33.4009
A2022,Innovabrn/innovamatx xl sqcm,A,0.00,3.81,0.00,ZZZ,33.4009
A2023,"Innovamatrix pd, 1 mg",C,0.00,0.00,0.00,XXX,33.4009
A2024,Resolve or xenopatch sq cm,A,0.00,3.81,0.00,ZZZ,33.4009
A2025,Miro3d per cubic cm,A,0.00,3.81,0.00,ZZZ,33.4009
A2026,"Restrata minimatrix, 5 mg",C,0.00,0.00,0.00,XXX,33.4009
A2027,Matriderm per sq cm,A,0.00,3.81,0.00,ZZZ,33.4009
A2028,Micromatrix flex per mg,C,0.00,0.00,0.00,XXX,33.4009
A2029,Mirotract matrix sheet,A,0.00,3.81,0.00,ZZZ,33.4009
A2030,"Miro3d fibers, per mg",C,0.00,0.00,0.00,XXX,33.4009
A2031,"Mirodry, per sq cm",A,0.00,3.81,0.00,ZZZ,33.4009
A2032,"Myriad matrix, per sq cm",A,0.00,3.81,0.00,ZZZ,33.4009
A2033,"Myriad morcells, 4 mg",C,0.00,0.00,0.00,XXX,33.4009
A2034,"Found drs solo, per sq cm",A,0.00,3.81,0.00,ZZZ,33.4009
A2035,Corpl p therac p allac p mg,C,0.00,0.00,0.00,XXX,33.4009
A2036,Cohealyx col dml mx pr sq cm,A,0.00,3.81,0.00,ZZZ,33.4009
A2037,"G4derm plus/suprello, pr ml",C,0.00,0.00,0.00,XXX,33.4009
A2038,"Marigen pacto, per sq cm",A,0.00,3.81,0.00,ZZZ,33.4009
A2039,"Innovamatrix fd, per sq cm",A,0.00,3.81,0.00,ZZZ,33.4009
A2040,Microlyte painguard pr sq cm,A,0.00,3.81,0.00,ZZZ,33.4009
A2041,Foundation drs+ duo pr sq cm,A,0.00,3.81,0.00,ZZZ,33.4009
A2042,"Foundation drs+ solo, sq cm",A,0.00,3.81,0.00,ZZZ,33.4009
A2043,"Biobrane, per sq cm",A,0.00,3.81,0.00,ZZZ,33.4009
A2044,"Biobrane glove, each",C,0.00,0.00,0.00,XXX,33.4009
A2045,Novashield/novogen pr sq cm,A,0.00,3.81,0.00,ZZZ,33.4009
A4100,Nosht skin sub fda clrd nos,C,0.00,0.00,0.00,XXX,33.4009
A4206,1 cc sterile syringe&needle,X,0.00,0.00,0.00,XXX,33.4009
A4207,2 cc sterile syringe&needle,X,0.00,0.00,0.00,XXX,33.4009
A4208,3 cc sterile syringe&needle,X,0.00,0.00,0.00,XXX,33.4009
A4209,5+ cc sterile syringe&needle,X,0.00,0.00,0.00,XXX,33.4009
A4210,Nonneedle injection device,N,0.00,0.00,0.00,XXX,33.4009
A4211,Supp for self-adm injections,P,0.00,0.00,0.00,XXX,33.4009
A4212,Non coring needle or stylet,P,0.00,0.00,0.00,XXX,33.4009
A4213,20+ cc syringe only,X,0.00,0.00,0.00,XXX,33.4009
A4215,Sterile needle,X,0.00,0.00,0.00,XXX,33.4009
A4216,"Sterile water/saline, 10 ml",X,0.00,0.00,0.00,XXX,33.4009
A4217,"Sterile water/saline, 500 ml",X,0.00,0.00,0.00,XXX,33.4009
A4218,Sterile saline or water,X,0.00,0.00,0.00,XXX,33.4009
A4220,Infusion pump refill kit,P,0.00,0.00,0.00,XXX,33.4009
A4221,Supp non-insulin inf cath/wk,X,0.00,0.00,0.00,XXX,33.4009
A4222,Infusion supplies with pump,X,0.00,0.00,0.00,XXX,33.4009
A4223,Infusion supplies w/o pump,X,0.00,0.00,0.00,XXX,33.4009
A4224,Supply insulin inf cath/wk,X,0.00,0.00,0.00,XXX,33.4009
A4225,Sup/ext insulin inf pump syr,X,0.00,0.00,0.00,XXX,33.4009
A4226,Weekly supply maint cgs pump,I,0.00,0.00,0.00,XXX,33.4009
A4230,Infus insulin pump non needl,X,0.00,0.00,0.00,XXX,33.4009
A4231,Infusion insulin pump needle,X,0.00,0.00,0.00,XXX,33.4009
A4232,Syringe w/needle insulin 3cc,I,0.00,0.00,0.00,XXX,33.4009
A4233,Alkalin batt for glucose mon,X,0.00,0.00,0.00,XXX,33.4009
A4234,J-cell batt for glucose mon,X,0.00,0.00,0.00,XXX,33.4009
A4235,Lithium batt for glucose mon,X,0.00,0.00,0.00,XXX,33.4009
A4236,Silvr oxide batt glucose mon,X,0.00,0.00,0.00,XXX,33.4009
A4238,Adju cgm supply allowance,X,0.00,0.00,0.00,XXX,33.4009
A4239,Non-adju cgm supply allow,P,0.00,0.00,0.00,XXX,33.4009
A4244,Alcohol or peroxide per pint,X,0.00,0.00,0.00,XXX,33.4009
A4245,Alcohol wipes per box,X,0.00,0.00,0.00,XXX,33.4009
A4246,Betadine/phisohex solution,X,0.00,0.00,0.00,XXX,33.4009
A4247,Betadine/iodine swabs/wipes,X,0.00,0.00,0.00,XXX,33.4009
A4248,Chlorhexidine antisept,X,0.00,0.00,0.00,XXX,33.4009
A4250,Urine reagent strips/tablets,N,0.00,0.00,0.00,XXX,33.4009
A4252,Blood ketone test or strip,N,0.00,0.00,0.00,XXX,33.4009
A4253,Blood glucose/reagent strips,P,0.00,0.00,0.00,XXX,33.4009
A4255,Glucose monitor platforms,X,0.00,0.00,0.00,XXX,33.4009
A4256,Calibrator solution/chips,P,0.00,0.00,0.00,XXX,33.4009
A4257,Replace lensshield cartridge,X,0.00,0.00,0.00,XXX,33.4009
A4258,Lancet device each,P,0.00,0.00,0.00,XXX,33.4009
A4259,Lancets per box,P,0.00,0.00,0.00,XXX,33.4009
A4261,Cervical cap contraceptive,N,0.00,0.00,0.00,XXX,33.4009
A4262,Temporary tear duct plug,B,0.00,0.00,0.00,XXX,33.4009
A4263,Permanent tear duct plug,B,0.00,0.00,0.00,XXX,33.4009
A4264,Intratubal occlusion device,I,0.00,0.00,0.00,XXX,33.4009
A4265,Paraffin,P,0.00,0.00,0.00,XXX,33.4009
A4266,Diaphragm,I,0.00,0.00,0.00,XXX,33.4009
A4267,Male condom,I,0.00,0.00,0.00,XXX,33.4009
A4268,Female condom,I,0.00,0.00,0.00,XXX,33.4009
A4269,Spermicide,I,0.00,0.00,0.00,XXX,33.4009
A4270,Disposable endoscope sheath,B,0.00,0.00,0.00,XXX,33.4009
A4271,Home lancing/test cartridges,X,0.00,0.00,0.00,XXX,33.4009
A4280,Brst prsths adhsv attchmnt,X,0.00,0.00,0.00,XXX,33.4009
A4281,Replacement breastpump tube,X,0.00,0.00,0.00,XXX,33.4009
A4282,Replacement breastpump adpt,X,0.00,0.00,0.00,XXX,33.4009
A4283,Replacement breastpump cap,X,0.00,0.00,0.00,XXX,33.4009
A4284,Replcmnt breast pump shield,X,0.00,0.00,0.00,XXX,33.4009
A4285,Replcmnt breast pump bottle,X,0.00,0.00,0.00,XXX,33.4009
A4286,Replcmnt breastpump lok ring,X,0.00,0.00,0.00,XXX,33.4009
A4287,Disp col sto bag breast milk,X,0.00,0.00,0.00,XXX,33.4009
A4288,Replacement breastpump valve,X,0.00,0.00,0.00,XXX,33.4009
A4290,Sacral nerve stim test lead,X,0.00,0.00,0.00,XXX,33.4009
A4295,Straigh tip hydrophilic cath,X,0.00,0.00,0.00,XXX,33.4009
A4296,Coude tip hydrophilic cath,X,0.00,0.00,0.00,XXX,33.4009
A4297,Hydrophilic coat insert sup,X,0.00,0.00,0.00,XXX,33.4009
A4300,Cath impl vasc access portal,B,0.00,0.00,0.00,XXX,33.4009
A4301,Implantable access syst perc,P,0.00,0.00,0.00,XXX,33.4009
A4305,Drug delivery system >=50 ml,P,0.00,0.00,0.00,XXX,33.4009
A4306,Drug delivery system <=50 ml,P,0.00,0.00,0.00,XXX,33.4009
A4310,Insert tray w/o bag/cath,P,0.00,0.00,0.00,XXX,33.4009
A4311,Catheter w/o bag 2-way latex,P,0.00,0.00,0.00,XXX,33.4009
A4312,Cath w/o bag 2-way silicone,P,0.00,0.00,0.00,XXX,33.4009
A4313,Catheter w/bag 3-way,P,0.00,0.00,0.00,XXX,33.4009
A4314,Cath w/drainage 2-way latex,P,0.00,0.00,0.00,XXX,33.4009
A4315,Cath w/drainage 2-way silcne,P,0.00,0.00,0.00,XXX,33.4009
A4316,Cath w/drainage 3-way,P,0.00,0.00,0.00,XXX,33.4009
A4318,Fem urinary cup w/wo attch,P,0.00,0.00,0.00,XXX,33.4009
A4320,Irrigation tray,P,0.00,0.00,0.00,XXX,33.4009
A4321,Cath therapeutic irrig agent,X,0.00,0.00,0.00,XXX,33.4009
A4322,Irrigation syringe,P,0.00,0.00,0.00,XXX,33.4009
A4326,Male external catheter,P,0.00,0.00,0.00,XXX,33.4009
A4327,Fem urinary collect dev cup,P,0.00,0.00,0.00,XXX,33.4009
A4328,Fem urinary collect pouch,P,0.00,0.00,0.00,XXX,33.4009
A4330,Stool collection pouch,P,0.00,0.00,0.00,XXX,33.4009
A4331,Extension drainage tubing,X,0.00,0.00,0.00,XXX,33.4009
A4332,Lube sterile packet,X,0.00,0.00,0.00,XXX,33.4009
A4333,Urinary cath anchor device,X,0.00,0.00,0.00,XXX,33.4009
A4334,Urinary cath leg strap,X,0.00,0.00,0.00,XXX,33.4009
A4335,Incontinence supply,P,0.00,0.00,0.00,XXX,33.4009
A4336,Urethral insert,X,0.00,0.00,0.00,XXX,33.4009
A4337,Incontinent rectal insert,X,0.00,0.00,0.00,XXX,33.4009
A4338,Indwelling catheter latex,P,0.00,0.00,0.00,XXX,33.4009
A4340,Indwelling catheter special,P,0.00,0.00,0.00,XXX,33.4009
A4341,Iduc valve pat inst repl,X,0.00,0.00,0.00,XXX,33.4009
A4342,Iduc valve sply repl,X,0.00,0.00,0.00,XXX,33.4009
A4344,Cath indw foley 2 way silicn,P,0.00,0.00,0.00,XXX,33.4009
A4346,Cath indw foley 3 way,P,0.00,0.00,0.00,XXX,33.4009
A4349,Disposable male external cat,X,0.00,0.00,0.00,XXX,33.4009
A4351,Straight tip urine catheter,P,0.00,0.00,0.00,XXX,33.4009
A4352,Coude tip urinary catheter,P,0.00,0.00,0.00,XXX,33.4009
A4353,Intermittent urinary cath,X,0.00,0.00,0.00,XXX,33.4009
A4354,Cath insertion tray w/bag,P,0.00,0.00,0.00,XXX,33.4009
A4355,Bladder irrigation tubing,P,0.00,0.00,0.00,XXX,33.4009
A4356,Ext ureth clmp or compr dvc,P,0.00,0.00,0.00,XXX,33.4009
A4357,Bedside drainage bag,P,0.00,0.00,0.00,XXX,33.4009
A4358,Urinary leg or abdomen bag,P,0.00,0.00,0.00,XXX,33.4009
A4360,Disposable ext urethral dev,X,0.00,0.00,0.00,XXX,33.4009
A4361,Ostomy face plate,P,0.00,0.00,0.00,XXX,33.4009
A4362,Solid skin barrier,P,0.00,0.00,0.00,XXX,33.4009
A4363,"Ostomy clamp, replacement",X,0.00,0.00,0.00,XXX,33.4009
A4364,"Adhesive, liquid or equal",P,0.00,0.00,0.00,XXX,33.4009
A4366,Ostomy vent,X,0.00,0.00,0.00,XXX,33.4009
A4367,Ostomy belt,P,0.00,0.00,0.00,XXX,33.4009
A4368,Ostomy filter,X,0.00,0.00,0.00,XXX,33.4009
A4369,Skin barrier liquid per oz,X,0.00,0.00,0.00,XXX,33.4009
A4371,Skin barrier powder per oz,X,0.00,0.00,0.00,XXX,33.4009
A4372,Skin barrier solid 4x4 equiv,X,0.00,0.00,0.00,XXX,33.4009
A4373,Skin barrier with flange,X,0.00,0.00,0.00,XXX,33.4009
A4375,Drainable plastic pch w fcpl,X,0.00,0.00,0.00,XXX,33.4009
A4376,Drainable rubber pch w fcplt,X,0.00,0.00,0.00,XXX,33.4009
A4377,Drainable plstic pch w/o fp,X,0.00,0.00,0.00,XXX,33.4009
A4378,Drainable rubber pch w/o fp,X,0.00,0.00,0.00,XXX,33.4009
A4379,Urinary plastic pouch w fcpl,X,0.00,0.00,0.00,XXX,33.4009
A4380,Urinary rubber pouch w fcplt,X,0.00,0.00,0.00,XXX,33.4009
A4381,Urinary plastic pouch w/o fp,X,0.00,0.00,0.00,XXX,33.4009
A4382,Urinary hvy plstc pch w/o fp,X,0.00,0.00,0.00,XXX,33.4009
A4383,Urinary rubber pouch w/o fp,X,0.00,0.00,0.00,XXX,33.4009
A4384,Ostomy faceplt/silicone ring,X,0.00,0.00,0.00,XXX,33.4009
A4385,Ost skn barrier sld ext wear,X,0.00,0.00,0.00,XXX,33.4009
A4387,Ost clsd pouch w att st barr,X,0.00,0.00,0.00,XXX,33.4009
A4388,Drainable pch w ex wear barr,X,0.00,0.00,0.00,XXX,33.4009
A4389,Drainable pch w st wear barr,X,0.00,0.00,0.00,XXX,33.4009
A4390,Drainable pch ex wear convex,X,0.00,0.00,0.00,XXX,33.4009
A4391,Urinary pouch w ex wear barr,X,0.00,0.00,0.00,XXX,33.4009
A4392,Urinary pouch w st wear barr,X,0.00,0.00,0.00,XXX,33.4009
A4393,Urine pch w ex wear bar conv,X,0.00,0.00,0.00,XXX,33.4009
A4394,Ostomy pouch liq deodorant,X,0.00,0.00,0.00,XXX,33.4009
A4395,Ostomy pouch solid deodorant,X,0.00,0.00,0.00,XXX,33.4009
A4396,Peristomal hernia supprt blt,X,0.00,0.00,0.00,XXX,33.4009
A4398,Ostomy irrigation bag,P,0.00,0.00,0.00,XXX,33.4009
A4399,Ostomy irrig cone/cath w brs,P,0.00,0.00,0.00,XXX,33.4009
A4400,Ostomy irrigation set,P,0.00,0.00,0.00,XXX,33.4009
A4402,Lubricant per ounce,P,0.00,0.00,0.00,XXX,33.4009
A4404,Ostomy ring each,P,0.00,0.00,0.00,XXX,33.4009
A4405,Nonpectin based ostomy paste,X,0.00,0.00,0.00,XXX,33.4009
A4406,Pectin based ostomy paste,X,0.00,0.00,0.00,XXX,33.4009
A4407,"Ext wear ost skn barr <=4sq""",X,0.00,0.00,0.00,XXX,33.4009
A4408,"Ext wear ost skn barr >4sq""",X,0.00,0.00,0.00,XXX,33.4009
A4409,Ost skn barr convex <=4 sq i,X,0.00,0.00,0.00,XXX,33.4009
A4410,Ost skn barr extnd >4 sq,X,0.00,0.00,0.00,XXX,33.4009
A4411,Ost skn barr extnd =4sq,X,0.00,0.00,0.00,XXX,33.4009
A4412,Ost pouch drain high output,X,0.00,0.00,0.00,XXX,33.4009
A4413,2 pc drainable ost pouch,X,0.00,0.00,0.00,XXX,33.4009
A4414,Ost sknbar w/o conv<=4 sq in,X,0.00,0.00,0.00,XXX,33.4009
A4415,Ost skn barr w/o conv >4 sqi,X,0.00,0.00,0.00,XXX,33.4009
A4416,Ost pch clsd w barrier/filtr,X,0.00,0.00,0.00,XXX,33.4009
A4417,Ost pch w bar/bltinconv/fltr,X,0.00,0.00,0.00,XXX,33.4009
A4418,Ost pch clsd w/o bar w filtr,X,0.00,0.00,0.00,XXX,33.4009
A4419,Ost pch for bar w flange/flt,X,0.00,0.00,0.00,XXX,33.4009
A4420,Ost pch clsd for bar w lk fl,X,0.00,0.00,0.00,XXX,33.4009
A4421,Ostomy supply misc,X,0.00,0.00,0.00,XXX,33.4009
A4422,Ost pouch absorbent material,X,0.00,0.00,0.00,XXX,33.4009
A4423,Ost pch for bar w lk fl/fltr,X,0.00,0.00,0.00,XXX,33.4009
A4424,Ost pch drain w bar & filter,X,0.00,0.00,0.00,XXX,33.4009
A4425,Ost pch drain for barrier fl,X,0.00,0.00,0.00,XXX,33.4009
A4426,Ost pch drain 2 piece system,X,0.00,0.00,0.00,XXX,33.4009
A4427,Ost pch drain/barr lk flng/f,X,0.00,0.00,0.00,XXX,33.4009
A4428,Urine ost pouch w faucet/tap,X,0.00,0.00,0.00,XXX,33.4009
A4429,Urine ost pouch w bltinconv,X,0.00,0.00,0.00,XXX,33.4009
A4430,Ost urine pch w b/bltin conv,X,0.00,0.00,0.00,XXX,33.4009
A4431,Ost pch urine w barrier/tapv,X,0.00,0.00,0.00,XXX,33.4009
A4432,Os pch urine w bar/fange/tap,X,0.00,0.00,0.00,XXX,33.4009
A4433,Urine ost pch bar w lock fln,X,0.00,0.00,0.00,XXX,33.4009
A4434,Ost pch urine w lock flng/ft,X,0.00,0.00,0.00,XXX,33.4009
A4435,1pc ost pch drain hgh output,X,0.00,0.00,0.00,XXX,33.4009
A4436,Irr supply sleev reus per mo,P,0.00,0.00,0.00,XXX,33.4009
A4437,Irr supply sleev disp per mo,P,0.00,0.00,0.00,XXX,33.4009
A4438,Adhesive clip ext ens contr,X,0.00,0.00,0.00,XXX,33.4009
A4450,Non-waterproof tape,X,0.00,0.00,0.00,XXX,33.4009
A4452,Waterproof tape,X,0.00,0.00,0.00,XXX,33.4009
A4453,"Rec cath any transanal, each",X,0.00,0.00,0.00,XXX,33.4009
A4455,Adhesive remover per ounce,P,0.00,0.00,0.00,XXX,33.4009
A4456,"Adhesive remover, wipes",X,0.00,0.00,0.00,XXX,33.4009
A4457,Enema tube any type repl,N,0.00,0.00,0.00,XXX,33.4009
A4458,Reusable enema bag,X,0.00,0.00,0.00,XXX,33.4009
A4459,"Transanal irrigation, manual",X,0.00,0.00,0.00,XXX,33.4009
A4461,Surgicl dress hold non-reuse,X,0.00,0.00,0.00,XXX,33.4009
A4463,Surgical dress holder reuse,X,0.00,0.00,0.00,XXX,33.4009
A4465,Non-elastic extremity binder,P,0.00,0.00,0.00,XXX,33.4009
A4467,Belt strap sleev grmnt cover,N,0.00,0.00,0.00,XXX,33.4009
A4468,Exsuff belt incl all sup acc,N,0.00,0.00,0.00,XXX,33.4009
A4470,Gravlee jet washer,P,0.00,0.00,0.00,XXX,33.4009
A4479,"Transanal irrigation, electr",P,0.00,0.00,0.00,XXX,33.4009
A4480,Vabra aspirator,P,0.00,0.00,0.00,XXX,33.4009
A4481,Tracheostoma filter,X,0.00,0.00,0.00,XXX,33.4009
A4483,Moisture exchanger,X,0.00,0.00,0.00,XXX,33.4009
A4490,Above knee surgical stocking,N,0.00,0.00,0.00,XXX,33.4009
A4495,Thigh length surg stocking,N,0.00,0.00,0.00,XXX,33.4009
A4500,Below knee surgical stocking,N,0.00,0.00,0.00,XXX,33.4009
A4510,Full length surg stocking,N,0.00,0.00,0.00,XXX,33.4009
A4520,Incontinence garment anytype,N,0.00,0.00,0.00,XXX,33.4009
A4540,Trans elec nerv periph nerv,N,0.00,0.00,0.00,XXX,33.4009
A4541,Monthly supp use with e0733,X,0.00,0.00,0.00,XXX,33.4009
A4542,Supp ext up limb tremor stim,X,0.00,0.00,0.00,XXX,33.4009
A4543,Supply trans elec nerve stim,X,0.00,0.00,0.00,XXX,33.4009
A4544,Electro nerve stimulator rls,X,0.00,0.00,0.00,XXX,33.4009
A4545,Suppl accessor tibial stim,X,0.00,0.00,0.00,XXX,33.4009
A4550,Surgical trays,B,0.00,0.00,0.00,XXX,33.4009
A4553,"Nondisp underpads, all sizes",N,0.00,0.00,0.00,XXX,33.4009
A4554,Disposable underpads,N,0.00,0.00,0.00,XXX,33.4009
A4555,Ca tx e-stim electr/transduc,I,0.00,0.00,0.00,XXX,33.4009
A4556,"Electrodes, pair",P,0.00,0.00,0.00,XXX,33.4009
A4557,"Lead wires, pair",P,0.00,0.00,0.00,XXX,33.4009
A4558,Conductive gel or paste,P,0.00,0.00,0.00,XXX,33.4009
A4559,Coupling gel or paste,X,0.00,0.00,0.00,XXX,33.4009
A4560,Nmes disposable,N,0.00,0.00,0.00,XXX,33.4009
A4561,Pessary reusable rub anytype,X,0.00,0.00,0.00,XXX,33.4009
A4562,Pessary reusable nonrubber,X,0.00,0.00,0.00,XXX,33.4009
A4563,Vag inser rectal control sys,X,0.00,0.00,0.00,XXX,33.4009
A4564,"Pessary, disposable any type",X,0.00,0.00,0.00,XXX,33.4009
A4565,Slings,X,0.00,0.00,0.00,XXX,33.4009
A4566,Should sling/vest/abrestrain,I,0.00,0.00,0.00,XXX,33.4009
A4570,Splint,I,0.00,0.00,0.00,XXX,33.4009
A4575,Hyperbaric o2 chamber disps,X,0.00,0.00,0.00,XXX,33.4009
A4580,Cast supplies (plaster),I,0.00,0.00,0.00,XXX,33.4009
A4590,Special casting material,I,0.00,0.00,0.00,XXX,33.4009
A4593,Neuromod sti sys adj rehab,X,0.00,0.00,0.00,XXX,33.4009
A4594,Neuromod adj rehab mouthpie,X,0.00,0.00,0.00,XXX,33.4009
A4595,Tens suppl 2 lead per month,X,0.00,0.00,0.00,XXX,33.4009
A4596,Ces system monthly supp,X,0.00,0.00,0.00,XXX,33.4009
A4600,"Sleeve, inter limb comp dev",X,0.00,0.00,0.00,XXX,33.4009
A4601,Lith ion non prosth recharge,X,0.00,0.00,0.00,XXX,33.4009
A4602,Replace lithium battery 1.5v,X,0.00,0.00,0.00,XXX,33.4009
A4604,Tubing with heating element,X,0.00,0.00,0.00,XXX,33.4009
A4605,Trach suction cath close sys,X,0.00,0.00,0.00,XXX,33.4009
A4606,Oxygen probe used w oximeter,X,0.00,0.00,0.00,XXX,33.4009
A4608,Transtracheal oxygen cath,X,0.00,0.00,0.00,XXX,33.4009
A4611,Heavy duty battery,N,0.00,0.00,0.00,XXX,33.4009
A4612,Battery cables,N,0.00,0.00,0.00,XXX,33.4009
A4613,Battery charger,N,0.00,0.00,0.00,XXX,33.4009
A4614,Hand-held pefr meter,X,0.00,0.00,0.00,XXX,33.4009
A4615,Cannula nasal,X,0.00,0.00,0.00,XXX,33.4009
A4616,Tubing (oxygen) per foot,X,0.00,0.00,0.00,XXX,33.4009
A4617,Mouth piece,X,0.00,0.00,0.00,XXX,33.4009
A4618,Breathing circuits,X,0.00,0.00,0.00,XXX,33.4009
A4619,Face tent,X,0.00,0.00,0.00,XXX,33.4009
A4620,Variable concentration mask,X,0.00,0.00,0.00,XXX,33.4009
A4623,Tracheostomy inner cannula,X,0.00,0.00,0.00,XXX,33.4009
A4624,Tracheal suction tube,X,0.00,0.00,0.00,XXX,33.4009
A4625,Trach care kit for new trach,X,0.00,0.00,0.00,XXX,33.4009
A4626,Tracheostomy cleaning brush,X,0.00,0.00,0.00,XXX,33.4009
A4627,Spacer bag/reservoir,N,0.00,0.00,0.00,XXX,33.4009
A4628,Oropharyngeal suction cath,X,0.00,0.00,0.00,XXX,33.4009
A4629,Tracheostomy care kit,X,0.00,0.00,0.00,XXX,33.4009
A4630,Repl bat t.e.n.s. own by pt,X,0.00,0.00,0.00,XXX,33.4009
A4633,Uvl replacement bulb,X,0.00,0.00,0.00,XXX,33.4009
A4634,Replacement bulb th lightbox,X,0.00,0.00,0.00,XXX,33.4009
A4635,Underarm crutch pad,X,0.00,0.00,0.00,XXX,33.4009
A4636,Handgrip for cane etc,X,0.00,0.00,0.00,XXX,33.4009
A4637,Repl tip cane/crutch/walker,X,0.00,0.00,0.00,XXX,33.4009
A4638,Repl batt pulse gen sys,X,0.00,0.00,0.00,XXX,33.4009
A4639,Infrared ht sys replcmnt pad,X,0.00,0.00,0.00,XXX,33.4009
A4640,Alternating pressure pad,X,0.00,0.00,0.00,XXX,33.4009
A4641,Radiopharm dx agent noc,C,0.00,0.00,0.00,XXX,33.4009
A4642,In111 satumomab,C,0.00,0.00,0.00,XXX,33.4009
A4648,Implantable tissue marker,X,0.00,0.00,0.00,XXX,33.4009
A4649,Surgical supplies,P,0.00,0.00,0.00,XXX,33.4009
A4650,Implant radiation dosimeter,X,0.00,0.00,0.00,XXX,33.4009
A4651,Calibrated microcap tube,X,0.00,0.00,0.00,XXX,33.4009
A4652,Microcapillary tube sealant,X,0.00,0.00,0.00,XXX,33.4009
A4653,Pd catheter anchor belt,X,0.00,0.00,0.00,XXX,33.4009
A4657,Syringe w/wo needle,X,0.00,0.00,0.00,XXX,33.4009
A4660,Sphyg/bp app w cuff and stet,X,0.00,0.00,0.00,XXX,33.4009
A4663,Dialysis blood pressure cuff,X,0.00,0.00,0.00,XXX,33.4009
A4670,"Automatic bp monitor, dial",N,0.00,0.00,0.00,XXX,33.4009
A4671,Disposable cycler set,X,0.00,0.00,0.00,XXX,33.4009
A4672,"Drainage ext line, dialysis",X,0.00,0.00,0.00,XXX,33.4009
A4673,Ext line w easy lock connect,X,0.00,0.00,0.00,XXX,33.4009
A4674,"Chem/antisept solution, 8oz",X,0.00,0.00,0.00,XXX,33.4009
A4680,"Activated carbon filter, ea",X,0.00,0.00,0.00,XXX,33.4009
A4690,"Dialyzer, each",X,0.00,0.00,0.00,XXX,33.4009
A4706,Bicarbonate conc sol per gal,X,0.00,0.00,0.00,XXX,33.4009
A4707,Bicarbonate conc pow per pac,X,0.00,0.00,0.00,XXX,33.4009
A4708,Acetate conc sol per gallon,X,0.00,0.00,0.00,XXX,33.4009
A4709,Acid conc sol per gallon,X,0.00,0.00,0.00,XXX,33.4009
A4714,Treated water per gallon,X,0.00,0.00,0.00,XXX,33.4009
A4719,"""y set"" tubing",X,0.00,0.00,0.00,XXX,33.4009
A4720,Dialysat sol fld vol > 249cc,X,0.00,0.00,0.00,XXX,33.4009
A4721,Dialysat sol fld vol > 999cc,X,0.00,0.00,0.00,XXX,33.4009
A4722,Dialys sol fld vol > 1999cc,X,0.00,0.00,0.00,XXX,33.4009
A4723,Dialys sol fld vol > 2999cc,X,0.00,0.00,0.00,XXX,33.4009
A4724,Dialys sol fld vol > 3999cc,X,0.00,0.00,0.00,XXX,33.4009
A4725,Dialys sol fld vol > 4999cc,X,0.00,0.00,0.00,XXX,33.4009
A4726,Dialys sol fld vol > 5999cc,X,0.00,0.00,0.00,XXX,33.4009
A4728,"Dialysate solution, non-dex",X,0.00,0.00,0.00,XXX,33.4009
A4730,"Fistula cannulation set, ea",X,0.00,0.00,0.00,XXX,33.4009
A4736,"Topical anesthetic, per gram",X,0.00,0.00,0.00,XXX,33.4009
A4737,Inj anesthetic per 10 ml,X,0.00,0.00,0.00,XXX,33.4009
A4740,Shunt accessory,X,0.00,0.00,0.00,XXX,33.4009
A4750,Art or venous blood tubing,X,0.00,0.00,0.00,XXX,33.4009
A4755,Comb art/venous blood tubing,X,0.00,0.00,0.00,XXX,33.4009
A4760,"Dialysate sol test kit, each",X,0.00,0.00,0.00,XXX,33.4009
A4765,Dialysate conc pow per pack,X,0.00,0.00,0.00,XXX,33.4009
A4766,Dialysate conc sol add 10 ml,X,0.00,0.00,0.00,XXX,33.4009
A4770,Blood collection tube/vacuum,X,0.00,0.00,0.00,XXX,33.4009
A4771,Serum clotting time tube,X,0.00,0.00,0.00,XXX,33.4009
A4772,Blood glucose test strips,X,0.00,0.00,0.00,XXX,33.4009
A4773,Occult blood test strips,X,0.00,0.00,0.00,XXX,33.4009
A4774,Ammonia test strips,X,0.00,0.00,0.00,XXX,33.4009
A4802,Protamine sulfate per 50 mg,X,0.00,0.00,0.00,XXX,33.4009
A4860,Disposable catheter tips,X,0.00,0.00,0.00,XXX,33.4009
A4870,Plumb/elec wk hm hemo equip,X,0.00,0.00,0.00,XXX,33.4009
A4890,Repair/maint cont hemo equip,R,0.00,0.00,0.00,XXX,33.4009
A4911,Drain bag/bottle,X,0.00,0.00,0.00,XXX,33.4009
A4913,Misc dialysis supplies noc,X,0.00,0.00,0.00,XXX,33.4009
A4918,Venous pressure clamp,X,0.00,0.00,0.00,XXX,33.4009
A4927,Non-sterile gloves,X,0.00,0.00,0.00,XXX,33.4009
A4928,Surgical mask,X,0.00,0.00,0.00,XXX,33.4009
A4929,"Tourniquet for dialysis, ea",X,0.00,0.00,0.00,XXX,33.4009
A4930,"Sterile, gloves per pair",X,0.00,0.00,0.00,XXX,33.4009
A4931,Reusable oral thermometer,X,0.00,0.00,0.00,XXX,33.4009
A4932,Reusable rectal thermometer,X,0.00,0.00,0.00,XXX,33.4009
A5051,Pouch clsd w barr attached,P,0.00,0.00,0.00,XXX,33.4009
A5052,Clsd ostomy pouch w/o barr,P,0.00,0.00,0.00,XXX,33.4009
A5053,Clsd ostomy pouch faceplate,P,0.00,0.00,0.00,XXX,33.4009
A5054,Clsd ostomy pouch w/flange,P,0.00,0.00,0.00,XXX,33.4009
A5055,Stoma cap,P,0.00,0.00,0.00,XXX,33.4009
A5056,1 pc ost pouch w filter,X,0.00,0.00,0.00,XXX,33.4009
A5057,1 pc ost pou w built-in conv,X,0.00,0.00,0.00,XXX,33.4009
A5061,Pouch drainable w barrier at,P,0.00,0.00,0.00,XXX,33.4009
A5062,Drnble ostomy pouch w/o barr,P,0.00,0.00,0.00,XXX,33.4009
A5063,Drain ostomy pouch w/flange,P,0.00,0.00,0.00,XXX,33.4009
A5071,Urinary pouch w/barrier,P,0.00,0.00,0.00,XXX,33.4009
A5072,Urinary pouch w/o barrier,P,0.00,0.00,0.00,XXX,33.4009
A5073,Urinary pouch on barr w/flng,P,0.00,0.00,0.00,XXX,33.4009
A5081,"Stoma plug or seal, any type",P,0.00,0.00,0.00,XXX,33.4009
A5082,Continent stoma catheter,P,0.00,0.00,0.00,XXX,33.4009
A5083,Stoma absorptive cover,X,0.00,0.00,0.00,XXX,33.4009
A5093,Ostomy accessory convex inse,P,0.00,0.00,0.00,XXX,33.4009
A5102,Bedside drain btl w/wo tube,P,0.00,0.00,0.00,XXX,33.4009
A5105,Urinary suspensory,P,0.00,0.00,0.00,XXX,33.4009
A5112,Urinary leg bag,P,0.00,0.00,0.00,XXX,33.4009
A5113,Latex leg strap,P,0.00,0.00,0.00,XXX,33.4009
A5114,Foam/fabric leg strap,P,0.00,0.00,0.00,XXX,33.4009
A5120,"Skin barrier, wipe or swab",X,0.00,0.00,0.00,XXX,33.4009
A5121,Solid skin barrier 6x6,P,0.00,0.00,0.00,XXX,33.4009
A5122,Solid skin barrier 8x8,P,0.00,0.00,0.00,XXX,33.4009
A5126,Disk/foam pad +or- adhesive,P,0.00,0.00,0.00,XXX,33.4009
A5131,Appliance cleaner,P,0.00,0.00,0.00,XXX,33.4009
A5200,Percutaneous catheter anchor,X,0.00,0.00,0.00,XXX,33.4009
A5500,Diab shoe for density insert,X,0.00,0.00,0.00,XXX,33.4009
A5501,Diabetic custom molded shoe,X,0.00,0.00,0.00,XXX,33.4009
A5503,Diabetic shoe w/roller/rockr,X,0.00,0.00,0.00,XXX,33.4009
A5504,Diabetic shoe with wedge,X,0.00,0.00,0.00,XXX,33.4009
A5505,Diab shoe w/metatarsal bar,X,0.00,0.00,0.00,XXX,33.4009
A5506,Diabetic shoe w/off set heel,X,0.00,0.00,0.00,XXX,33.4009
A5507,Modification diabetic shoe,X,0.00,0.00,0.00,XXX,33.4009
A5508,Diabetic deluxe shoe,X,0.00,0.00,0.00,XXX,33.4009
A5510,Compression form shoe insert,X,0.00,0.00,0.00,XXX,33.4009
A5512,Multi den insert direct form,X,0.00,0.00,0.00,XXX,33.4009
A5513,Multi den insert custom mold,X,0.00,0.00,0.00,XXX,33.4009
A5514,Mult den insert dir carv/cam,X,0.00,0.00,0.00,XXX,33.4009
A6000,Wound warming wound cover,N,0.00,0.00,0.00,XXX,33.4009
A6010,Collagen based wound filler,X,0.00,0.00,0.00,XXX,33.4009
A6011,Collagen gel/paste wound fil,X,0.00,0.00,0.00,XXX,33.4009
A6021,Collagen dressing <=16 sq in,X,0.00,0.00,0.00,XXX,33.4009
A6022,Collagen drsg>16<=48 sq in,X,0.00,0.00,0.00,XXX,33.4009
A6023,Collagen dressing >48 sq in,X,0.00,0.00,0.00,XXX,33.4009
A6024,Collagen dsg wound filler,X,0.00,0.00,0.00,XXX,33.4009
A6025,"Silicone gel sheet, each",X,0.00,0.00,0.00,XXX,33.4009
A6154,Wound pouch each,P,0.00,0.00,0.00,XXX,33.4009
A6196,Alginate dressing <=16 sq in,P,0.00,0.00,0.00,XXX,33.4009
A6197,Alginate drsg >16 <=48 sq in,P,0.00,0.00,0.00,XXX,33.4009
A6198,Alginate dressing > 48 sq in,P,0.00,0.00,0.00,XXX,33.4009
A6199,Alginate drsg wound filler,P,0.00,0.00,0.00,XXX,33.4009
A6203,Composite drsg <= 16 sq in,P,0.00,0.00,0.00,XXX,33.4009
A6204,Composite drsg >16<=48 sq in,P,0.00,0.00,0.00,XXX,33.4009
A6205,Composite drsg > 48 sq in,P,0.00,0.00,0.00,XXX,33.4009
A6206,Contact layer <= 16 sq in,P,0.00,0.00,0.00,XXX,33.4009
A6207,Contact layer >16<= 48 sq in,P,0.00,0.00,0.00,XXX,33.4009
A6208,Contact layer > 48 sq in,P,0.00,0.00,0.00,XXX,33.4009
A6209,Foam drsg <=16 sq in w/o bdr,P,0.00,0.00,0.00,XXX,33.4009
A6210,Foam drg >16<=48 sq in w/o b,P,0.00,0.00,0.00,XXX,33.4009
A6211,Foam drg > 48 sq in w/o brdr,P,0.00,0.00,0.00,XXX,33.4009
A6212,Foam drg <=16 sq in w/border,P,0.00,0.00,0.00,XXX,33.4009
A6213,Foam drg >16<=48 sq in w/bdr,P,0.00,0.00,0.00,XXX,33.4009
A6214,Foam drg > 48 sq in w/border,P,0.00,0.00,0.00,XXX,33.4009
A6215,Foam dressing wound filler,P,0.00,0.00,0.00,XXX,33.4009
A6216,Non-sterile gauze<=16 sq in,P,0.00,0.00,0.00,XXX,33.4009
A6217,Non-sterile gauze>16<=48 sq,P,0.00,0.00,0.00,XXX,33.4009
A6218,Non-sterile gauze > 48 sq in,P,0.00,0.00,0.00,XXX,33.4009
A6219,Gauze <= 16 sq in w/border,P,0.00,0.00,0.00,XXX,33.4009
A6220,Gauze >16 <=48 sq in w/bordr,P,0.00,0.00,0.00,XXX,33.4009
A6221,Gauze > 48 sq in w/border,P,0.00,0.00,0.00,XXX,33.4009
A6222,Gauze <=16 in no w/sal w/o b,P,0.00,0.00,0.00,XXX,33.4009
A6223,Gauze >16<=48 no w/sal w/o b,P,0.00,0.00,0.00,XXX,33.4009
A6224,Gauze > 48 in no w/sal w/o b,P,0.00,0.00,0.00,XXX,33.4009
A6228,Gauze <= 16 sq in water/sal,P,0.00,0.00,0.00,XXX,33.4009
A6229,Gauze >16<=48 sq in watr/sal,P,0.00,0.00,0.00,XXX,33.4009
A6230,Gauze > 48 sq in water/salne,P,0.00,0.00,0.00,XXX,33.4009
A6231,Hydrogel dsg<=16 sq in,X,0.00,0.00,0.00,XXX,33.4009
A6232,Hydrogel dsg>16<=48 sq in,X,0.00,0.00,0.00,XXX,33.4009
A6233,Hydrogel dressing >48 sq in,X,0.00,0.00,0.00,XXX,33.4009
A6234,Hydrocolld drg <=16 w/o bdr,P,0.00,0.00,0.00,XXX,33.4009
A6235,Hydrocolld drg >16<=48 w/o b,P,0.00,0.00,0.00,XXX,33.4009
A6236,Hydrocolld drg > 48 in w/o b,P,0.00,0.00,0.00,XXX,33.4009
A6237,Hydrocolld drg <=16 in w/bdr,P,0.00,0.00,0.00,XXX,33.4009
A6238,Hydrocolld drg >16<=48 w/bdr,P,0.00,0.00,0.00,XXX,33.4009
A6239,Hydrocolld drg > 48 in w/bdr,P,0.00,0.00,0.00,XXX,33.4009
A6240,Hydrocolld drg filler paste,P,0.00,0.00,0.00,XXX,33.4009
A6241,Hydrocolloid drg filler dry,P,0.00,0.00,0.00,XXX,33.4009
A6242,Hydrogel drg <=16 in w/o bdr,P,0.00,0.00,0.00,XXX,33.4009
A6243,Hydrogel drg >16<=48 w/o bdr,P,0.00,0.00,0.00,XXX,33.4009
A6244,Hydrogel drg >48 in w/o bdr,P,0.00,0.00,0.00,XXX,33.4009
A6245,Hydrogel drg <= 16 in w/bdr,P,0.00,0.00,0.00,XXX,33.4009
A6246,Hydrogel drg >16<=48 in w/b,P,0.00,0.00,0.00,XXX,33.4009
A6247,Hydrogel drg > 48 sq in w/b,P,0.00,0.00,0.00,XXX,33.4009
A6248,Hydrogel drsg gel filler,P,0.00,0.00,0.00,XXX,33.4009
A6250,Skin seal protect moisturizr,P,0.00,0.00,0.00,XXX,33.4009
A6251,Absorpt drg <=16 sq in w/o b,P,0.00,0.00,0.00,XXX,33.4009
A6252,Absorpt drg >16 <=48 w/o bdr,P,0.00,0.00,0.00,XXX,33.4009
A6253,Absorpt drg > 48 sq in w/o b,P,0.00,0.00,0.00,XXX,33.4009
A6254,Absorpt drg <=16 sq in w/bdr,P,0.00,0.00,0.00,XXX,33.4009
A6255,Absorpt drg >16<=48 in w/bdr,P,0.00,0.00,0.00,XXX,33.4009
A6256,Absorpt drg > 48 sq in w/bdr,P,0.00,0.00,0.00,XXX,33.4009
A6257,Transparent film <= 16 sq in,P,0.00,0.00,0.00,XXX,33.4009
A6258,Transparent film >16<=48 in,P,0.00,0.00,0.00,XXX,33.4009
A6259,Transparent film > 48 sq in,P,0.00,0.00,0.00,XXX,33.4009
A6260,Wound cleanser any type/size,P,0.00,0.00,0.00,XXX,33.4009
A6261,Wound filler gel/paste /oz,P,0.00,0.00,0.00,XXX,33.4009
A6262,Wound filler dry form / gram,P,0.00,0.00,0.00,XXX,33.4009
A6266,Impreg gauze no h20/sal/yard,P,0.00,0.00,0.00,XXX,33.4009
A6402,Sterile gauze <= 16 sq in,P,0.00,0.00,0.00,XXX,33.4009
A6403,Sterile gauze>16 <= 48 sq in,P,0.00,0.00,0.00,XXX,33.4009
A6404,Sterile gauze > 48 sq in,P,0.00,0.00,0.00,XXX,33.4009
A6407,"Packing strips, non-impreg",X,0.00,0.00,0.00,XXX,33.4009
A6410,Sterile eye pad,X,0.00,0.00,0.00,XXX,33.4009
A6411,Non-sterile eye pad,X,0.00,0.00,0.00,XXX,33.4009
A6412,Occlusive eye patch,X,0.00,0.00,0.00,XXX,33.4009
A6413,"Adhesive bandage, first-aid",N,0.00,0.00,0.00,XXX,33.4009
A6441,"Pad band w>=3"" <5""/yd",X,0.00,0.00,0.00,XXX,33.4009
A6442,"Conform band n/s w<3""/yd",X,0.00,0.00,0.00,XXX,33.4009
A6443,"Conform band n/s w>=3""<5""/yd",X,0.00,0.00,0.00,XXX,33.4009
A6444,"Conform band n/s w>=5""/yd",X,0.00,0.00,0.00,XXX,33.4009
A6445,"Conform band s w <3""/yd",X,0.00,0.00,0.00,XXX,33.4009
A6446,"Conform band s w>=3"" <5""/yd",X,0.00,0.00,0.00,XXX,33.4009
A6447,"Conform band s w >=5""/yd",X,0.00,0.00,0.00,XXX,33.4009
A6448,"Lt compres band <3""/yd",X,0.00,0.00,0.00,XXX,33.4009
A6449,"Lt compres band >=3"" <5""/yd",X,0.00,0.00,0.00,XXX,33.4009
A6450,"Lt compres band >=5""/yd",X,0.00,0.00,0.00,XXX,33.4009
A6451,"Mod compres band w>=3""<5""/yd",X,0.00,0.00,0.00,XXX,33.4009
A6452,"High compres band w>=3""<5""yd",X,0.00,0.00,0.00,XXX,33.4009
A6453,"Self-adher band w <3""/yd",X,0.00,0.00,0.00,XXX,33.4009
A6454,"Self-adher band w>=3"" <5""/yd",X,0.00,0.00,0.00,XXX,33.4009
A6455,"Self-adher band >=5""/yd",X,0.00,0.00,0.00,XXX,33.4009
A6456,"Zinc paste band w >=3""<5""/yd",X,0.00,0.00,0.00,XXX,33.4009
A6457,Tubular dressing,X,0.00,0.00,0.00,XXX,33.4009
A6460,Synthetic drsg <= 16 sq in,X,0.00,0.00,0.00,XXX,33.4009
A6461,Synthetic drsg >16<=48 sq in,X,0.00,0.00,0.00,XXX,33.4009
A6501,Compres burngarment bodysuit,X,0.00,0.00,0.00,XXX,33.4009
A6502,Compres burngarment chinstrp,X,0.00,0.00,0.00,XXX,33.4009
A6503,Compres burngarment facehood,X,0.00,0.00,0.00,XXX,33.4009
A6504,Cmprsburngarment glove-wrist,X,0.00,0.00,0.00,XXX,33.4009
A6505,Cmprsburngarment glove-elbow,X,0.00,0.00,0.00,XXX,33.4009
A6506,Cmprsburngrmnt glove-axilla,X,0.00,0.00,0.00,XXX,33.4009
A6507,Cmprs burngarment foot-knee,X,0.00,0.00,0.00,XXX,33.4009
A6508,Cmprs burngarment foot-thigh,X,0.00,0.00,0.00,XXX,33.4009
A6509,Compres burn garment jacket,X,0.00,0.00,0.00,XXX,33.4009
A6510,Compres burn garment leotard,X,0.00,0.00,0.00,XXX,33.4009
A6511,Compres burn garment panty,X,0.00,0.00,0.00,XXX,33.4009
A6512,"Compres burn garment, noc",X,0.00,0.00,0.00,XXX,33.4009
A6513,Compress burn mask face/neck,X,0.00,0.00,0.00,XXX,33.4009
A6515,Grad com wrap w str fu le cu,X,0.00,0.00,0.00,XXX,33.4009
A6516,Grad com wrap w strap foo cu,X,0.00,0.00,0.00,XXX,33.4009
A6517,Grad com wrap w strap bn cus,X,0.00,0.00,0.00,XXX,33.4009
A6518,Grad com wrap w strap arm cu,X,0.00,0.00,0.00,XXX,33.4009
A6519,Grad com garm noc night use,X,0.00,0.00,0.00,XXX,33.4009
A6520,G com garmnt glove nghttime,X,0.00,0.00,0.00,XXX,33.4009
A6521,G com garmnt glove nght cust,X,0.00,0.00,0.00,XXX,33.4009
A6522,G com garment arm nighttime,X,0.00,0.00,0.00,XXX,33.4009
A6523,G com garment arm nght custm,X,0.00,0.00,0.00,XXX,33.4009
A6524,G com garmnt lwr leg/ft nght,X,0.00,0.00,0.00,XXX,33.4009
A6525,G com garm lwrleg/ft ngt cus,X,0.00,0.00,0.00,XXX,33.4009
A6526,G com garmt full leg/ft nght,X,0.00,0.00,0.00,XXX,33.4009
A6527,G garmt full leg/ft nght cus,X,0.00,0.00,0.00,XXX,33.4009
A6528,G com garment bra nighttime,X,0.00,0.00,0.00,XXX,33.4009
A6529,G com garmt bra night custm,X,0.00,0.00,0.00,XXX,33.4009
A6530,Compression stocking bk18-30,X,0.00,0.00,0.00,XXX,33.4009
A6531,Compress stking bk30-40 surg,X,0.00,0.00,0.00,XXX,33.4009
A6532,Compress stking bk40-50 surg,X,0.00,0.00,0.00,XXX,33.4009
A6533,Gc stocking thighlngth 18-30,X,0.00,0.00,0.00,XXX,33.4009
A6534,Gc stocking thighlngth 30-40,X,0.00,0.00,0.00,XXX,33.4009
A6535,Gc stocking thighlngth 40+,X,0.00,0.00,0.00,XXX,33.4009
A6536,Gc stocking full lngth 18-30,X,0.00,0.00,0.00,XXX,33.4009
A6537,Gc stocking full lngth 30-40,X,0.00,0.00,0.00,XXX,33.4009
A6538,Gc stocking full lngth 40+,X,0.00,0.00,0.00,XXX,33.4009
A6539,Gc stocking waistlngth 18-30,X,0.00,0.00,0.00,XXX,33.4009
A6540,Gc stocking waistlngth 30-40,X,0.00,0.00,0.00,XXX,33.4009
A6541,Gc stocking waistlngth 40+,X,0.00,0.00,0.00,XXX,33.4009
A6544,Gc stocking garter belt,X,0.00,0.00,0.00,XXX,33.4009
A6545,Grad com non-elastic bk surg,X,0.00,0.00,0.00,XXX,33.4009
A6548,Acces cust grad silic band,X,0.00,0.00,0.00,XXX,33.4009
A6549,Grad com garm noc day use,X,0.00,0.00,0.00,XXX,33.4009
A6550,Neg pres wound ther drsg set,X,0.00,0.00,0.00,XXX,33.4009
A6552,Grad com stocking bk 30-40,X,0.00,0.00,0.00,XXX,33.4009
A6553,G com stcking bk 30-40 custm,X,0.00,0.00,0.00,XXX,33.4009
A6554,Grad com stocking bk 40+,X,0.00,0.00,0.00,XXX,33.4009
A6555,G com stcking bk 40+ custm,X,0.00,0.00,0.00,XXX,33.4009
A6556,G com stcking thgh18-30 cust,X,0.00,0.00,0.00,XXX,33.4009
A6557,G com stcking thgh30-40 cust,X,0.00,0.00,0.00,XXX,33.4009
A6558,G com stcking thgh 40+ cust,X,0.00,0.00,0.00,XXX,33.4009
A6559,G stckng full/chap18-30 cust,X,0.00,0.00,0.00,XXX,33.4009
A6560,G stckng full/chap30-40 cust,X,0.00,0.00,0.00,XXX,33.4009
A6561,G stockng full/chap 40+ cust,X,0.00,0.00,0.00,XXX,33.4009
A6562,G com stckng waist18-30 cust,X,0.00,0.00,0.00,XXX,33.4009
A6563,G com stckng waist30-40 cust,X,0.00,0.00,0.00,XXX,33.4009
A6564,G com stckng waist 40+ cust,X,0.00,0.00,0.00,XXX,33.4009
A6565,Grad comp gauntlet custom,X,0.00,0.00,0.00,XXX,33.4009
A6566,Grad com garment neck/head,X,0.00,0.00,0.00,XXX,33.4009
A6567,G com garment neck/head cust,X,0.00,0.00,0.00,XXX,33.4009
A6568,G com garment torso/shldr,X,0.00,0.00,0.00,XXX,33.4009
A6569,G com garmnt torso/shdr cust,X,0.00,0.00,0.00,XXX,33.4009
A6570,Grad com garment genital,X,0.00,0.00,0.00,XXX,33.4009
A6571,G com garment genital custm,X,0.00,0.00,0.00,XXX,33.4009
A6572,Grad com garment toe caps,X,0.00,0.00,0.00,XXX,33.4009
A6573,Grad com garmnt toe cap cust,X,0.00,0.00,0.00,XXX,33.4009
A6574,Custom gradient sleev/glov,X,0.00,0.00,0.00,XXX,33.4009
A6575,Gradient comp sleev/glov,X,0.00,0.00,0.00,XXX,33.4009
A6576,Custom grad com sleeve med,X,0.00,0.00,0.00,XXX,33.4009
A6577,Custom grad cm sleeve heavy,X,0.00,0.00,0.00,XXX,33.4009
A6578,Gradient comp sleeve,X,0.00,0.00,0.00,XXX,33.4009
A6579,Custom grad com glove med,X,0.00,0.00,0.00,XXX,33.4009
A6580,Custom grad com glove heavy,X,0.00,0.00,0.00,XXX,33.4009
A6581,Gradient comp glove,X,0.00,0.00,0.00,XXX,33.4009
A6582,Gradient comp gauntlet,X,0.00,0.00,0.00,XXX,33.4009
A6583,Grad com wrap w straps bk,X,0.00,0.00,0.00,XXX,33.4009
A6584,Grad com wrap w straps,X,0.00,0.00,0.00,XXX,33.4009
A6585,Grad com wrap w straps ak,X,0.00,0.00,0.00,XXX,33.4009
A6586,Grad com wrap w strap fu leg,X,0.00,0.00,0.00,XXX,33.4009
A6587,Grad com wrap w straps foot,X,0.00,0.00,0.00,XXX,33.4009
A6588,Grad com wrap w strap arm,X,0.00,0.00,0.00,XXX,33.4009
A6589,Grad com wrap w straps bra,X,0.00,0.00,0.00,XXX,33.4009
A6590,Urinary cath disp suc pump,X,0.00,0.00,0.00,XXX,33.4009
A6591,Urinary cath suc pump,X,0.00,0.00,0.00,XXX,33.4009
A6593,Grad com accessory gmt_wrap,X,0.00,0.00,0.00,XXX,33.4009
A6594,G comp bandge liner lwr extr,X,0.00,0.00,0.00,XXX,33.4009
A6595,G comp bandge liner upr extr,X,0.00,0.00,0.00,XXX,33.4009
A6596,G comp bandge conform gauze,X,0.00,0.00,0.00,XXX,33.4009
A6597,G comp bandage long stretch,X,0.00,0.00,0.00,XXX,33.4009
A6598,G comp bandage med stretch,X,0.00,0.00,0.00,XXX,33.4009
A6599,G comp bandage short stretch,X,0.00,0.00,0.00,XXX,33.4009
A6600,G com bandge hgh dn foam sht,X,0.00,0.00,0.00,XXX,33.4009
A6601,G com bandge hgh dn foam pad,X,0.00,0.00,0.00,XXX,33.4009
A6602,G com bandge hgh dn foamroll,X,0.00,0.00,0.00,XXX,33.4009
A6603,G com bandge low dn foamchnl,X,0.00,0.00,0.00,XXX,33.4009
A6604,G com bandge low dn foam flt,X,0.00,0.00,0.00,XXX,33.4009
A6605,G com bandage padded foam,X,0.00,0.00,0.00,XXX,33.4009
A6606,G com bandage padded textile,X,0.00,0.00,0.00,XXX,33.4009
A6607,G com bandage tub protct lyr,X,0.00,0.00,0.00,XXX,33.4009
A6608,G com bandage tub protct pad,X,0.00,0.00,0.00,XXX,33.4009
A6609,G compression bandaging,X,0.00,0.00,0.00,XXX,33.4009
A6610,G com stcking bk 18-30 custm,X,0.00,0.00,0.00,XXX,33.4009
A6611,Grad com wrap w strap ak cus,X,0.00,0.00,0.00,XXX,33.4009
A7000,Disposable canister for pump,X,0.00,0.00,0.00,XXX,33.4009
A7001,Nondisposable pump canister,X,0.00,0.00,0.00,XXX,33.4009
A7002,Tubing used w suction pump,X,0.00,0.00,0.00,XXX,33.4009
A7003,Nebulizer administration set,X,0.00,0.00,0.00,XXX,33.4009
A7004,Disposable nebulizer sml vol,X,0.00,0.00,0.00,XXX,33.4009
A7005,Nondisposable nebulizer set,X,0.00,0.00,0.00,XXX,33.4009
A7006,Filtered nebulizer admin set,X,0.00,0.00,0.00,XXX,33.4009
A7007,Lg vol nebulizer disposable,X,0.00,0.00,0.00,XXX,33.4009
A7008,Disposable nebulizer prefill,X,0.00,0.00,0.00,XXX,33.4009
A7009,Nebulizer reservoir bottle,X,0.00,0.00,0.00,XXX,33.4009
A7010,Disposable corrugated tubing,X,0.00,0.00,0.00,XXX,33.4009
A7012,Nebulizer water collec devic,X,0.00,0.00,0.00,XXX,33.4009
A7013,Disposable compressor filter,X,0.00,0.00,0.00,XXX,33.4009
A7014,Compressor nondispos filter,X,0.00,0.00,0.00,XXX,33.4009
A7015,Aerosol mask used w nebulize,X,0.00,0.00,0.00,XXX,33.4009
A7016,Nebulizer dome & mouthpiece,X,0.00,0.00,0.00,XXX,33.4009
A7017,Nebulizer not used w oxygen,X,0.00,0.00,0.00,XXX,33.4009
A7018,Water distilled w/nebulizer,X,0.00,0.00,0.00,XXX,33.4009
A7020,"Interface, cough stim device",X,0.00,0.00,0.00,XXX,33.4009
A7021,Suppl and access lung expan,X,0.00,0.00,0.00,XXX,33.4009
A7023,Mech allergen parti barrier,N,0.00,0.00,0.00,XXX,33.4009
A7025,Replace chest compress vest,X,0.00,0.00,0.00,XXX,33.4009
A7026,Replace chst cmprss sys hose,X,0.00,0.00,0.00,XXX,33.4009
A7027,Combination oral/nasal mask,X,0.00,0.00,0.00,XXX,33.4009
A7028,Repl oral cushion combo mask,X,0.00,0.00,0.00,XXX,33.4009
A7029,Repl nasal pillow comb mask,X,0.00,0.00,0.00,XXX,33.4009
A7030,Cpap full face mask,X,0.00,0.00,0.00,XXX,33.4009
A7031,Replacement facemask interfa,X,0.00,0.00,0.00,XXX,33.4009
A7032,Replacement nasal cushion,X,0.00,0.00,0.00,XXX,33.4009
A7033,Replacement nasal pillows,X,0.00,0.00,0.00,XXX,33.4009
A7034,Nasal application device,X,0.00,0.00,0.00,XXX,33.4009
A7035,Pos airway press headgear,X,0.00,0.00,0.00,XXX,33.4009
A7036,Pos airway press chinstrap,X,0.00,0.00,0.00,XXX,33.4009
A7037,Pos airway pressure tubing,X,0.00,0.00,0.00,XXX,33.4009
A7038,Pos airway pressure filter,X,0.00,0.00,0.00,XXX,33.4009
A7039,"Filter, non disposable w pap",X,0.00,0.00,0.00,XXX,33.4009
A7040,One way chest drain valve,X,0.00,0.00,0.00,XXX,33.4009
A7041,Water seal drain container,X,0.00,0.00,0.00,XXX,33.4009
A7044,Pap oral interface,X,0.00,0.00,0.00,XXX,33.4009
A7045,Repl exhalation port for pap,X,0.00,0.00,0.00,XXX,33.4009
A7046,"Repl water chamber, pap dev",X,0.00,0.00,0.00,XXX,33.4009
A7047,Resp suction oral interface,X,0.00,0.00,0.00,XXX,33.4009
A7048,Vacuum drain bottle/tube kit,X,0.00,0.00,0.00,XXX,33.4009
A7049,Epap nasal valve,N,0.00,0.00,0.00,XXX,33.4009
A7501,Tracheostoma valve w diaphra,X,0.00,0.00,0.00,XXX,33.4009
A7502,Replacement diaphragm/fplate,X,0.00,0.00,0.00,XXX,33.4009
A7503,Hmes filter holder or cap,X,0.00,0.00,0.00,XXX,33.4009
A7504,Tracheostoma hmes filter,X,0.00,0.00,0.00,XXX,33.4009
A7505,Hmes or trach valve housing,X,0.00,0.00,0.00,XXX,33.4009
A7506,Hmes/trachvalve adhesivedisk,X,0.00,0.00,0.00,XXX,33.4009
A7507,Integrated filter & holder,X,0.00,0.00,0.00,XXX,33.4009
A7508,Housing & integrated adhesiv,X,0.00,0.00,0.00,XXX,33.4009
A7509,Heat & moisture exchange sys,X,0.00,0.00,0.00,XXX,33.4009
A7520,Trach/laryn tube non-cuffed,X,0.00,0.00,0.00,XXX,33.4009
A7521,Trach/laryn tube cuffed,X,0.00,0.00,0.00,XXX,33.4009
A7522,Trach/laryn tube stainless,X,0.00,0.00,0.00,XXX,33.4009
A7523,Tracheostomy shower protect,X,0.00,0.00,0.00,XXX,33.4009
A7524,Tracheostoma stent/stud/bttn,X,0.00,0.00,0.00,XXX,33.4009
A7525,Tracheostomy mask,X,0.00,0.00,0.00,XXX,33.4009
A7526,Tracheostomy tube collar,X,0.00,0.00,0.00,XXX,33.4009
A7527,Trach/laryn tube plug/stop,X,0.00,0.00,0.00,XXX,33.4009
A8000,Soft protect helmet prefab,X,0.00,0.00,0.00,XXX,33.4009
A8001,Hard protect helmet prefab,X,0.00,0.00,0.00,XXX,33.4009
A8002,Soft protect helmet custom,X,0.00,0.00,0.00,XXX,33.4009
A8003,Hard protect helmet custom,X,0.00,0.00,0.00,XXX,33.4009
A8004,"Repl soft interface, helmet",X,0.00,0.00,0.00,XXX,33.4009
A8005,Grip glove w microprocessor,X,0.00,0.00,0.00,XXX,33.4009
A8006,Grip glove replacement only,X,0.00,0.00,0.00,XXX,33.4009
A9150,Misc/exper non-prescript dru,E,0.00,0.00,0.00,XXX,33.4009
A9152,Single vitamin nos,I,0.00,0.00,0.00,XXX,33.4009
A9153,Multi-vitamin nos,I,0.00,0.00,0.00,XXX,33.4009
A9154,"Artificial saliva, 1 ml",N,0.00,0.00,0.00,XXX,33.4009
A9156,Oral mucoadhesive per 1 ml,X,0.00,0.00,0.00,XXX,33.4009
A9180,"Lice treatment, topical",I,0.00,0.00,0.00,XXX,33.4009
A9268,Programmer orally ingest cap,N,0.00,0.00,0.00,XXX,33.4009
A9269,Programable ingest capsule,N,0.00,0.00,0.00,XXX,33.4009
A9270,Non-covered item or service,N,0.00,0.00,0.00,XXX,33.4009
A9272,"Disp wound suct, drsg/access",X,0.00,0.00,0.00,XXX,33.4009
A9273,Hot/cold botle/cap/col/wrap,N,0.00,0.00,0.00,XXX,33.4009
A9274,Ext amb insulin delivery sys,N,0.00,0.00,0.00,XXX,33.4009
A9275,Disp home glucose monitor,N,0.00,0.00,0.00,XXX,33.4009
A9276,"Disposable sensor, cgm sys",N,0.00,0.00,0.00,XXX,33.4009
A9277,"External transmitter, cgm",N,0.00,0.00,0.00,XXX,33.4009
A9278,"External receiver, cgm sys",N,0.00,0.00,0.00,XXX,33.4009
A9279,Monitoring feature/devicenoc,N,0.00,0.00,0.00,XXX,33.4009
A9280,"Alert device, noc",N,0.00,0.00,0.00,XXX,33.4009
A9281,Reaching/grabbing device,N,0.00,0.00,0.00,XXX,33.4009
A9282,Wig any type,N,0.00,0.00,0.00,XXX,33.4009
A9283,Foot press off load supp dev,N,0.00,0.00,0.00,XXX,33.4009
A9284,Non-electronic spirometer,X,0.00,0.00,0.00,XXX,33.4009
A9285,Inversion eversion cor devic,X,0.00,0.00,0.00,XXX,33.4009
A9286,"Any hygienic item, device",N,0.00,0.00,0.00,XXX,33.4009
A9291,Pres dig cog behav thera fda,X,0.00,0.00,0.00,XXX,33.4009
A9292,Pres dig visual therapy fda,X,0.00,0.00,0.00,XXX,33.4009
A9293,Fertility cycl tracking soft,X,0.00,0.00,0.00,XXX,33.4009
A9294,Biofeed dig cog behav tx fda,X,0.00,0.00,0.00,XXX,33.4009
A9300,Exercise equipment,N,0.00,0.00,0.00,XXX,33.4009
A9500,Tc99m sestamibi,C,0.00,0.00,0.00,XXX,33.4009
A9501,Technetium tc-99m teboroxime,C,0.00,0.00,0.00,XXX,33.4009
A9502,Tc99m tetrofosmin,C,0.00,0.00,0.00,XXX,33.4009
A9503,Tc99m medronate,C,0.00,0.00,0.00,XXX,33.4009
A9504,Tc99m apcitide,C,0.00,0.00,0.00,XXX,33.4009
A9505,Tl201 thallium,C,0.00,0.00,0.00,XXX,33.4009
A9506,Tc-99m graphite crucible,X,0.00,0.00,0.00,XXX,33.4009
A9507,In111 capromab,C,0.00,0.00,0.00,XXX,33.4009
A9508,"I131 iodobenguate, dx",C,0.00,0.00,0.00,XXX,33.4009
A9509,Iodine i-123 sod iodide mil,C,0.00,0.00,0.00,XXX,33.4009
A9510,Tc99m disofenin,C,0.00,0.00,0.00,XXX,33.4009
A9512,Tc99m pertechnetate,C,0.00,0.00,0.00,XXX,33.4009
A9513,Lutetium lu 177 dotatat ther,X,0.00,0.00,0.00,XXX,33.4009
A9515,Choline c-11,X,0.00,0.00,0.00,XXX,33.4009
A9516,Iodine i-123 sod iodide mic,C,0.00,0.00,0.00,XXX,33.4009
A9517,"I131 iodide cap, rx",C,0.00,0.00,0.00,XXX,33.4009
A9520,Tc99 tilmanocept diag 0.5mci,X,0.00,0.00,0.00,XXX,33.4009
A9521,Tc99m exametazime,C,0.00,0.00,0.00,XXX,33.4009
A9524,"I131 serum albumin, dx",C,0.00,0.00,0.00,XXX,33.4009
A9526,Nitrogen n-13 ammonia,C,0.00,0.00,0.00,XXX,33.4009
A9527,Iodine i-125 sodium iodide,C,0.00,0.00,0.00,XXX,33.4009
A9528,"Iodine i-131 iodide cap, dx",C,0.00,0.00,0.00,XXX,33.4009
A9529,"I131 iodide sol, dx",C,0.00,0.00,0.00,XXX,33.4009
A9530,"I131 iodide sol, rx",C,0.00,0.00,0.00,XXX,33.4009
A9531,I131 max 100uci,C,0.00,0.00,0.00,XXX,33.4009
A9532,"I125 serum albumin, dx",C,0.00,0.00,0.00,XXX,33.4009
A9536,Tc99m depreotide,C,0.00,0.00,0.00,XXX,33.4009
A9537,Tc99m mebrofenin,C,0.00,0.00,0.00,XXX,33.4009
A9538,Tc99m pyrophosphate,C,0.00,0.00,0.00,XXX,33.4009
A9539,Tc99m pentetate,C,0.00,0.00,0.00,XXX,33.4009
A9540,Tc99m maa,C,0.00,0.00,0.00,XXX,33.4009
A9541,Tc99m sulfur colloid,C,0.00,0.00,0.00,XXX,33.4009
A9542,"In111 ibritumomab, dx",C,0.00,0.00,0.00,XXX,33.4009
A9543,"Y90 ibritumomab, rx",C,0.00,0.00,0.00,XXX,33.4009
A9546,Co57/58,C,0.00,0.00,0.00,XXX,33.4009
A9547,In111 oxyquinoline,C,0.00,0.00,0.00,XXX,33.4009
A9548,In111 pentetate,C,0.00,0.00,0.00,XXX,33.4009
A9550,Tc99m gluceptate,C,0.00,0.00,0.00,XXX,33.4009
A9551,Tc99m succimer,C,0.00,0.00,0.00,XXX,33.4009
A9552,F18 fdg,C,0.00,0.00,0.00,XXX,33.4009
A9553,Cr51 chromate,C,0.00,0.00,0.00,XXX,33.4009
A9554,"I125 iothalamate, dx",C,0.00,0.00,0.00,XXX,33.4009
A9555,Rb82 rubidium,C,0.00,0.00,0.00,XXX,33.4009
A9556,Ga67 gallium,C,0.00,0.00,0.00,XXX,33.4009
A9557,Tc99m bicisate,C,0.00,0.00,0.00,XXX,33.4009
A9558,Xe133 xenon 10mci,C,0.00,0.00,0.00,XXX,33.4009
A9559,Co57 cyano,C,0.00,0.00,0.00,XXX,33.4009
A9560,Tc99m labeled rbc,C,0.00,0.00,0.00,XXX,33.4009
A9561,Tc99m oxidronate,C,0.00,0.00,0.00,XXX,33.4009
A9562,Tc99m mertiatide,C,0.00,0.00,0.00,XXX,33.4009
A9563,P32 na phosphate,C,0.00,0.00,0.00,XXX,33.4009
A9564,P32 chromic phosphate,C,0.00,0.00,0.00,XXX,33.4009
A9566,Tc99m fanolesomab,C,0.00,0.00,0.00,XXX,33.4009
A9567,Technetium tc-99m aerosol,C,0.00,0.00,0.00,XXX,33.4009
A9568,Technetium tc99m arcitumomab,C,0.00,0.00,0.00,XXX,33.4009
A9569,Technetium tc-99m auto wbc,C,0.00,0.00,0.00,XXX,33.4009
A9570,Indium in-111 auto wbc,C,0.00,0.00,0.00,XXX,33.4009
A9571,Indium in-111 auto platelet,C,0.00,0.00,0.00,XXX,33.4009
A9572,Indium in-111 pentetreotide,C,0.00,0.00,0.00,XXX,33.4009
A9573,"Inj, gadopiclenol, 1 ml",X,0.00,0.00,0.00,XXX,33.4009
A9574,"Inj. ferumoxytol, 1 mg",X,0.00,0.00,0.00,XXX,33.4009
A9575,Inj gadoterate meglumi 0.1ml,X,0.00,0.00,0.00,XXX,33.4009
A9576,Inj prohance multipack,X,0.00,0.00,0.00,XXX,33.4009
A9577,Inj multihance,X,0.00,0.00,0.00,XXX,33.4009
A9578,Inj multihance multipack,X,0.00,0.00,0.00,XXX,33.4009
A9579,"Gad-base mr contrast nos,1ml",X,0.00,0.00,0.00,XXX,33.4009
A9580,Sodium fluoride f-18,C,0.00,0.00,0.00,XXX,33.4009
A9581,Gadoxetate disodium inj,X,0.00,0.00,0.00,XXX,33.4009
A9582,Iodine i-123 iobenguane,X,0.00,0.00,0.00,XXX,33.4009
A9583,Gadofosveset trisodium inj,X,0.00,0.00,0.00,XXX,33.4009
A9584,Iodine i-123 ioflupane,X,0.00,0.00,0.00,XXX,33.4009
A9585,Gadobutrol injection,X,0.00,0.00,0.00,XXX,33.4009
A9586,Florbetapir f18,C,0.00,0.00,0.00,YYY,33.4009
A9587,Gallium ga-68,X,0.00,0.00,0.00,XXX,33.4009
A9588,Fluciclovine f-18,X,0.00,0.00,0.00,XXX,33.4009
A9589,Insti hexaminolevulinate hcl,X,0.00,0.00,0.00,XXX,33.4009
A9590,Iodine i-131 iobenguane 1mci,X,0.00,0.00,0.00,XXX,33.4009
A9591,Fluoroestradiol f 18,X,0.00,0.00,0.00,XXX,33.4009
A9592,Copper cu 64 dotatate diag,X,0.00,0.00,0.00,XXX,33.4009
A9593,Gallium ga-68 psma-11 ucsf,X,0.00,0.00,0.00,XXX,33.4009
A9594,"Gallium ga-68 psma-11, ucla",X,0.00,0.00,0.00,XXX,33.4009
A9595,"Piflu f-18, dia 1 millicurie",X,0.00,0.00,0.00,XXX,33.4009
A9596,Gallium illuccix 1 millicure,X,0.00,0.00,0.00,XXX,33.4009
A9597,"Pet, dx, for tumor id, noc",X,0.00,0.00,0.00,XXX,33.4009
A9598,"Pet dx for non-tumor id, noc",X,0.00,0.00,0.00,XXX,33.4009
A9600,Sr89 strontium,C,0.00,0.00,0.00,XXX,33.4009
A9601,Flortaucipir inj 1 millicuri,X,0.00,0.00,0.00,XXX,33.4009
A9602,Fluorodopa f-18 diag per mci,X,0.00,0.00,0.00,XXX,33.4009
A9603,"Inj, pafolacianine, 0.1 mg",X,0.00,0.00,0.00,XXX,33.4009
A9604,Sm 153 lexidronam,X,0.00,0.00,0.00,XXX,33.4009
A9606,Radium ra223 dichloride ther,X,0.00,0.00,0.00,XXX,33.4009
A9607,Lutetium lu 177 vipivotide,X,0.00,0.00,0.00,XXX,33.4009
A9608,Flotufolastat f18 diag 1 mci,X,0.00,0.00,0.00,XXX,33.4009
A9609,"F18 fdg, 15 millicuries",X,0.00,0.00,0.00,XXX,33.4009
A9610,"Xe129 xenon, diagnostic",X,0.00,0.00,0.00,XXX,33.4009
A9611,"Flurpiridaz f18, diag, 1 mci",X,0.00,0.00,0.00,XXX,33.4009
A9612,"Inj, fluorescein, 1 mg",X,0.00,0.00,0.00,XXX,33.4009
A9615,"Inj, pegulicianine, 1 mg",X,0.00,0.00,0.00,XXX,33.4009
A9616,Gallium gozellix 1 millicuri,X,0.00,0.00,0.00,XXX,33.4009
A9697,"Inj, magtrace per study dose",X,0.00,0.00,0.00,XXX,33.4009
A9698,Non-rad contrast materialnoc,X,0.00,0.00,0.00,XXX,33.4009
A9699,Radiopharm rx agent noc,C,0.00,0.00,0.00,XXX,33.4009
A9700,Echocardiography contrast,E,0.00,0.00,0.00,XXX,33.4009
A9800,Gallium locametz 1 millicuri,X,0.00,0.00,0.00,XXX,33.4009
A9900,Supply/accessory/service,X,0.00,0.00,0.00,XXX,33.4009
A9901,Delivery/set up/dispensing,X,0.00,0.00,0.00,XXX,33.4009
A9999,"Dme supply or accessory, nos",X,0.00,0.00,0.00,XXX,33.4009
D0120,Periodic oral evaluation,R,0.00,0.00,0.00,XXX,33.4009
D0140,Limit oral eval problm focus,R,0.00,0.00,0.00,XXX,33.4009
D0145,"Oral evaluation, pt < 3yrs",R,0.00,0.00,0.00,XXX,33.4009
D0150,Comprehensve oral evaluation,R,0.00,0.00,0.00,XXX,33.4009
D0160,Extensv oral eval prob focus,R,0.00,0.00,0.00,XXX,33.4009
D0170,"Re-eval,est pt,problem focus",R,0.00,0.00,0.00,XXX,33.4009
D0171,Re-eval post-op visit,R,0.00,0.00,0.00,XXX,33.4009
D0180,Comp periodontal evaluation,R,0.00,0.00,0.00,XXX,33.4009
D0190,Screening of a patient,R,0.00,0.00,0.00,XXX,33.4009
D0191,Assessment of a patient,R,0.00,0.00,0.00,XXX,33.4009
D0210,Intraor comprehensive series,R,0.00,0.00,0.00,XXX,33.4009
D0220,Intraoral periapical first,R,0.00,0.00,0.00,XXX,33.4009
D0230,Intraoral periapical ea add,R,0.00,0.00,0.00,XXX,33.4009
D0240,Intraoral occlusal film,R,0.00,0.00,0.00,XXX,33.4009
D0250,Extraoral 2d project image,R,0.00,0.00,0.00,XXX,33.4009
D0251,Extraoral posterior image,R,0.00,0.00,0.00,XXX,33.4009
D0270,Dental bitewing single image,R,0.00,0.00,0.00,XXX,33.4009
D0272,Dental bitewings two images,R,0.00,0.00,0.00,XXX,33.4009
D0273,Bitewings - three images,R,0.00,0.00,0.00,XXX,33.4009
D0274,Bitewings four images,R,0.00,0.00,0.00,XXX,33.4009
D0277,Vert bitewings 7 to 8 images,R,0.00,0.00,0.00,XXX,33.4009
D0310,Dental saliography,R,0.00,0.00,0.00,XXX,33.4009
D0320,Dental tmj arthrogram incl i,R,0.00,0.00,0.00,XXX,33.4009
D0321,Other tmj images by report,R,0.00,0.00,0.00,XXX,33.4009
D0322,Dental tomographic survey,R,0.00,0.00,0.00,XXX,33.4009
D0330,Panoramic image,R,0.00,0.00,0.00,XXX,33.4009
D0340,2d cephalometric image,R,0.00,0.00,0.00,XXX,33.4009
D0350,Oral/facial photo images,R,0.00,0.00,0.00,XXX,33.4009
D0364,Cone beam ct capt & interp,R,0.00,0.00,0.00,XXX,33.4009
D0365,Cone beam ct interprete man,R,0.00,0.00,0.00,XXX,33.4009
D0366,Cone beam ct interprete max,R,0.00,0.00,0.00,XXX,33.4009
D0367,Cone beam ct interp both jaw,R,0.00,0.00,0.00,XXX,33.4009
D0368,Cone beam ct interprete tmj,R,0.00,0.00,0.00,XXX,33.4009
D0369,Max mri capture & interprete,R,0.00,0.00,0.00,XXX,33.4009
D0370,Max ultrasound capt & interp,R,0.00,0.00,0.00,XXX,33.4009
D0371,Sialoendoscopy capt & interp,R,0.00,0.00,0.00,XXX,33.4009
D0372,Tomo comp series images,R,0.00,0.00,0.00,XXX,33.4009
D0373,Tomo bitewing image,R,0.00,0.00,0.00,XXX,33.4009
D0374,Tomo periapical image,R,0.00,0.00,0.00,XXX,33.4009
D0380,Cone beam ct capture limited,R,0.00,0.00,0.00,XXX,33.4009
D0381,Cone beam ct capt mandible,R,0.00,0.00,0.00,XXX,33.4009
D0382,Cone beam ct capt maxilla,R,0.00,0.00,0.00,XXX,33.4009
D0383,Cone beam ct both jaws,R,0.00,0.00,0.00,XXX,33.4009
D0384,Cone beam ct capture tmj,R,0.00,0.00,0.00,XXX,33.4009
D0385,Max mri image capture,R,0.00,0.00,0.00,XXX,33.4009
D0386,Max ultrasound image capture,R,0.00,0.00,0.00,XXX,33.4009
D0387,Comp image capture only,R,0.00,0.00,0.00,XXX,33.4009
D0388,Bitewing image capture only,R,0.00,0.00,0.00,XXX,33.4009
D0389,Periopic image capture only,R,0.00,0.00,0.00,XXX,33.4009
D0391,Imterprete diagnostic image,R,0.00,0.00,0.00,XXX,33.4009
D0393,Trtmnt simulation 3d image,R,0.00,0.00,0.00,XXX,33.4009
D0394,Digital sub 2 or more images,R,0.00,0.00,0.00,XXX,33.4009
D0395,Fusion 2 or more 3d images,R,0.00,0.00,0.00,XXX,33.4009
D0396,3d print of 3d surface scan,I,0.00,0.00,0.00,XXX,33.4009
D0411,Hba1c in office testing,R,0.00,0.00,0.00,XXX,33.4009
D0412,Blood glucose level test,R,0.00,0.00,0.00,XXX,33.4009
D0414,Lab process microbial spec,R,0.00,0.00,0.00,XXX,33.4009
D0415,Collection of microorganisms,R,0.00,0.00,0.00,XXX,33.4009
D0416,Viral culture,R,0.00,0.00,0.00,XXX,33.4009
D0417,Collect & prep saliva sample,R,0.00,0.00,0.00,XXX,33.4009
D0418,Analysis of saliva sample,R,0.00,0.00,0.00,XXX,33.4009
D0419,Assess of salivary flow,R,0.00,0.00,0.00,XXX,33.4009
D0422,Collect & prep genetic samp,R,0.00,0.00,0.00,XXX,33.4009
D0423,Genetic test spec analysis,R,0.00,0.00,0.00,XXX,33.4009
D0425,Caries susceptibility test,R,0.00,0.00,0.00,XXX,33.4009
D0426,"Coll, analys of saliva",R,0.00,0.00,0.00,YYY,33.4009
D0431,Diag tst detect mucos abnorm,R,0.00,0.00,0.00,XXX,33.4009
D0460,Pulp vitality test,R,0.00,0.00,0.00,XXX,33.4009
D0461,Testing for cracked tooth,R,0.00,0.00,0.00,YYY,33.4009
D0470,Diagnostic casts,R,0.00,0.00,0.00,XXX,33.4009
D0472,"Gross exam, prep & report",R,0.00,0.00,0.00,XXX,33.4009
D0473,"Micro exam, prep & report",R,0.00,0.00,0.00,XXX,33.4009
D0474,Micro w exam of surg margins,R,0.00,0.00,0.00,XXX,33.4009
D0475,Decalcification procedure,R,0.00,0.00,0.00,XXX,33.4009
D0476,Spec stains for microorganis,R,0.00,0.00,0.00,XXX,33.4009
D0477,Spec stains not for microorg,R,0.00,0.00,0.00,XXX,33.4009
D0478,Immunohistochemical stains,R,0.00,0.00,0.00,XXX,33.4009
D0479,Tissue in-situ hybridization,R,0.00,0.00,0.00,XXX,33.4009
D0480,Cytopath smear prep & report,R,0.00,0.00,0.00,XXX,33.4009
D0481,Electron microscopy,R,0.00,0.00,0.00,XXX,33.4009
D0482,Direct immunofluorescence,R,0.00,0.00,0.00,XXX,33.4009
D0483,Indirect immunofluorescence,R,0.00,0.00,0.00,XXX,33.4009
D0484,Consult slides prep elsewher,R,0.00,0.00,0.00,XXX,33.4009
D0485,Consult inc prep of slides,R,0.00,0.00,0.00,XXX,33.4009
D0486,Access of transep cytol samp,R,0.00,0.00,0.00,XXX,33.4009
D0502,Other oral pathology procedu,R,0.00,0.00,0.00,XXX,33.4009
D0600,Non-ionizing diag proc,R,0.00,0.00,0.00,XXX,33.4009
D0601,Caries risk assess low risk,R,0.00,0.00,0.00,XXX,33.4009
D0602,Caries risk assess mod risk,R,0.00,0.00,0.00,XXX,33.4009
D0603,Caries risk assess high risk,R,0.00,0.00,0.00,XXX,33.4009
D0604,Antigen test pub hlth pathog,R,0.00,0.00,0.00,XXX,33.4009
D0605,Antibody test pub hlth path,R,0.00,0.00,0.00,XXX,33.4009
D0606,Molecular test pub hlth path,R,0.00,0.00,0.00,XXX,33.4009
D0701,Pano radio image,R,0.00,0.00,0.00,XXX,33.4009
D0702,2d cephal radio image,R,0.00,0.00,0.00,XXX,33.4009
D0703,2d oral/facial photo image,R,0.00,0.00,0.00,XXX,33.4009
D0705,Extra oral post radio image,R,0.00,0.00,0.00,XXX,33.4009
D0706,Intraoral occlus radio image,R,0.00,0.00,0.00,XXX,33.4009
D0707,Intraoral periap radio image,R,0.00,0.00,0.00,XXX,33.4009
D0708,Intraoral bite radio image,R,0.00,0.00,0.00,XXX,33.4009
D0709,Intraoral comp image capture,R,0.00,0.00,0.00,XXX,33.4009
D0801,3d intraoral scan direct,R,0.00,0.00,0.00,XXX,33.4009
D0802,3d dental scan indirect,R,0.00,0.00,0.00,XXX,33.4009
D0803,3d facial scan direct,R,0.00,0.00,0.00,XXX,33.4009
D0804,3d facial scan indirect,R,0.00,0.00,0.00,XXX,33.4009
D0999,Unspecified diagnostic proce,R,0.00,0.00,0.00,XXX,33.4009
D1110,Dental prophylaxis adult,R,0.00,0.00,0.00,XXX,33.4009
D1120,Dental prophylaxis child,R,0.00,0.00,0.00,XXX,33.4009
D1206,Topical fluoride varnish,R,0.00,0.00,0.00,XXX,33.4009
D1208,Topical app fluorid ex vrnsh,R,0.00,0.00,0.00,XXX,33.4009
D1301,Immunization counseling,R,0.00,0.00,0.00,YYY,33.4009
D1310,Nutri counsel-control caries,R,0.00,0.00,0.00,XXX,33.4009
D1320,Tobacco counseling,R,0.00,0.00,0.00,XXX,33.4009
D1321,Couns for high risk sub use,R,0.00,0.00,0.00,XXX,33.4009
D1330,Oral hygiene instructions,R,0.00,0.00,0.00,XXX,33.4009
D1351,Dental sealant per tooth,R,0.00,0.00,0.00,XXX,33.4009
D1353,Sealant repair per tooth,R,0.00,0.00,0.00,XXX,33.4009
D1354,Int caries med app per tooth,R,0.00,0.00,0.00,XXX,33.4009
D1355,Caries med app per tooth,R,0.00,0.00,0.00,XXX,33.4009
D1510,Space maintainer fxd unilat,R,0.00,0.00,0.00,YYY,33.4009
D1516,"Fixed bilat space maint, max",R,0.00,0.00,0.00,YYY,33.4009
D1517,"Fixed bilat space maint, man",R,0.00,0.00,0.00,YYY,33.4009
D1520,Remove unilat space maintain,R,0.00,0.00,0.00,YYY,33.4009
D1526,"Remove bilat space main, max",R,0.00,0.00,0.00,YYY,33.4009
D1527,"Remove bilat space main, man",R,0.00,0.00,0.00,YYY,33.4009
D1551,Recement space maint - max,R,0.00,0.00,0.00,XXX,33.4009
D1552,Recement space maint - man,R,0.00,0.00,0.00,XXX,33.4009
D1553,Recement unilat space maint,R,0.00,0.00,0.00,XXX,33.4009
D1556,Rem fixed unilat space maint,R,0.00,0.00,0.00,XXX,33.4009
D1557,Remove fixed bilat maint max,R,0.00,0.00,0.00,XXX,33.4009
D1558,Remove fixed bilat man,R,0.00,0.00,0.00,XXX,33.4009
D1575,"Dist space maint, fixed unil",R,0.00,0.00,0.00,YYY,33.4009
D1701,Pfizer vacc admin 1st dose,I,0.00,0.00,0.00,XXX,33.4009
D1702,Pfizer vacc admin 2nd dose,I,0.00,0.00,0.00,XXX,33.4009
D1703,Moderna vacc admin 1st dose,I,0.00,0.00,0.00,XXX,33.4009
D1704,Moderna vacc admin 2nd dose,I,0.00,0.00,0.00,XXX,33.4009
D1708,Pfizer vacc admin 3rd dose,I,0.00,0.00,0.00,XXX,33.4009
D1709,Pfizer vaccine admin booster,I,0.00,0.00,0.00,XXX,33.4009
D1710,Moderna vacc admin 3rd dose,I,0.00,0.00,0.00,XXX,33.4009
D1711,Moderna vacc admin booster,I,0.00,0.00,0.00,XXX,33.4009
D1713,Pfizer vacc adm ped 1st dose,I,0.00,0.00,0.00,XXX,33.4009
D1714,Pfizer vacc adm ped 2nd dose,I,0.00,0.00,0.00,XXX,33.4009
D1720,Influenza vacc admin,I,0.00,0.00,0.00,XXX,33.4009
D1781,Vac admin human pap dose 1,I,0.00,0.00,0.00,XXX,33.4009
D1782,Vac admin human pap dose 2,I,0.00,0.00,0.00,XXX,33.4009
D1783,Vac admin human pap dose 3,I,0.00,0.00,0.00,XXX,33.4009
D1999,Unspecified preventive proc,R,0.00,0.00,0.00,YYY,33.4009
D2140,Amalgam one surface permanen,R,0.00,0.00,0.00,YYY,33.4009
D2150,Amalgam two surfaces permane,R,0.00,0.00,0.00,YYY,33.4009
D2160,Amalgam three surfaces perma,R,0.00,0.00,0.00,YYY,33.4009
D2161,Amalgam 4 or > surfaces perm,R,0.00,0.00,0.00,YYY,33.4009
D2330,Resin one surface-anterior,R,0.00,0.00,0.00,YYY,33.4009
D2331,Resin two surfaces-anterior,R,0.00,0.00,0.00,YYY,33.4009
D2332,Resin three surfaces-anterio,R,0.00,0.00,0.00,YYY,33.4009
D2335,Resin 4/> surf or w incis an,R,0.00,0.00,0.00,YYY,33.4009
D2390,Ant resin-based cmpst crown,R,0.00,0.00,0.00,YYY,33.4009
D2391,Post 1 srfc resinbased cmpst,R,0.00,0.00,0.00,YYY,33.4009
D2392,Post 2 srfc resinbased cmpst,R,0.00,0.00,0.00,YYY,33.4009
D2393,Post 3 srfc resinbased cmpst,R,0.00,0.00,0.00,YYY,33.4009
D2394,Post >=4srfc resinbase cmpst,R,0.00,0.00,0.00,YYY,33.4009
D2410,Dental gold foil one surface,R,0.00,0.00,0.00,YYY,33.4009
D2420,Dental gold foil two surface,R,0.00,0.00,0.00,YYY,33.4009
D2430,Dental gold foil three surfa,R,0.00,0.00,0.00,YYY,33.4009
D2510,Dental inlay metalic 1 surf,R,0.00,0.00,0.00,YYY,33.4009
D2520,Dental inlay metallic 2 surf,R,0.00,0.00,0.00,YYY,33.4009
D2530,Dental inlay metl 3/more sur,R,0.00,0.00,0.00,YYY,33.4009
D2542,Dental onlay metallic 2 surf,R,0.00,0.00,0.00,YYY,33.4009
D2543,Dental onlay metallic 3 surf,R,0.00,0.00,0.00,YYY,33.4009
D2544,Dental onlay metl 4/more sur,R,0.00,0.00,0.00,YYY,33.4009
D2610,Inlay porcelain/ceramic 1 su,R,0.00,0.00,0.00,YYY,33.4009
D2620,Inlay porcelain/ceramic 2 su,R,0.00,0.00,0.00,YYY,33.4009
D2630,Dental onlay porc 3/more sur,R,0.00,0.00,0.00,YYY,33.4009
D2642,Dental onlay porcelin 2 surf,R,0.00,0.00,0.00,YYY,33.4009
D2643,Dental onlay porcelin 3 surf,R,0.00,0.00,0.00,YYY,33.4009
D2644,Dental onlay porc 4/more sur,R,0.00,0.00,0.00,YYY,33.4009
D2650,Inlay composite/resin one su,R,0.00,0.00,0.00,YYY,33.4009
D2651,Inlay composite/resin two su,R,0.00,0.00,0.00,YYY,33.4009
D2652,Dental inlay resin 3/mre sur,R,0.00,0.00,0.00,YYY,33.4009
D2662,Dental onlay resin 2 surface,R,0.00,0.00,0.00,YYY,33.4009
D2663,Dental onlay resin 3 surface,R,0.00,0.00,0.00,YYY,33.4009
D2664,Dental onlay resin 4/mre sur,R,0.00,0.00,0.00,YYY,33.4009
D2710,Crown resin-based indirect,R,0.00,0.00,0.00,YYY,33.4009
D2712,Crown 3/4 resin-based compos,R,0.00,0.00,0.00,YYY,33.4009
D2720,Crown resin w/ high noble me,R,0.00,0.00,0.00,YYY,33.4009
D2721,Crown resin w/ base metal,R,0.00,0.00,0.00,YYY,33.4009
D2722,Crown resin w/ noble metal,R,0.00,0.00,0.00,YYY,33.4009
D2740,Crown porcelain/ceramic,R,0.00,0.00,0.00,YYY,33.4009
D2750,Crown porcelain w/ h noble m,R,0.00,0.00,0.00,YYY,33.4009
D2751,Crown porcelain fused base m,R,0.00,0.00,0.00,YYY,33.4009
D2752,Crown porcelain w/ noble met,R,0.00,0.00,0.00,YYY,33.4009
D2753,Crown porc fused to titanium,R,0.00,0.00,0.00,YYY,33.4009
D2780,Crown 3/4 cast hi noble met,R,0.00,0.00,0.00,YYY,33.4009
D2781,Crown 3/4 cast base metal,R,0.00,0.00,0.00,YYY,33.4009
D2782,Crown 3/4 cast noble metal,R,0.00,0.00,0.00,YYY,33.4009
D2783,Crown 3/4 porcelain/ceramic,R,0.00,0.00,0.00,YYY,33.4009
D2790,Crown full cast high noble m,R,0.00,0.00,0.00,YYY,33.4009
D2791,Crown full cast base metal,R,0.00,0.00,0.00,YYY,33.4009
D2792,Crown full cast noble metal,R,0.00,0.00,0.00,YYY,33.4009
D2794,Crown-titanium,R,0.00,0.00,0.00,YYY,33.4009
D2799,Interim crown,R,0.00,0.00,0.00,XXX,33.4009
D2910,Recement inlay onlay or part,R,0.00,0.00,0.00,XXX,33.4009
D2915,Recement cast or prefab post,R,0.00,0.00,0.00,XXX,33.4009
D2920,Re-cement or re-bond crown,R,0.00,0.00,0.00,XXX,33.4009
D2921,Reattach tooth fragment,R,0.00,0.00,0.00,YYY,33.4009
D2928,Prefab porc/cer crown perm,R,0.00,0.00,0.00,XXX,33.4009
D2929,Prefab porc/ceram crown pri,R,0.00,0.00,0.00,XXX,33.4009
D2930,Prefab stnlss steel crwn pri,R,0.00,0.00,0.00,XXX,33.4009
D2931,Prefab stnlss steel crown pe,R,0.00,0.00,0.00,XXX,33.4009
D2932,Prefabricated resin crown,R,0.00,0.00,0.00,XXX,33.4009
D2933,Prefab stainless steel crown,R,0.00,0.00,0.00,XXX,33.4009
D2934,Prefab steel crown primary,R,0.00,0.00,0.00,XXX,33.4009
D2940,Place direct restoration,R,0.00,0.00,0.00,XXX,33.4009
D2949,Restorative foundation,R,0.00,0.00,0.00,XXX,33.4009
D2950,Core build-up incl any pins,R,0.00,0.00,0.00,YYY,33.4009
D2951,Tooth pin retention,R,0.00,0.00,0.00,YYY,33.4009
D2952,Post and core cast + crown,R,0.00,0.00,0.00,YYY,33.4009
D2953,Each addtnl cast post,R,0.00,0.00,0.00,YYY,33.4009
D2954,Prefab post/core + crown,R,0.00,0.00,0.00,YYY,33.4009
D2955,Post removal,R,0.00,0.00,0.00,YYY,33.4009
D2956,Indirect rest remov,R,0.00,0.00,0.00,YYY,33.4009
D2957,Each addtnl prefab post,R,0.00,0.00,0.00,YYY,33.4009
D2960,Labial veneer resin direct,R,0.00,0.00,0.00,YYY,33.4009
D2961,Labial veneer resin indirect,R,0.00,0.00,0.00,YYY,33.4009
D2962,Labial veneer porc indirect,R,0.00,0.00,0.00,YYY,33.4009
D2971,Add proc construct new crown,R,0.00,0.00,0.00,YYY,33.4009
D2975,Coping,R,0.00,0.00,0.00,YYY,33.4009
D2976,Band stabilization per tooth,R,0.00,0.00,0.00,YYY,33.4009
D2980,Crown repair,R,0.00,0.00,0.00,YYY,33.4009
D2981,Inlay repair,R,0.00,0.00,0.00,YYY,33.4009
D2982,Onlay repair,R,0.00,0.00,0.00,YYY,33.4009
D2983,Veneer repair,R,0.00,0.00,0.00,YYY,33.4009
D2989,Excavate tooth non-restorabl,R,0.00,0.00,0.00,YYY,33.4009
D2990,Resin infiltration of lesion,R,0.00,0.00,0.00,YYY,33.4009
D2991,App of hydroxyapatite,R,0.00,0.00,0.00,YYY,33.4009
D2999,Dental unspec restorative pr,R,0.00,0.00,0.00,YYY,33.4009
D3110,Pulp cap direct,R,0.00,0.00,0.00,YYY,33.4009
D3120,Pulp cap indirect,R,0.00,0.00,0.00,YYY,33.4009
D3220,Therapeutic pulpotomy,R,0.00,0.00,0.00,YYY,33.4009
D3221,Gross pulpal debridement,R,0.00,0.00,0.00,YYY,33.4009
D3222,Part pulp for apexogenesis,R,0.00,0.00,0.00,YYY,33.4009
D3230,Pulpal therapy anterior prim,R,0.00,0.00,0.00,YYY,33.4009
D3240,Pulpal therapy posterior pri,R,0.00,0.00,0.00,YYY,33.4009
D3310,"End thxpy, anterior tooth",R,0.00,0.00,0.00,YYY,33.4009
D3320,"End thxpy, premolar tooth",R,0.00,0.00,0.00,YYY,33.4009
D3330,"End thxpy, molar tooth",R,0.00,0.00,0.00,YYY,33.4009
D3331,Non-surg tx root canal obs,R,0.00,0.00,0.00,YYY,33.4009
D3332,Incomplete endodontic tx,R,0.00,0.00,0.00,YYY,33.4009
D3333,Internal root repair,R,0.00,0.00,0.00,YYY,33.4009
D3346,Retreat root canal anterior,R,0.00,0.00,0.00,YYY,33.4009
D3347,Retreat root canal premolar,R,0.00,0.00,0.00,YYY,33.4009
D3348,Retreat root canal molar,R,0.00,0.00,0.00,YYY,33.4009
D3351,Apexification/recalc initial,R,0.00,0.00,0.00,YYY,33.4009
D3352,Apexification/recalc interim,R,0.00,0.00,0.00,YYY,33.4009
D3353,Apexification/recalc final,R,0.00,0.00,0.00,YYY,33.4009
D3355,Pulpal regeneration initial,R,0.00,0.00,0.00,YYY,33.4009
D3356,Pulpal regeneration interim,R,0.00,0.00,0.00,YYY,33.4009
D3357,Pulpal regeneration complete,R,0.00,0.00,0.00,YYY,33.4009
D3410,Apicoectomy - anterior,R,0.00,0.00,0.00,YYY,33.4009
D3421,Root surgery premolar,R,0.00,0.00,0.00,YYY,33.4009
D3425,Root surgery molar,R,0.00,0.00,0.00,YYY,33.4009
D3426,Root surgery ea add root,R,0.00,0.00,0.00,YYY,33.4009
D3428,Bone graft peri per tooth,R,0.00,0.00,0.00,YYY,33.4009
D3429,Bone graft peri each addl,R,0.00,0.00,0.00,YYY,33.4009
D3430,Retrograde filling,R,0.00,0.00,0.00,YYY,33.4009
D3431,Biological materials,R,0.00,0.00,0.00,YYY,33.4009
D3432,Guided tissue regeneration,R,0.00,0.00,0.00,YYY,33.4009
D3450,Root amputation,R,0.00,0.00,0.00,YYY,33.4009
D3460,Endodontic endosseous implan,R,0.00,0.00,0.00,YYY,33.4009
D3470,Intentional replantation,R,0.00,0.00,0.00,YYY,33.4009
D3471,Surg rep root res anterior,R,0.00,0.00,0.00,YYY,33.4009
D3472,Surg rep root res premolar,R,0.00,0.00,0.00,YYY,33.4009
D3473,Surg rep root res molar,R,0.00,0.00,0.00,YYY,33.4009
D3501,Surg exp root surf anterior,R,0.00,0.00,0.00,YYY,33.4009
D3502,Surg exp root surf premolar,R,0.00,0.00,0.00,YYY,33.4009
D3503,Surg exp root surf molar,R,0.00,0.00,0.00,YYY,33.4009
D3910,Isolation- tooth w rubb dam,R,0.00,0.00,0.00,YYY,33.4009
D3911,Intraorifice barrier,R,0.00,0.00,0.00,YYY,33.4009
D3920,Tooth splitting,R,0.00,0.00,0.00,YYY,33.4009
D3921,Decor or submerg erupt tooth,R,0.00,0.00,0.00,YYY,33.4009
D3950,Canal prep/fitting of dowel,R,0.00,0.00,0.00,YYY,33.4009
D3999,Endodontic procedure,R,0.00,0.00,0.00,YYY,33.4009
D4210,Gingivectomy/plasty 4 or mor,R,0.00,0.00,0.00,YYY,33.4009
D4211,Gingivectomy/plasty 1 to 3,R,0.00,0.00,0.00,YYY,33.4009
D4212,Gingivectomy/plasty rest,R,0.00,0.00,0.00,YYY,33.4009
D4230,Ana crown exp 4 or> per quad,R,0.00,0.00,0.00,YYY,33.4009
D4231,Ana crown exp 1-3 per quad,R,0.00,0.00,0.00,YYY,33.4009
D4240,Gingival flap proc w/ planin,R,0.00,0.00,0.00,YYY,33.4009
D4241,Gngvl flap w rootplan 1-3 th,R,0.00,0.00,0.00,YYY,33.4009
D4245,Apically positioned flap,R,0.00,0.00,0.00,YYY,33.4009
D4249,Crown lengthen hard tissue,R,0.00,0.00,0.00,YYY,33.4009
D4260,Osseous surgery 4 or more,R,0.00,0.00,0.00,YYY,33.4009
D4261,Osseous surg 1 to 3 teeth,R,0.00,0.00,0.00,YYY,33.4009
D4263,Bone replce graft first site,R,0.00,0.00,0.00,YYY,33.4009
D4264,Bone replce graft each add,R,0.00,0.00,0.00,YYY,33.4009
D4265,Bio mtrls to aid soft/os reg,R,0.00,0.00,0.00,YYY,33.4009
D4266,Guided tiss regen resorble,R,0.00,0.00,0.00,YYY,33.4009
D4267,Guided tiss regen nonresorb,R,0.00,0.00,0.00,YYY,33.4009
D4268,Surgical revision procedure,R,0.00,0.00,0.00,YYY,33.4009
D4270,Pedicle soft tissue graft pr,R,0.00,0.00,0.00,YYY,33.4009
D4273,Auto tissue graft 1st tooth,R,0.00,0.00,0.00,YYY,33.4009
D4274,Mesial/distal wedge proc,R,0.00,0.00,0.00,YYY,33.4009
D4275,Non-auto graft 1st tooth,R,0.00,0.00,0.00,YYY,33.4009
D4276,Con tissue w pedicle graft,R,0.00,0.00,0.00,YYY,33.4009
D4277,Soft tissue graft firsttooth,R,0.00,0.00,0.00,YYY,33.4009
D4278,Soft tissue graft addl tooth,R,0.00,0.00,0.00,YYY,33.4009
D4283,Auto tissue graft addl tooth,R,0.00,0.00,0.00,YYY,33.4009
D4285,Non-auto graft addl tooth,R,0.00,0.00,0.00,YYY,33.4009
D4286,Remove non-resorb barrier,R,0.00,0.00,0.00,YYY,33.4009
D4322,Splint intra-coronal,R,0.00,0.00,0.00,YYY,33.4009
D4323,Splint extra-coronal,R,0.00,0.00,0.00,YYY,33.4009
D4341,Periodontal scaling & root,R,0.00,0.00,0.00,YYY,33.4009
D4342,Periodontal scaling 1-3teeth,R,0.00,0.00,0.00,YYY,33.4009
D4346,Scaling gingiv inflammation,R,0.00,0.00,0.00,YYY,33.4009
D4355,Full mouth debridement,R,0.00,0.00,0.00,YYY,33.4009
D4381,Localized delivery antimicro,R,0.00,0.00,0.00,YYY,33.4009
D4910,Periodontal maint procedures,R,0.00,0.00,0.00,YYY,33.4009
D4920,Unscheduled dressing change,R,0.00,0.00,0.00,YYY,33.4009
D4921,Gingival irrigation per quad,R,0.00,0.00,0.00,YYY,33.4009
D4999,Unspecified periodontal proc,R,0.00,0.00,0.00,YYY,33.4009
D5110,Dentures complete maxillary,R,0.00,0.00,0.00,YYY,33.4009
D5120,Dentures complete mandible,R,0.00,0.00,0.00,YYY,33.4009
D5130,Dentures immediat maxillary,R,0.00,0.00,0.00,YYY,33.4009
D5140,Dentures immediat mandible,R,0.00,0.00,0.00,YYY,33.4009
D5211,Dentures maxill part resin,R,0.00,0.00,0.00,YYY,33.4009
D5212,Dentures mand part resin,R,0.00,0.00,0.00,YYY,33.4009
D5213,Dentures maxill part metal,R,0.00,0.00,0.00,YYY,33.4009
D5214,Dentures mandibl part metal,R,0.00,0.00,0.00,YYY,33.4009
D5221,Immed max part denture resin,R,0.00,0.00,0.00,YYY,33.4009
D5222,Immed man part denture resin,R,0.00,0.00,0.00,YYY,33.4009
D5223,Immed max part dent metal,R,0.00,0.00,0.00,YYY,33.4009
D5224,Immed mand part dent metal,R,0.00,0.00,0.00,YYY,33.4009
D5225,Maxillary part denture flex,R,0.00,0.00,0.00,YYY,33.4009
D5226,Mandibular part denture flex,R,0.00,0.00,0.00,YYY,33.4009
D5227,Immed max part denture,R,0.00,0.00,0.00,YYY,33.4009
D5228,Immed mand part denture,R,0.00,0.00,0.00,YYY,33.4009
D5282,"Remove unil part denture,max",R,0.00,0.00,0.00,YYY,33.4009
D5283,"Remove unil part denture,man",R,0.00,0.00,0.00,YYY,33.4009
D5284,Rem unilat dent flex base,R,0.00,0.00,0.00,YYY,33.4009
D5286,Rem unilat dent 1 pc resin,R,0.00,0.00,0.00,YYY,33.4009
D5410,Dentures adjust cmplt maxil,R,0.00,0.00,0.00,XXX,33.4009
D5411,Dentures adjust cmplt mand,R,0.00,0.00,0.00,XXX,33.4009
D5421,Dentures adjust part maxill,R,0.00,0.00,0.00,XXX,33.4009
D5422,Dentures adjust part mandbl,R,0.00,0.00,0.00,XXX,33.4009
D5511,Rep broke comp dent base man,R,0.00,0.00,0.00,YYY,33.4009
D5512,Rep broke comp dent base max,R,0.00,0.00,0.00,YYY,33.4009
D5520,Replace denture teeth complt,R,0.00,0.00,0.00,YYY,33.4009
D5611,Rep resin part dent base man,R,0.00,0.00,0.00,YYY,33.4009
D5612,Rep resin part dent base max,R,0.00,0.00,0.00,YYY,33.4009
D5621,Rep cast part frame man,R,0.00,0.00,0.00,YYY,33.4009
D5622,Rep cast part frame max,R,0.00,0.00,0.00,YYY,33.4009
D5630,Rep partial denture clasp,R,0.00,0.00,0.00,YYY,33.4009
D5640,Replace part denture teeth,R,0.00,0.00,0.00,YYY,33.4009
D5650,Add tooth to partial denture,R,0.00,0.00,0.00,YYY,33.4009
D5660,Add clasp to partial denture,R,0.00,0.00,0.00,YYY,33.4009
D5670,Replc tth&acrlc on mtl frmwk,R,0.00,0.00,0.00,YYY,33.4009
D5671,Replc tth&acrlc mandibular,R,0.00,0.00,0.00,YYY,33.4009
D5710,Dentures rebase cmplt maxil,R,0.00,0.00,0.00,YYY,33.4009
D5711,Dentures rebase cmplt mand,R,0.00,0.00,0.00,YYY,33.4009
D5720,Dentures rebase part maxill,R,0.00,0.00,0.00,YYY,33.4009
D5721,Dentures rebase part mandbl,R,0.00,0.00,0.00,YYY,33.4009
D5725,Rebase hybrid prosthesis,R,0.00,0.00,0.00,YYY,33.4009
D5730,Denture reln cmplt max dir,R,0.00,0.00,0.00,YYY,33.4009
D5731,Denture reln cmplt mand dir,R,0.00,0.00,0.00,YYY,33.4009
D5740,Denture reln part max dir,R,0.00,0.00,0.00,YYY,33.4009
D5741,Denture reln part mand dir,R,0.00,0.00,0.00,YYY,33.4009
D5750,Denture reln cmplt max indir,R,0.00,0.00,0.00,YYY,33.4009
D5751,Denture reln cmplt mand ind,R,0.00,0.00,0.00,YYY,33.4009
D5760,Denture reln part max indir,R,0.00,0.00,0.00,YYY,33.4009
D5761,Denture reln part mand indir,R,0.00,0.00,0.00,YYY,33.4009
D5765,Liner compl/partial rem dent,R,0.00,0.00,0.00,YYY,33.4009
D5810,Denture interm cmplt maxill,R,0.00,0.00,0.00,YYY,33.4009
D5811,Denture interm cmplt mandbl,R,0.00,0.00,0.00,YYY,33.4009
D5820,Denture interm part maxill,R,0.00,0.00,0.00,YYY,33.4009
D5821,Denture interm part mandbl,R,0.00,0.00,0.00,YYY,33.4009
D5850,Denture tiss conditn maxill,R,0.00,0.00,0.00,YYY,33.4009
D5851,Denture tiss condtin mandbl,R,0.00,0.00,0.00,YYY,33.4009
D5862,Precision attachment,R,0.00,0.00,0.00,YYY,33.4009
D5863,Overdenture complete max,R,0.00,0.00,0.00,YYY,33.4009
D5864,Overdenture partial max,R,0.00,0.00,0.00,YYY,33.4009
D5865,Overdenture complete mandib,R,0.00,0.00,0.00,YYY,33.4009
D5866,Overdenture partial mandib,R,0.00,0.00,0.00,YYY,33.4009
D5867,Replacement of precision att,R,0.00,0.00,0.00,YYY,33.4009
D5875,Prosthesis modification,R,0.00,0.00,0.00,YYY,33.4009
D5876,Add metal sub to acrylc dent,R,0.00,0.00,0.00,YYY,33.4009
D5877,Dup of complt dent-maxill,R,0.00,0.00,0.00,YYY,33.4009
D5878,Dup of complt dent-mandib,R,0.00,0.00,0.00,YYY,33.4009
D5899,Removable prosthodontic proc,R,0.00,0.00,0.00,YYY,33.4009
D5909,Max guid prothes w/ flange,R,0.00,0.00,0.00,YYY,33.4009
D5911,Facial moulage sectional,R,0.00,0.00,0.00,YYY,33.4009
D5912,Facial moulage complete,R,0.00,0.00,0.00,YYY,33.4009
D5913,Nasal prosthesis,R,0.00,0.00,0.00,YYY,33.4009
D5914,Auricular prosthesis,R,0.00,0.00,0.00,YYY,33.4009
D5915,Orbital prosthesis,R,0.00,0.00,0.00,YYY,33.4009
D5916,Ocular prosthesis,R,0.00,0.00,0.00,YYY,33.4009
D5919,Facial prosthesis,R,0.00,0.00,0.00,YYY,33.4009
D5922,Nasal septal prosthesis,R,0.00,0.00,0.00,YYY,33.4009
D5923,Ocular prosthesis interim,R,0.00,0.00,0.00,YYY,33.4009
D5924,Cranial prosthesis,R,0.00,0.00,0.00,YYY,33.4009
D5925,Facial augmentation implant,R,0.00,0.00,0.00,YYY,33.4009
D5926,Replacement nasal prosthesis,R,0.00,0.00,0.00,YYY,33.4009
D5927,Auricular replacement,R,0.00,0.00,0.00,YYY,33.4009
D5928,Orbital replacement,R,0.00,0.00,0.00,YYY,33.4009
D5929,Facial replacement,R,0.00,0.00,0.00,YYY,33.4009
D5930,Max guid prothes w/o flange,R,0.00,0.00,0.00,YYY,33.4009
D5931,Surgical obturator,R,0.00,0.00,0.00,YYY,33.4009
D5932,Postsurgical obturator,R,0.00,0.00,0.00,YYY,33.4009
D5933,Refitting of obturator,R,0.00,0.00,0.00,YYY,33.4009
D5934,Mandibular flange prosthesis,R,0.00,0.00,0.00,YYY,33.4009
D5935,Mandibular denture prosth,R,0.00,0.00,0.00,YYY,33.4009
D5936,Temp obturator prosthesis,R,0.00,0.00,0.00,YYY,33.4009
D5937,Trismus appliance,R,0.00,0.00,0.00,YYY,33.4009
D5938,Resct proth max comp remov,R,0.00,0.00,0.00,YYY,33.4009
D5939,Resct proth mand comp remov,R,0.00,0.00,0.00,YYY,33.4009
D5940,Resct proth max part remov,R,0.00,0.00,0.00,YYY,33.4009
D5941,Resct proth mand part remov,R,0.00,0.00,0.00,YYY,33.4009
D5942,Proth max implt sup remv,R,0.00,0.00,0.00,YYY,33.4009
D5943,Proth mandib implt sup remv,R,0.00,0.00,0.00,YYY,33.4009
D5944,Max implt sup remv part,R,0.00,0.00,0.00,YYY,33.4009
D5945,Mand implt sup remv part,R,0.00,0.00,0.00,YYY,33.4009
D5946,Max implt sup fix,R,0.00,0.00,0.00,YYY,33.4009
D5947,Mand implt sup fix,R,0.00,0.00,0.00,YYY,33.4009
D5948,Max implt sup fix part,R,0.00,0.00,0.00,YYY,33.4009
D5949,Mand implt sup fix part,R,0.00,0.00,0.00,YYY,33.4009
D5951,Feeding aid,R,0.00,0.00,0.00,YYY,33.4009
D5952,Pediatric speech aid,R,0.00,0.00,0.00,YYY,33.4009
D5953,Adult speech aid,R,0.00,0.00,0.00,YYY,33.4009
D5954,Superimposed prosthesis,R,0.00,0.00,0.00,YYY,33.4009
D5955,Palatal lift prosthesis,R,0.00,0.00,0.00,YYY,33.4009
D5958,Intraoral con def inter plt,R,0.00,0.00,0.00,YYY,33.4009
D5959,Intraoral con def mod palat,R,0.00,0.00,0.00,YYY,33.4009
D5960,Modify speech aid prosthesis,R,0.00,0.00,0.00,YYY,33.4009
D5982,Surgical stent,R,0.00,0.00,0.00,YYY,33.4009
D5983,Radiation applicator,R,0.00,0.00,0.00,YYY,33.4009
D5984,Radiation shield,R,0.00,0.00,0.00,YYY,33.4009
D5985,Radiation cone locator,R,0.00,0.00,0.00,YYY,33.4009
D5986,Fluoride applicator,R,0.00,0.00,0.00,YYY,33.4009
D5987,Commissure splint,R,0.00,0.00,0.00,YYY,33.4009
D5988,Surgical splint,R,0.00,0.00,0.00,YYY,33.4009
D5991,Vesiculobullous disease carr,R,0.00,0.00,0.00,YYY,33.4009
D5992,Adjust max prost appliance,R,0.00,0.00,0.00,YYY,33.4009
D5993,Main/clean max prosthesis,R,0.00,0.00,0.00,YYY,33.4009
D5995,"Peri medicament w/seal, max",R,0.00,0.00,0.00,YYY,33.4009
D5996,"Peri medicament w/seal, mand",R,0.00,0.00,0.00,YYY,33.4009
D5999,Maxillofacial prosthesis,R,0.00,0.00,0.00,YYY,33.4009
D6010,Odontics endosteal implant,R,0.00,0.00,0.00,YYY,33.4009
D6011,Second stage implant surgery,R,0.00,0.00,0.00,YYY,33.4009
D6012,Endosteal implant,R,0.00,0.00,0.00,YYY,33.4009
D6013,Surgical place mini implant,R,0.00,0.00,0.00,YYY,33.4009
D6040,Odontics eposteal implant,R,0.00,0.00,0.00,YYY,33.4009
D6049,Scale implt peri-implt inflm,R,0.00,0.00,0.00,YYY,33.4009
D6050,Odontics transosteal implnt,R,0.00,0.00,0.00,YYY,33.4009
D6051,Interim implant abutment,R,0.00,0.00,0.00,YYY,33.4009
D6055,Implant connecting bar,R,0.00,0.00,0.00,YYY,33.4009
D6056,Prefabricated abutment,R,0.00,0.00,0.00,YYY,33.4009
D6057,Custom abutment,R,0.00,0.00,0.00,YYY,33.4009
D6058,Abutment supported crown,R,0.00,0.00,0.00,YYY,33.4009
D6059,Abutment supported mtl crown,R,0.00,0.00,0.00,YYY,33.4009
D6060,Abutment supported mtl crown,R,0.00,0.00,0.00,YYY,33.4009
D6061,Abutment supported mtl crown,R,0.00,0.00,0.00,YYY,33.4009
D6062,Abutment supported mtl crown,R,0.00,0.00,0.00,YYY,33.4009
D6063,Abutment supported mtl crown,R,0.00,0.00,0.00,YYY,33.4009
D6064,Abutment supported mtl crown,R,0.00,0.00,0.00,YYY,33.4009
D6065,Implant supported crown,R,0.00,0.00,0.00,YYY,33.4009
D6066,Implant supported mtl crown,R,0.00,0.00,0.00,YYY,33.4009
D6067,Implant supported mtl crown,R,0.00,0.00,0.00,YYY,33.4009
D6068,Abutment supported retainer,R,0.00,0.00,0.00,YYY,33.4009
D6069,Abutment supported retainer,R,0.00,0.00,0.00,YYY,33.4009
D6070,Abutment supported retainer,R,0.00,0.00,0.00,YYY,33.4009
D6071,Abutment supported retainer,R,0.00,0.00,0.00,YYY,33.4009
D6072,Abutment supported retainer,R,0.00,0.00,0.00,YYY,33.4009
D6073,Abutment supported retainer,R,0.00,0.00,0.00,YYY,33.4009
D6074,Abutment supported retainer,R,0.00,0.00,0.00,YYY,33.4009
D6075,Implant supported retainer,R,0.00,0.00,0.00,YYY,33.4009
D6076,Implant supported retainer,R,0.00,0.00,0.00,YYY,33.4009
D6077,Implant supported retainer,R,0.00,0.00,0.00,YYY,33.4009
D6080,Implant maintenance,R,0.00,0.00,0.00,YYY,33.4009
D6081,"Scale & debride, single imp",R,0.00,0.00,0.00,YYY,33.4009
D6082,Imp crown porc to base alloy,R,0.00,0.00,0.00,YYY,33.4009
D6083,Imp crown porc to noble allo,R,0.00,0.00,0.00,YYY,33.4009
D6084,Imp crown porc to titanium,R,0.00,0.00,0.00,YYY,33.4009
D6085,Interim implant crown,R,0.00,0.00,0.00,YYY,33.4009
D6086,Imp crown base alloys,R,0.00,0.00,0.00,YYY,33.4009
D6087,Implant crown noble alloys,R,0.00,0.00,0.00,YYY,33.4009
D6088,Imp crown titanium alloys,R,0.00,0.00,0.00,YYY,33.4009
D6089,Access/retorq implant screw,R,0.00,0.00,0.00,YYY,33.4009
D6090,Repair implant,R,0.00,0.00,0.00,YYY,33.4009
D6091,Repl semi/precision attach,R,0.00,0.00,0.00,YYY,33.4009
D6092,Recement supp crown,R,0.00,0.00,0.00,YYY,33.4009
D6093,Recement supp part denture,R,0.00,0.00,0.00,YYY,33.4009
D6094,Abut support crown titanium,R,0.00,0.00,0.00,YYY,33.4009
D6096,Remove broken imp ret screw,R,0.00,0.00,0.00,YYY,33.4009
D6097,Abut crown porc to titanium,R,0.00,0.00,0.00,YYY,33.4009
D6098,Imp retain porc to base allo,R,0.00,0.00,0.00,YYY,33.4009
D6099,Imp retainer for fpd,R,0.00,0.00,0.00,YYY,33.4009
D6100,Surg removal of implant body,R,0.00,0.00,0.00,YYY,33.4009
D6101,Debridement of a periimplant,R,0.00,0.00,0.00,YYY,33.4009
D6102,Debridement & contouring,R,0.00,0.00,0.00,YYY,33.4009
D6103,Bone graft repair perimplant,R,0.00,0.00,0.00,YYY,33.4009
D6104,Bone graft time of implant,R,0.00,0.00,0.00,YYY,33.4009
D6105,Remove implant body,R,0.00,0.00,0.00,YYY,33.4009
D6106,Tissue regen resorbable,R,0.00,0.00,0.00,YYY,33.4009
D6107,Tissue regen non-resorbable,R,0.00,0.00,0.00,YYY,33.4009
D6110,Implnt/abut remov dent max,R,0.00,0.00,0.00,YYY,33.4009
D6111,Implnt/abut remov dent mand,R,0.00,0.00,0.00,YYY,33.4009
D6112,Imp/abut rem dent part max,R,0.00,0.00,0.00,YYY,33.4009
D6113,Imp/abut rem dent part mand,R,0.00,0.00,0.00,YYY,33.4009
D6114,Implnt/abut fixed dent max,R,0.00,0.00,0.00,YYY,33.4009
D6115,Implnt/abut fixed dent mand,R,0.00,0.00,0.00,YYY,33.4009
D6116,Imp/abut fixed dent part max,R,0.00,0.00,0.00,YYY,33.4009
D6117,Imp/abut fixed dent part man,R,0.00,0.00,0.00,YYY,33.4009
D6118,Imp/abut int fixed dent man,R,0.00,0.00,0.00,YYY,33.4009
D6119,Int/abut int fixed dent max,R,0.00,0.00,0.00,YYY,33.4009
D6120,Imp retain porc to titanium,R,0.00,0.00,0.00,YYY,33.4009
D6121,Retain metal fpd base alloys,R,0.00,0.00,0.00,YYY,33.4009
D6122,Retain metal fpd noble alloy,R,0.00,0.00,0.00,YYY,33.4009
D6123,Retain metal fpd titanium,R,0.00,0.00,0.00,YYY,33.4009
D6180,Implnt maint proced,R,0.00,0.00,0.00,YYY,33.4009
D6190,Radio/surgical implant index,R,0.00,0.00,0.00,YYY,33.4009
D6191,Semi precision abutment,R,0.00,0.00,0.00,YYY,33.4009
D6192,Semi precision attachment,R,0.00,0.00,0.00,YYY,33.4009
D6193,Replace implnt screw,R,0.00,0.00,0.00,YYY,33.4009
D6194,Abut support retainer titani,R,0.00,0.00,0.00,YYY,33.4009
D6195,Abut retain porc to titanium,R,0.00,0.00,0.00,YYY,33.4009
D6196,Remv of ind rest on implt,R,0.00,0.00,0.00,YYY,33.4009
D6197,Replace material prosthesis,R,0.00,0.00,0.00,YYY,33.4009
D6198,Remove interim implant,R,0.00,0.00,0.00,YYY,33.4009
D6199,Implant procedure,R,0.00,0.00,0.00,YYY,33.4009
D6205,Pontic-indirect resin based,R,0.00,0.00,0.00,YYY,33.4009
D6210,Prosthodont high noble metal,R,0.00,0.00,0.00,YYY,33.4009
D6211,Bridge base metal cast,R,0.00,0.00,0.00,YYY,33.4009
D6212,Bridge noble metal cast,R,0.00,0.00,0.00,YYY,33.4009
D6214,Pontic titanium,R,0.00,0.00,0.00,YYY,33.4009
D6240,Bridge porcelain high noble,R,0.00,0.00,0.00,YYY,33.4009
D6241,Bridge porcelain base metal,R,0.00,0.00,0.00,YYY,33.4009
D6242,Bridge porcelain nobel metal,R,0.00,0.00,0.00,YYY,33.4009
D6243,Pontic porcelain to titanium,R,0.00,0.00,0.00,YYY,33.4009
D6245,Bridge porcelain/ceramic,R,0.00,0.00,0.00,YYY,33.4009
D6250,Bridge resin w/high noble,R,0.00,0.00,0.00,YYY,33.4009
D6251,Bridge resin base metal,R,0.00,0.00,0.00,YYY,33.4009
D6252,Bridge resin w/noble metal,R,0.00,0.00,0.00,YYY,33.4009
D6253,Interim pontic,R,0.00,0.00,0.00,YYY,33.4009
D6280,Implt maint procd remv implt,R,0.00,0.00,0.00,YYY,33.4009
D6545,Dental retainr cast metl,R,0.00,0.00,0.00,YYY,33.4009
D6548,Porcelain/ceramic retainer,R,0.00,0.00,0.00,YYY,33.4009
D6549,Resin retainer,R,0.00,0.00,0.00,YYY,33.4009
D6600,Porcelain/ceramic inlay 2srf,R,0.00,0.00,0.00,YYY,33.4009
D6601,Porc/ceram inlay >= 3 surfac,R,0.00,0.00,0.00,YYY,33.4009
D6602,Cst hgh nble mtl inlay 2 srf,R,0.00,0.00,0.00,YYY,33.4009
D6603,Cst hgh nble mtl inlay >=3sr,R,0.00,0.00,0.00,YYY,33.4009
D6604,Cst bse mtl inlay 2 surfaces,R,0.00,0.00,0.00,YYY,33.4009
D6605,Cst bse mtl inlay >= 3 surfa,R,0.00,0.00,0.00,YYY,33.4009
D6606,Cast noble metal inlay 2 sur,R,0.00,0.00,0.00,YYY,33.4009
D6607,Cst noble mtl inlay >=3 surf,R,0.00,0.00,0.00,YYY,33.4009
D6608,Onlay porc/crmc 2 surfaces,R,0.00,0.00,0.00,YYY,33.4009
D6609,Onlay porc/crmc >=3 surfaces,R,0.00,0.00,0.00,YYY,33.4009
D6610,Onlay cst hgh nbl mtl 2 srfc,R,0.00,0.00,0.00,YYY,33.4009
D6611,Onlay cst hgh nbl mtl >=3srf,R,0.00,0.00,0.00,YYY,33.4009
D6612,Onlay cst base mtl 2 surface,R,0.00,0.00,0.00,YYY,33.4009
D6613,Onlay cst base mtl >=3 surfa,R,0.00,0.00,0.00,YYY,33.4009
D6614,Onlay cst nbl mtl 2 surfaces,R,0.00,0.00,0.00,YYY,33.4009
D6615,Onlay cst nbl mtl >=3 surfac,R,0.00,0.00,0.00,YYY,33.4009
D6624,Inlay titanium,R,0.00,0.00,0.00,YYY,33.4009
D6634,Onlay titanium,R,0.00,0.00,0.00,YYY,33.4009
D6710,Crown-indirect resin based,R,0.00,0.00,0.00,YYY,33.4009
D6720,Retain crown resin w hi nble,R,0.00,0.00,0.00,YYY,33.4009
D6721,Crown resin w/base metal,R,0.00,0.00,0.00,YYY,33.4009
D6722,Crown resin w/noble metal,R,0.00,0.00,0.00,YYY,33.4009
D6740,Crown porcelain/ceramic,R,0.00,0.00,0.00,YYY,33.4009
D6750,Crown porcelain high noble,R,0.00,0.00,0.00,YYY,33.4009
D6751,Crown porcelain base metal,R,0.00,0.00,0.00,YYY,33.4009
D6752,Crown porcelain noble metal,R,0.00,0.00,0.00,YYY,33.4009
D6753,Retain crown porc to titaniu,R,0.00,0.00,0.00,YYY,33.4009
D6780,Crown 3/4 high noble metal,R,0.00,0.00,0.00,YYY,33.4009
D6781,Crown 3/4 cast based metal,R,0.00,0.00,0.00,YYY,33.4009
D6782,Crown 3/4 cast noble metal,R,0.00,0.00,0.00,YYY,33.4009
D6783,Crown 3/4 porcelain/ceramic,R,0.00,0.00,0.00,YYY,33.4009
D6784,Retainer crown 3/4 titanium,R,0.00,0.00,0.00,YYY,33.4009
D6790,Crown full high noble metal,R,0.00,0.00,0.00,YYY,33.4009
D6791,Crown full base metal cast,R,0.00,0.00,0.00,YYY,33.4009
D6792,Crown full noble metal cast,R,0.00,0.00,0.00,YYY,33.4009
D6793,Interim retainer crown,R,0.00,0.00,0.00,YYY,33.4009
D6794,Crown titanium,R,0.00,0.00,0.00,YYY,33.4009
D6920,Dental connector bar,R,0.00,0.00,0.00,YYY,33.4009
D6930,Recement/bond part denture,R,0.00,0.00,0.00,YYY,33.4009
D6940,Stress breaker,R,0.00,0.00,0.00,YYY,33.4009
D6950,Precision attachment,R,0.00,0.00,0.00,YYY,33.4009
D6980,Fixed partial repair,R,0.00,0.00,0.00,YYY,33.4009
D6985,Pediatric partial denture fx,R,0.00,0.00,0.00,YYY,33.4009
D6999,Fixed prosthodontic proc,R,0.00,0.00,0.00,YYY,33.4009
D7111,Extraction coronal remnants,R,0.00,0.00,0.00,YYY,33.4009
D7140,Extraction erupted tooth/exr,R,0.00,0.00,0.00,YYY,33.4009
D7210,Rem imp tooth w mucoper flp,R,0.00,0.00,0.00,YYY,33.4009
D7220,Impact tooth remov soft tiss,R,0.00,0.00,0.00,YYY,33.4009
D7230,Impact tooth remov part bony,R,0.00,0.00,0.00,YYY,33.4009
D7240,Impact tooth remov comp bony,R,0.00,0.00,0.00,YYY,33.4009
D7241,Impact tooth rem bony w/comp,R,0.00,0.00,0.00,YYY,33.4009
D7250,Tooth root removal,R,0.00,0.00,0.00,YYY,33.4009
D7251,Coronectomy,R,0.00,0.00,0.00,YYY,33.4009
D7252,Part extract for implant,R,0.00,0.00,0.00,YYY,33.4009
D7259,Nerve dissection,R,0.00,0.00,0.00,YYY,33.4009
D7260,Oral antral fistula closure,R,0.00,0.00,0.00,YYY,33.4009
D7261,Primary closure sinus perf,R,0.00,0.00,0.00,YYY,33.4009
D7270,Tooth reimplantation,R,0.00,0.00,0.00,YYY,33.4009
D7272,Tooth transplantation,R,0.00,0.00,0.00,YYY,33.4009
D7280,Exposure of unerupted tooth,R,0.00,0.00,0.00,YYY,33.4009
D7282,Mobilize erupted/malpos toot,R,0.00,0.00,0.00,YYY,33.4009
D7283,Place device impacted tooth,R,0.00,0.00,0.00,YYY,33.4009
D7284,Exc biopsy of saliv glands,R,0.00,0.00,0.00,YYY,33.4009
D7285,Biopsy of oral tissue hard,R,0.00,0.00,0.00,XXX,33.4009
D7286,Biopsy of oral tissue soft,R,0.00,0.00,0.00,XXX,33.4009
D7287,Exfoliative cytolog collect,R,0.00,0.00,0.00,XXX,33.4009
D7288,Brush biopsy,R,0.00,0.00,0.00,XXX,33.4009
D7290,Repositioning of teeth,R,0.00,0.00,0.00,YYY,33.4009
D7291,Transseptal fiberotomy,R,0.00,0.00,0.00,YYY,33.4009
D7292,Screw retained plate,R,0.00,0.00,0.00,YYY,33.4009
D7293,Temp anchorage dev w flap,R,0.00,0.00,0.00,YYY,33.4009
D7294,Temp anchorage dev w/o flap,R,0.00,0.00,0.00,YYY,33.4009
D7295,"Bone harvest,auto graft proc",R,0.00,0.00,0.00,YYY,33.4009
D7296,"Corticotomy, 1-3 teeth",R,0.00,0.00,0.00,YYY,33.4009
D7297,"Corticotomy, 4 or more teeth",R,0.00,0.00,0.00,YYY,33.4009
D7298,Remove screw retained plate,R,0.00,0.00,0.00,YYY,33.4009
D7299,Rem anchorage device w/flap,R,0.00,0.00,0.00,YYY,33.4009
D7300,Rem anchorage dev w/o flap,R,0.00,0.00,0.00,YYY,33.4009
D7310,Alveoplasty w/ extraction,R,0.00,0.00,0.00,YYY,33.4009
D7311,Alveoloplasty w/extract 1-3,R,0.00,0.00,0.00,YYY,33.4009
D7320,Alveoplasty w/o extraction,R,0.00,0.00,0.00,YYY,33.4009
D7321,Alveoloplasty not w/extracts,R,0.00,0.00,0.00,YYY,33.4009
D7340,Vestibuloplasty ridge extens,R,0.00,0.00,0.00,YYY,33.4009
D7350,Vestibuloplasty exten graft,R,0.00,0.00,0.00,YYY,33.4009
D7410,Rad exc lesion up to 1.25 cm,R,0.00,0.00,0.00,YYY,33.4009
D7411,Excision benign lesion>1.25c,R,0.00,0.00,0.00,YYY,33.4009
D7412,Excision benign lesion compl,R,0.00,0.00,0.00,YYY,33.4009
D7413,Excision malig lesion<=1.25c,R,0.00,0.00,0.00,YYY,33.4009
D7414,Excision malig lesion>1.25cm,R,0.00,0.00,0.00,YYY,33.4009
D7415,Excision malig les complicat,R,0.00,0.00,0.00,YYY,33.4009
D7440,Malig tumor exc to 1.25 cm,R,0.00,0.00,0.00,YYY,33.4009
D7441,Malig tumor > 1.25 cm,R,0.00,0.00,0.00,YYY,33.4009
D7450,Rem odontogen cyst to 1.25cm,R,0.00,0.00,0.00,YYY,33.4009
D7451,Rem odontogen cyst > 1.25 cm,R,0.00,0.00,0.00,YYY,33.4009
D7460,Rem nonodonto cyst to 1.25cm,R,0.00,0.00,0.00,YYY,33.4009
D7461,Rem nonodonto cyst > 1.25 cm,R,0.00,0.00,0.00,YYY,33.4009
D7465,Lesion destruction,R,0.00,0.00,0.00,YYY,33.4009
D7471,Rem exostosis any site,R,0.00,0.00,0.00,YYY,33.4009
D7472,Removal of torus palatinus,R,0.00,0.00,0.00,YYY,33.4009
D7473,Remove torus mandibularis,R,0.00,0.00,0.00,YYY,33.4009
D7485,Surg reduct osseoustuberosit,R,0.00,0.00,0.00,YYY,33.4009
D7490,Maxilla or mandible resectio,R,0.00,0.00,0.00,YYY,33.4009
D7509,Marsupialization odon cyst,R,0.00,0.00,0.00,YYY,33.4009
D7510,I&d absc intraoral soft tiss,R,0.00,0.00,0.00,YYY,33.4009
D7511,Incision/drain abscess intra,R,0.00,0.00,0.00,YYY,33.4009
D7520,I&d abscess extraoral,R,0.00,0.00,0.00,YYY,33.4009
D7521,Incision/drain abscess extra,R,0.00,0.00,0.00,YYY,33.4009
D7530,Removal fb skin/areolar tiss,R,0.00,0.00,0.00,YYY,33.4009
D7540,Removal of fb reaction,R,0.00,0.00,0.00,YYY,33.4009
D7550,Removal of sloughed off bone,R,0.00,0.00,0.00,YYY,33.4009
D7560,Maxillary sinusotomy,R,0.00,0.00,0.00,YYY,33.4009
D7610,Maxilla open reduct simple,R,0.00,0.00,0.00,YYY,33.4009
D7620,Clsd reduct simpl maxilla fx,R,0.00,0.00,0.00,YYY,33.4009
D7630,Open red simpl mandible fx,R,0.00,0.00,0.00,YYY,33.4009
D7640,Clsd red simpl mandible fx,R,0.00,0.00,0.00,YYY,33.4009
D7650,Open red simp malar/zygom fx,R,0.00,0.00,0.00,YYY,33.4009
D7660,Clsd red simp malar/zygom fx,R,0.00,0.00,0.00,YYY,33.4009
D7670,Closd rductn splint alveolus,R,0.00,0.00,0.00,YYY,33.4009
D7671,Alveolus open reduction,R,0.00,0.00,0.00,YYY,33.4009
D7680,Reduct simple facial bone fx,R,0.00,0.00,0.00,YYY,33.4009
D7710,Maxilla open reduct compound,R,0.00,0.00,0.00,YYY,33.4009
D7720,Clsd reduct compd maxilla fx,R,0.00,0.00,0.00,YYY,33.4009
D7730,Open reduct compd mandble fx,R,0.00,0.00,0.00,YYY,33.4009
D7740,Clsd reduct compd mandble fx,R,0.00,0.00,0.00,YYY,33.4009
D7750,Open red comp malar/zygma fx,R,0.00,0.00,0.00,YYY,33.4009
D7760,Clsd red comp malar/zygma fx,R,0.00,0.00,0.00,YYY,33.4009
D7770,Open reduc compd alveolus fx,R,0.00,0.00,0.00,YYY,33.4009
D7771,Alveolus clsd reduc stblz te,R,0.00,0.00,0.00,YYY,33.4009
D7780,Reduct compnd facial bone fx,R,0.00,0.00,0.00,YYY,33.4009
D7810,Tmj open reduct-dislocation,R,0.00,0.00,0.00,YYY,33.4009
D7820,Closed tmp manipulation,R,0.00,0.00,0.00,YYY,33.4009
D7830,Tmj manipulation under anest,R,0.00,0.00,0.00,YYY,33.4009
D7840,Removal of tmj condyle,R,0.00,0.00,0.00,YYY,33.4009
D7850,Tmj meniscectomy,R,0.00,0.00,0.00,YYY,33.4009
D7852,Tmj repair of joint disc,R,0.00,0.00,0.00,YYY,33.4009
D7854,Tmj excisn of joint membrane,R,0.00,0.00,0.00,YYY,33.4009
D7856,Tmj cutting of a muscle,R,0.00,0.00,0.00,YYY,33.4009
D7858,Tmj reconstruction,R,0.00,0.00,0.00,YYY,33.4009
D7860,Tmj cutting into joint,R,0.00,0.00,0.00,YYY,33.4009
D7865,Tmj reshaping components,R,0.00,0.00,0.00,YYY,33.4009
D7870,Tmj aspiration joint fluid,R,0.00,0.00,0.00,YYY,33.4009
D7871,Lysis + lavage w catheters,R,0.00,0.00,0.00,YYY,33.4009
D7872,Tmj diagnostic arthroscopy,R,0.00,0.00,0.00,YYY,33.4009
D7873,Tmj arthroscopy lysis adhesn,R,0.00,0.00,0.00,YYY,33.4009
D7874,Tmj arthroscopy disc reposit,R,0.00,0.00,0.00,YYY,33.4009
D7875,Tmj arthroscopy synovectomy,R,0.00,0.00,0.00,YYY,33.4009
D7876,Tmj arthroscopy discectomy,R,0.00,0.00,0.00,YYY,33.4009
D7877,Tmj arthroscopy debridement,R,0.00,0.00,0.00,YYY,33.4009
D7880,Occlusal orthotic appliance,R,0.00,0.00,0.00,YYY,33.4009
D7881,Occ orthotic device adjust,R,0.00,0.00,0.00,YYY,33.4009
D7899,Tmj unspecified therapy,R,0.00,0.00,0.00,YYY,33.4009
D7910,Dent sutur recent wnd to 5cm,R,0.00,0.00,0.00,YYY,33.4009
D7911,Dental suture wound to 5 cm,R,0.00,0.00,0.00,YYY,33.4009
D7912,Suture complicate wnd > 5 cm,R,0.00,0.00,0.00,YYY,33.4009
D7920,Dental skin graft,R,0.00,0.00,0.00,YYY,33.4009
D7921,Collect & appl blood product,R,0.00,0.00,0.00,YYY,33.4009
D7922,Place intra-socket bio dress,R,0.00,0.00,0.00,YYY,33.4009
D7939,Indexing for osteotomy,R,0.00,0.00,0.00,YYY,33.4009
D7940,Reshaping bone orthognathic,R,0.00,0.00,0.00,YYY,33.4009
D7941,Bone cutting ramus closed,R,0.00,0.00,0.00,YYY,33.4009
D7943,Cutting ramus open w/graft,R,0.00,0.00,0.00,YYY,33.4009
D7944,Bone cutting segmented,R,0.00,0.00,0.00,YYY,33.4009
D7945,Bone cutting body mandible,R,0.00,0.00,0.00,YYY,33.4009
D7946,Reconstruction maxilla total,R,0.00,0.00,0.00,YYY,33.4009
D7947,Reconstruct maxilla segment,R,0.00,0.00,0.00,YYY,33.4009
D7948,Reconstruct midface no graft,R,0.00,0.00,0.00,YYY,33.4009
D7949,Reconstruct midface w/graft,R,0.00,0.00,0.00,YYY,33.4009
D7950,Mandible graft,R,0.00,0.00,0.00,YYY,33.4009
D7951,Sinus aug w bone or bone sub,R,0.00,0.00,0.00,YYY,33.4009
D7952,Sinus augmentation vertical,R,0.00,0.00,0.00,YYY,33.4009
D7953,Bone replacement graft,R,0.00,0.00,0.00,YYY,33.4009
D7955,Repair maxillofacial defects,R,0.00,0.00,0.00,YYY,33.4009
D7956,Tiss regen edent resorb,R,0.00,0.00,0.00,YYY,33.4009
D7957,Tiss regen edent nonresorb,R,0.00,0.00,0.00,YYY,33.4009
D7961,Buccal/labial frenectomy,R,0.00,0.00,0.00,YYY,33.4009
D7962,Lingual frenectomy,R,0.00,0.00,0.00,YYY,33.4009
D7963,Frenuloplasty,R,0.00,0.00,0.00,YYY,33.4009
D7970,Excision hyperplastic tissue,R,0.00,0.00,0.00,YYY,33.4009
D7971,Excision pericoronal gingiva,R,0.00,0.00,0.00,YYY,33.4009
D7972,Surg redct fibrous tuberosit,R,0.00,0.00,0.00,YYY,33.4009
D7979,Non-surgical sialolithotomy,R,0.00,0.00,0.00,YYY,33.4009
D7980,Surgical sialolithotomy,R,0.00,0.00,0.00,YYY,33.4009
D7981,Excision of salivary gland,R,0.00,0.00,0.00,YYY,33.4009
D7982,Sialodochoplasty,R,0.00,0.00,0.00,YYY,33.4009
D7983,Closure of salivary fistula,R,0.00,0.00,0.00,YYY,33.4009
D7990,Emergency tracheotomy,R,0.00,0.00,0.00,YYY,33.4009
D7991,Dental coronoidectomy,R,0.00,0.00,0.00,YYY,33.4009
D7993,Surg place craniofacial impl,R,0.00,0.00,0.00,YYY,33.4009
D7994,Surg place zygomatic impl,R,0.00,0.00,0.00,YYY,33.4009
D7995,Synthetic graft facial bones,R,0.00,0.00,0.00,YYY,33.4009
D7996,Implant mandible for augment,R,0.00,0.00,0.00,YYY,33.4009
D7997,Appliance removal,R,0.00,0.00,0.00,YYY,33.4009
D7998,Intraoral place of fix dev,R,0.00,0.00,0.00,YYY,33.4009
D7999,Oral surgery procedure,R,0.00,0.00,0.00,YYY,33.4009
D8010,Limited dental tx primary,R,0.00,0.00,0.00,YYY,33.4009
D8020,Limited dental tx transition,R,0.00,0.00,0.00,YYY,33.4009
D8030,Limited dental tx adolescent,R,0.00,0.00,0.00,YYY,33.4009
D8040,Limited dental tx adult,R,0.00,0.00,0.00,YYY,33.4009
D8070,Compre dental tx transition,R,0.00,0.00,0.00,YYY,33.4009
D8080,Compre dental tx adolescent,R,0.00,0.00,0.00,YYY,33.4009
D8090,Compre dental tx adult,R,0.00,0.00,0.00,YYY,33.4009
D8091,Compre ortho treat w surg,R,0.00,0.00,0.00,YYY,33.4009
D8210,Orthodontic rem appliance tx,R,0.00,0.00,0.00,YYY,33.4009
D8220,Fixed appliance therapy habt,R,0.00,0.00,0.00,YYY,33.4009
D8660,Preorthodontic tx visit,R,0.00,0.00,0.00,YYY,33.4009
D8670,Periodic orthodontc tx visit,R,0.00,0.00,0.00,YYY,33.4009
D8671,Periodic orth treat w surg,R,0.00,0.00,0.00,YYY,33.4009
D8680,Orthodontic retention,R,0.00,0.00,0.00,YYY,33.4009
D8681,Removable retainer adjust,R,0.00,0.00,0.00,YYY,33.4009
D8695,Remove fixed ortho appliance,R,0.00,0.00,0.00,YYY,33.4009
D8696,Rep of ortho appliance max,R,0.00,0.00,0.00,YYY,33.4009
D8697,Rep of ortho appliance man,R,0.00,0.00,0.00,YYY,33.4009
D8698,Recement fixed retainer max,R,0.00,0.00,0.00,YYY,33.4009
D8699,Recement fixed retainer man,R,0.00,0.00,0.00,YYY,33.4009
D8701,Repair fixed retainer max,R,0.00,0.00,0.00,YYY,33.4009
D8702,Repair of fixed retainer man,R,0.00,0.00,0.00,YYY,33.4009
D8703,Replace broken retainer max,R,0.00,0.00,0.00,YYY,33.4009
D8704,Replace broken retainer man,R,0.00,0.00,0.00,YYY,33.4009
D8999,Orthodontic procedure,R,0.00,0.00,0.00,YYY,33.4009
D9110,Palliative tx dental pain,R,0.00,0.00,0.00,YYY,33.4009
D9120,Fix partial denture section,R,0.00,0.00,0.00,YYY,33.4009
D9128,Photobio therpy-first 15 min,I,0.00,0.00,0.00,XXX,33.4009
D9129,Photobio therpy-sub 15 mins,I,0.00,0.00,0.00,XXX,33.4009
D9130,Temporomandibular joint dysf,R,0.00,0.00,0.00,XXX,33.4009
D9210,Dent anesthesia w/o surgery,R,0.00,0.00,0.00,XXX,33.4009
D9211,Regional block anesthesia,R,0.00,0.00,0.00,XXX,33.4009
D9212,Trigeminal block anesthesia,R,0.00,0.00,0.00,XXX,33.4009
D9215,Local anesthesia,R,0.00,0.00,0.00,XXX,33.4009
D9219,Eval mod/deep sed/gen anest,R,0.00,0.00,0.00,XXX,33.4009
D9222,"Deep anest, 1st 15 min",R,0.00,0.00,0.00,XXX,33.4009
D9223,General anesth ea addl 15 mi,R,0.00,0.00,0.00,XXX,33.4009
D9224,Gen anes adv air-15 min,R,0.00,0.00,0.00,YYY,33.4009
D9225,Gen anes adv air-sub 15 min,R,0.00,0.00,0.00,YYY,33.4009
D9230,Analgesia,R,0.00,0.00,0.00,XXX,33.4009
D9239,"Iv mod sedation, 1st 15 min",R,0.00,0.00,0.00,XXX,33.4009
D9243,Iv sedation ea addl 15m,R,0.00,0.00,0.00,XXX,33.4009
D9244,Office min sed drug enteral,R,0.00,0.00,0.00,YYY,33.4009
D9245,Admin mod sedation-enteral,R,0.00,0.00,0.00,YYY,33.4009
D9246,Mod sedation noniv-15 min,R,0.00,0.00,0.00,YYY,33.4009
D9247,Mod sedation noniv-sub15min,R,0.00,0.00,0.00,YYY,33.4009
D9310,Dental consultation,R,0.00,0.00,0.00,XXX,33.4009
D9311,Consult w/med hlth care prof,R,0.00,0.00,0.00,XXX,33.4009
D9410,Dental house call,R,0.00,0.00,0.00,XXX,33.4009
D9420,Hospital/asc call,R,0.00,0.00,0.00,XXX,33.4009
D9430,Office visit during hours,R,0.00,0.00,0.00,XXX,33.4009
D9440,Office visit after hours,R,0.00,0.00,0.00,XXX,33.4009
D9450,Case presentation tx plan,R,0.00,0.00,0.00,XXX,33.4009
D9610,Dent therapeutic drug inject,R,0.00,0.00,0.00,YYY,33.4009
D9612,Thera par drugs 2 or > admin,R,0.00,0.00,0.00,YYY,33.4009
D9613,Infiltration thera drug,R,0.00,0.00,0.00,YYY,33.4009
D9630,Drugs/meds disp for home use,R,0.00,0.00,0.00,YYY,33.4009
D9910,Dent appl desensitizing med,R,0.00,0.00,0.00,YYY,33.4009
D9911,Appl desensitizing resin,R,0.00,0.00,0.00,YYY,33.4009
D9912,Pre-visit patient screening,R,0.00,0.00,0.00,XXX,33.4009
D9913,Admin of neuromod,R,0.00,0.00,0.00,YYY,33.4009
D9914,Admin of dermal fill,R,0.00,0.00,0.00,YYY,33.4009
D9920,Behavior management,R,0.00,0.00,0.00,XXX,33.4009
D9930,Treatment of complications,R,0.00,0.00,0.00,XXX,33.4009
D9932,Clean & inspect rem dent max,R,0.00,0.00,0.00,YYY,33.4009
D9933,Clean & inspect rem dent man,R,0.00,0.00,0.00,YYY,33.4009
D9934,Clean rem part denture max,R,0.00,0.00,0.00,YYY,33.4009
D9935,Clean rem part denture mand,R,0.00,0.00,0.00,YYY,33.4009
D9936,Clean occ guard,I,0.00,0.00,0.00,XXX,33.4009
D9938,Fab removable appliance,R,0.00,0.00,0.00,YYY,33.4009
D9939,Placemnt removable appliance,R,0.00,0.00,0.00,YYY,33.4009
D9941,Fabrication athletic guard,R,0.00,0.00,0.00,YYY,33.4009
D9942,Repair/reline occlusal guard,R,0.00,0.00,0.00,YYY,33.4009
D9943,Occlusal guard adjustment,R,0.00,0.00,0.00,YYY,33.4009
D9944,"Occ guard, hard, full arch",R,0.00,0.00,0.00,YYY,33.4009
D9945,"Occ guard, soft, full arch",R,0.00,0.00,0.00,YYY,33.4009
D9946,"Occ guard, hard, part arch",R,0.00,0.00,0.00,YYY,33.4009
D9947,Sleep apnea appliance,N,0.00,0.00,0.00,XXX,33.4009
D9948,Adjust sleep apnea appliance,N,0.00,0.00,0.00,YYY,33.4009
D9949,Repair sleep apnea appliance,N,0.00,0.00,0.00,YYY,33.4009
D9950,Occlusion analysis,R,0.00,0.00,0.00,XXX,33.4009
D9951,Limited occlusal adjustment,R,0.00,0.00,0.00,XXX,33.4009
D9952,Complete occlusal adjustment,R,0.00,0.00,0.00,XXX,33.4009
D9953,Reline sleep apnea appliance,N,0.00,0.00,0.00,XXX,33.4009
D9954,Fab/del oral appliance thxpy,N,0.00,0.00,0.00,XXX,33.4009
D9955,Oral app thxpy titration vis,R,0.00,0.00,0.00,YYY,33.4009
D9956,Admin home sleep apnea test,R,0.00,0.00,0.00,YYY,33.4009
D9957,Screening sleep disorders,R,0.00,0.00,0.00,YYY,33.4009
D9959,Unspec sleep ap proc,R,0.00,0.00,0.00,YYY,33.4009
D9961,Dup/copy patient's records,R,0.00,0.00,0.00,XXX,33.4009
D9970,Enamel microabrasion,R,0.00,0.00,0.00,YYY,33.4009
D9971,Odontoplasty per tooth,R,0.00,0.00,0.00,YYY,33.4009
D9972,Extrnl bleaching per arch,R,0.00,0.00,0.00,YYY,33.4009
D9973,Extrnl bleaching per tooth,R,0.00,0.00,0.00,YYY,33.4009
D9974,Intrnl bleaching per tooth,R,0.00,0.00,0.00,YYY,33.4009
D9975,External bleaching home app,R,0.00,0.00,0.00,YYY,33.4009
D9985,Sales tax,I,0.00,0.00,0.00,XXX,33.4009
D9986,Missed appointment,I,0.00,0.00,0.00,XXX,33.4009
D9987,Cancelled appointment,I,0.00,0.00,0.00,XXX,33.4009
D9990,Trans or sign language svcs,R,0.00,0.00,0.00,XXX,33.4009
D9991,"Case mgmt, appt barriers",R,0.00,0.00,0.00,XXX,33.4009
D9992,"Case mgmt, care coordination",R,0.00,0.00,0.00,XXX,33.4009
D9993,"Case mgmt, interviewing",R,0.00,0.00,0.00,XXX,33.4009
D9994,"Case mgmt, pt education",R,0.00,0.00,0.00,XXX,33.4009
D9995,Teledentistry real-time,R,0.00,0.00,0.00,XXX,33.4009
D9996,Teledentistry dent review,R,0.00,0.00,0.00,XXX,33.4009
D9997,Dent case mgmt special needs,R,0.00,0.00,0.00,XXX,33.4009
D9999,Adjunctive procedure,R,0.00,0.00,0.00,XXX,33.4009
G0008,Admin influenza virus vac,X,0.00,0.00,0.00,XXX,33.4009
G0009,Admin pneumococcal vaccine,X,0.00,0.00,0.00,XXX,33.4009
G0010,Admin hepatitis b vaccine,X,0.00,0.00,0.00,XXX,33.4009
G0011,"Hiv prep counsel, md 15-30m",A,0.45,0.16,0.04,XXX,33.4009
G0012,Injection of hiv prep drug,A,0.17,0.28,0.01,XXX,33.4009
G0013,"Hiv prep counsel, clin staff",A,0.18,0.04,0.01,XXX,33.4009
G0017,Crisis psychotherapy 60m,A,4.70,0.40,0.05,XXX,33.4009
G0018,Crisis psychotherapy add 30m,A,2.25,0.21,0.03,ZZZ,33.4009
G0019,Comm hlth intg svs sdoh 60mn,A,1.00,0.25,0.07,XXX,33.4009
G0022,Comm hlth intg svs add 30 m,A,0.70,0.17,0.05,ZZZ,33.4009
G0023,Pin service 60m per month,A,1.00,0.26,0.07,XXX,33.4009
G0024,Pin srv add 30 min pr m,A,0.70,0.18,0.05,ZZZ,33.4009
G0027,Semen analysis,X,0.00,0.00,0.00,XXX,33.4009
G0029,No tob scr/cess int,M,0.00,0.00,0.00,XXX,33.4009
G0030,Pt scr tob & cess int,M,0.00,0.00,0.00,XXX,33.4009
G0031,Pall serv during meas,M,0.00,0.00,0.00,XXX,33.4009
G0032,2+ antipsy schiz,M,0.00,0.00,0.00,XXX,33.4009
G0033,2+ benzo seiz,M,0.00,0.00,0.00,XXX,33.4009
G0034,Pall serv during meas,M,0.00,0.00,0.00,XXX,33.4009
G0035,Pt ed pos 23,M,0.00,0.00,0.00,XXX,33.4009
G0036,Pt/ptn decln assess,M,0.00,0.00,0.00,XXX,33.4009
G0037,Pt not able to participate,M,0.00,0.00,0.00,XXX,33.4009
G0038,Clin pt no ref,M,0.00,0.00,0.00,XXX,33.4009
G0039,"Pt no ref, rn spec",M,0.00,0.00,0.00,XXX,33.4009
G0040,Pt phys/occ therapy,M,0.00,0.00,0.00,XXX,33.4009
G0041,Pt/ptn decln referral,M,0.00,0.00,0.00,XXX,33.4009
G0042,Ref to therapy,M,0.00,0.00,0.00,XXX,33.4009
G0043,Pt mech pros ht valv,M,0.00,0.00,0.00,XXX,33.4009
G0044,Pt mitral stenosis,M,0.00,0.00,0.00,XXX,33.4009
G0045,Mrs 90 days post stk,M,0.00,0.00,0.00,XXX,33.4009
G0046,No mrs 90 days post stk,M,0.00,0.00,0.00,XXX,33.4009
G0047,Ped blunt hd traum,M,0.00,0.00,0.00,XXX,33.4009
G0048,Pall serv during meas,M,0.00,0.00,0.00,XXX,33.4009
G0049,Main hemo in-cntr,M,0.00,0.00,0.00,XXX,33.4009
G0050,Pt w/ lmted life expec,M,0.00,0.00,0.00,XXX,33.4009
G0051,Pt hospice mnth,M,0.00,0.00,0.00,XXX,33.4009
G0052,Pt peri dialysis dur mo,M,0.00,0.00,0.00,XXX,33.4009
G0053,Adv rheum pt care mvp,M,0.00,0.00,0.00,XXX,33.4009
G0054,Strk cr prev pos outcme mvp,M,0.00,0.00,0.00,XXX,33.4009
G0055,Adv care heart dx mvp,M,0.00,0.00,0.00,XXX,33.4009
G0057,Best pct pt safety em mvp,M,0.00,0.00,0.00,XXX,33.4009
G0058,Imprv care le jnt repr mvp,M,0.00,0.00,0.00,XXX,33.4009
G0059,Pt sfty pos exp w aneth mvp,M,0.00,0.00,0.00,XXX,33.4009
G0060,Allergy/immunology ss,M,0.00,0.00,0.00,XXX,33.4009
G0061,Anesthesiology ss,M,0.00,0.00,0.00,XXX,33.4009
G0062,Audiology ss,M,0.00,0.00,0.00,XXX,33.4009
G0063,Cardiology ss,M,0.00,0.00,0.00,XXX,33.4009
G0064,Cert nurse midwife ss,M,0.00,0.00,0.00,XXX,33.4009
G0065,Chiropractic ss,M,0.00,0.00,0.00,XXX,33.4009
G0066,Clinical social work ss,M,0.00,0.00,0.00,XXX,33.4009
G0067,Dentistry ss,M,0.00,0.00,0.00,XXX,33.4009
G0068,Adm iv infusion drug in home,X,0.00,0.00,0.00,XXX,33.4009
G0069,Adm sq infusion drug in home,X,0.00,0.00,0.00,XXX,33.4009
G0070,Adm of chemo drug in home,X,0.00,0.00,0.00,XXX,33.4009
G0076,Care manag h vst new pt 20 m,A,1.01,0.43,0.04,XXX,33.4009
G0077,Care manag h vst new pt 30 m,A,1.52,0.64,0.07,XXX,33.4009
G0078,Care manag h vst new pt 45 m,A,2.53,0.95,0.12,XXX,33.4009
G0079,Care manag h vst new pt 60 m,A,3.38,1.36,0.16,XXX,33.4009
G0080,Care manag h vst new pt 75 m,A,4.09,2.16,0.25,XXX,33.4009
G0081,Care man h v ext pt 20 mi,A,1.00,0.44,0.04,XXX,33.4009
G0082,Care man h v ext pt 30 m,A,1.56,0.79,0.07,XXX,33.4009
G0083,Care man h v ext pt 45 m,A,2.33,1.36,0.16,XXX,33.4009
G0084,Care man h v ext pt 60 m,A,3.28,1.94,0.24,XXX,33.4009
G0085,Care man h v ext pt 75 m,A,4.09,2.16,0.25,XXX,33.4009
G0086,Care man home care plan 30 m,A,1.25,0.86,0.10,XXX,33.4009
G0087,Care man home care plan 60 m,A,1.80,1.15,0.14,XXX,33.4009
G0088,Adm iv drug 1st home visit,X,0.00,0.00,0.00,XXX,33.4009
G0089,Adm subq drug 1st home visit,X,0.00,0.00,0.00,XXX,33.4009
G0090,Adm iv chemo 1st home visit,X,0.00,0.00,0.00,XXX,33.4009
G0101,Ca screen;pelvic/breast exam,A,0.44,0.23,0.07,XXX,33.4009
G0102,Prostate ca screening; dre,A,0.18,0.04,0.01,XXX,33.4009
G0103,Psa screening,X,0.00,0.00,0.00,XXX,33.4009
G0104,Ca screen;flexi sigmoidscope,A,0.82,0.67,0.11,000,33.4009
G0105,Colorectal scrn; hi risk ind,A,1.59,0.67,0.20,000,33.4009
G0108,Diab manage trn  per indiv,A,0.90,0.73,0.04,XXX,33.4009
G0109,Diab manage trn ind/group,A,0.25,0.22,0.01,XXX,33.4009
G0117,Glaucoma scrn hgh risk direc,T,0.44,1.47,0.02,XXX,33.4009
G0118,Glaucoma scrn hgh risk direc,T,0.17,1.03,0.01,XXX,33.4009
G0121,Colon ca scrn not hi rsk ind,A,1.59,0.67,0.21,000,33.4009
G0123,Screen cerv/vag thin layer,X,0.00,0.00,0.00,XXX,33.4009
G0124,Screen c/v thin layer by md,A,0.25,0.46,0.01,XXX,33.4009
G0127,Trim nail(s),R,0.17,0.02,0.01,000,33.4009
G0128,Corf skilled nursing service,R,0.00,0.32,0.01,XXX,33.4009
G0129,Php/iop ot service,X,0.00,0.00,0.00,XXX,33.4009
G0130,Single energy x-ray study,A,0.00,0.85,0.01,XXX,33.4009
G0136,Adm of pa/n assess 5-15 m,A,0.18,0.05,0.01,XXX,33.4009
G0137,"Inten outpt svs,min 9 pr 7 d",X,0.00,0.00,0.00,ZZZ,33.4009
G0138,Iv cipaglucosidase alfa-atga,A,0.21,5.62,0.05,XXX,33.4009
G0140,Nav srv peer sup 60 min pr m,A,1.00,0.26,0.07,XXX,33.4009
G0141,"Scr c/v cyto,autosys and md",A,0.25,0.46,0.01,XXX,33.4009
G0143,"Scr c/v cyto,thinlayer,rescr",X,0.00,0.00,0.00,XXX,33.4009
G0144,"Scr c/v cyto,thinlayer,rescr",X,0.00,0.00,0.00,XXX,33.4009
G0145,"Scr c/v cyto,thinlayer,rescr",X,0.00,0.00,0.00,XXX,33.4009
G0146,Nav srv peer sup add 30 pr m,A,0.70,0.17,0.04,ZZZ,33.4009
G0147,"Scr c/v cyto, automated sys",X,0.00,0.00,0.00,XXX,33.4009
G0148,"Scr c/v cyto, autosys, rescr",X,0.00,0.00,0.00,XXX,33.4009
G0151,"Hhcp-serv of pt,ea 15 min",X,0.00,0.00,0.00,XXX,33.4009
G0152,"Hhcp-serv of ot,ea 15 min",X,0.00,0.00,0.00,XXX,33.4009
G0153,"Hhcp-svs of s/l path,ea 15mn",X,0.00,0.00,0.00,XXX,33.4009
G0155,"Hhcp-svs of csw,ea 15 min",X,0.00,0.00,0.00,XXX,33.4009
G0156,"Hhcp-svs of aide,ea 15 min",X,0.00,0.00,0.00,XXX,33.4009
G0157,Hhc pt assistant ea 15,E,0.00,0.00,0.00,XXX,33.4009
G0158,Hhc ot assistant ea 15,E,0.00,0.00,0.00,XXX,33.4009
G0159,Hhc pt maint ea 15 min,E,0.00,0.00,0.00,XXX,33.4009
G0160,Hhc occup therapy ea 15,E,0.00,0.00,0.00,XXX,33.4009
G0161,Hhc slp ea 15 min,E,0.00,0.00,0.00,XXX,33.4009
G0162,"Hhc rn e&m plan svs, 15 min",E,0.00,0.00,0.00,XXX,33.4009
G0166,"Extrnl counterpulse, per tx",A,0.00,3.04,0.04,XXX,33.4009
G0168,Wound closure by adhesive,A,0.30,0.05,0.07,000,33.4009
G0175,"Opps service,sched team conf",X,0.00,0.00,0.00,XXX,33.4009
G0176,Opps/php/iop; activity thrpy,X,0.00,0.00,0.00,XXX,33.4009
G0177,Opps/php/iop; train & educ,X,0.00,0.00,0.00,XXX,33.4009
G0179,Md recertification hha pt,A,0.44,0.86,0.03,XXX,33.4009
G0180,Md certification hha patient,A,0.65,1.00,0.05,XXX,33.4009
G0181,Home health care supervision,A,1.73,1.44,0.12,XXX,33.4009
G0182,Hospice care supervision,A,1.73,1.40,0.12,XXX,33.4009
G0183,Software meas of cardiac vol,C,0.00,0.00,0.00,XXX,33.4009
G0186,"Dstry eye lesn,fdr vssl tech",C,0.00,0.00,0.00,YYY,33.4009
G0219,Pet img wholbod melano nonco,N,0.00,0.00,0.00,XXX,33.4009
G0235,Pet not otherwise specified,N,0.00,0.00,0.00,XXX,33.4009
G0237,Therapeutic procd strg endur,A,0.00,0.37,0.01,XXX,33.4009
G0238,"Oth resp proc, indiv",A,0.00,0.33,0.01,XXX,33.4009
G0239,"Oth resp proc, group",A,0.00,0.42,0.01,XXX,33.4009
G0245,Initial foot exam pt lops,R,0.86,0.14,0.04,XXX,33.4009
G0246,Followup eval of foot pt lop,R,0.44,0.06,0.02,XXX,33.4009
G0247,Routine footcare pt w lops,R,0.49,0.06,0.02,ZZZ,33.4009
G0248,Demonstrate use home inr mon,R,0.00,3.11,0.05,XXX,33.4009
G0249,Provide inr test mater/equip,R,0.00,1.96,0.01,XXX,33.4009
G0250,Md inr test revie inter mgmt,R,0.18,0.08,0.01,XXX,33.4009
G0252,Pet imaging initial dx,N,0.00,0.00,0.00,XXX,33.4009
G0255,Current percep threshold tst,N,0.00,0.00,0.00,XXX,33.4009
G0257,Unsched dialysis esrd pt hos,E,0.00,0.00,0.00,XXX,33.4009
G0259,Inject for sacroiliac joint,E,0.00,0.00,0.00,XXX,33.4009
G0260,Inj for sacroiliac jt anesth,E,0.00,0.00,0.00,XXX,33.4009
G0268,Removal of impacted wax md,A,0.59,0.15,0.08,000,33.4009
G0269,Occlusive device in vein art,B,0.00,0.00,0.00,XXX,33.4009
G0270,Mnt subs tx for change dx,A,0.45,0.20,0.01,XXX,33.4009
G0271,Group mnt 2 or more 30 mins,A,0.25,0.11,0.01,XXX,33.4009
G0276,Pild/placebo control clin tr,R,6.99,3.03,0.72,000,33.4009
G0277,"Hbot, full body chamber, 30m",A,0.00,5.76,0.04,XXX,33.4009
G0278,"Iliac art angio,cardiac cath",A,0.24,0.05,0.06,ZZZ,33.4009
G0279,"Tomosynthesis, mammo",A,0.00,0.38,0.00,ZZZ,33.4009
G0281,Elec stim unattend for press,A,0.18,0.16,0.01,XXX,33.4009
G0282,Elect stim wound care not pd,N,0.00,0.00,0.00,XXX,33.4009
G0283,Elec stim other than wound,A,0.18,0.19,0.01,XXX,33.4009
G0288,"Recon, cta for surg plan",A,0.00,1.31,0.07,XXX,33.4009
G0289,"Arthro, loose body + chondro",A,1.44,0.45,0.29,ZZZ,33.4009
G0293,"Non-cov surg proc,clin trial",E,0.00,0.00,0.00,XXX,33.4009
G0294,"Non-cov proc, clinical trial",E,0.00,0.00,0.00,XXX,33.4009
G0295,Electromagnetic therapy onc,N,0.00,0.00,0.00,XXX,33.4009
G0296,Visit to determ ldct elig,A,0.52,0.12,0.03,XXX,33.4009
G0299,Hhs/hospice of rn ea 15 min,X,0.00,0.00,0.00,XXX,33.4009
G0300,Hhs/hospice of lpn ea 15 min,X,0.00,0.00,0.00,XXX,33.4009
G0302,Pre-op service lvrs complete,X,0.00,0.00,0.00,XXX,33.4009
G0303,Pre-op service lvrs 10-15dos,X,0.00,0.00,0.00,XXX,33.4009
G0304,Pre-op service lvrs 1-9 dos,X,0.00,0.00,0.00,XXX,33.4009
G0305,Post op service lvrs min 6,X,0.00,0.00,0.00,XXX,33.4009
G0306,Cbc/diffwbc w/o platelet,X,0.00,0.00,0.00,XXX,33.4009
G0307,Cbc without platelet,X,0.00,0.00,0.00,XXX,33.4009
G0310,Immunize counsel 5-15 min,I,0.00,0.00,0.00,XXX,33.4009
G0311,Immunize counsel 16-30 mins,I,0.00,0.00,0.00,XXX,33.4009
G0312,Immunize couns < 21yr 5-15 m,I,0.00,0.00,0.00,XXX,33.4009
G0313,Immunize couns < 21yr 6-30 m,I,0.00,0.00,0.00,XXX,33.4009
G0314,Counsel immune <21 16-30 m,I,0.00,0.00,0.00,XXX,33.4009
G0315,Counsel immune <21  5-15 m,I,0.00,0.00,0.00,XXX,33.4009
G0316,Prolong inpt eval add15 m,A,0.61,0.17,0.05,ZZZ,33.4009
G0317,Prolong nursin fac eval 15m,A,0.61,0.16,0.04,ZZZ,33.4009
G0318,Prolong home eval add 15m,A,0.61,0.16,0.05,ZZZ,33.4009
G0320,Two-way audio and video hhs,X,0.00,0.00,0.00,XXX,33.4009
G0321,Audio-only hhs,X,0.00,0.00,0.00,XXX,33.4009
G0322,Home h physio data collec tr,X,0.00,0.00,0.00,XXX,33.4009
G0323,Care manage beh svs 20mins,A,0.93,0.16,0.04,XXX,33.4009
G0327,Colon ca scrn;bld-bsd biomrk,X,0.00,0.00,0.00,XXX,33.4009
G0328,Fecal blood scrn immunoassay,X,0.00,0.00,0.00,XXX,33.4009
G0329,Electromagntic tx for ulcers,A,0.06,0.25,0.01,XXX,33.4009
G0330,Facility svs dental rehab,X,0.00,0.00,0.00,XXX,33.4009
G0333,Dispense fee initial 30 day,X,0.00,0.00,0.00,XXX,33.4009
G0337,Hospice evaluation preelecti,X,1.42,0.31,0.08,XXX,33.4009
G0339,"Robot lin-radsurg com, first",C,0.00,0.00,0.00,XXX,33.4009
G0340,Robt lin-radsurg fractx 2-5,C,0.00,0.00,0.00,XXX,33.4009
G0341,Percutaneous islet celltrans,A,6.81,0.80,0.89,000,33.4009
G0342,Laparoscopy islet cell trans,A,11.62,6.79,3.10,090,33.4009
G0343,Laparotomy islet cell transp,A,19.35,10.38,5.15,090,33.4009
G0372,Md service required for pmd,A,0.17,0.05,0.01,XXX,33.4009
G0378,Hospital observation per hr,X,0.00,0.00,0.00,XXX,33.4009
G0379,Direct refer hospital observ,X,0.00,0.00,0.00,XXX,33.4009
G0380,Lev 1 hosp type b ed visit,X,0.00,0.00,0.00,XXX,33.4009
G0381,Lev 2 hosp type b ed visit,X,0.00,0.00,0.00,XXX,33.4009
G0382,Lev 3 hosp type b ed visit,X,0.00,0.00,0.00,XXX,33.4009
G0383,Lev 4 hosp type b ed visit,X,0.00,0.00,0.00,XXX,33.4009
G0384,Lev 5 hosp type b ed visit,X,0.00,0.00,0.00,XXX,33.4009
G0390,Trauma respons w/hosp criti,X,0.00,0.00,0.00,XXX,33.4009
G0396,Alcohol/subs interv 15-30mn,A,0.65,0.16,0.06,XXX,33.4009
G0397,Alcohol/subs interv >30 min,A,1.30,0.28,0.07,XXX,33.4009
G0398,Home sleep test/type 2 porta,C,0.00,0.00,0.00,XXX,33.4009
G0399,Home sleep test/type 3 porta,C,0.00,0.00,0.00,XXX,33.4009
G0400,Home sleep test/type 4 porta,C,0.00,0.00,0.00,XXX,33.4009
G0402,Initial preventive exam,A,2.60,0.65,0.17,XXX,33.4009
G0403,Ekg for initial prevent exam,A,0.17,0.27,0.02,XXX,33.4009
G0404,Ekg tracing for initial prev,A,0.00,0.20,0.01,XXX,33.4009
G0405,Ekg interpret & report preve,A,0.17,0.07,0.01,XXX,33.4009
G0406,Inpt/tele follow up 15,A,0.76,0.24,0.08,XXX,33.4009
G0407,Inpt/tele follow up 25,A,1.39,0.40,0.12,XXX,33.4009
G0408,Inpt/tele follow up 35,A,2.00,0.62,0.18,XXX,33.4009
G0409,Corf related serv 15 mins ea,R,0.00,0.71,0.01,XXX,33.4009
G0410,Grp psych php/iop 45-50,X,0.00,0.00,0.00,XXX,33.4009
G0411,Interactive grp psyc php/iop,X,0.00,0.00,0.00,XXX,33.4009
G0412,Open tx iliac spine uni/bil,A,10.19,7.67,2.17,090,33.4009
G0413,Pelvic ring fracture uni/bil,A,15.34,10.68,3.26,090,33.4009
G0414,Pelvic ring fx treat int fix,A,14.28,10.35,3.04,090,33.4009
G0415,Open tx post pelvic fxcture,A,20.41,12.26,4.43,090,33.4009
G0416,"Prostate biopsy, any mthd",A,0.00,5.62,0.05,XXX,33.4009
G0420,Ed svc ckd ind per session,A,2.12,1.15,0.13,XXX,33.4009
G0421,Ed svc ckd grp per session,A,0.50,0.29,0.03,XXX,33.4009
G0422,Intens cardiac rehab w/exerc,A,2.05,1.77,0.12,XXX,33.4009
G0423,Intens cardiac rehab no exer,A,2.05,1.77,0.12,XXX,33.4009
G0425,Inpt/ed teleconsult30,A,1.92,0.41,0.19,XXX,33.4009
G0426,Inpt/ed teleconsult50,A,2.61,0.67,0.23,XXX,33.4009
G0427,Inpt/ed teleconsult70,A,3.86,0.90,0.28,XXX,33.4009
G0428,Collagen meniscus implant,N,0.00,0.00,0.00,XXX,33.4009
G0429,Dermal filler injection(s),A,1.16,0.39,0.13,000,33.4009
G0432,Eia hiv-1/hiv-2 screen,X,0.00,0.00,0.00,XXX,33.4009
G0433,Elisa hiv-1/hiv-2 screen,X,0.00,0.00,0.00,XXX,33.4009
G0435,Oral hiv-1/hiv-2 screen,X,0.00,0.00,0.00,XXX,33.4009
G0438,"Ppps, initial visit",A,2.60,2.45,0.17,XXX,33.4009
G0439,"Ppps, subseq visit",A,1.92,2.07,0.13,XXX,33.4009
G0442,Annual alcohol screen 15 min,A,0.18,0.05,0.01,XXX,33.4009
G0443,Brief alcohol misuse counsel,A,0.60,0.15,0.04,XXX,33.4009
G0444,Depression screen annual,A,0.18,0.05,0.01,XXX,33.4009
G0445,High inten beh couns std 30m,A,0.60,0.16,0.04,XXX,33.4009
G0446,Intens behave ther cardio dx,A,0.60,0.15,0.04,XXX,33.4009
G0447,Behavior counsel obesity 15m,A,0.60,0.15,0.04,XXX,33.4009
G0448,Place perm pacing cardiovert,E,0.00,0.00,0.00,XXX,33.4009
G0451,Devlopment test interpt&rep,A,0.00,0.36,0.01,XXX,33.4009
G0452,Molecular pathology interpr,A,0.00,0.08,0.01,XXX,33.4009
G0453,Cont intraop neuro monitor,A,0.60,0.17,0.05,XXX,33.4009
G0454,Md document visit by npp,A,0.18,0.04,0.01,XXX,33.4009
G0455,Fecal microbiota prep instil,A,1.31,0.39,0.14,000,33.4009
G0458,Ldr prostate brachy comp rat,E,0.00,0.00,0.00,XXX,33.4009
G0459,Telehealth inpt pharm mgmt,A,0.95,0.18,0.06,XXX,33.4009
G0460,Autolog prp not diab ulcer,C,0.00,0.00,0.00,XXX,33.4009
G0463,Hospital outpt clinic visit,X,0.00,0.00,0.00,XXX,33.4009
G0465,Autolog prp diab wound ulcer,A,1.78,0.58,0.15,000,33.4009
G0466,Fqhc visit new patient,X,0.00,0.00,0.00,XXX,33.4009
G0467,"Fqhc visit, estab pt",X,0.00,0.00,0.00,XXX,33.4009
G0468,"Fqhc visit, ippe or awv",X,0.00,0.00,0.00,XXX,33.4009
G0469,"Fqhc visit, mh new pt",X,0.00,0.00,0.00,XXX,33.4009
G0470,"Fqhc visit, mh estab pt",X,0.00,0.00,0.00,XXX,33.4009
G0471,Ven blood coll snf/hha,X,0.00,0.00,0.00,XXX,33.4009
G0472,Hep c screen high risk/other,X,0.00,0.00,0.00,XXX,33.4009
G0473,Group behave couns 2-10,A,0.23,0.06,0.01,XXX,33.4009
G0475,Hiv combination assay,X,0.00,0.00,0.00,XXX,33.4009
G0476,Hpv combo assay ca screen,X,0.00,0.00,0.00,XXX,33.4009
G0480,Drug test def 1-7 classes,X,0.00,0.00,0.00,XXX,33.4009
G0481,Drug test def 8-14 classes,X,0.00,0.00,0.00,XXX,33.4009
G0482,Drug test def 15-21 classes,X,0.00,0.00,0.00,XXX,33.4009
G0483,Drug test def 22+ classes,X,0.00,0.00,0.00,XXX,33.4009
G0490,"Home visit rn, lpn by rhc/fq",X,0.00,0.00,0.00,XXX,33.4009
G0491,Dialysis acu kidney no esrd,X,0.00,0.00,0.00,XXX,33.4009
G0492,Md/oth eval acut kid no esrd,X,0.00,0.00,0.00,XXX,33.4009
G0493,Rn care ea 15 min hh/hospice,X,0.00,0.00,0.00,XXX,33.4009
G0494,Lpn care ea 15min hh/hospice,X,0.00,0.00,0.00,XXX,33.4009
G0495,Rn care train/edu in hh,X,0.00,0.00,0.00,XXX,33.4009
G0496,Lpn care train/edu in hh,X,0.00,0.00,0.00,XXX,33.4009
G0498,Chemo extend iv infus w/pump,C,0.00,0.00,0.00,YYY,33.4009
G0499,Hepb screen high risk indiv,X,0.00,0.00,0.00,XXX,33.4009
G0500,Mod sedat endo service >5yrs,A,0.10,0.03,0.03,XXX,33.4009
G0501,Resource-inten svc during ov,B,0.00,0.00,0.00,ZZZ,33.4009
G0506,Comp asses care plan ccm svc,A,0.87,0.22,0.06,ZZZ,33.4009
G0508,Crit care telehea consult 60,A,4.00,1.17,0.36,XXX,33.4009
G0509,Crit care telehea consult 50,A,3.86,1.06,0.36,XXX,33.4009
G0513,"Prolong prev svcs, first 30m",A,1.17,0.28,0.07,ZZZ,33.4009
G0514,"Prolong prev svcs, addl 30m",A,1.17,0.28,0.07,ZZZ,33.4009
G0516,"Insert drug del implant, >=4",A,1.77,0.62,0.15,000,33.4009
G0517,Remove drug implant,A,2.05,0.68,0.18,000,33.4009
G0518,Remove w insert drug implant,A,3.46,0.98,0.29,000,33.4009
G0519,New pt-cg dyad dem low cmplx,X,0.00,0.00,0.00,XXX,33.4009
G0520,New pt-cg dyad dem mod cmplx,X,0.00,0.00,0.00,XXX,33.4009
G0521,New pt-cg dyad dem hig cmplx,X,0.00,0.00,0.00,XXX,33.4009
G0522,Mgt nw pt dementia low cmplx,X,0.00,0.00,0.00,XXX,33.4009
G0523,Mgt nw pt dem mod-high cmplx,X,0.00,0.00,0.00,XXX,33.4009
G0524,Est pt-cg dyad dem low cmplx,X,0.00,0.00,0.00,XXX,33.4009
G0525,Est pt-cg dyad dem mod cmplx,X,0.00,0.00,0.00,XXX,33.4009
G0526,Est pt-cg dyad dem hig cmplx,X,0.00,0.00,0.00,XXX,33.4009
G0527,Mgt est pt dmentia low cmplx,X,0.00,0.00,0.00,XXX,33.4009
G0528,Mgt est pt dem mod-hi cmplx,X,0.00,0.00,0.00,XXX,33.4009
G0529,"In home respite care, 4 hr u",X,0.00,0.00,0.00,XXX,33.4009
G0530,"Adult daycare center, 8 hr u",X,0.00,0.00,0.00,XXX,33.4009
G0531,"Fclty-based respite, 24 hr u",X,0.00,0.00,0.00,XXX,33.4009
G0532,Take home supp nasal spray,X,0.00,0.00,0.00,XXX,33.4009
G0533,Buprenorphone inj weekly,X,0.00,0.00,0.00,XXX,33.4009
G0534,Coordinated care/or referral,X,0.00,0.00,0.00,XXX,33.4009
G0535,Pt navigat svs direct/ref,X,0.00,0.00,0.00,XXX,33.4009
G0536,Peer recover support svs,X,0.00,0.00,0.00,XXX,33.4009
G0537,Risk ascvd tst once pr 12 mo,A,0.18,0.05,0.01,XXX,33.4009
G0538,Ascvd rsk mng clin stf pr mo,A,0.18,0.05,0.01,XXX,33.4009
G0539,Initial care training 30 m,A,1.00,0.18,0.01,XXX,33.4009
G0540,Train for caregiver add 15,A,0.54,0.09,0.00,ZZZ,33.4009
G0541,No pt prsnt train initial 30,A,1.00,0.18,0.01,XXX,33.4009
G0542,No pt prsnt train add 15,A,0.54,0.09,0.00,ZZZ,33.4009
G0543,Group train w/o patient,A,0.23,0.04,0.01,XXX,33.4009
G0544,Post d/c phone follow up,A,0.98,0.24,0.07,XXX,33.4009
G0545,Inherent visit to inpt,A,0.89,0.25,0.07,ZZZ,33.4009
G0546,Phone/internet ehr assess,A,0.35,0.09,0.04,XXX,33.4009
G0547,Phone/internet svs 11-20 m,A,0.70,0.19,0.07,XXX,33.4009
G0548,Phone/inter svs 21-30 m,A,1.05,0.29,0.09,XXX,33.4009
G0549,Phone/inter for treat>31m,A,1.40,0.38,0.12,XXX,33.4009
G0550,Phone/inter for dx/treat >5m,A,0.70,0.15,0.05,XXX,33.4009
G0551,Phn/intr svs fr dx treat 30m,A,0.70,0.18,0.05,XXX,33.4009
G0552,Supply of digital device,C,0.00,0.00,0.00,XXX,33.4009
G0553,Monthly tx for dmht 20mins,A,0.62,0.13,0.03,XXX,33.4009
G0554,Add 20 m of monthly tx,A,0.61,0.12,0.03,ZZZ,33.4009
G0555,Replacment pt electronic sys,C,0.00,0.00,0.00,XXX,33.4009
G0556,Adv prim care mgmt lvl 1,A,0.25,0.06,0.02,XXX,33.4009
G0557,Adv prim care mgmt lvl 2,A,0.77,0.19,0.05,XXX,33.4009
G0558,Adv prim care mgmt lvl 3,A,1.67,0.39,0.12,XXX,33.4009
G0559,Unrelat prac follow up visit,A,0.16,0.05,0.03,ZZZ,33.4009
G0560,Safety plan interven,A,1.09,0.08,0.01,XXX,33.4009
G0561,"Temp tube delivery, unil",C,0.00,0.00,0.00,ZZZ,33.4009
G0562,Complex simulation w/pet-ct,C,0.00,0.00,0.00,XXX,33.4009
G0563,Sbrt w/positron emission del,C,0.00,0.00,0.00,XXX,33.4009
G0566,3d bn img algor drvd fr mri,C,0.00,0.00,0.00,000,33.4009
G0567,Screening hep c detect,X,0.00,0.00,0.00,XXX,33.4009
G0568,"Int psych care mng, 1 cal mo",A,1.88,0.42,0.15,ZZZ,33.4009
G0569,"Subs psych care mng, subs mo",A,2.05,0.49,0.15,ZZZ,33.4009
G0570,"Care manage serv, pr cal mo",A,0.93,0.17,0.06,ZZZ,33.4009
G0571,Intraop nerve cryoablation,A,1.36,0.21,0.20,ZZZ,33.4009
G0574,Mgt new pt dem res care cmmi,X,0.00,0.00,0.00,XXX,33.4009
G0575,Mgt est pt dem res care cmmi,X,0.00,0.00,0.00,XXX,33.4009
G0577,"Vasc emb/occl organ, pgc",C,0.00,0.00,0.00,000,33.4009
G0659,Drug test def simple all cl,X,0.00,0.00,0.00,XXX,33.4009
G0660,TEAM Remote E/M new pt 10mins,X,0.93,0.23,0.07,XXX,33.4009
G0661,TEAM Remote E/M new pt 20mins,X,0.93,0.23,0.07,XXX,33.4009
G0662,TEAM Remote E/M new pt 30mins,X,1.60,0.38,0.16,XXX,33.4009
G0663,TEAM Remote E/M new pt 45mins,X,2.60,0.66,0.24,XXX,33.4009
G0664,TEAM Remote E/M new pt 60mins,X,3.50,0.94,0.36,XXX,33.4009
G0665,TEAM Remote E/M est. pt 10mins,X,0.70,0.17,0.06,XXX,33.4009
G0666,TEAM Remote E/M est. pt 15mins,X,1.30,0.33,0.09,XXX,33.4009
G0667,TEAM Remote E/M est. pt 25mins,X,1.92,0.47,0.14,XXX,33.4009
G0668,TEAM Remote E/M est. pt 40mins,X,2.80,0.75,0.21,XXX,33.4009
G0669,Eckm oap-initial period,X,0.00,0.00,0.00,XXX,33.4009
G0670,Eckm oap-follow-on period(s),X,0.00,0.00,0.00,XXX,33.4009
G0671,Ckm oap-initial period,X,0.00,0.00,0.00,XXX,33.4009
G0672,Ckm oap-follow-on period(s),X,0.00,0.00,0.00,XXX,33.4009
G0673,Msk oap-initial period,X,0.00,0.00,0.00,XXX,33.4009
G0674,Bh oap-initial period,X,0.00,0.00,0.00,XXX,33.4009
G0675,Bh oap-follow-on period(s),X,0.00,0.00,0.00,XXX,33.4009
G0676,"Std co-mgmt-eckm, ckm",X,0.00,0.00,0.00,XXX,33.4009
G0677,Std co-mgmt-msk,X,0.00,0.00,0.00,XXX,33.4009
G0678,Std co-mgmt-bh,X,0.00,0.00,0.00,XXX,33.4009
G0680,Cr art clc art vlv clc w rpt,C,0.00,0.00,0.00,XXX,33.4009
G0681,App of non-sheet skin sub,C,0.00,0.00,0.00,XXX,33.4009
G0682,App of non-sheet skin sub add,C,0.00,0.00,0.00,XXX,33.4009
G0683,App of non-sheet skin sub g,C,0.00,0.00,0.00,XXX,33.4009
G0684,App non-sheet skin sb g addl,C,0.00,0.00,0.00,XXX,33.4009
G0913,Improve visual funct,M,0.00,0.00,0.00,XXX,33.4009
G0914,Survey not complete,M,0.00,0.00,0.00,XXX,33.4009
G0915,No improve visual funct,M,0.00,0.00,0.00,XXX,33.4009
G0916,Satisfy with care,M,0.00,0.00,0.00,XXX,33.4009
G0917,Care survey not complete,M,0.00,0.00,0.00,XXX,33.4009
G0918,No satisfy with care,M,0.00,0.00,0.00,XXX,33.4009
G1025,Pt mnth 1 mcp prov,M,0.00,0.00,0.00,XXX,33.4009
G1026,Pt hemo > 3mo,M,0.00,0.00,0.00,XXX,33.4009
G1027,Pt hemo < 3mo,M,0.00,0.00,0.00,XXX,33.4009
G1028,Take home supply 8mg per 0.1,X,0.00,0.00,0.00,XXX,33.4009
G2000,Blinded conv. tx mdd clin tr,R,0.00,0.00,0.00,YYY,33.4009
G2001,Post d/c h vst new pt 20 m,A,1.01,0.43,0.04,XXX,33.4009
G2002,Post-d/c h vst new pt 30 m,A,1.52,0.64,0.07,XXX,33.4009
G2003,Post-d/c h vst new pt 45 m,A,2.53,0.95,0.12,XXX,33.4009
G2004,Post-d/c h vst new pt 60 m,A,3.38,1.36,0.16,XXX,33.4009
G2005,Post-d/c h vst new pt 75 m,A,4.09,2.16,0.25,XXX,33.4009
G2006,Post-d/c h vst ext pt 20 m,A,1.00,0.44,0.04,XXX,33.4009
G2007,Post-d/c h vst ext pt 30 m,A,1.56,0.79,0.07,XXX,33.4009
G2008,Post-d/c h vst ext pt 45 m,A,2.33,1.36,0.16,XXX,33.4009
G2009,Post-d/c h vst ext pt 60 m,A,3.28,1.94,0.24,XXX,33.4009
G2010,Remot image submit by pt,A,0.18,0.05,0.01,XXX,33.4009
G2011,Alcohol/sub misuse assess,A,0.33,0.08,0.03,XXX,33.4009
G2013,Post-d/c h vst ext pt 75 m,A,4.09,2.16,0.25,XXX,33.4009
G2014,Post-d/c care plan overs 30m,A,1.25,0.86,0.10,XXX,33.4009
G2015,Post-d/c care plan overs 60m,A,1.80,1.15,0.14,XXX,33.4009
G2020,Hi inten serv for sip model,X,0.00,0.00,0.00,XXX,33.4009
G2021,Hea care pract tx in place,X,0.00,0.00,0.00,XXX,33.4009
G2022,"Benef refuses service, mod",X,0.00,0.00,0.00,XXX,33.4009
G2025,Dis site tele svcs rhc/fqhc,X,1.44,1.38,0.10,XXX,33.4009
G2067,Med assist tx meth wk,X,0.00,0.00,0.00,XXX,33.4009
G2068,Med assist tx bupre oral,X,0.00,0.00,0.00,XXX,33.4009
G2069,Med assist tx inject,X,0.00,0.00,0.00,XXX,33.4009
G2073,Med tx naltrexone,X,0.00,0.00,0.00,XXX,33.4009
G2074,Med assist tx no drug,X,0.00,0.00,0.00,XXX,33.4009
G2075,Med tx meds nos,X,0.00,0.00,0.00,XXX,33.4009
G2076,Intake act w/med exam,X,0.00,0.00,0.00,XXX,33.4009
G2077,Periodic assessment,X,0.00,0.00,0.00,XXX,33.4009
G2078,Take-home meth,X,0.00,0.00,0.00,XXX,33.4009
G2079,Take-hom buprenorphine,X,0.00,0.00,0.00,XXX,33.4009
G2080,Add 30 mins counsel,X,0.00,0.00,0.00,XXX,33.4009
G2081,Pt 66+ snp or ltc pos > 90d,M,0.00,0.00,0.00,XXX,33.4009
G2082,Visit esketamine 56m or less,A,0.70,0.16,0.07,XXX,33.4009
G2083,"Visit esketamine, > 56m",A,0.70,0.16,0.07,XXX,33.4009
G2086,Off base opioid tx 70min,A,8.36,1.88,0.62,XXX,33.4009
G2087,"Off base opioid tx, 60 m",A,8.19,1.59,0.55,XXX,33.4009
G2088,"Off base opioid tx, add30",A,0.82,0.15,0.05,ZZZ,33.4009
G2090,Pt 66+ frailty and med dem,M,0.00,0.00,0.00,XXX,33.4009
G2091,Pt 66+ frailty and adv ill,M,0.00,0.00,0.00,XXX,33.4009
G2092,Ace arb arni,M,0.00,0.00,0.00,XXX,33.4009
G2093,Med doc rsn no ace arn arni,M,0.00,0.00,0.00,XXX,33.4009
G2094,Pt rsn no ace arn arni,M,0.00,0.00,0.00,XXX,33.4009
G2096,No rsn ace arb arni,M,0.00,0.00,0.00,XXX,33.4009
G2097,Dx uri 3d after other dx,M,0.00,0.00,0.00,XXX,33.4009
G2098,Pt 66+ frailty and med dem,M,0.00,0.00,0.00,XXX,33.4009
G2099,Pt 66+ frailty and adv ill,M,0.00,0.00,0.00,XXX,33.4009
G2100,Pt 66+ frailty and med dem,M,0.00,0.00,0.00,XXX,33.4009
G2101,Pt 66+ frailty and adv ill,M,0.00,0.00,0.00,XXX,33.4009
G2105,Pt 66+ snp or ltc pos > 90d,M,0.00,0.00,0.00,XXX,33.4009
G2106,Pt 66+ frailty and med dem,M,0.00,0.00,0.00,XXX,33.4009
G2107,Pt 66+ frailty and adv ill,M,0.00,0.00,0.00,XXX,33.4009
G2112,Pred<=5 mg ra glu <6m,M,0.00,0.00,0.00,XXX,33.4009
G2113,"Pred>5 mg >6m, no chg da",M,0.00,0.00,0.00,XXX,33.4009
G2115,Pt 66-80 frailty and med dem,M,0.00,0.00,0.00,XXX,33.4009
G2116,Pt 66-80 frailty and adv ill,M,0.00,0.00,0.00,XXX,33.4009
G2118,Pt 81+ frailty,M,0.00,0.00,0.00,XXX,33.4009
G2121,Psy dep anx ap and icd asse,M,0.00,0.00,0.00,XXX,33.4009
G2122,Psy/dep/anx/apandicd noasse,M,0.00,0.00,0.00,XXX,33.4009
G2125,Pt 81+ frailty,M,0.00,0.00,0.00,XXX,33.4009
G2126,Pt 66-80 frailty and adv ill,M,0.00,0.00,0.00,XXX,33.4009
G2127,Pt 66-80 frailty and med dem,M,0.00,0.00,0.00,XXX,33.4009
G2128,No aspirin med rsn,M,0.00,0.00,0.00,XXX,33.4009
G2129,No bp outpt,M,0.00,0.00,0.00,XXX,33.4009
G2136,Bk pain vas 6-20wk <= 3,M,0.00,0.00,0.00,XXX,33.4009
G2137,Bk pain vas 6-20wk > 3,M,0.00,0.00,0.00,XXX,33.4009
G2138,Bk pain vas 9-15mo <= 3,M,0.00,0.00,0.00,XXX,33.4009
G2139,Bk pain vas 9-15mo > 3,M,0.00,0.00,0.00,XXX,33.4009
G2140,Leg pain vas 6-20wk <= 3,M,0.00,0.00,0.00,XXX,33.4009
G2141,Leg pain vas 6-20wk > 3,M,0.00,0.00,0.00,XXX,33.4009
G2142,Fs odi 9-15mo postop<= 22,M,0.00,0.00,0.00,XXX,33.4009
G2143,Fs odi 9-15mo > 22,M,0.00,0.00,0.00,XXX,33.4009
G2144,Fs odi 6-20wk postop <= 22,M,0.00,0.00,0.00,XXX,33.4009
G2145,Fsodi 6-20wk >22 or chg 30pt,M,0.00,0.00,0.00,XXX,33.4009
G2146,Leg pain vas 9-15mo <= 3,M,0.00,0.00,0.00,XXX,33.4009
G2147,Leg pain vas 9-15mo > 3,M,0.00,0.00,0.00,XXX,33.4009
G2148,Mpm used,M,0.00,0.00,0.00,XXX,33.4009
G2149,No mpm med rsn,M,0.00,0.00,0.00,XXX,33.4009
G2150,No mpm,M,0.00,0.00,0.00,XXX,33.4009
G2151,Dx degen neuro,M,0.00,0.00,0.00,XXX,33.4009
G2152,Res change sc >=0,M,0.00,0.00,0.00,XXX,33.4009
G2167,Res change sc < 0,M,0.00,0.00,0.00,XXX,33.4009
G2168,Svs by pt in home health,E,0.00,0.00,0.00,XXX,33.4009
G2169,Svs by ot in home health,E,0.00,0.00,0.00,XXX,33.4009
G2172,Tx for opioid use demo proj,X,0.00,0.00,0.00,XXX,33.4009
G2173,Uri w comorb 12m oth dx,M,0.00,0.00,0.00,XXX,33.4009
G2174,Uri new rx antibiotic 30d,M,0.00,0.00,0.00,XXX,33.4009
G2175,Pt comorb dx 12m of epi,M,0.00,0.00,0.00,XXX,33.4009
G2176,Outpt ed obs w inpt admit,M,0.00,0.00,0.00,XXX,33.4009
G2177,Bronch w rx antibx 30d,M,0.00,0.00,0.00,XXX,33.4009
G2178,Pt not elig low neuro ex,M,0.00,0.00,0.00,XXX,33.4009
G2179,Med doc rsn no low ex,M,0.00,0.00,0.00,XXX,33.4009
G2180,Inelig footwr eval,M,0.00,0.00,0.00,XXX,33.4009
G2181,Bmi not doc medrsn ptref,M,0.00,0.00,0.00,XXX,33.4009
G2182,Pt 1st biolog antirheum,M,0.00,0.00,0.00,XXX,33.4009
G2183,Doc pt unable comm,M,0.00,0.00,0.00,XXX,33.4009
G2184,No caregiver,M,0.00,0.00,0.00,XXX,33.4009
G2185,Caregiver dem trained,M,0.00,0.00,0.00,XXX,33.4009
G2186,Pt ref app rsrcs,M,0.00,0.00,0.00,XXX,33.4009
G2187,Clin ind img hd trauma,M,0.00,0.00,0.00,XXX,33.4009
G2188,Pt 50 yrs w/clin ind hd,M,0.00,0.00,0.00,XXX,33.4009
G2189,Img hd abnml neuro exam,M,0.00,0.00,0.00,XXX,33.4009
G2190,Ind img hd rad neck,M,0.00,0.00,0.00,XXX,33.4009
G2191,Ind img hd pos hd ache,M,0.00,0.00,0.00,XXX,33.4009
G2192,>55 yrs temp hd ache,M,0.00,0.00,0.00,XXX,33.4009
G2193,<6yr new onset hd ache,M,0.00,0.00,0.00,XXX,33.4009
G2194,New hdache ped pt dis,M,0.00,0.00,0.00,XXX,33.4009
G2195,Occip hdache child,M,0.00,0.00,0.00,XXX,33.4009
G2196,Screen unhlthy etoh use,M,0.00,0.00,0.00,XXX,33.4009
G2197,Screen hlthy etoh use,M,0.00,0.00,0.00,XXX,33.4009
G2199,Not scrn etoh no rsn,M,0.00,0.00,0.00,XXX,33.4009
G2200,Unhlthy etoh rcvd couns,M,0.00,0.00,0.00,XXX,33.4009
G2202,No rsn no brief couns,M,0.00,0.00,0.00,XXX,33.4009
G2204,Pt 45-85 w/ scope,M,0.00,0.00,0.00,XXX,33.4009
G2205,Preg drng adjv trtmt,M,0.00,0.00,0.00,XXX,33.4009
G2206,Adjv trtmt chemo her2,M,0.00,0.00,0.00,XXX,33.4009
G2207,Rsn no trtmt chem her2,M,0.00,0.00,0.00,XXX,33.4009
G2208,No trtmt chemo and her2,M,0.00,0.00,0.00,XXX,33.4009
G2209,Refused to participate,M,0.00,0.00,0.00,XXX,33.4009
G2210,No neck fs prom no rsn,M,0.00,0.00,0.00,XXX,33.4009
G2211,Complex e/m visit add on,A,0.33,0.08,0.02,ZZZ,33.4009
G2212,Prolong outpt/office vis,A,0.61,0.16,0.05,XXX,33.4009
G2213,Initiat med assist tx in er,A,1.27,0.22,0.14,ZZZ,33.4009
G2214,Init/sub psych care m 1st 30,A,0.77,0.18,0.06,XXX,33.4009
G2215,Home supply nasal naloxone,X,0.00,0.00,0.00,XXX,33.4009
G2216,Home supply inject naloxon,X,0.00,0.00,0.00,XXX,33.4009
G2250,"Remot img sub by pt, non e/m",A,0.18,0.05,0.01,XXX,33.4009
G2251,"Brief chkin, 5-10, non-e/m",A,0.25,0.06,0.01,XXX,33.4009
G2252,"Brief chkin by md/qhp, 11-20",A,0.50,0.13,0.04,XXX,33.4009
G3002,Chronic pain mgmt 30 mins,A,1.45,0.36,0.12,XXX,33.4009
G3003,Chronic pain mgmt addl 15m,A,0.50,0.13,0.05,ZZZ,33.4009
G4000,Dermatology ss,M,0.00,0.00,0.00,XXX,33.4009
G4001,Diagnostic rad ss,M,0.00,0.00,0.00,XXX,33.4009
G4002,Ep cardio ss,M,0.00,0.00,0.00,XXX,33.4009
G4003,Emergency med ss,M,0.00,0.00,0.00,XXX,33.4009
G4004,Endocrinology ss,M,0.00,0.00,0.00,XXX,33.4009
G4005,Family medicine ss,M,0.00,0.00,0.00,XXX,33.4009
G4006,Gastroenterology ss,M,0.00,0.00,0.00,XXX,33.4009
G4007,General surgery ss,M,0.00,0.00,0.00,XXX,33.4009
G4008,Geriatrics ss,M,0.00,0.00,0.00,XXX,33.4009
G4009,Hospitalists ss,M,0.00,0.00,0.00,XXX,33.4009
G4010,Infectious disease ss,M,0.00,0.00,0.00,XXX,33.4009
G4011,Internal medicine ss,M,0.00,0.00,0.00,XXX,33.4009
G4012,Interventional rad ss,M,0.00,0.00,0.00,XXX,33.4009
G4013,Mntal/behav/psych hlth ss,M,0.00,0.00,0.00,XXX,33.4009
G4014,Nephrology ss,M,0.00,0.00,0.00,XXX,33.4009
G4015,Neurology ss,M,0.00,0.00,0.00,XXX,33.4009
G4016,Neurosurgical ss,M,0.00,0.00,0.00,XXX,33.4009
G4017,Nutrition/dietician ss,M,0.00,0.00,0.00,XXX,33.4009
G4018,Ob/gyn ss,M,0.00,0.00,0.00,XXX,33.4009
G4019,Oncology/hema ss,M,0.00,0.00,0.00,XXX,33.4009
G4020,Ophthalmology/optometry ss,M,0.00,0.00,0.00,XXX,33.4009
G4021,Orthopedic surgery ss,M,0.00,0.00,0.00,XXX,33.4009
G4022,Otolaryngology ss,M,0.00,0.00,0.00,XXX,33.4009
G4023,Pathology ss,M,0.00,0.00,0.00,XXX,33.4009
G4024,Pediatrics ss,M,0.00,0.00,0.00,XXX,33.4009
G4025,Physical medicine ss,M,0.00,0.00,0.00,XXX,33.4009
G4026,Phys/occ therapy ss,M,0.00,0.00,0.00,XXX,33.4009
G4027,Plastic surgery ss,M,0.00,0.00,0.00,XXX,33.4009
G4028,Podiatry ss,M,0.00,0.00,0.00,XXX,33.4009
G4029,Preventive medicine ss,M,0.00,0.00,0.00,XXX,33.4009
G4030,Pulmonology ss,M,0.00,0.00,0.00,XXX,33.4009
G4031,Radiation oncology ss,M,0.00,0.00,0.00,XXX,33.4009
G4032,Rheumatology ss,M,0.00,0.00,0.00,XXX,33.4009
G4033,Skilled nursing facility ss,M,0.00,0.00,0.00,XXX,33.4009
G4034,Speech language path ss,M,0.00,0.00,0.00,XXX,33.4009
G4035,Thoracic surgery ss,M,0.00,0.00,0.00,XXX,33.4009
G4036,Urgent care ss,M,0.00,0.00,0.00,XXX,33.4009
G4037,Urology ss,M,0.00,0.00,0.00,XXX,33.4009
G4038,Vascular surgery ss,M,0.00,0.00,0.00,XXX,33.4009
G8395,Lvef>=40% doc normal or mild,M,0.00,0.00,0.00,XXX,33.4009
G8396,Lvef not performed,M,0.00,0.00,0.00,XXX,33.4009
G8397,Dil macula/fundus exam/w doc,M,0.00,0.00,0.00,XXX,33.4009
G8399,Pt w/dxa results document,M,0.00,0.00,0.00,XXX,33.4009
G8400,Pt w/dxa no results doc,M,0.00,0.00,0.00,XXX,33.4009
G8404,Low extemity neur exam docum,M,0.00,0.00,0.00,XXX,33.4009
G8405,Low extemity neur not perfor,M,0.00,0.00,0.00,XXX,33.4009
G8410,Eval on foot documented,M,0.00,0.00,0.00,XXX,33.4009
G8415,Eval on foot not performed,M,0.00,0.00,0.00,XXX,33.4009
G8416,Pt inelig footwear evaluatio,M,0.00,0.00,0.00,XXX,33.4009
G8417,Calc bmi abv up param f/u,M,0.00,0.00,0.00,XXX,33.4009
G8418,Calc bmi blw low param f/u,M,0.00,0.00,0.00,XXX,33.4009
G8419,Calc bmi out nrm param nof/u,M,0.00,0.00,0.00,XXX,33.4009
G8420,Calc bmi norm parameters,M,0.00,0.00,0.00,XXX,33.4009
G8421,Bmi not calculated,M,0.00,0.00,0.00,XXX,33.4009
G8427,Docrev cur meds by elig clin,M,0.00,0.00,0.00,XXX,33.4009
G8428,Cur meds not document,M,0.00,0.00,0.00,XXX,33.4009
G8430,Doc med rsn no medrec,M,0.00,0.00,0.00,XXX,33.4009
G8431,Pos clin depres scrn f/u doc,M,0.00,0.00,0.00,XXX,33.4009
G8432,"Dep scr not doc, rng",M,0.00,0.00,0.00,XXX,33.4009
G8433,Scr for dep not cpt doc rsn,M,0.00,0.00,0.00,XXX,33.4009
G8450,Beta-bloc rx pt w/abn lvef,M,0.00,0.00,0.00,XXX,33.4009
G8451,Pt w/abn lvef inelig b-bloc,M,0.00,0.00,0.00,XXX,33.4009
G8452,Pt w/abn lvef b-bloc no rx,M,0.00,0.00,0.00,XXX,33.4009
G8465,High risk recurrence pro ca,M,0.00,0.00,0.00,XXX,33.4009
G8473,Ace/arb thxpy rx'd,M,0.00,0.00,0.00,XXX,33.4009
G8474,Ace/arb not rx'd; doc reas,M,0.00,0.00,0.00,XXX,33.4009
G8475,Ace/arb thxpy not rx'd,M,0.00,0.00,0.00,XXX,33.4009
G8476,Bp sys <140 and dias <90,M,0.00,0.00,0.00,XXX,33.4009
G8477,Bp sys>=140 and/or dias >=90,M,0.00,0.00,0.00,XXX,33.4009
G8478,Bp not performed/doc,M,0.00,0.00,0.00,XXX,33.4009
G8510,"Scr dep neg, no plan reqd",M,0.00,0.00,0.00,XXX,33.4009
G8511,"Scr dep pos, no plan doc rng",M,0.00,0.00,0.00,XXX,33.4009
G8535,Eld maltreatment not doc,M,0.00,0.00,0.00,XXX,33.4009
G8536,No doc elder mal scrn,M,0.00,0.00,0.00,XXX,33.4009
G8539,Doc funct and care plan,M,0.00,0.00,0.00,XXX,33.4009
G8540,Foa not doc as being perf,M,0.00,0.00,0.00,XXX,33.4009
G8541,No doc cur funct assess,M,0.00,0.00,0.00,XXX,33.4009
G8542,Doc funct no deficiencies,M,0.00,0.00,0.00,XXX,33.4009
G8543,Cur funct asses; no care pln,M,0.00,0.00,0.00,XXX,33.4009
G8559,Pt ref doc oto eval,I,0.00,0.00,0.00,XXX,33.4009
G8560,Pt hx act drain prev 90 days,I,0.00,0.00,0.00,XXX,33.4009
G8561,Pt inelig for ref oto eval,I,0.00,0.00,0.00,XXX,33.4009
G8562,Pt no hx act drain 90 d,I,0.00,0.00,0.00,XXX,33.4009
G8563,Pt no ref oto reas no spec,I,0.00,0.00,0.00,XXX,33.4009
G8564,Pt ref oto eval,I,0.00,0.00,0.00,XXX,33.4009
G8565,Ver doc hear loss,I,0.00,0.00,0.00,XXX,33.4009
G8566,Pt inelig ref oto eval,I,0.00,0.00,0.00,XXX,33.4009
G8567,Pt no doc hear loss,I,0.00,0.00,0.00,XXX,33.4009
G8568,Pt no ref otolo no spec,I,0.00,0.00,0.00,XXX,33.4009
G8569,Prol intubation req,M,0.00,0.00,0.00,XXX,33.4009
G8570,No prol intub req,M,0.00,0.00,0.00,XXX,33.4009
G8575,Postop ren fail,M,0.00,0.00,0.00,XXX,33.4009
G8576,No postop ren fail,M,0.00,0.00,0.00,XXX,33.4009
G8577,Reop req bld grft oth,M,0.00,0.00,0.00,XXX,33.4009
G8578,No reop req bld grft oth,M,0.00,0.00,0.00,XXX,33.4009
G8598,Asa/antiplat ther used,M,0.00,0.00,0.00,XXX,33.4009
G8599,No asa/antiplat ther use rng,M,0.00,0.00,0.00,XXX,33.4009
G8600,Tpa initi w/in 4.5 hr,M,0.00,0.00,0.00,XXX,33.4009
G8601,No elig tpa init w/in 4.5 hr,M,0.00,0.00,0.00,XXX,33.4009
G8602,No tpa init w/in 4.5 hr,M,0.00,0.00,0.00,XXX,33.4009
G8633,Pharm ther osteo rx,M,0.00,0.00,0.00,XXX,33.4009
G8635,No pharm ther osteo rx,M,0.00,0.00,0.00,XXX,33.4009
G8647,Rafscrs ki scor >= 0,M,0.00,0.00,0.00,XXX,33.4009
G8648,Rafscrs ki scor < 0,M,0.00,0.00,0.00,XXX,33.4009
G8650,Rafs crs ki no scor no rsn,M,0.00,0.00,0.00,XXX,33.4009
G8651,Rafscrs hi scor >=0,M,0.00,0.00,0.00,XXX,33.4009
G8652,Rafscrs hi scor < 0,M,0.00,0.00,0.00,XXX,33.4009
G8654,Rafs crs hi no scor no surv,M,0.00,0.00,0.00,XXX,33.4009
G8655,Rafscrs llfai scor >= 0,M,0.00,0.00,0.00,XXX,33.4009
G8656,Rafscrs llfai scor < 0,M,0.00,0.00,0.00,XXX,33.4009
G8658,Rafscrs llfai no scor + surv,M,0.00,0.00,0.00,XXX,33.4009
G8659,Rafscrs lbi scor >= 0,M,0.00,0.00,0.00,XXX,33.4009
G8660,Rafscrs lbi scor < 0,M,0.00,0.00,0.00,XXX,33.4009
G8661,Rafscrs lbi no scor,M,0.00,0.00,0.00,XXX,33.4009
G8662,Rafs crs lbi no scor no surv,M,0.00,0.00,0.00,XXX,33.4009
G8663,Rafscrs si scor >= 0,M,0.00,0.00,0.00,XXX,33.4009
G8664,Rafscrs si scor < 0,M,0.00,0.00,0.00,XXX,33.4009
G8666,Rafs crs si no scor no surv,M,0.00,0.00,0.00,XXX,33.4009
G8667,Rafscrs ewh scor >= 0,M,0.00,0.00,0.00,XXX,33.4009
G8668,Rafscrs ewh scor < 0,M,0.00,0.00,0.00,XXX,33.4009
G8670,Rafs crs ewh no scor no surv,M,0.00,0.00,0.00,XXX,33.4009
G8694,Lvef <=40%,M,0.00,0.00,0.00,XXX,33.4009
G8708,Antibiotic not pres,M,0.00,0.00,0.00,XXX,33.4009
G8709,Uri ep compete diag,M,0.00,0.00,0.00,XXX,33.4009
G8710,Pt pres antibiotic,M,0.00,0.00,0.00,XXX,33.4009
G8711,Pres antibx on/within 3 day,M,0.00,0.00,0.00,XXX,33.4009
G8712,Not pres antibiotic,M,0.00,0.00,0.00,XXX,33.4009
G8721,"Pt, pn, hist grade doc",M,0.00,0.00,0.00,XXX,33.4009
G8722,"Med reas pt, pn, not doc",M,0.00,0.00,0.00,XXX,33.4009
G8723,Spec sit not prim tumor,M,0.00,0.00,0.00,XXX,33.4009
G8724,"Pt, pn, hist grade not doc",M,0.00,0.00,0.00,XXX,33.4009
G8733,Doc pos elder mal scrn plan,M,0.00,0.00,0.00,XXX,33.4009
G8734,Doc neg eld req,M,0.00,0.00,0.00,XXX,33.4009
G8735,Eld mal scrn pos no plan,M,0.00,0.00,0.00,XXX,33.4009
G8749,No signs melanoma,M,0.00,0.00,0.00,XXX,33.4009
G8752,Sys bp less 140,M,0.00,0.00,0.00,XXX,33.4009
G8753,Sys bp > or = 140,M,0.00,0.00,0.00,XXX,33.4009
G8754,Dias bp less 90,M,0.00,0.00,0.00,XXX,33.4009
G8755,Dias bp > or = 90,M,0.00,0.00,0.00,XXX,33.4009
G8756,No bp measure doc,M,0.00,0.00,0.00,XXX,33.4009
G8783,Bp scrn perf rec interval,M,0.00,0.00,0.00,XXX,33.4009
G8785,Bp scrn no perf at interval,M,0.00,0.00,0.00,XXX,33.4009
G8797,Specimen site not esophagus,M,0.00,0.00,0.00,XXX,33.4009
G8798,Specimen site not prostate,M,0.00,0.00,0.00,XXX,33.4009
G8806,Perf ultrsnd to lct preg doc,M,0.00,0.00,0.00,XXX,33.4009
G8807,No ta tv ultrasnd,M,0.00,0.00,0.00,XXX,33.4009
G8808,"Ultrasound not perf, rng",M,0.00,0.00,0.00,XXX,33.4009
G8815,Doc reas no statin therapy,M,0.00,0.00,0.00,XXX,33.4009
G8816,Statin med pres at disch,M,0.00,0.00,0.00,XXX,33.4009
G8817,Doc reas no statin med disch,M,0.00,0.00,0.00,XXX,33.4009
G8826,Pt disch home day #2 evar,M,0.00,0.00,0.00,XXX,33.4009
G8833,Pt not disch home day#2 evar,M,0.00,0.00,0.00,XXX,33.4009
G8834,Pt disch home day #2 cea,M,0.00,0.00,0.00,XXX,33.4009
G8838,Not disch home by day #2,M,0.00,0.00,0.00,XXX,33.4009
G8839,Sleep apnea assess,M,0.00,0.00,0.00,XXX,33.4009
G8840,Doc reas no sleep apnea,M,0.00,0.00,0.00,XXX,33.4009
G8841,No sleep apnea assess,M,0.00,0.00,0.00,XXX,33.4009
G8842,Ahi rdi rei doc win 2mo,M,0.00,0.00,0.00,XXX,33.4009
G8843,Doc reas no ahi rdi rei,M,0.00,0.00,0.00,XXX,33.4009
G8844,No ahi rdi rei ini dx no rsn,M,0.00,0.00,0.00,XXX,33.4009
G8845,Pos airway press prescribed,M,0.00,0.00,0.00,XXX,33.4009
G8846,Mod or severe osa,M,0.00,0.00,0.00,XXX,33.4009
G8849,Doc reas no pos air press,M,0.00,0.00,0.00,XXX,33.4009
G8850,No pap prescribed,M,0.00,0.00,0.00,XXX,33.4009
G8851,Adhere tx assess at lst ann,M,0.00,0.00,0.00,XXX,33.4009
G8854,Reas no adhere therapy,M,0.00,0.00,0.00,XXX,33.4009
G8855,Ther not assessed annually,M,0.00,0.00,0.00,XXX,33.4009
G8856,Ref for oto eval,M,0.00,0.00,0.00,XXX,33.4009
G8857,No elig ref for oto eval,M,0.00,0.00,0.00,XXX,33.4009
G8858,Not ref for oto eval,M,0.00,0.00,0.00,XXX,33.4009
G8863,No assess bone loss,M,0.00,0.00,0.00,XXX,33.4009
G8864,Pneumococcal vaccine admin,M,0.00,0.00,0.00,XXX,33.4009
G8865,Doc med reas no pneumococcal,M,0.00,0.00,0.00,XXX,33.4009
G8866,Doc pt reas no pneumococcal,M,0.00,0.00,0.00,XXX,33.4009
G8867,No pneumococcal admin,M,0.00,0.00,0.00,XXX,33.4009
G8869,Doc immune hep b antitnf,M,0.00,0.00,0.00,XXX,33.4009
G8875,Breast cancer dx min invsive,M,0.00,0.00,0.00,XXX,33.4009
G8876,Doc reas no min inv dx,M,0.00,0.00,0.00,XXX,33.4009
G8877,No brst cncr dx min invasive,M,0.00,0.00,0.00,XXX,33.4009
G8878,Sent lymph node biopsy,M,0.00,0.00,0.00,XXX,33.4009
G8880,Sen lym p node biop not perf,M,0.00,0.00,0.00,XXX,33.4009
G8881,Brst cncr stage > t1n0m0,M,0.00,0.00,0.00,XXX,33.4009
G8882,No sent lymph node biopsy,M,0.00,0.00,0.00,XXX,33.4009
G8907,Pt doc no events on discharg,X,0.00,0.00,0.00,XXX,33.4009
G8908,Pt doc w burn prior to d/c,X,0.00,0.00,0.00,XXX,33.4009
G8909,Pt doc no burn prior to d/c,X,0.00,0.00,0.00,XXX,33.4009
G8910,Pt doc to have fall in asc,X,0.00,0.00,0.00,XXX,33.4009
G8911,Pt doc no fall in asc,X,0.00,0.00,0.00,XXX,33.4009
G8912,Pt doc with wrong event,X,0.00,0.00,0.00,XXX,33.4009
G8913,Pt doc no wrong event,X,0.00,0.00,0.00,XXX,33.4009
G8914,Pt trans to hosp post d/c,X,0.00,0.00,0.00,XXX,33.4009
G8915,Pt not trans to hosp at d/c,X,0.00,0.00,0.00,XXX,33.4009
G8916,Pt w iv ab given on time,X,0.00,0.00,0.00,XXX,33.4009
G8917,Pt w iv ab not given on time,X,0.00,0.00,0.00,XXX,33.4009
G8918,Pt w/o preop order iv ab pro,X,0.00,0.00,0.00,XXX,33.4009
G8923,Lvef <= 40% or lvsd,M,0.00,0.00,0.00,XXX,33.4009
G8924,Spir res doc fev1/fvc<70%,M,0.00,0.00,0.00,XXX,33.4009
G8934,Lvef <=40% or dep lv sys fcn,M,0.00,0.00,0.00,XXX,33.4009
G8935,Rx ace or arb therapy,M,0.00,0.00,0.00,XXX,33.4009
G8936,Pt not eligible ace/arb,M,0.00,0.00,0.00,XXX,33.4009
G8937,No rx ace/arb therapy,M,0.00,0.00,0.00,XXX,33.4009
G8942,Doc fcn/care plan w/30 days,M,0.00,0.00,0.00,XXX,33.4009
G8944,Ajcc mel cnr stg 0 - iic,M,0.00,0.00,0.00,XXX,33.4009
G8946,Mibm but no dx of breast ca,M,0.00,0.00,0.00,XXX,33.4009
G8950,"Pre-htn or htn doc, f/u indc",M,0.00,0.00,0.00,XXX,33.4009
G8952,"Pre-htn/htn, no f/u, not gvn",M,0.00,0.00,0.00,XXX,33.4009
G8955,Most recent assess vol mgmt,M,0.00,0.00,0.00,XXX,33.4009
G8956,Pt rcv hedia outpt dyls fac,M,0.00,0.00,0.00,XXX,33.4009
G8958,Assess vol mgmt not doc,M,0.00,0.00,0.00,XXX,33.4009
G8961,Csit lowrisk surg pts preop,M,0.00,0.00,0.00,XXX,33.4009
G8962,Csit on pt any reas 30 days,M,0.00,0.00,0.00,XXX,33.4009
G8967,Warf or other fda drug presc,M,0.00,0.00,0.00,XXX,33.4009
G8968,Doc med not presb,M,0.00,0.00,0.00,XXX,33.4009
G8969,Doc pt rsn no presc warf/fda,M,0.00,0.00,0.00,XXX,33.4009
G8970,No rsk fac or 1 mod risk te,M,0.00,0.00,0.00,XXX,33.4009
G9001,"Mccd, initial rate",X,0.00,0.00,0.00,XXX,33.4009
G9002,"Mccd,maintenance rate",X,0.00,0.00,0.00,XXX,33.4009
G9003,"Mccd, risk adj hi, initial",X,0.00,0.00,0.00,XXX,33.4009
G9004,"Mccd, risk adj lo, initial",X,0.00,0.00,0.00,XXX,33.4009
G9005,"Mccd, risk adj, maintenance",X,0.00,0.00,0.00,XXX,33.4009
G9006,"Mccd, home monitoring",X,0.00,0.00,0.00,XXX,33.4009
G9007,"Mccd, sch team conf",X,0.00,0.00,0.00,XXX,33.4009
G9008,"Mccd,phys coor-care ovrsght",X,0.00,0.00,0.00,XXX,33.4009
G9009,"Mccd, risk adj, level 3",X,0.00,0.00,0.00,XXX,33.4009
G9010,"Mccd, risk adj, level 4",X,0.00,0.00,0.00,XXX,33.4009
G9011,"Mccd, risk adj, level 5",X,0.00,0.00,0.00,XXX,33.4009
G9012,Other specified case mgmt,X,0.00,0.00,0.00,XXX,33.4009
G9013,Esrd demo bundle level i,N,0.00,0.00,0.00,XXX,33.4009
G9014,Esrd demo bundle-level ii,N,0.00,0.00,0.00,XXX,33.4009
G9016,Demo-smoking cessation coun,N,0.00,0.00,0.00,XXX,33.4009
G9050,Oncology work-up evaluation,I,0.00,0.00,0.00,XXX,33.4009
G9051,Oncology tx decision-mgmt,I,0.00,0.00,0.00,XXX,33.4009
G9052,Onc surveillance for disease,I,0.00,0.00,0.00,XXX,33.4009
G9053,Onc expectant management pt,I,0.00,0.00,0.00,XXX,33.4009
G9054,Onc supervision palliative,I,0.00,0.00,0.00,XXX,33.4009
G9055,Onc visit unspecified nos,I,0.00,0.00,0.00,XXX,33.4009
G9056,Onc prac mgmt adheres guide,I,0.00,0.00,0.00,XXX,33.4009
G9057,Onc pract mgmt differs trial,I,0.00,0.00,0.00,XXX,33.4009
G9058,Onc prac mgmt disagree w/gui,I,0.00,0.00,0.00,XXX,33.4009
G9059,Onc prac mgmt pt opt alterna,I,0.00,0.00,0.00,XXX,33.4009
G9060,Onc prac mgmt dif pt comorb,I,0.00,0.00,0.00,XXX,33.4009
G9061,Onc prac cond noadd by guide,I,0.00,0.00,0.00,XXX,33.4009
G9062,Onc prac guide differs nos,I,0.00,0.00,0.00,XXX,33.4009
G9063,Onc dx nsclc stgi no progres,M,0.00,0.00,0.00,XXX,33.4009
G9064,Onc dx nsclc stg2 no progres,M,0.00,0.00,0.00,XXX,33.4009
G9065,Onc dx nsclc stg3a no progre,M,0.00,0.00,0.00,XXX,33.4009
G9066,Onc dx nsclc stg3b-4 metasta,M,0.00,0.00,0.00,XXX,33.4009
G9067,Onc dx nsclc dx unknown nos,M,0.00,0.00,0.00,XXX,33.4009
G9068,Onc dx sclc/nsclc limited,M,0.00,0.00,0.00,XXX,33.4009
G9069,Onc dx sclc/nsclc ext at dx,M,0.00,0.00,0.00,XXX,33.4009
G9070,Onc dx sclc/nsclc ext unknwn,M,0.00,0.00,0.00,XXX,33.4009
G9071,"Onc dx brst stg1-2b hr,nopro",M,0.00,0.00,0.00,XXX,33.4009
G9072,Onc dx brst stg1-2 noprogres,M,0.00,0.00,0.00,XXX,33.4009
G9073,"Onc dx brst stg3-hr, no pro",M,0.00,0.00,0.00,XXX,33.4009
G9074,Onc dx brst stg3-noprogress,M,0.00,0.00,0.00,XXX,33.4009
G9075,Onc dx brst metastic/ recur,M,0.00,0.00,0.00,XXX,33.4009
G9077,Onc dx prostate t1no progres,M,0.00,0.00,0.00,XXX,33.4009
G9078,Onc dx prostate t2no progres,M,0.00,0.00,0.00,XXX,33.4009
G9079,Onc dx prostate t3b-t4noprog,M,0.00,0.00,0.00,XXX,33.4009
G9080,Onc dx prostate w/rise psa,M,0.00,0.00,0.00,XXX,33.4009
G9083,Onc dx prostate unknwn nos,M,0.00,0.00,0.00,XXX,33.4009
G9084,"Onc dx colon t1-3,n1-2,no pr",M,0.00,0.00,0.00,XXX,33.4009
G9085,"Onc dx colon t4, n0 w/o prog",M,0.00,0.00,0.00,XXX,33.4009
G9086,Onc dx colon t1-4 no dx prog,M,0.00,0.00,0.00,XXX,33.4009
G9087,Onc dx colon metas evid dx,M,0.00,0.00,0.00,XXX,33.4009
G9088,Onc dx colon metas noevid dx,M,0.00,0.00,0.00,XXX,33.4009
G9089,Onc dx colon extent unknown,M,0.00,0.00,0.00,XXX,33.4009
G9090,Onc dx rectal t1-2 no progr,M,0.00,0.00,0.00,XXX,33.4009
G9091,Onc dx rectal t3 n0 no prog,M,0.00,0.00,0.00,XXX,33.4009
G9092,"Onc dx rectal t1-3,n1-2noprg",M,0.00,0.00,0.00,XXX,33.4009
G9093,"Onc dx rectal t4,n,m0 no prg",M,0.00,0.00,0.00,XXX,33.4009
G9094,Onc dx rectal m1 w/mets prog,M,0.00,0.00,0.00,XXX,33.4009
G9095,Onc dx rectal extent unknwn,M,0.00,0.00,0.00,XXX,33.4009
G9096,Onc dx esophag t1-t3 noprog,M,0.00,0.00,0.00,XXX,33.4009
G9097,Onc dx esophageal t4 no prog,M,0.00,0.00,0.00,XXX,33.4009
G9098,Onc dx esophageal mets recur,M,0.00,0.00,0.00,XXX,33.4009
G9099,Onc dx esophageal unknown,M,0.00,0.00,0.00,XXX,33.4009
G9100,Onc dx gastric no recurrence,M,0.00,0.00,0.00,XXX,33.4009
G9101,Onc dx gastric p r1-r2noprog,M,0.00,0.00,0.00,XXX,33.4009
G9102,Onc dx gastric unresectable,M,0.00,0.00,0.00,XXX,33.4009
G9103,Onc dx gastric recurrent,M,0.00,0.00,0.00,XXX,33.4009
G9104,Onc dx gastric unknown nos,M,0.00,0.00,0.00,XXX,33.4009
G9105,Onc dx pancreatc p r0 res no,M,0.00,0.00,0.00,XXX,33.4009
G9106,Onc dx pancreatc p r1/r2 no,M,0.00,0.00,0.00,XXX,33.4009
G9107,Onc dx pancreatic unresectab,M,0.00,0.00,0.00,XXX,33.4009
G9108,Onc dx pancreatic unknwn nos,M,0.00,0.00,0.00,XXX,33.4009
G9109,Onc dx head/neck t1-t2no prg,M,0.00,0.00,0.00,XXX,33.4009
G9110,Onc dx head/neck t3-4 noprog,M,0.00,0.00,0.00,XXX,33.4009
G9111,Onc dx head/neck m1 mets rec,M,0.00,0.00,0.00,XXX,33.4009
G9112,Onc dx head/neck ext unknown,M,0.00,0.00,0.00,XXX,33.4009
G9113,Onc dx ovarian stg1a-b no pr,M,0.00,0.00,0.00,XXX,33.4009
G9114,Onc dx ovarian stg1a-b or 2,M,0.00,0.00,0.00,XXX,33.4009
G9115,Onc dx ovarian stg3/4 noprog,M,0.00,0.00,0.00,XXX,33.4009
G9116,Onc dx ovarian recurrence,M,0.00,0.00,0.00,XXX,33.4009
G9117,Onc dx ovarian unknown nos,M,0.00,0.00,0.00,XXX,33.4009
G9123,Onc dx cml chronic phase,M,0.00,0.00,0.00,XXX,33.4009
G9124,Onc dx cml acceler phase,M,0.00,0.00,0.00,XXX,33.4009
G9125,Onc dx cml blast phase,M,0.00,0.00,0.00,XXX,33.4009
G9126,Onc dx cml remission,M,0.00,0.00,0.00,XXX,33.4009
G9128,Onc dx multi myeloma stage i,M,0.00,0.00,0.00,XXX,33.4009
G9129,Onc dx mult myeloma stg2 hig,M,0.00,0.00,0.00,XXX,33.4009
G9130,Onc dx multi myeloma unknown,M,0.00,0.00,0.00,XXX,33.4009
G9131,Onc dx brst unknown nos,M,0.00,0.00,0.00,XXX,33.4009
G9132,Onc dx prostate mets no cast,M,0.00,0.00,0.00,XXX,33.4009
G9133,Onc dx prostate clinical met,M,0.00,0.00,0.00,XXX,33.4009
G9134,Onc nhlstg 1-2 no relap no,M,0.00,0.00,0.00,XXX,33.4009
G9135,Onc dx nhl stg 3-4 not relap,M,0.00,0.00,0.00,XXX,33.4009
G9136,Onc dx nhl trans to lg bcell,M,0.00,0.00,0.00,XXX,33.4009
G9137,Onc dx nhl relapse/refractor,M,0.00,0.00,0.00,XXX,33.4009
G9138,Onc dx nhl stg unknown,M,0.00,0.00,0.00,XXX,33.4009
G9139,Onc dx cml dx status unknown,M,0.00,0.00,0.00,XXX,33.4009
G9140,Frontier extended stay demo,X,0.00,0.00,0.00,XXX,33.4009
G9143,Warfarin respon genetic test,X,0.00,0.00,0.00,XXX,33.4009
G9147,Outpt iv insulin tx any mea,N,0.00,0.00,0.00,XXX,33.4009
G9148,Medical home level 1,R,0.00,0.00,0.00,XXX,33.4009
G9149,Medical home level ii,R,0.00,0.00,0.00,XXX,33.4009
G9150,Medical home level iii,R,0.00,0.00,0.00,XXX,33.4009
G9151,Mapcp demo state,R,0.00,0.00,0.00,XXX,33.4009
G9152,Mapcp demo community,R,0.00,0.00,0.00,XXX,33.4009
G9153,Mapcp demo physician,R,0.00,0.00,0.00,XXX,33.4009
G9156,Evaluation for wheelchair,R,0.00,0.00,0.00,XXX,33.4009
G9157,Transesoph doppl cardiac mon,A,2.15,0.32,0.18,XXX,33.4009
G9187,Bpci home visit,A,0.18,1.32,0.03,XXX,33.4009
G9188,Beta not given no reason,M,0.00,0.00,0.00,XXX,33.4009
G9189,Beta pres or already taking,M,0.00,0.00,0.00,XXX,33.4009
G9190,Medical reason for no beta,M,0.00,0.00,0.00,XXX,33.4009
G9191,Pt reason for no beta,M,0.00,0.00,0.00,XXX,33.4009
G9212,Doc of dsm-iv init eval,M,0.00,0.00,0.00,XXX,33.4009
G9213,No doc of dsm-iv,M,0.00,0.00,0.00,XXX,33.4009
G9223,Pjp proph ordered cd4 low,M,0.00,0.00,0.00,XXX,33.4009
G9225,Norsn no foot exam,M,0.00,0.00,0.00,XXX,33.4009
G9226,3 comp foot exam completed,M,0.00,0.00,0.00,XXX,33.4009
G9227,"Foa doc, care plan not doc",M,0.00,0.00,0.00,XXX,33.4009
G9228,Gc chl syp documented,M,0.00,0.00,0.00,XXX,33.4009
G9230,Norsn for gc chl syp test,M,0.00,0.00,0.00,XXX,33.4009
G9231,Doc esrd dia trans preg,M,0.00,0.00,0.00,XXX,33.4009
G9242,Doc viral load >=200,M,0.00,0.00,0.00,XXX,33.4009
G9243,Doc viral load <200,M,0.00,0.00,0.00,XXX,33.4009
G9246,No enc or enc/vir ld 90days,M,0.00,0.00,0.00,XXX,33.4009
G9247,2 enc enc/vir ld 90d,M,0.00,0.00,0.00,XXX,33.4009
G9254,Doc pt dischg >2d,M,0.00,0.00,0.00,XXX,33.4009
G9255,Pt dc home 2nd po day,M,0.00,0.00,0.00,XXX,33.4009
G9273,Sys<140 and dia<90,M,0.00,0.00,0.00,XXX,33.4009
G9274,Bp out of nrml limits,M,0.00,0.00,0.00,XXX,33.4009
G9275,Doc of non tobacco user,M,0.00,0.00,0.00,XXX,33.4009
G9276,Doc of tobacco user,M,0.00,0.00,0.00,XXX,33.4009
G9277,Doc daily aspirin or contra,M,0.00,0.00,0.00,XXX,33.4009
G9278,Doc no daily aspirin,M,0.00,0.00,0.00,XXX,33.4009
G9279,Pne scrn done doc vac done,M,0.00,0.00,0.00,XXX,33.4009
G9280,Pne not given norsn,M,0.00,0.00,0.00,XXX,33.4009
G9281,Pne scrn done doc not ind,M,0.00,0.00,0.00,XXX,33.4009
G9282,Doc medrsn no histo type,M,0.00,0.00,0.00,XXX,33.4009
G9283,Hist type doc on report,M,0.00,0.00,0.00,XXX,33.4009
G9284,No hist type doc on report,M,0.00,0.00,0.00,XXX,33.4009
G9285,Site not small cell lung ca,M,0.00,0.00,0.00,XXX,33.4009
G9286,Antibio rx w in 10d of sympt,M,0.00,0.00,0.00,XXX,33.4009
G9287,No antibio w in 10d of sympt,M,0.00,0.00,0.00,XXX,33.4009
G9288,Doc medrsn no hist type rpt,M,0.00,0.00,0.00,XXX,33.4009
G9289,Doc type nsm lung ca,M,0.00,0.00,0.00,XXX,33.4009
G9290,No doc type nsm lung ca,M,0.00,0.00,0.00,XXX,33.4009
G9291,Not nsm lung ca,M,0.00,0.00,0.00,XXX,33.4009
G9292,Medrsn no pt category,M,0.00,0.00,0.00,XXX,33.4009
G9293,No pt category on report,M,0.00,0.00,0.00,XXX,33.4009
G9294,Pt cat and thck on report,M,0.00,0.00,0.00,XXX,33.4009
G9295,Non cutaneous loc,M,0.00,0.00,0.00,XXX,33.4009
G9296,Doc share dec prior proc,M,0.00,0.00,0.00,XXX,33.4009
G9297,No doc share dec prior proc,M,0.00,0.00,0.00,XXX,33.4009
G9298,Eval risk vte card 30d prior,M,0.00,0.00,0.00,XXX,33.4009
G9299,No eval risk vte card prior,M,0.00,0.00,0.00,XXX,33.4009
G9305,No interv req for leak,M,0.00,0.00,0.00,XXX,33.4009
G9306,Interv req for leak,M,0.00,0.00,0.00,XXX,33.4009
G9307,No ret for surg w in 30d,M,0.00,0.00,0.00,XXX,33.4009
G9308,Unpl ret or w/compl w/in 30d,M,0.00,0.00,0.00,XXX,33.4009
G9309,No unplnd hosp readm in 30d,M,0.00,0.00,0.00,XXX,33.4009
G9310,Unplnd hosp readm in 30d,M,0.00,0.00,0.00,XXX,33.4009
G9311,No surg site infection,M,0.00,0.00,0.00,XXX,33.4009
G9312,Surgical site infection,M,0.00,0.00,0.00,XXX,33.4009
G9313,Amoxic not presc as 1st line,M,0.00,0.00,0.00,XXX,33.4009
G9314,Norsn not first line amox,M,0.00,0.00,0.00,XXX,33.4009
G9315,Amox w/wo clav rx,M,0.00,0.00,0.00,XXX,33.4009
G9316,Doc comm risk calc,M,0.00,0.00,0.00,XXX,33.4009
G9317,No doc comm risk calc,M,0.00,0.00,0.00,XXX,33.4009
G9318,Image std nomenclature,M,0.00,0.00,0.00,XXX,33.4009
G9319,Image not std nomenclature,M,0.00,0.00,0.00,XXX,33.4009
G9321,Prev ct nuc med cnt doc 12mo,M,0.00,0.00,0.00,XXX,33.4009
G9322,No cnt ct nuc med doc 12mo,M,0.00,0.00,0.00,XXX,33.4009
G9341,Srch for ct w in 12 mos,M,0.00,0.00,0.00,XXX,33.4009
G9342,No srch for ct in 12mo norsn,M,0.00,0.00,0.00,XXX,33.4009
G9344,Sysrsn no dicom srch,M,0.00,0.00,0.00,XXX,33.4009
G9345,Follow up pulm nod,M,0.00,0.00,0.00,XXX,33.4009
G9347,No follow up pulm nod norsn,M,0.00,0.00,0.00,XXX,33.4009
G9351,Doc >1 sinus ct w 90d dx,M,0.00,0.00,0.00,XXX,33.4009
G9352,Not >1 sinus ct w 90d dx,M,0.00,0.00,0.00,XXX,33.4009
G9353,Medrsn >1 sinus ct w 90d dx,M,0.00,0.00,0.00,XXX,33.4009
G9354,1 or no ct sinus w/in 90d dx,M,0.00,0.00,0.00,XXX,33.4009
G9355,No early ind/delivery,M,0.00,0.00,0.00,XXX,33.4009
G9356,Early ind/delivery,M,0.00,0.00,0.00,XXX,33.4009
G9357,Pp eval/edu perf,M,0.00,0.00,0.00,XXX,33.4009
G9358,Pp eval/edu not perf,M,0.00,0.00,0.00,XXX,33.4009
G9361,Doc rsn elect c-sec/induct,M,0.00,0.00,0.00,XXX,33.4009
G9364,Sinus caus bac inx,M,0.00,0.00,0.00,XXX,33.4009
G9367,>= 2 same hi-rsk med ord,M,0.00,0.00,0.00,XXX,33.4009
G9368,>= 2 same hi-rsk med not ord,M,0.00,0.00,0.00,XXX,33.4009
G9380,Off assis eol iss,M,0.00,0.00,0.00,XXX,33.4009
G9382,No off assis eol,M,0.00,0.00,0.00,XXX,33.4009
G9383,Recd scrn hcv infec,M,0.00,0.00,0.00,XXX,33.4009
G9384,Doc med rsn no hcv scrn,M,0.00,0.00,0.00,XXX,33.4009
G9385,Doc pt reas not rec hcv srn,M,0.00,0.00,0.00,XXX,33.4009
G9386,Scrn hcv infec not recd,M,0.00,0.00,0.00,XXX,33.4009
G9393,Ini phq9 >9 remiss <5,M,0.00,0.00,0.00,XXX,33.4009
G9394,"Dx bipol, death, nhres, hosp",M,0.00,0.00,0.00,XXX,33.4009
G9395,Ini phq9 >9 no remiss >=5,M,0.00,0.00,0.00,XXX,33.4009
G9396,Ini phq9 >9 not assess,M,0.00,0.00,0.00,XXX,33.4009
G9408,Card tamp w/in 30d,M,0.00,0.00,0.00,XXX,33.4009
G9409,No card tamp e/in 30d,M,0.00,0.00,0.00,XXX,33.4009
G9410,Admit w/in 180d req remov,M,0.00,0.00,0.00,XXX,33.4009
G9411,No admit w/in 180d req remov,M,0.00,0.00,0.00,XXX,33.4009
G9412,Admit w/in 180d req surg rev,M,0.00,0.00,0.00,XXX,33.4009
G9413,No admit req surg rev,M,0.00,0.00,0.00,XXX,33.4009
G9414,1dose menig vac btwn 10 & 13,M,0.00,0.00,0.00,XXX,33.4009
G9415,No 1dose meni vac btwn 10&13,M,0.00,0.00,0.00,XXX,33.4009
G9416,Pt 1 tdap betw 10-13 yrs,M,0.00,0.00,0.00,XXX,33.4009
G9417,Pt not 1 tdap betw 10-13 yrs,M,0.00,0.00,0.00,XXX,33.4009
G9418,Lungcx bx rpt docs class,M,0.00,0.00,0.00,XXX,33.4009
G9419,Med reas not incl histo type,M,0.00,0.00,0.00,XXX,33.4009
G9420,Spec site no lung,M,0.00,0.00,0.00,XXX,33.4009
G9421,Lung cx bx rpt no doc class,M,0.00,0.00,0.00,XXX,33.4009
G9422,Rpt doc class histo type,M,0.00,0.00,0.00,XXX,33.4009
G9423,Med reas rpt no histo type,M,0.00,0.00,0.00,XXX,33.4009
G9424,Site no lung or lung cx,M,0.00,0.00,0.00,XXX,33.4009
G9425,Spec rpt no doc class histo,M,0.00,0.00,0.00,XXX,33.4009
G9426,Impr med time edarr pain med,M,0.00,0.00,0.00,XXX,33.4009
G9427,No impro med time pain med,M,0.00,0.00,0.00,XXX,33.4009
G9428,Patho rpt incl pt ctg,M,0.00,0.00,0.00,XXX,33.4009
G9429,Doc med rsn no pt cat,M,0.00,0.00,0.00,XXX,33.4009
G9430,Spec site no cutaneous,M,0.00,0.00,0.00,XXX,33.4009
G9431,Patho rpt no pt ctg,M,0.00,0.00,0.00,XXX,33.4009
G9432,Asth controlled,M,0.00,0.00,0.00,XXX,33.4009
G9434,Asth not controlled,M,0.00,0.00,0.00,XXX,33.4009
G9452,Doc med reas no hcv test,M,0.00,0.00,0.00,XXX,33.4009
G9455,"Abd imag w/us, ct or mri",M,0.00,0.00,0.00,XXX,33.4009
G9456,Doc med pt reas no hcc scrn,M,0.00,0.00,0.00,XXX,33.4009
G9457,Pt no abd img no doc rsn,M,0.00,0.00,0.00,XXX,33.4009
G9468,No recd cortico>=10mg/d >60d,M,0.00,0.00,0.00,XXX,33.4009
G9470,No rec cortico>60d 1rx 600mg,M,0.00,0.00,0.00,XXX,33.4009
G9471,W/in 2yr dxa not order,M,0.00,0.00,0.00,XXX,33.4009
G9473,Chap services at hospice,X,0.00,0.00,0.00,XXX,33.4009
G9474,Diet counsel at hospice,X,0.00,0.00,0.00,XXX,33.4009
G9475,Other counselor at hospice,X,0.00,0.00,0.00,XXX,33.4009
G9476,Volun service at hospice,X,0.00,0.00,0.00,XXX,33.4009
G9477,Care coord at hospice,X,0.00,0.00,0.00,XXX,33.4009
G9478,Othe therapist at hospice,X,0.00,0.00,0.00,XXX,33.4009
G9479,Pharmacist at hospice,X,0.00,0.00,0.00,XXX,33.4009
G9480,Admission to mccm,X,0.00,0.00,0.00,XXX,33.4009
G9481,Remote e/m new pt 10mins,A,0.48,0.00,0.06,XXX,33.4009
G9482,Remote e/m new pt 20mins,A,0.93,0.00,0.07,XXX,33.4009
G9483,Remote e/m new pt 30mins,A,1.42,0.00,0.16,XXX,33.4009
G9484,Remote e/m new pt 45mins,A,2.43,0.00,0.24,XXX,33.4009
G9485,Remote e/m new pt 60mins,A,3.17,0.00,0.36,XXX,33.4009
G9486,Remote e/m est. pt 10mins,A,0.48,0.00,0.06,XXX,33.4009
G9487,Remote e/m est. pt 15mins,A,0.97,0.00,0.09,XXX,33.4009
G9488,Remote e/m est. pt 25mins,A,1.50,0.00,0.14,XXX,33.4009
G9489,Remote e/m est. pt 40mins,A,2.11,0.00,0.21,XXX,33.4009
G9490,Cmmi mod home visit,A,0.18,1.32,0.03,XXX,33.4009
G9497,Rec inst no smoke day surg,M,0.00,0.00,0.00,XXX,33.4009
G9498,Abx reg prescribed,M,0.00,0.00,0.00,XXX,33.4009
G9500,Rad expos ind/exp tm doc,M,0.00,0.00,0.00,XXX,33.4009
G9501,Rad expos ind/exp tm no doc,M,0.00,0.00,0.00,XXX,33.4009
G9502,Med reas no perf foot exam,M,0.00,0.00,0.00,XXX,33.4009
G9504,Doc rsn hep b stat not asses,M,0.00,0.00,0.00,XXX,33.4009
G9505,Abx pres w/in 10 dys of symp,M,0.00,0.00,0.00,XXX,33.4009
G9507,Doc reas on statin or contra,M,0.00,0.00,0.00,XXX,33.4009
G9508,Doc pt not on statin,M,0.00,0.00,0.00,XXX,33.4009
G9509,Adit mdd dys rem 12 mnths,M,0.00,0.00,0.00,XXX,33.4009
G9510,Remis12m not phq-9 score <5,M,0.00,0.00,0.00,XXX,33.4009
G9511,Idx evt dte phq>9 doc 12 mo,M,0.00,0.00,0.00,XXX,33.4009
G9512,Indiv pdc > 0.8,M,0.00,0.00,0.00,XXX,33.4009
G9513,Indiv pdc not > 0.8,M,0.00,0.00,0.00,XXX,33.4009
G9514,Req ret or w/in 90d of surg,M,0.00,0.00,0.00,XXX,33.4009
G9515,"No reas, no ret or w/in 90d",M,0.00,0.00,0.00,XXX,33.4009
G9516,Impr vis acuit w/in 90d,M,0.00,0.00,0.00,XXX,33.4009
G9517,No impr vis acuit w/in 90d,M,0.00,0.00,0.00,XXX,33.4009
G9518,Doc active inj drug use,M,0.00,0.00,0.00,XXX,33.4009
G9519,Final ref +/- 1.0 w/in 90d,M,0.00,0.00,0.00,XXX,33.4009
G9520,Refract not +/- 1.0 w/in 90d,M,0.00,0.00,0.00,XXX,33.4009
G9521,Er and ip hosp <2 in 12 mos,M,0.00,0.00,0.00,XXX,33.4009
G9522,Er/ip hosp =/>2 in 12 mos,M,0.00,0.00,0.00,XXX,33.4009
G9529,Minor blunt trauma w/head ct,M,0.00,0.00,0.00,XXX,33.4009
G9530,Pt mbht hd ct ord ec prov,M,0.00,0.00,0.00,XXX,33.4009
G9531,Pt doc,M,0.00,0.00,0.00,XXX,33.4009
G9533,Indic for head ct not valid,M,0.00,0.00,0.00,XXX,33.4009
G9537,Img hd clin trial,M,0.00,0.00,0.00,XXX,33.4009
G9539,Intent pot remv time placemt,M,0.00,0.00,0.00,XXX,33.4009
G9540,Pt alive 3 mos post proc,M,0.00,0.00,0.00,XXX,33.4009
G9541,Filter rem 3 mon plmt,M,0.00,0.00,0.00,XXX,33.4009
G9542,Doc reass appr remo filt 3ms,M,0.00,0.00,0.00,XXX,33.4009
G9543,Doc 2x re-assess filt remov,M,0.00,0.00,0.00,XXX,33.4009
G9544,No filt remov w/in 3mos plcm,M,0.00,0.00,0.00,XXX,33.4009
G9547,Cys ren les or adren,M,0.00,0.00,0.00,XXX,33.4009
G9548,No f/u rec image study,M,0.00,0.00,0.00,XXX,33.4009
G9549,Doc med rsn for f/u imag,M,0.00,0.00,0.00,XXX,33.4009
G9550,Imag rec,M,0.00,0.00,0.00,XXX,33.4009
G9551,Imag no les,M,0.00,0.00,0.00,XXX,33.4009
G9552,Inc thyr node <1.0 in rpt,M,0.00,0.00,0.00,XXX,33.4009
G9553,Prior thyroid dise dx,M,0.00,0.00,0.00,XXX,33.4009
G9554,Ct/cta/mri/a chst foll rec,M,0.00,0.00,0.00,XXX,33.4009
G9555,Doc med rsn for follup image,M,0.00,0.00,0.00,XXX,33.4009
G9556,Ct/cta/mri/a no follup imag,M,0.00,0.00,0.00,XXX,33.4009
G9557,Ct/cta/mri/a no thyr <1.0cm,M,0.00,0.00,0.00,XXX,33.4009
G9580,Door to punc time <2hrs,M,0.00,0.00,0.00,XXX,33.4009
G9582,"Door to punc time >2hr, nrg",M,0.00,0.00,0.00,XXX,33.4009
G9593,Low pecarn ped head trauma,M,0.00,0.00,0.00,XXX,33.4009
G9594,Pt mbht hd ct ord ec prov,M,0.00,0.00,0.00,XXX,33.4009
G9595,Doc shnt/tum/coag,M,0.00,0.00,0.00,XXX,33.4009
G9597,No low pecarn ped head traum,M,0.00,0.00,0.00,XXX,33.4009
G9598,Aor ane 5.5-5.9 cm max diam,M,0.00,0.00,0.00,XXX,33.4009
G9599,Aor ane >=6.0 cm max diam,M,0.00,0.00,0.00,XXX,33.4009
G9603,Pt surv improv bsline tx,M,0.00,0.00,0.00,XXX,33.4009
G9605,Surv score no improv w/tx,M,0.00,0.00,0.00,XXX,33.4009
G9606,Intraop cyst eval trac inj,M,0.00,0.00,0.00,XXX,33.4009
G9607,Doc med rsn not perf cystosc,M,0.00,0.00,0.00,XXX,33.4009
G9608,Intraop cyst eval not done,M,0.00,0.00,0.00,XXX,33.4009
G9609,Doc order anti-plat,M,0.00,0.00,0.00,XXX,33.4009
G9610,Doc md rsn no antipla,M,0.00,0.00,0.00,XXX,33.4009
G9611,No doc order anti-plat rng,M,0.00,0.00,0.00,XXX,33.4009
G9621,Scr unheal etoh w/counsel,M,0.00,0.00,0.00,XXX,33.4009
G9622,No unheal etoh user,M,0.00,0.00,0.00,XXX,33.4009
G9624,Pt not scrn or no counseling,M,0.00,0.00,0.00,XXX,33.4009
G9625,Pt bl srg 30 day pst srg,M,0.00,0.00,0.00,XXX,33.4009
G9626,Med rsn no rpt bladder inj,M,0.00,0.00,0.00,XXX,33.4009
G9627,Pt no bl srg 30 day pst srg,M,0.00,0.00,0.00,XXX,33.4009
G9628,Pt bwli srg 30 day pst srg,M,0.00,0.00,0.00,XXX,33.4009
G9629,Med rsn no rpt bowel inj,M,0.00,0.00,0.00,XXX,33.4009
G9630,Pt no bwli srg 30 day srg,M,0.00,0.00,0.00,XXX,33.4009
G9637,Doc >1 dose reduc tech,M,0.00,0.00,0.00,XXX,33.4009
G9638,No doc >1 dose reduc tech,M,0.00,0.00,0.00,XXX,33.4009
G9642,Current smoker,M,0.00,0.00,0.00,XXX,33.4009
G9643,Elective surgery,M,0.00,0.00,0.00,XXX,33.4009
G9644,No smok b/4 anes day of surg,M,0.00,0.00,0.00,XXX,33.4009
G9645,Had smoke b/4 anes day surg,M,0.00,0.00,0.00,XXX,33.4009
G9646,Pt w/90d mrs 0-2,M,0.00,0.00,0.00,XXX,33.4009
G9648,Pt w/90d mrs >2,M,0.00,0.00,0.00,XXX,33.4009
G9649,Psor as doc spc bm,M,0.00,0.00,0.00,XXX,33.4009
G9651,Psor as doc no spc bm,M,0.00,0.00,0.00,XXX,33.4009
G9654,Mon anesth care,M,0.00,0.00,0.00,XXX,33.4009
G9655,Toc tool incl key elem,M,0.00,0.00,0.00,XXX,33.4009
G9656,Pt trans from anest to pacu,M,0.00,0.00,0.00,XXX,33.4009
G9658,Toc tool incl elem not used,M,0.00,0.00,0.00,XXX,33.4009
G9659,>=86y scr colo nomed rsn,M,0.00,0.00,0.00,XXX,33.4009
G9660,Doc med rsn colo pt >= 86y,M,0.00,0.00,0.00,XXX,33.4009
G9661,Pt >= 86  w/ hi risk,M,0.00,0.00,0.00,XXX,33.4009
G9662,Prior dx/active clin ascvd,M,0.00,0.00,0.00,XXX,33.4009
G9663,Fast/dir ldl >= 190 mg/dl,M,0.00,0.00,0.00,XXX,33.4009
G9664,Taking statin or rec'd order,M,0.00,0.00,0.00,XXX,33.4009
G9665,No statin/no order statin,M,0.00,0.00,0.00,XXX,33.4009
G9674,Pt w/clin ascvd dx,M,0.00,0.00,0.00,XXX,33.4009
G9675,Pt w/fast/dir lab ldl-c >190,M,0.00,0.00,0.00,XXX,33.4009
G9676,40-75y w/type 1/2 w/ldl-c rs,M,0.00,0.00,0.00,XXX,33.4009
G9679,Acute care pneumonia,X,0.00,0.00,0.00,XXX,33.4009
G9680,Acute care congestive heart,X,0.00,0.00,0.00,XXX,33.4009
G9681,Acute care chronic obstruct,X,0.00,0.00,0.00,XXX,33.4009
G9682,Acute care skin infection,X,0.00,0.00,0.00,XXX,33.4009
G9683,Acute fluid/electro disorder,X,0.00,0.00,0.00,XXX,33.4009
G9684,Acute care urinary tract inf,X,0.00,0.00,0.00,XXX,33.4009
G9685,Acute nursing facility care,A,3.50,0.90,0.29,XXX,33.4009
G9687,Hospice anytime msmt per,M,0.00,0.00,0.00,XXX,33.4009
G9688,Pt w/hosp anytime msmt per,M,0.00,0.00,0.00,XXX,33.4009
G9689,Inpt elect carotid intervent,M,0.00,0.00,0.00,XXX,33.4009
G9690,Pt in hos,M,0.00,0.00,0.00,XXX,33.4009
G9691,Pt hosp dur msmt period,M,0.00,0.00,0.00,XXX,33.4009
G9692,Hosp recd by pt dur msmt per,M,0.00,0.00,0.00,XXX,33.4009
G9693,Pt use hosp during msmt per,M,0.00,0.00,0.00,XXX,33.4009
G9694,Hosp srv used pt in msmt per,M,0.00,0.00,0.00,XXX,33.4009
G9695,Long act inhal bronchdil pre,M,0.00,0.00,0.00,XXX,33.4009
G9696,Med rsn no presc bronchdil,M,0.00,0.00,0.00,XXX,33.4009
G9698,Sys rsn no presc bronchdil,M,0.00,0.00,0.00,XXX,33.4009
G9699,Long inhal bronchdil no pres,M,0.00,0.00,0.00,XXX,33.4009
G9700,Pt is w/hosp during msmt per,M,0.00,0.00,0.00,XXX,33.4009
G9702,Pt use hosp during msmt per,M,0.00,0.00,0.00,XXX,33.4009
G9703,Anbx 30 prior to episode,M,0.00,0.00,0.00,XXX,33.4009
G9704,Ajcc br ca stg i: t1 mic/t1a,M,0.00,0.00,0.00,XXX,33.4009
G9705,Ajcc br ca stg ib,M,0.00,0.00,0.00,XXX,33.4009
G9706,Low recur prost ca,M,0.00,0.00,0.00,XXX,33.4009
G9708,Bilat mast/hx bi /unilat mas,M,0.00,0.00,0.00,XXX,33.4009
G9709,Hosp srv used pt in msmt per,M,0.00,0.00,0.00,XXX,33.4009
G9710,Pt prov hosp srv msmt per,M,0.00,0.00,0.00,XXX,33.4009
G9711,Pt hx tot col or colon ca,M,0.00,0.00,0.00,XXX,33.4009
G9712,Doc med rsn presc anbx,M,0.00,0.00,0.00,XXX,33.4009
G9713,Pt use hosp during msmt per,M,0.00,0.00,0.00,XXX,33.4009
G9714,Pt is w/hosp during msmt per,M,0.00,0.00,0.00,XXX,33.4009
G9716,Bmi doc onl fup not cmpltd,M,0.00,0.00,0.00,XXX,33.4009
G9717,Doc pt dx bipol,M,0.00,0.00,0.00,XXX,33.4009
G9719,Pt not ambul/immob/wc,M,0.00,0.00,0.00,XXX,33.4009
G9720,Hospice anytime msmt per,M,0.00,0.00,0.00,XXX,33.4009
G9721,Pt not ambul/immob/wc,M,0.00,0.00,0.00,XXX,33.4009
G9722,Doc hx renal fail or cr+ >=4,M,0.00,0.00,0.00,XXX,33.4009
G9723,Hosp recd by pt dur msmt per,M,0.00,0.00,0.00,XXX,33.4009
G9724,Pt w/doc use anticoag mst yr,M,0.00,0.00,0.00,XXX,33.4009
G9726,Refused to participate,M,0.00,0.00,0.00,XXX,33.4009
G9727,Pt unable cmplt lepf prom,M,0.00,0.00,0.00,XXX,33.4009
G9728,Refused to participate,M,0.00,0.00,0.00,XXX,33.4009
G9729,Pt unbl cmplt lepf prom,M,0.00,0.00,0.00,XXX,33.4009
G9730,Refused to participate,M,0.00,0.00,0.00,XXX,33.4009
G9731,Pt unbl cmplt lepf prom,M,0.00,0.00,0.00,XXX,33.4009
G9732,Refused to participate,M,0.00,0.00,0.00,XXX,33.4009
G9733,Pt unbl cmplt lb fs prom,M,0.00,0.00,0.00,XXX,33.4009
G9734,Refused to participate,M,0.00,0.00,0.00,XXX,33.4009
G9735,Pt unbl cmplt shld fs prom,M,0.00,0.00,0.00,XXX,33.4009
G9736,Refused to participate,M,0.00,0.00,0.00,XXX,33.4009
G9737,Pt unbl cmplt ewh fs prom,M,0.00,0.00,0.00,XXX,33.4009
G9740,Hosp srv to pt dur msmt per,M,0.00,0.00,0.00,XXX,33.4009
G9741,Pt w/hosp anytime msmt per,M,0.00,0.00,0.00,XXX,33.4009
G9744,Pt not eli d/t act dig htn,M,0.00,0.00,0.00,XXX,33.4009
G9745,Doc rsn no hbp scrn or f/u,M,0.00,0.00,0.00,XXX,33.4009
G9746,"Mit sten, valve or trans af",M,0.00,0.00,0.00,XXX,33.4009
G9752,Urgent surgery,M,0.00,0.00,0.00,XXX,33.4009
G9753,"Doc no dicom, ct other fac",M,0.00,0.00,0.00,XXX,33.4009
G9754,Incid pulm nodule,M,0.00,0.00,0.00,XXX,33.4009
G9755,Doc med rsn no fllw up,M,0.00,0.00,0.00,XXX,33.4009
G9756,Surg proc w/silicone oil,M,0.00,0.00,0.00,XXX,33.4009
G9757,Surg proc w/silicone oil,M,0.00,0.00,0.00,XXX,33.4009
G9758,Pt in hos,M,0.00,0.00,0.00,XXX,33.4009
G9761,Pt w/hosp anytime msmt per,M,0.00,0.00,0.00,XXX,33.4009
G9762,Pt had >= 2-3 hpv vaccines,M,0.00,0.00,0.00,XXX,33.4009
G9763,Pt not have 2-3 hpv vaccines,M,0.00,0.00,0.00,XXX,33.4009
G9764,Pt treatd w/oral syst or bio,M,0.00,0.00,0.00,XXX,33.4009
G9765,Doc pat declined therapy,M,0.00,0.00,0.00,XXX,33.4009
G9766,Cva stroke dx tx transf fac,M,0.00,0.00,0.00,XXX,33.4009
G9767,Hosp new dx cva consid evst,M,0.00,0.00,0.00,XXX,33.4009
G9768,Pt w/hosp anytime msmt per,M,0.00,0.00,0.00,XXX,33.4009
G9769,Bn den 2yr/got ost med/ther,M,0.00,0.00,0.00,XXX,33.4009
G9770,Perip nerve block,M,0.00,0.00,0.00,XXX,33.4009
G9771,"Anes end, 1 temp >35.5(95.9)",M,0.00,0.00,0.00,XXX,33.4009
G9772,Doc med rsn no temp >= 35.5,M,0.00,0.00,0.00,XXX,33.4009
G9773,1 bod temp >=35.5,M,0.00,0.00,0.00,XXX,33.4009
G9775,Recd 2 anti-emet pre/intraop,M,0.00,0.00,0.00,XXX,33.4009
G9776,Doc med rsn no proph antiem,M,0.00,0.00,0.00,XXX,33.4009
G9777,Pt no antiemet pre/intraop,M,0.00,0.00,0.00,XXX,33.4009
G9779,Pts breastfeeding,M,0.00,0.00,0.00,XXX,33.4009
G9780,Pts dx w/rhabdomyolysis,M,0.00,0.00,0.00,XXX,33.4009
G9781,Doc rsn no statin,M,0.00,0.00,0.00,XXX,33.4009
G9782,Hx dx fam/pure hypercholes,M,0.00,0.00,0.00,XXX,33.4009
G9784,Path/derm prov 2nd biop opin,M,0.00,0.00,0.00,XXX,33.4009
G9785,Path report sent,M,0.00,0.00,0.00,XXX,33.4009
G9786,Path report not sent,M,0.00,0.00,0.00,XXX,33.4009
G9787,Pt alive,M,0.00,0.00,0.00,XXX,33.4009
G9788,Most rct bp </= 130/80,M,0.00,0.00,0.00,XXX,33.4009
G9789,"Record bp ip, er, urg/self",M,0.00,0.00,0.00,XXX,33.4009
G9790,Most rct bp >/= 130/80,M,0.00,0.00,0.00,XXX,33.4009
G9791,Most rct tob stat free,M,0.00,0.00,0.00,XXX,33.4009
G9792,Most rct tob stat not free,M,0.00,0.00,0.00,XXX,33.4009
G9793,Pt on daily asa/antiplat,M,0.00,0.00,0.00,XXX,33.4009
G9794,Doc med rsn no daily aspirin,M,0.00,0.00,0.00,XXX,33.4009
G9795,Pt no daily asa/antiplat,M,0.00,0.00,0.00,XXX,33.4009
G9796,Pt currently on statin,M,0.00,0.00,0.00,XXX,33.4009
G9797,Pt not currently on statin,M,0.00,0.00,0.00,XXX,33.4009
G9805,Pt w/hosp anytime msmt per,M,0.00,0.00,0.00,XXX,33.4009
G9806,Pt recd cerv cyto/hpv,M,0.00,0.00,0.00,XXX,33.4009
G9807,Pt no recd cerv cyto/hpv,M,0.00,0.00,0.00,XXX,33.4009
G9812,Pt died during inpt/30d aft,M,0.00,0.00,0.00,XXX,33.4009
G9813,Pt not died w/in 30d of proc,M,0.00,0.00,0.00,XXX,33.4009
G9818,Doc sex activity,M,0.00,0.00,0.00,XXX,33.4009
G9819,Pt w/hosp anytime msmt per,M,0.00,0.00,0.00,XXX,33.4009
G9820,Doc chlam scr test w/follow,M,0.00,0.00,0.00,XXX,33.4009
G9821,No doc chlam scr ts w/follow,M,0.00,0.00,0.00,XXX,33.4009
G9822,Endo abl proc yr prev ind dt,M,0.00,0.00,0.00,XXX,33.4009
G9823,Endo smpl/hyst bx res doc,M,0.00,0.00,0.00,XXX,33.4009
G9824,Endo smpl/hyst bx res no doc,M,0.00,0.00,0.00,XXX,33.4009
G9830,Her-2 pos,M,0.00,0.00,0.00,XXX,33.4009
G9831,Ajcc stg brt ca dx ii or iii,M,0.00,0.00,0.00,XXX,33.4009
G9832,Br ca stg = 1 t stg = t1c,M,0.00,0.00,0.00,XXX,33.4009
G9838,Pt met dis at dx,M,0.00,0.00,0.00,XXX,33.4009
G9839,Anti-egfr mon anti ther,M,0.00,0.00,0.00,XXX,33.4009
G9840,Gene testing performed,M,0.00,0.00,0.00,XXX,33.4009
G9841,Gene testing not performed,M,0.00,0.00,0.00,XXX,33.4009
G9842,Pt met dis at dx,M,0.00,0.00,0.00,XXX,33.4009
G9843,Kras or nras gene mutation,M,0.00,0.00,0.00,XXX,33.4009
G9844,Pt no recd anti-egfr ther,M,0.00,0.00,0.00,XXX,33.4009
G9845,Pt recd anti-egfr ther,M,0.00,0.00,0.00,XXX,33.4009
G9846,Pt died from cancer,M,0.00,0.00,0.00,XXX,33.4009
G9847,Pt recd chemo last 14d life,M,0.00,0.00,0.00,XXX,33.4009
G9848,Pt no chemo last 14d life,M,0.00,0.00,0.00,XXX,33.4009
G9858,Pt enroll hospice,M,0.00,0.00,0.00,XXX,33.4009
G9859,Pt died from cancer,M,0.00,0.00,0.00,XXX,33.4009
G9860,Pt less 3d hospice,M,0.00,0.00,0.00,XXX,33.4009
G9861,Pt more than 3d hospice,M,0.00,0.00,0.00,XXX,33.4009
G9862,Doc rsn no 10 yr follow,M,0.00,0.00,0.00,XXX,33.4009
G9868,Cmmi asyntelehealth <10min,A,0.80,0.00,0.00,XXX,33.4009
G9869,Cmmi asyntelehealth 10-20min,A,1.07,0.00,0.00,XXX,33.4009
G9870,Cmmi asyntelehealth >20min,A,1.34,0.00,0.00,XXX,33.4009
G9871,"Bhv couns dm prev, onln 60 m",X,0.00,0.00,0.00,XXX,33.4009
G9873,1 em core session,X,0.00,0.00,0.00,XXX,33.4009
G9874,4 em core sessions,X,0.00,0.00,0.00,XXX,33.4009
G9875,9 em core sessions,X,0.00,0.00,0.00,XXX,33.4009
G9876,2 em core ms mo 7-9 no wl,X,0.00,0.00,0.00,XXX,33.4009
G9877,2 em core ms mo 10-12 no wl,X,0.00,0.00,0.00,XXX,33.4009
G9878,2 em core ms mo 7-9 wl,X,0.00,0.00,0.00,XXX,33.4009
G9879,2 em core ms mo 10-12 wl,X,0.00,0.00,0.00,XXX,33.4009
G9880,Em 5 percent wl,X,0.00,0.00,0.00,XXX,33.4009
G9881,Em 9 percent wl,X,0.00,0.00,0.00,XXX,33.4009
G9882,2 em ongoing ms mo 13-15 wl,X,0.00,0.00,0.00,XXX,33.4009
G9883,2 em ongoing ms mo 16-18 wl,X,0.00,0.00,0.00,XXX,33.4009
G9884,2 em ongoing ms mo 19-21 wl,X,0.00,0.00,0.00,XXX,33.4009
G9885,2 em ongoing ms mo 22-24 wl,X,0.00,0.00,0.00,XXX,33.4009
G9886,In-person attendance g code,X,0.00,0.00,0.00,XXX,33.4009
G9887,Distance learning attendance,X,0.00,0.00,0.00,XXX,33.4009
G9888,5% wl maintnd from bsline wt,X,0.00,0.00,0.00,XXX,33.4009
G9890,Em bridge payment,X,0.00,0.00,0.00,XXX,33.4009
G9891,Em session reporting,X,0.00,0.00,0.00,XXX,33.4009
G9894,Adr dep thrpy prescribed,M,0.00,0.00,0.00,XXX,33.4009
G9895,Doc med rsn no adr dep thrpy,M,0.00,0.00,0.00,XXX,33.4009
G9896,Doc pt rsn no adr dep thrpy,M,0.00,0.00,0.00,XXX,33.4009
G9897,Pt nt prsc adr dep thrpy rng,M,0.00,0.00,0.00,XXX,33.4009
G9898,Pt 66+ snp or ltc pos > 90d,M,0.00,0.00,0.00,XXX,33.4009
G9899,Scrn mam perf rslts doc,M,0.00,0.00,0.00,XXX,33.4009
G9900,Scrn mam perf rslts not doc,M,0.00,0.00,0.00,XXX,33.4009
G9901,Pt 66+ snp or ltc pos > 90d,M,0.00,0.00,0.00,XXX,33.4009
G9902,Pt scrn tbco and id as user,M,0.00,0.00,0.00,XXX,33.4009
G9903,Pt scrn tbco id as non user,M,0.00,0.00,0.00,XXX,33.4009
G9905,No pt tbco scrn rng,M,0.00,0.00,0.00,XXX,33.4009
G9906,Pt recv tbco cess interv,M,0.00,0.00,0.00,XXX,33.4009
G9908,No pt tbco cess interv rng,M,0.00,0.00,0.00,XXX,33.4009
G9910,Pt 66+ snp or ltc pos > 90d,M,0.00,0.00,0.00,XXX,33.4009
G9911,Node neg pre/post syst ther,M,0.00,0.00,0.00,XXX,33.4009
G9912,Hbv status assesed and int,M,0.00,0.00,0.00,XXX,33.4009
G9913,No hbv status assesd and int,M,0.00,0.00,0.00,XXX,33.4009
G9914,Pt initiated anti-tnf agent,M,0.00,0.00,0.00,XXX,33.4009
G9915,No documntd hbv results rcd,M,0.00,0.00,0.00,XXX,33.4009
G9916,Funct status past 12 months,M,0.00,0.00,0.00,XXX,33.4009
G9917,Adv dem crgvr limited,M,0.00,0.00,0.00,XXX,33.4009
G9918,"No funct stat perf, rsn nos",M,0.00,0.00,0.00,XXX,33.4009
G9919,Scrn nd pos nd prov of rec,I,0.00,0.00,0.00,XXX,33.4009
G9920,Scrning perf and negative,I,0.00,0.00,0.00,XXX,33.4009
G9922,Sfty cncrns scrn nd mit recs,M,0.00,0.00,0.00,XXX,33.4009
G9923,Safty cncrns scrn and neg,M,0.00,0.00,0.00,XXX,33.4009
G9925,No scrn prov rsn nos,M,0.00,0.00,0.00,XXX,33.4009
G9926,Sfty cncrns scrn but no recs,M,0.00,0.00,0.00,XXX,33.4009
G9928,No warf or fda drug presc,M,0.00,0.00,0.00,XXX,33.4009
G9929,Trs/rev af,M,0.00,0.00,0.00,XXX,33.4009
G9930,Com care,M,0.00,0.00,0.00,XXX,33.4009
G9931,No chad or chad scr 0 or 1,M,0.00,0.00,0.00,XXX,33.4009
G9938,Pt 66+ snp or ltc pos > 90d,M,0.00,0.00,0.00,XXX,33.4009
G9939,Same path/derm perf biopsy,M,0.00,0.00,0.00,XXX,33.4009
G9940,Doc reas no statin therapy,M,0.00,0.00,0.00,XXX,33.4009
G9943,Bk pn nt msr vas scl pre/pst,M,0.00,0.00,0.00,XXX,33.4009
G9945,Pt w/cancer scoliosis,M,0.00,0.00,0.00,XXX,33.4009
G9946,Bk pain no vas,M,0.00,0.00,0.00,XXX,33.4009
G9949,Leg pain no vas,M,0.00,0.00,0.00,XXX,33.4009
G9954,Pt >2 rsk fac post-op vomit,M,0.00,0.00,0.00,XXX,33.4009
G9955,Inhlnt anesth only for induc,M,0.00,0.00,0.00,XXX,33.4009
G9956,Combo thrpy of >= 2 prophly,M,0.00,0.00,0.00,XXX,33.4009
G9957,Doc med rsn no combo thrpy,M,0.00,0.00,0.00,XXX,33.4009
G9958,No combo prohpyl thrp for pt,M,0.00,0.00,0.00,XXX,33.4009
G9959,Systemic antimicro not presc,M,0.00,0.00,0.00,XXX,33.4009
G9960,Med rsn sys antimi nt rx,M,0.00,0.00,0.00,XXX,33.4009
G9961,Systemic antimicro presc,M,0.00,0.00,0.00,XXX,33.4009
G9962,Embolization doc separatly,M,0.00,0.00,0.00,XXX,33.4009
G9963,Embolization not doc separat,M,0.00,0.00,0.00,XXX,33.4009
G9964,Pt recv >=1 well-chld visit,M,0.00,0.00,0.00,XXX,33.4009
G9965,No well-chld vist recv by pt,M,0.00,0.00,0.00,XXX,33.4009
G9968,Pt refrd 2 pvdr/spclst in pp,M,0.00,0.00,0.00,XXX,33.4009
G9969,Pvdr rfrd pt rprt rcvd,M,0.00,0.00,0.00,XXX,33.4009
G9970,Pvdr rfrd pt no rprt rcvd,M,0.00,0.00,0.00,XXX,33.4009
G9978,Remote e/m new pt 10mins,A,0.48,0.17,0.06,XXX,33.4009
G9979,Remote e/m new pt 20mins,A,0.93,0.23,0.07,XXX,33.4009
G9980,Remote e/m new pt 30 mins,A,1.42,0.38,0.16,XXX,33.4009
G9981,Remote e/m new pt 45mins,A,2.43,0.66,0.24,XXX,33.4009
G9982,Remote e/m new pt 60mins,A,3.17,0.94,0.36,XXX,33.4009
G9983,Remote e/m est. pt 10mins,A,0.48,0.17,0.06,XXX,33.4009
G9984,Remote e/m est. pt  15mins,A,0.97,0.33,0.09,XXX,33.4009
G9985,Remote e/m est. pt 25mins,A,1.50,0.47,0.14,XXX,33.4009
G9986,Remote e/m est. pt 40mins,A,2.11,0.75,0.21,XXX,33.4009
G9987,Bpci advanced in home visit,A,0.18,1.32,0.03,XXX,33.4009
G9988,Pall serv during meas,M,0.00,0.00,0.00,XXX,33.4009
G9992,Pall serv during meas,M,0.00,0.00,0.00,XXX,33.4009
G9993,Pall serv during meas,M,0.00,0.00,0.00,XXX,33.4009
G9994,Pall serv during meas,M,0.00,0.00,0.00,XXX,33.4009
G9996,Doc pt pal or hospice,M,0.00,0.00,0.00,XXX,33.4009
G9997,Doc pt preg dur msrmt pd,M,0.00,0.00,0.00,XXX,33.4009
G9998,Doc med rsn <3 colon,M,0.00,0.00,0.00,XXX,33.4009
G9999,Doc sys rsn <3 colon,M,0.00,0.00,0.00,XXX,33.4009
GXXX1,"Bhv couns dm prev, onln 60 m",X,0.00,0.00,0.00,XXX,33.4009
H0001,Alcohol and/or drug assess,I,0.00,0.00,0.00,XXX,33.4009
H0002,Alcohol and/or drug screenin,I,0.00,0.00,0.00,XXX,33.4009
H0003,Alcohol and/or drug screenin,I,0.00,0.00,0.00,XXX,33.4009
H0004,Alcohol and/or drug services,I,0.00,0.00,0.00,XXX,33.4009
H0005,Alcohol and/or drug services,I,0.00,0.00,0.00,XXX,33.4009
H0006,Alcohol and/or drug services,I,0.00,0.00,0.00,XXX,33.4009
H0007,Alcohol and/or drug services,I,0.00,0.00,0.00,XXX,33.4009
H0008,Alcohol and/or drug services,I,0.00,0.00,0.00,XXX,33.4009
H0009,Alcohol and/or drug services,I,0.00,0.00,0.00,XXX,33.4009
H0010,Alcohol and/or drug services,I,0.00,0.00,0.00,XXX,33.4009
H0011,Alcohol and/or drug services,I,0.00,0.00,0.00,XXX,33.4009
H0012,Alcohol and/or drug services,I,0.00,0.00,0.00,XXX,33.4009
H0013,Alcohol and/or drug services,I,0.00,0.00,0.00,XXX,33.4009
H0014,Alcohol and/or drug services,I,0.00,0.00,0.00,XXX,33.4009
H0015,Alcohol and/or drug services,I,0.00,0.00,0.00,XXX,33.4009
H0016,Alcohol and/or drug services,I,0.00,0.00,0.00,XXX,33.4009
H0017,Alcohol and/or drug services,I,0.00,0.00,0.00,XXX,33.4009
H0018,Alcohol and/or drug services,I,0.00,0.00,0.00,XXX,33.4009
H0019,Alcohol and/or drug services,I,0.00,0.00,0.00,XXX,33.4009
H0020,Alcohol and/or drug services,I,0.00,0.00,0.00,XXX,33.4009
H0021,Alcohol and/or drug training,I,0.00,0.00,0.00,XXX,33.4009
H0022,Alcohol and/or drug interven,I,0.00,0.00,0.00,XXX,33.4009
H0023,Alcohol and/or drug outreach,I,0.00,0.00,0.00,XXX,33.4009
H0024,Alcohol and/or drug preventi,I,0.00,0.00,0.00,XXX,33.4009
H0025,Alcohol and/or drug preventi,I,0.00,0.00,0.00,XXX,33.4009
H0026,Alcohol and/or drug preventi,I,0.00,0.00,0.00,XXX,33.4009
H0027,Alcohol and/or drug preventi,I,0.00,0.00,0.00,XXX,33.4009
H0028,Alcohol and/or drug preventi,I,0.00,0.00,0.00,XXX,33.4009
H0029,Alcohol and/or drug preventi,I,0.00,0.00,0.00,XXX,33.4009
H0030,Alcohol and/or drug hotline,I,0.00,0.00,0.00,XXX,33.4009
H0031,Mh health assess by non-md,I,0.00,0.00,0.00,XXX,33.4009
H0032,Mh svc plan dev by non-md,I,0.00,0.00,0.00,XXX,33.4009
H0033,Oral med adm direct observe,I,0.00,0.00,0.00,XXX,33.4009
H0034,Med trng & support per 15min,I,0.00,0.00,0.00,XXX,33.4009
H0035,Mh partial hosp tx under 24h,I,0.00,0.00,0.00,XXX,33.4009
H0036,Comm psy face-face per 15min,I,0.00,0.00,0.00,XXX,33.4009
H0037,Comm psy sup tx pgm per diem,I,0.00,0.00,0.00,XXX,33.4009
H0038,Self-help/peer svc per 15min,I,0.00,0.00,0.00,XXX,33.4009
H0039,Asser com tx face-face/15min,I,0.00,0.00,0.00,XXX,33.4009
H0040,Assert comm tx pgm per diem,I,0.00,0.00,0.00,XXX,33.4009
H0041,Fos c chld non-ther per diem,I,0.00,0.00,0.00,XXX,33.4009
H0042,Fos c chld non-ther per mon,I,0.00,0.00,0.00,XXX,33.4009
H0043,"Supported housing, per diem",I,0.00,0.00,0.00,XXX,33.4009
H0044,"Supported housing, per month",I,0.00,0.00,0.00,XXX,33.4009
H0045,Respite not-in-home per diem,I,0.00,0.00,0.00,XXX,33.4009
H0046,"Mental health service, nos",I,0.00,0.00,0.00,XXX,33.4009
H0047,Alcohol/drug abuse svc nos,I,0.00,0.00,0.00,XXX,33.4009
H0048,Spec coll non-blood:a/d test,I,0.00,0.00,0.00,XXX,33.4009
H0049,Alcohol/drug screening,I,0.00,0.00,0.00,XXX,33.4009
H0050,Alcohol/drug service 15 min,I,0.00,0.00,0.00,XXX,33.4009
H0051,Traditional healing service,I,0.00,0.00,0.00,XXX,33.4009
H0052,Mmip mental health and care,I,0.00,0.00,0.00,XXX,33.4009
H0053,Ht mental health and care,I,0.00,0.00,0.00,XXX,33.4009
H1000,Prenatal care atrisk assessm,I,0.00,0.00,0.00,XXX,33.4009
H1001,Antepartum management,I,0.00,0.00,0.00,XXX,33.4009
H1002,Carecoordination prenatal,I,0.00,0.00,0.00,XXX,33.4009
H1003,Prenatal at risk education,I,0.00,0.00,0.00,XXX,33.4009
H1004,Follow up home visit/prental,I,0.00,0.00,0.00,XXX,33.4009
H1005,Prenatalcare enhanced srv pk,I,0.00,0.00,0.00,XXX,33.4009
H1010,Nonmed family planning ed,I,0.00,0.00,0.00,XXX,33.4009
H1011,Family assessment,I,0.00,0.00,0.00,XXX,33.4009
H2000,Comp multidisipln evaluation,I,0.00,0.00,0.00,XXX,33.4009
H2001,Rehabilitation program 1/2 d,I,0.00,0.00,0.00,XXX,33.4009
H2010,Comprehensive med svc 15 min,I,0.00,0.00,0.00,XXX,33.4009
H2011,"Crisis interven svc, 15 min",I,0.00,0.00,0.00,XXX,33.4009
H2012,"Behav hlth day treat, per hr",I,0.00,0.00,0.00,XXX,33.4009
H2013,"Psych hlth fac svc, per diem",I,0.00,0.00,0.00,XXX,33.4009
H2014,"Skills train and dev, 15 min",I,0.00,0.00,0.00,XXX,33.4009
H2015,"Comp comm supp svc, 15 min",I,0.00,0.00,0.00,XXX,33.4009
H2016,"Comp comm supp svc, per diem",I,0.00,0.00,0.00,XXX,33.4009
H2017,"Psysoc rehab svc, per 15 min",I,0.00,0.00,0.00,XXX,33.4009
H2018,"Psysoc rehab svc, per diem",I,0.00,0.00,0.00,XXX,33.4009
H2019,"Ther behav svc, per 15 min",I,0.00,0.00,0.00,XXX,33.4009
H2020,"Ther behav svc, per diem",I,0.00,0.00,0.00,XXX,33.4009
H2021,"Com wrap-around sv, 15 min",I,0.00,0.00,0.00,XXX,33.4009
H2022,"Com wrap-around sv, per diem",I,0.00,0.00,0.00,XXX,33.4009
H2023,"Supported employ, per 15 min",I,0.00,0.00,0.00,XXX,33.4009
H2024,"Supported employ, per diem",I,0.00,0.00,0.00,XXX,33.4009
H2025,"Supp maint employ, 15 min",I,0.00,0.00,0.00,XXX,33.4009
H2026,"Supp maint employ, per diem",I,0.00,0.00,0.00,XXX,33.4009
H2027,"Psychoed svc, per 15 min",I,0.00,0.00,0.00,XXX,33.4009
H2028,"Sex offend tx svc, 15 min",I,0.00,0.00,0.00,XXX,33.4009
H2029,"Sex offend tx svc, per diem",I,0.00,0.00,0.00,XXX,33.4009
H2030,"Mh clubhouse svc, per 15 min",I,0.00,0.00,0.00,XXX,33.4009
H2031,"Mh clubhouse svc, per diem",I,0.00,0.00,0.00,XXX,33.4009
H2032,"Activity therapy, per 15 min",I,0.00,0.00,0.00,XXX,33.4009
H2033,Multisys ther/juvenile 15min,I,0.00,0.00,0.00,XXX,33.4009
H2034,"A/d halfway house, per diem",I,0.00,0.00,0.00,XXX,33.4009
H2035,"A/d tx program, per hour",I,0.00,0.00,0.00,XXX,33.4009
H2036,"A/d tx program, per diem",I,0.00,0.00,0.00,XXX,33.4009
H2037,"Dev delay prev dp ch, 15 min",I,0.00,0.00,0.00,XXX,33.4009
H2038,Skill train and dev/diem,I,0.00,0.00,0.00,XXX,33.4009
H2040,"Coord specialty care, month",I,0.00,0.00,0.00,XXX,33.4009
H2041,Coord special care encounter,I,0.00,0.00,0.00,XXX,33.4009
J0013,"Esketamine, nasal spray",N,0.00,0.00,0.00,XXX,33.4009
J0120,Tetracyclin injection,E,0.00,0.00,0.00,XXX,33.4009
J0121,"Inj., omadacycline, 1 mg",E,0.00,0.00,0.00,XXX,33.4009
J0122,"Inj., eravacycline, 1 mg",E,0.00,0.00,0.00,XXX,33.4009
J0129,Abatacept injection,E,0.00,0.00,0.00,XXX,33.4009
J0130,Abciximab injection,E,0.00,0.00,0.00,XXX,33.4009
J0131,"Inj, acetaminophen (nos)",E,0.00,0.00,0.00,XXX,33.4009
J0132,Acetylcysteine injection,E,0.00,0.00,0.00,XXX,33.4009
J0133,Acyclovir injection,E,0.00,0.00,0.00,XXX,33.4009
J0134,Inj acetaminophen -fresenius,E,0.00,0.00,0.00,XXX,33.4009
J0136,"Inj, acetaminophen (b braun)",E,0.00,0.00,0.00,XXX,33.4009
J0137,"Inj, acetaminophen (hikma)",E,0.00,0.00,0.00,XXX,33.4009
J0138,Inj acetaminoph 10mg/ibu 3mg,E,0.00,0.00,0.00,XXX,33.4009
J0139,"Inj, adalimumab, 1 mg",N,0.00,0.00,0.00,XXX,33.4009
J0153,Adenosine inj 1mg,E,0.00,0.00,0.00,XXX,33.4009
J0162,Inj epinephrine (fresenius),E,0.00,0.00,0.00,XXX,33.4009
J0163,Epinephrine in nacl (endo),E,0.00,0.00,0.00,XXX,33.4009
J0164,Epinephrine in nacl (baxter),E,0.00,0.00,0.00,XXX,33.4009
J0165,Inj epinephrine nos 0.1 mg,E,0.00,0.00,0.00,XXX,33.4009
J0166,Inj epinephrine (bpi),E,0.00,0.00,0.00,XXX,33.4009
J0167,Inj epinephrine (hospira),E,0.00,0.00,0.00,XXX,33.4009
J0168,Epinephrine (intl med sys),E,0.00,0.00,0.00,XXX,33.4009
J0169,Inj epinephrine (adrenalin),E,0.00,0.00,0.00,XXX,33.4009
J0174,"Lecanemab-irmb, for iv inj",E,0.00,0.00,0.00,XXX,33.4009
J0175,"Inj, donanemab-azbt, 2 mg",E,0.00,0.00,0.00,XXX,33.4009
J0177,"Inj, aflibercept hd, 1 mg",E,0.00,0.00,0.00,XXX,33.4009
J0178,Aflibercept injection,E,0.00,0.00,0.00,XXX,33.4009
J0179,"Inj, brolucizumab-dbll, 1 mg",E,0.00,0.00,0.00,XXX,33.4009
J0180,Agalsidase beta injection,E,0.00,0.00,0.00,XXX,33.4009
J0184,"Inj, amisulpride, 1 mg",E,0.00,0.00,0.00,XXX,33.4009
J0185,"Inj., aprepitant, 1 mg",E,0.00,0.00,0.00,XXX,33.4009
J0202,"Injection, alemtuzumab",E,0.00,0.00,0.00,XXX,33.4009
J0206,Inj allopurinol sodium 1 mg,E,0.00,0.00,0.00,XXX,33.4009
J0207,Amifostine,E,0.00,0.00,0.00,XXX,33.4009
J0208,"Inj, pedmark, 100 mg",E,0.00,0.00,0.00,XXX,33.4009
J0209,"Inj, sod thiosulfate (hope)",E,0.00,0.00,0.00,XXX,33.4009
J0210,Methyldopate hcl injection,E,0.00,0.00,0.00,XXX,33.4009
J0211,"Inj, nithiodote, 3mg / 125mg",E,0.00,0.00,0.00,XXX,33.4009
J0216,"Inj, alfentanil hcl, 500mcg",E,0.00,0.00,0.00,XXX,33.4009
J0217,Inj velmanase alfa-tycv 1 mg,E,0.00,0.00,0.00,XXX,33.4009
J0218,Inj olipudase alfa-rpcp 1mg,E,0.00,0.00,0.00,XXX,33.4009
J0219,Inj aval alfa-nqpt 4mg,E,0.00,0.00,0.00,XXX,33.4009
J0220,Alglucosidase alfa injection,E,0.00,0.00,0.00,XXX,33.4009
J0221,Lumizyme injection,E,0.00,0.00,0.00,XXX,33.4009
J0222,"Inj., patisiran, 0.1 mg",E,0.00,0.00,0.00,XXX,33.4009
J0223,Inj givosiran 0.5 mg,E,0.00,0.00,0.00,XXX,33.4009
J0224,"Inj. lumasiran, 0.5 mg",E,0.00,0.00,0.00,XXX,33.4009
J0225,"Inj, vutrisiran, 1 mg",E,0.00,0.00,0.00,XXX,33.4009
J0248,"Inj, remdesivir, 1 mg",E,0.00,0.00,0.00,XXX,33.4009
J0256,Alpha 1 proteinase inhibitor,E,0.00,0.00,0.00,XXX,33.4009
J0257,Glassia injection,E,0.00,0.00,0.00,XXX,33.4009
J0270,Alprostadil for injection,E,0.00,0.00,0.00,XXX,33.4009
J0275,Alprostadil urethral suppos,E,0.00,0.00,0.00,XXX,33.4009
J0278,Amikacin sulfate injection,E,0.00,0.00,0.00,XXX,33.4009
J0280,Aminophyllin 250 mg inj,E,0.00,0.00,0.00,XXX,33.4009
J0281,Inj aminocaproic acid 1 gram,E,0.00,0.00,0.00,XXX,33.4009
J0282,Amiodarone hcl,E,0.00,0.00,0.00,XXX,33.4009
J0283,"Inj, amiodarone (nexterone)",E,0.00,0.00,0.00,XXX,33.4009
J0285,Amphotericin b,E,0.00,0.00,0.00,XXX,33.4009
J0287,Amphotericin b lipid complex,E,0.00,0.00,0.00,XXX,33.4009
J0289,Amphotericin b liposome inj,E,0.00,0.00,0.00,XXX,33.4009
J0290,Ampicillin 500 mg inj,E,0.00,0.00,0.00,XXX,33.4009
J0291,"Inj., plazomicin, 5 mg",E,0.00,0.00,0.00,XXX,33.4009
J0295,Ampicillin sulbactam 1.5 gm,E,0.00,0.00,0.00,XXX,33.4009
J0300,Amobarbital 125 mg inj,E,0.00,0.00,0.00,XXX,33.4009
J0330,Succinycholine chloride inj,E,0.00,0.00,0.00,XXX,33.4009
J0348,Anidulafungin injection,E,0.00,0.00,0.00,XXX,33.4009
J0349,"Inj, rezafungin, 1 mg",E,0.00,0.00,0.00,XXX,33.4009
J0360,Hydralazine hcl injection,E,0.00,0.00,0.00,XXX,33.4009
J0364,Apomorphine hydrochloride,E,0.00,0.00,0.00,XXX,33.4009
J0390,Chloroquine injection,E,0.00,0.00,0.00,XXX,33.4009
J0391,"Inj, artesunate, 1mg",E,0.00,0.00,0.00,XXX,33.4009
J0400,Aripiprazole injection,E,0.00,0.00,0.00,XXX,33.4009
J0401,"Inj, abilify maintena, 1 mg",E,0.00,0.00,0.00,XXX,33.4009
J0402,"Inj, abilify asimtufii, 1 mg",E,0.00,0.00,0.00,XXX,33.4009
J0456,Azithromycin,E,0.00,0.00,0.00,XXX,33.4009
J0457,"Injection, aztreonam, 100 mg",E,0.00,0.00,0.00,XXX,33.4009
J0458,Aztreonam/avibactam 10 mg,E,0.00,0.00,0.00,XXX,33.4009
J0461,Atropine sulfate injection,E,0.00,0.00,0.00,XXX,33.4009
J0462,"Atropine sulf, nte, 0.01 mg",E,0.00,0.00,0.00,XXX,33.4009
J0463,Inj atropine (fresenius te),E,0.00,0.00,0.00,XXX,33.4009
J0470,Dimecaprol injection,E,0.00,0.00,0.00,XXX,33.4009
J0475,Baclofen 10 mg injection,E,0.00,0.00,0.00,XXX,33.4009
J0476,Baclofen intrathecal trial,E,0.00,0.00,0.00,XXX,33.4009
J0480,Basiliximab,E,0.00,0.00,0.00,XXX,33.4009
J0485,Belatacept injection,E,0.00,0.00,0.00,XXX,33.4009
J0490,Belimumab injection,E,0.00,0.00,0.00,XXX,33.4009
J0491,Inj anifrolumab-fnia 1mg,E,0.00,0.00,0.00,XXX,33.4009
J0500,Dicyclomine injection,E,0.00,0.00,0.00,XXX,33.4009
J0515,Inj benztropine mesylate,E,0.00,0.00,0.00,XXX,33.4009
J0517,"Inj., benralizumab, 1 mg",E,0.00,0.00,0.00,XXX,33.4009
J0520,Bethanechol chloride inject,E,0.00,0.00,0.00,XXX,33.4009
J0525,Inj cefotetan disodium 10 mg,E,0.00,0.00,0.00,XXX,33.4009
J0528,Inj fosfomycin disodium 20mg,E,0.00,0.00,0.00,XXX,33.4009
J0558,Peng benzathine/procaine inj,E,0.00,0.00,0.00,XXX,33.4009
J0561,Penicillin g benzathine inj,E,0.00,0.00,0.00,XXX,33.4009
J0565,"Inj, bezlotoxumab, 10 mg",E,0.00,0.00,0.00,XXX,33.4009
J0567,"Inj., cerliponase alfa 1 mg",E,0.00,0.00,0.00,XXX,33.4009
J0570,Buprenorphine implant 74.2mg,E,0.00,0.00,0.00,XXX,33.4009
J0571,Buprenorphine oral 1mg,E,0.00,0.00,0.00,XXX,33.4009
J0572,Bupren/nal up to 3mg bupreno,E,0.00,0.00,0.00,XXX,33.4009
J0573,Bupren/nal 3.1 to 6mg bupren,E,0.00,0.00,0.00,XXX,33.4009
J0574,Bupren/nal 6.1 to 10mg bupre,E,0.00,0.00,0.00,XXX,33.4009
J0575,Bupren/nal over 10mg bupreno,E,0.00,0.00,0.00,XXX,33.4009
J0577,"Inj, brixadi, 7 days or less",E,0.00,0.00,0.00,XXX,33.4009
J0578,"Inj brixadi, more than 7 day",E,0.00,0.00,0.00,XXX,33.4009
J0582,Bivalirudin (endo) 1 mg,E,0.00,0.00,0.00,XXX,33.4009
J0583,Bivalirudin,E,0.00,0.00,0.00,XXX,33.4009
J0584,"Injection, burosumab-twza 1m",E,0.00,0.00,0.00,XXX,33.4009
J0585,"Injection,onabotulinumtoxina",E,0.00,0.00,0.00,XXX,33.4009
J0586,Abobotulinumtoxina,E,0.00,0.00,0.00,XXX,33.4009
J0587,"Inj, rimabotulinumtoxinb",E,0.00,0.00,0.00,XXX,33.4009
J0588,Incobotulinumtoxin a,E,0.00,0.00,0.00,XXX,33.4009
J0589,Inj daxibotulinumtoxina-lanm,E,0.00,0.00,0.00,XXX,33.4009
J0591,"Inj deoxycholic acid, 1 mg",E,0.00,0.00,0.00,XXX,33.4009
J0592,Buprenorphine hydrochloride,E,0.00,0.00,0.00,XXX,33.4009
J0593,"Inj., lanadelumab-flyo, 1 mg",E,0.00,0.00,0.00,XXX,33.4009
J0594,Busulfan injection,E,0.00,0.00,0.00,XXX,33.4009
J0595,Butorphanol tartrate 1 mg,E,0.00,0.00,0.00,XXX,33.4009
J0596,"Injection, ruconest",E,0.00,0.00,0.00,XXX,33.4009
J0597,"C-1 esterase, berinert",E,0.00,0.00,0.00,XXX,33.4009
J0598,"C-1 esterase, cinryze",E,0.00,0.00,0.00,XXX,33.4009
J0599,"Inj., haegarda 10 units",E,0.00,0.00,0.00,XXX,33.4009
J0600,Edetate calcium disodium inj,E,0.00,0.00,0.00,XXX,33.4009
J0601,Sevelamer carbonate 20 mg,E,0.00,0.00,0.00,XXX,33.4009
J0602,Sevelamer carbonate pdr 20mg,E,0.00,0.00,0.00,XXX,33.4009
J0603,Sevelamer hydrochloride 20mg,E,0.00,0.00,0.00,XXX,33.4009
J0604,"Cinacalcet, esrd on dialysis",E,0.00,0.00,0.00,XXX,33.4009
J0605,Sucroferric oxyhydroxide 5mg,E,0.00,0.00,0.00,XXX,33.4009
J0606,"Inj, etelcalcetide, 0.1 mg",E,0.00,0.00,0.00,XXX,33.4009
J0607,Lanthanum carbonate oral 5mg,E,0.00,0.00,0.00,XXX,33.4009
J0608,Lanthanum carbonate pwdr 5mg,E,0.00,0.00,0.00,XXX,33.4009
J0609,Ferric citrate orl 3 mg iron,E,0.00,0.00,0.00,XXX,33.4009
J0612,"Inj, calcium gluconate, nos",E,0.00,0.00,0.00,XXX,33.4009
J0613,Calcium glucon (wg critical),E,0.00,0.00,0.00,XXX,33.4009
J0614,"Inj, treosulfan, 50 mg",E,0.00,0.00,0.00,XXX,33.4009
J0615,"Calcium acetate, oral, 23 mg",E,0.00,0.00,0.00,XXX,33.4009
J0616,Inj metoprolol tartrate 1 mg,E,0.00,0.00,0.00,XXX,33.4009
J0618,"Inj, calcium chloride, 2 mg",E,0.00,0.00,0.00,XXX,33.4009
J0620,Calcium glycer & lact/10 ml,E,0.00,0.00,0.00,XXX,33.4009
J0630,Calcitonin salmon injection,E,0.00,0.00,0.00,XXX,33.4009
J0636,Inj calcitriol per 0.1 mcg,E,0.00,0.00,0.00,XXX,33.4009
J0637,Caspofungin acetate,E,0.00,0.00,0.00,XXX,33.4009
J0638,Canakinumab injection,E,0.00,0.00,0.00,XXX,33.4009
J0640,Leucovorin calcium injection,E,0.00,0.00,0.00,XXX,33.4009
J0641,Inj levoleucovorin nos 0.5mg,E,0.00,0.00,0.00,XXX,33.4009
J0642,"Injection, khapzory, 0.5 mg",E,0.00,0.00,0.00,XXX,33.4009
J0650,"Inj, levothyroxine nos 10mcg",E,0.00,0.00,0.00,XXX,33.4009
J0651,"Inj, levothyroxine, freskabi",E,0.00,0.00,0.00,XXX,33.4009
J0652,"Inj, levothyroxine, hikma",E,0.00,0.00,0.00,XXX,33.4009
J0654,"Inj, liothyronine, 1 mcg",E,0.00,0.00,0.00,XXX,33.4009
J0665,"Inj, bupivacaine, nos, 0.5mg",E,0.00,0.00,0.00,XXX,33.4009
J0666,"Inj, bupivacaine liposome",E,0.00,0.00,0.00,XXX,33.4009
J0668,"Instill, bupivac and meloxic",E,0.00,0.00,0.00,XXX,33.4009
J0670,Inj mepivacaine hcl/10 ml,E,0.00,0.00,0.00,XXX,33.4009
J0675,"Inj, carboprost, 0.1 mg",E,0.00,0.00,0.00,XXX,33.4009
J0681,Inj ceftobipole medocarl 3mg,E,0.00,0.00,0.00,XXX,33.4009
J0687,Inj cefazolin (wg crit care),E,0.00,0.00,0.00,XXX,33.4009
J0688,"Inj cefazolin sodium, hikma",E,0.00,0.00,0.00,XXX,33.4009
J0689,"Inj cefazolin sodium, baxter",E,0.00,0.00,0.00,XXX,33.4009
J0690,Cefazolin sodium injection,E,0.00,0.00,0.00,XXX,33.4009
J0691,Inj lefamulin 1 mg,E,0.00,0.00,0.00,XXX,33.4009
J0692,Cefepime hcl for injection,E,0.00,0.00,0.00,XXX,33.4009
J0694,Cefoxitin sodium injection,E,0.00,0.00,0.00,XXX,33.4009
J0695,Inj ceftolozane tazobactam,E,0.00,0.00,0.00,XXX,33.4009
J0696,Ceftriaxone sodium injection,E,0.00,0.00,0.00,XXX,33.4009
J0697,Sterile cefuroxime injection,E,0.00,0.00,0.00,XXX,33.4009
J0698,Cefotaxime sodium injection,E,0.00,0.00,0.00,XXX,33.4009
J0699,"Inj, cefiderocol, 10 mg",E,0.00,0.00,0.00,XXX,33.4009
J0701,Inj. cefepime hcl (baxter),E,0.00,0.00,0.00,XXX,33.4009
J0702,Betamethasone acet&sod phosp,E,0.00,0.00,0.00,XXX,33.4009
J0703,"Inj, cefepime hcl (b braun)",E,0.00,0.00,0.00,XXX,33.4009
J0706,Caffeine citrate injection,E,0.00,0.00,0.00,XXX,33.4009
J0712,Ceftaroline fosamil inj,E,0.00,0.00,0.00,XXX,33.4009
J0713,Inj ceftazidime per 500 mg,E,0.00,0.00,0.00,XXX,33.4009
J0714,Ceftazidime and avibactam,E,0.00,0.00,0.00,XXX,33.4009
J0716,Centruroides immune f(ab),E,0.00,0.00,0.00,XXX,33.4009
J0717,Certolizumab pegol inj 1mg,E,0.00,0.00,0.00,XXX,33.4009
J0720,Chloramphenicol sodium injec,E,0.00,0.00,0.00,XXX,33.4009
J0725,Chorionic gonadotropin/1000u,E,0.00,0.00,0.00,XXX,33.4009
J0735,Clonidine hydrochloride,E,0.00,0.00,0.00,XXX,33.4009
J0736,"Inj, clindamycin phosp 300mg",E,0.00,0.00,0.00,XXX,33.4009
J0737,"Inj, clindamycin (baxter)",E,0.00,0.00,0.00,XXX,33.4009
J0738,"Hiv prep, inj, lenacapavir",X,0.00,0.00,0.00,XXX,33.4009
J0739,"Hiv prep, inj, cabotegravir",X,0.00,0.00,0.00,XXX,33.4009
J0740,Cidofovir injection,E,0.00,0.00,0.00,XXX,33.4009
J0741,"Inj, cabote rilpivir 2mg 3mg",E,0.00,0.00,0.00,XXX,33.4009
J0742,Inj imip 4 cilas 4 releb 2mg,E,0.00,0.00,0.00,XXX,33.4009
J0743,Cilastatin sodium injection,E,0.00,0.00,0.00,XXX,33.4009
J0744,Ciprofloxacin iv,E,0.00,0.00,0.00,XXX,33.4009
J0745,Inj codeine phosphate /30 mg,E,0.00,0.00,0.00,XXX,33.4009
J0750,"Hiv prep, ftc/tdf 200/300mg",X,0.00,0.00,0.00,XXX,33.4009
J0751,"Hiv prep, ftc/taf 200/25mg",X,0.00,0.00,0.00,XXX,33.4009
J0752,"Hiv prep, oral lenacapavir",X,0.00,0.00,0.00,XXX,33.4009
J0759,"Inj, clevidipine, 1 mg",E,0.00,0.00,0.00,XXX,33.4009
J0770,Colistimethate sodium inj,E,0.00,0.00,0.00,XXX,33.4009
J0775,"Collagenase, clost hist inj",E,0.00,0.00,0.00,XXX,33.4009
J0780,Prochlorperazine injection,E,0.00,0.00,0.00,XXX,33.4009
J0791,Inj crizanlizumab-tmca 5mg,E,0.00,0.00,0.00,XXX,33.4009
J0799,"Hiv prep, fda approved, noc",X,0.00,0.00,0.00,XXX,33.4009
J0801,Inj. acthar gel to 40 units,E,0.00,0.00,0.00,XXX,33.4009
J0802,"Inj. (ani), up to 40 units",E,0.00,0.00,0.00,XXX,33.4009
J0834,"Inj., cosyntropin, 0.25 mg",E,0.00,0.00,0.00,XXX,33.4009
J0840,Crotalidae poly immune fab,E,0.00,0.00,0.00,XXX,33.4009
J0841,Inj crotalidae im f(ab')2 eq,E,0.00,0.00,0.00,XXX,33.4009
J0850,Cytomegalovirus imm iv /vial,E,0.00,0.00,0.00,XXX,33.4009
J0870,"Injection, imetelstat, 1 mg",E,0.00,0.00,0.00,XXX,33.4009
J0872,Daptomycin (xellia) unrefrig,E,0.00,0.00,0.00,XXX,33.4009
J0873,Inj daptomycin (xellia),E,0.00,0.00,0.00,XXX,33.4009
J0874,"Inj, daptomycin (baxter)",E,0.00,0.00,0.00,XXX,33.4009
J0875,"Injection, dalbavancin",E,0.00,0.00,0.00,XXX,33.4009
J0877,"Inj, daptomycin (hospira)",E,0.00,0.00,0.00,XXX,33.4009
J0878,Daptomycin injection,E,0.00,0.00,0.00,XXX,33.4009
J0879,"Difelikefalin, esrd on dialy",E,0.00,0.00,0.00,XXX,33.4009
J0881,"Darbepoetin alfa, non-esrd",E,0.00,0.00,0.00,XXX,33.4009
J0882,"Darbepoetin alfa, esrd use",E,0.00,0.00,0.00,XXX,33.4009
J0883,Argatroban nonesrd use 1mg,E,0.00,0.00,0.00,XXX,33.4009
J0884,Argatroban esrd dialysis 1mg,E,0.00,0.00,0.00,XXX,33.4009
J0885,"Epoetin alfa, non-esrd",E,0.00,0.00,0.00,XXX,33.4009
J0887,Epoetin beta esrd use,E,0.00,0.00,0.00,XXX,33.4009
J0888,Epoetin beta non esrd,E,0.00,0.00,0.00,XXX,33.4009
J0890,Peginesatide injection,E,0.00,0.00,0.00,XXX,33.4009
J0891,Argatroban nonesrd (accord),E,0.00,0.00,0.00,XXX,33.4009
J0892,Argatroban dialysis (accord),E,0.00,0.00,0.00,XXX,33.4009
J0893,"Inj, decitabine (sun pharma)",E,0.00,0.00,0.00,XXX,33.4009
J0894,Decitabine injection,E,0.00,0.00,0.00,XXX,33.4009
J0895,Deferoxamine mesylate inj,E,0.00,0.00,0.00,XXX,33.4009
J0896,Inj luspatercept-aamt 0.25mg,E,0.00,0.00,0.00,XXX,33.4009
J0897,Denosumab injection,E,0.00,0.00,0.00,XXX,33.4009
J0898,Argatroban nonesrd (auromed),E,0.00,0.00,0.00,XXX,33.4009
J0899,"Argatroban dialysis, auromed",E,0.00,0.00,0.00,XXX,33.4009
J0901,Vadadustat oral 1mg for esrd,E,0.00,0.00,0.00,XXX,33.4009
J0911,Inst tauro 1.35mg/hep 100u,E,0.00,0.00,0.00,XXX,33.4009
J0945,Brompheniramine maleate inj,E,0.00,0.00,0.00,XXX,33.4009
J1000,Depo-estradiol cypionate inj,E,0.00,0.00,0.00,XXX,33.4009
J1010,"Inj, methylpred acetate 1 mg",E,0.00,0.00,0.00,XXX,33.4009
J1050,Medroxyprogesterone acetate,E,0.00,0.00,0.00,XXX,33.4009
J1071,Inj testosterone cypionate,E,0.00,0.00,0.00,XXX,33.4009
J1072,"Inj, testosterone, azmiro",E,0.00,0.00,0.00,XXX,33.4009
J1073,Testosterone pellet 75 mg,E,0.00,0.00,0.00,XXX,33.4009
J1095,"Injection, dexamethasone 9%",E,0.00,0.00,0.00,XXX,33.4009
J1096,Dexametha opth insert 0.1 mg,E,0.00,0.00,0.00,XXX,33.4009
J1097,Phenylep ketorolac opth soln,E,0.00,0.00,0.00,XXX,33.4009
J1098,Articaine ophthalmi 8% 0.4ml,E,0.00,0.00,0.00,XXX,33.4009
J1100,Dexamethasone sodium phos,E,0.00,0.00,0.00,XXX,33.4009
J1105,"Dexmedetomidine film, 1 mcg",N,0.00,0.00,0.00,XXX,33.4009
J1110,Inj dihydroergotamine mesylt,E,0.00,0.00,0.00,XXX,33.4009
J1120,Acetazolamid sodium injectio,E,0.00,0.00,0.00,XXX,33.4009
J1130,Inj diclofenac sodium 0.5mg,E,0.00,0.00,0.00,XXX,33.4009
J1160,Digoxin injection,E,0.00,0.00,0.00,XXX,33.4009
J1162,Digoxin immune fab (ovine),E,0.00,0.00,0.00,XXX,33.4009
J1163,"Inj, diltiazem hcl, 0.5 mg",E,0.00,0.00,0.00,XXX,33.4009
J1164,Inj diltiazem in 0.72% nacl,E,0.00,0.00,0.00,XXX,33.4009
J1165,Phenytoin sodium injection,E,0.00,0.00,0.00,XXX,33.4009
J1171,"Inj, hydromorphone, 0.1 mg",E,0.00,0.00,0.00,XXX,33.4009
J1180,Dyphylline injection,E,0.00,0.00,0.00,XXX,33.4009
J1190,Dexrazoxane hcl injection,E,0.00,0.00,0.00,XXX,33.4009
J1200,Diphenhydramine hcl injectio,E,0.00,0.00,0.00,XXX,33.4009
J1201,Inj. cetirizine hcl 0.5mg,E,0.00,0.00,0.00,XXX,33.4009
J1202,Miglustat oral 65 mg,I,0.00,0.00,0.00,XXX,33.4009
J1203,"Inj, cipaglucosidase, 5 mg",E,0.00,0.00,0.00,XXX,33.4009
J1205,Chlorothiazide sodium inj,E,0.00,0.00,0.00,XXX,33.4009
J1212,Dimethyl sulfoxide 50% 50 ml,E,0.00,0.00,0.00,XXX,33.4009
J1230,Methadone injection,E,0.00,0.00,0.00,XXX,33.4009
J1240,Dimenhydrinate injection,E,0.00,0.00,0.00,XXX,33.4009
J1245,Dipyridamole injection,E,0.00,0.00,0.00,XXX,33.4009
J1250,Inj dobutamine hcl/250 mg,E,0.00,0.00,0.00,XXX,33.4009
J1260,Dolasetron mesylate,E,0.00,0.00,0.00,XXX,33.4009
J1265,Dopamine injection,E,0.00,0.00,0.00,XXX,33.4009
J1270,"Injection, doxercalciferol",E,0.00,0.00,0.00,XXX,33.4009
J1271,Inj doxycycline hyclate 1 mg,E,0.00,0.00,0.00,XXX,33.4009
J1289,"Narsoplimab-wuug, 1 mg",E,0.00,0.00,0.00,XXX,33.4009
J1290,Ecallantide injection,E,0.00,0.00,0.00,XXX,33.4009
J1299,"Inj, eculizumab, 2 mg",E,0.00,0.00,0.00,XXX,33.4009
J1301,"Injection, edaravone, 1 mg",E,0.00,0.00,0.00,XXX,33.4009
J1302,"Inj, sutimlimab-jome, 10 mg",E,0.00,0.00,0.00,XXX,33.4009
J1303,"Inj., ravulizumab-cwvz 10 mg",E,0.00,0.00,0.00,XXX,33.4009
J1304,Inj tofersen intrathec 1 mg,E,0.00,0.00,0.00,XXX,33.4009
J1305,"Inj, evinacumab-dgnb, 5mg",E,0.00,0.00,0.00,XXX,33.4009
J1306,"Injection, inclisiran, 1 mg",E,0.00,0.00,0.00,XXX,33.4009
J1307,"Inj, crovalimab-akkz, 10 mg",E,0.00,0.00,0.00,XXX,33.4009
J1308,"Inj, famotidine, 0.25 mg",E,0.00,0.00,0.00,XXX,33.4009
J1320,Amitriptyline injection,E,0.00,0.00,0.00,XXX,33.4009
J1322,"Elosulfase alfa, injection",E,0.00,0.00,0.00,XXX,33.4009
J1323,"Inj, elranatamab-bcmm, 1 mg",E,0.00,0.00,0.00,XXX,33.4009
J1324,Enfuvirtide injection,E,0.00,0.00,0.00,XXX,33.4009
J1325,Epoprostenol injection,E,0.00,0.00,0.00,XXX,33.4009
J1326,"Inj, zolbetuximab-clzb, 2 mg",E,0.00,0.00,0.00,XXX,33.4009
J1327,Eptifibatide injection,E,0.00,0.00,0.00,XXX,33.4009
J1335,Ertapenem injection,E,0.00,0.00,0.00,XXX,33.4009
J1364,Erythro lactobionate /500 mg,E,0.00,0.00,0.00,XXX,33.4009
J1370,"Inj, esomeprazole sod, 1 mg",E,0.00,0.00,0.00,XXX,33.4009
J1380,Estradiol valerate 10 mg inj,E,0.00,0.00,0.00,XXX,33.4009
J1410,Inj estrogen conjugate 25 mg,E,0.00,0.00,0.00,XXX,33.4009
J1411,"Inj, hemgenix, per tx dose",E,0.00,0.00,0.00,XXX,33.4009
J1412,Inj roctavian ml 2x10^13vc g,E,0.00,0.00,0.00,XXX,33.4009
J1413,Inj delandistrogene mox rokl,E,0.00,0.00,0.00,XXX,33.4009
J1414,"Inj, beqvez, per tx dose",E,0.00,0.00,0.00,XXX,33.4009
J1426,"Injection, casimersen, 10 mg",E,0.00,0.00,0.00,XXX,33.4009
J1427,Inj. viltolarsen,E,0.00,0.00,0.00,XXX,33.4009
J1428,"Inj, eteplirsen, 10 mg",E,0.00,0.00,0.00,XXX,33.4009
J1429,Inj golodirsen 10 mg,E,0.00,0.00,0.00,XXX,33.4009
J1430,Ethanolamine oleate 100 mg,E,0.00,0.00,0.00,XXX,33.4009
J1434,"Inj, focinvez, 1mg",E,0.00,0.00,0.00,XXX,33.4009
J1435,Injection estrone per 1 mg,E,0.00,0.00,0.00,XXX,33.4009
J1436,Etidronate disodium inj,E,0.00,0.00,0.00,XXX,33.4009
J1437,Inj. fe derisomaltose 10 mg,E,0.00,0.00,0.00,XXX,33.4009
J1438,Etanercept injection,E,0.00,0.00,0.00,XXX,33.4009
J1439,Inj ferric carboxymaltos 1mg,E,0.00,0.00,0.00,XXX,33.4009
J1440,Fecal microbiota jslm 1 ml,E,0.00,0.00,0.00,XXX,33.4009
J1442,Inj filgrastim excl biosimil,E,0.00,0.00,0.00,XXX,33.4009
J1447,Inj tbo filgrastim 1 microg,E,0.00,0.00,0.00,XXX,33.4009
J1448,"Injection, trilaciclib, 1mg",E,0.00,0.00,0.00,XXX,33.4009
J1449,Inj eflapegrastim-xnst 0.1mg,E,0.00,0.00,0.00,XXX,33.4009
J1450,Fluconazole,E,0.00,0.00,0.00,XXX,33.4009
J1451,"Fomepizole, 15 mg",E,0.00,0.00,0.00,XXX,33.4009
J1453,Fosaprepitant injection,E,0.00,0.00,0.00,XXX,33.4009
J1454,"Inj fosnetupitant, palonoset",E,0.00,0.00,0.00,XXX,33.4009
J1455,Foscarnet sodium injection,E,0.00,0.00,0.00,XXX,33.4009
J1456,"Inj, fosaprepitant (teva)",E,0.00,0.00,0.00,XXX,33.4009
J1458,Galsulfase injection,E,0.00,0.00,0.00,XXX,33.4009
J1459,Inj ivig privigen 500 mg,E,0.00,0.00,0.00,XXX,33.4009
J1460,Gamma globulin 1 cc inj,E,0.00,0.00,0.00,XXX,33.4009
J1551,Inj cutaquig 100 mg,E,0.00,0.00,0.00,XXX,33.4009
J1552,"Inj, alyglo, 500 mg",E,0.00,0.00,0.00,XXX,33.4009
J1553,Inj yimmugo 100 mg,E,0.00,0.00,0.00,XXX,33.4009
J1554,Inj. asceniv,E,0.00,0.00,0.00,XXX,33.4009
J1555,"Inj cuvitru, 100 mg",E,0.00,0.00,0.00,XXX,33.4009
J1556,"Inj, imm glob bivigam, 500mg",E,0.00,0.00,0.00,XXX,33.4009
J1557,Gammaplex injection,E,0.00,0.00,0.00,XXX,33.4009
J1558,"Inj. xembify, 100 mg",E,0.00,0.00,0.00,XXX,33.4009
J1559,Hizentra injection,E,0.00,0.00,0.00,XXX,33.4009
J1560,Gamma globulin > 10 cc inj,E,0.00,0.00,0.00,XXX,33.4009
J1561,Gamunex-c/gammaked,E,0.00,0.00,0.00,XXX,33.4009
J1566,"Immune globulin, powder",E,0.00,0.00,0.00,XXX,33.4009
J1568,Octagam injection,E,0.00,0.00,0.00,XXX,33.4009
J1569,Gammagard liquid/erc inj,E,0.00,0.00,0.00,XXX,33.4009
J1570,Ganciclovir sodium injection,E,0.00,0.00,0.00,XXX,33.4009
J1571,Hepagam b im injection,E,0.00,0.00,0.00,XXX,33.4009
J1572,Flebogamma injection,E,0.00,0.00,0.00,XXX,33.4009
J1573,"Hepagam b intravenous, inj",E,0.00,0.00,0.00,XXX,33.4009
J1574,"Inj, ganciclovir (exela)",E,0.00,0.00,0.00,XXX,33.4009
J1575,Hyqvia 100mg immuneglobulin,E,0.00,0.00,0.00,XXX,33.4009
J1576,"Inj, panzyga, 500 mg",E,0.00,0.00,0.00,XXX,33.4009
J1577,"Inj, qivigy, 100mg",E,0.00,0.00,0.00,XXX,33.4009
J1580,Garamycin gentamicin inj,E,0.00,0.00,0.00,XXX,33.4009
J1595,Injection glatiramer acetate,E,0.00,0.00,0.00,XXX,33.4009
J1596,"Inj, glycopyrrolate, 0.1 mg",E,0.00,0.00,0.00,XXX,33.4009
J1597,"Inj glycopyrrolate, glyrx-pf",E,0.00,0.00,0.00,XXX,33.4009
J1598,Inj glycopyrrolate fres kabi,E,0.00,0.00,0.00,XXX,33.4009
J1599,"Ivig non-lyophilized, nos",E,0.00,0.00,0.00,XXX,33.4009
J1600,Gold sodium thiomaleate inj,E,0.00,0.00,0.00,XXX,33.4009
J1602,Golimumab for iv use 1mg,E,0.00,0.00,0.00,XXX,33.4009
J1610,Glucagon hydrochloride/1 mg,E,0.00,0.00,0.00,XXX,33.4009
J1611,"Inj glucagon hcl, fresenius",E,0.00,0.00,0.00,XXX,33.4009
J1612,Inj glucagon (gvoke) 0.01 mg,E,0.00,0.00,0.00,XXX,33.4009
J1626,Granisetron hcl injection,E,0.00,0.00,0.00,XXX,33.4009
J1627,"Inj, granisetron, xr, 0.1 mg",E,0.00,0.00,0.00,XXX,33.4009
J1628,"Inj., guselkumab, 1 mg",E,0.00,0.00,0.00,XXX,33.4009
J1630,Haloperidol injection,E,0.00,0.00,0.00,XXX,33.4009
J1631,Haloperidol decanoate inj,E,0.00,0.00,0.00,XXX,33.4009
J1632,"Inj., brexanolone, 1 mg",E,0.00,0.00,0.00,XXX,33.4009
J1640,"Hemin, 1 mg",E,0.00,0.00,0.00,XXX,33.4009
J1642,Inj heparin sodium per 10 u,E,0.00,0.00,0.00,XXX,33.4009
J1643,"Inj heparin, pfizer, 1000u",E,0.00,0.00,0.00,XXX,33.4009
J1644,Inj heparin sodium per 1000u,E,0.00,0.00,0.00,XXX,33.4009
J1645,Dalteparin sodium,E,0.00,0.00,0.00,XXX,33.4009
J1650,Inj enoxaparin sodium,E,0.00,0.00,0.00,XXX,33.4009
J1652,Fondaparinux sodium,E,0.00,0.00,0.00,XXX,33.4009
J1670,Tetanus immune globulin inj,E,0.00,0.00,0.00,XXX,33.4009
J1675,Histrelin acetate,E,0.00,0.00,0.00,XXX,33.4009
J1700,Hydrocortisone acetate inj,E,0.00,0.00,0.00,XXX,33.4009
J1720,Hydrocortisone sodium succ i,E,0.00,0.00,0.00,XXX,33.4009
J1726,"Makena, 10 mg",E,0.00,0.00,0.00,XXX,33.4009
J1729,Inj hydroxyprogst capoat nos,E,0.00,0.00,0.00,XXX,33.4009
J1730,Diazoxide injection,E,0.00,0.00,0.00,XXX,33.4009
J1736,Inj meloxicam (delova) 1mg,E,0.00,0.00,0.00,XXX,33.4009
J1737,Inj meloxicam (azurity) 1mg,E,0.00,0.00,0.00,XXX,33.4009
J1738,Inj. meloxicam 1 mg,E,0.00,0.00,0.00,XXX,33.4009
J1740,Ibandronate sodium injection,E,0.00,0.00,0.00,XXX,33.4009
J1741,Ibuprofen injection,E,0.00,0.00,0.00,XXX,33.4009
J1742,Ibutilide fumarate injection,E,0.00,0.00,0.00,XXX,33.4009
J1743,Idursulfase injection,E,0.00,0.00,0.00,XXX,33.4009
J1744,Icatibant injection,E,0.00,0.00,0.00,XXX,33.4009
J1745,Infliximab not biosimil 10mg,E,0.00,0.00,0.00,XXX,33.4009
J1746,"Inj., ibalizumab-uiyk, 10 mg",E,0.00,0.00,0.00,XXX,33.4009
J1747,"Inj, spesolimab-sbzo, 1 mg",E,0.00,0.00,0.00,XXX,33.4009
J1748,"Inj, zymfentra, 10 mg",E,0.00,0.00,0.00,XXX,33.4009
J1749,"Inj, iloprost, 0.1 mcg",E,0.00,0.00,0.00,XXX,33.4009
J1750,Inj iron dextran,E,0.00,0.00,0.00,XXX,33.4009
J1756,Iron sucrose injection,E,0.00,0.00,0.00,XXX,33.4009
J1786,Imuglucerase injection,E,0.00,0.00,0.00,XXX,33.4009
J1790,Droperidol injection,E,0.00,0.00,0.00,XXX,33.4009
J1800,Propranolol injection,E,0.00,0.00,0.00,XXX,33.4009
J1805,"Inj, esmolol hcl, 10mg",E,0.00,0.00,0.00,XXX,33.4009
J1806,Inj esmolol hcl wg crit care,E,0.00,0.00,0.00,XXX,33.4009
J1807,"Inj, ethacrynate sod, 1 mg",E,0.00,0.00,0.00,XXX,33.4009
J1808,"Inj, folic acid, 0.1 mg",E,0.00,0.00,0.00,XXX,33.4009
J1809,"Inj, fosdenopterin, 0.1mg",E,0.00,0.00,0.00,XXX,33.4009
J1811,Fiasp for insulin pump use,E,0.00,0.00,0.00,XXX,33.4009
J1812,Inj. insulin (fiasp),E,0.00,0.00,0.00,XXX,33.4009
J1813,Lyumjev for insulin pump use,E,0.00,0.00,0.00,XXX,33.4009
J1814,Inj. insulin (lyumjev),E,0.00,0.00,0.00,XXX,33.4009
J1815,Insulin injection,E,0.00,0.00,0.00,XXX,33.4009
J1817,Insulin for insulin pump use,E,0.00,0.00,0.00,XXX,33.4009
J1823,"Inj. inebilizumab-cdon, 1 mg",E,0.00,0.00,0.00,XXX,33.4009
J1826,Interferon beta-1a inj,E,0.00,0.00,0.00,XXX,33.4009
J1830,Interferon beta-1b / .25 mg,E,0.00,0.00,0.00,XXX,33.4009
J1833,"Injection, isavuconazonium",E,0.00,0.00,0.00,XXX,33.4009
J1834,"Inj, isoniazid, 1 mg",E,0.00,0.00,0.00,XXX,33.4009
J1835,Itraconazole injection,E,0.00,0.00,0.00,XXX,33.4009
J1836,"Inj, metronidazole, 10 mg",E,0.00,0.00,0.00,XXX,33.4009
J1837,"Inj, posaconazole, 1 mg",E,0.00,0.00,0.00,XXX,33.4009
J1885,Ketorolac tromethamine inj,E,0.00,0.00,0.00,XXX,33.4009
J1920,"Inj, labetalol hcl, 5mg",E,0.00,0.00,0.00,XXX,33.4009
J1921,"Inj labetalol hcl hikma, 5mg",E,0.00,0.00,0.00,XXX,33.4009
J1930,Lanreotide injection,E,0.00,0.00,0.00,XXX,33.4009
J1931,Laronidase injection,E,0.00,0.00,0.00,XXX,33.4009
J1932,"Inj, lanreotide, (cipla) 1mg",E,0.00,0.00,0.00,XXX,33.4009
J1938,"Inj, furosemide, 1 mg",E,0.00,0.00,0.00,XXX,33.4009
J1939,"Inj, bumetanide, 0.5 mg",E,0.00,0.00,0.00,XXX,33.4009
J1941,"Inj, furoscix, 20 mg",E,0.00,0.00,0.00,XXX,33.4009
J1943,"Inj., aristada initio, 1 mg",E,0.00,0.00,0.00,XXX,33.4009
J1944,Aripiprazole lauroxil 1 mg,E,0.00,0.00,0.00,XXX,33.4009
J1950,Leuprolide acetate /3.75 mg,E,0.00,0.00,0.00,XXX,33.4009
J1951,Inj fensolvi 0.25 mg,E,0.00,0.00,0.00,XXX,33.4009
J1952,"Leuprolide inj, camcevi, 1mg",E,0.00,0.00,0.00,XXX,33.4009
J1953,Levetiracetam injection,E,0.00,0.00,0.00,XXX,33.4009
J1954,Inj leu acet lutr dpt 7.5 mg,E,0.00,0.00,0.00,XXX,33.4009
J1955,Inj levocarnitine per 1 gm,E,0.00,0.00,0.00,XXX,33.4009
J1956,Levofloxacin injection,E,0.00,0.00,0.00,XXX,33.4009
J1960,Levorphanol tartrate inj,E,0.00,0.00,0.00,XXX,33.4009
J1961,Inj lenacapavir (hiv tx) 1mg,E,0.00,0.00,0.00,XXX,33.4009
J1980,Hyoscyamine sulfate inj,E,0.00,0.00,0.00,XXX,33.4009
J1990,Chlordiazepoxide injection,E,0.00,0.00,0.00,XXX,33.4009
J2002,"Inj, lidocaine in d5w, 1 mg",E,0.00,0.00,0.00,XXX,33.4009
J2003,"Inj, lidocaine hcl, 1 mg",E,0.00,0.00,0.00,XXX,33.4009
J2004,"Inj, lidocaine w epinephrine",E,0.00,0.00,0.00,XXX,33.4009
J2010,Lincomycin injection,E,0.00,0.00,0.00,XXX,33.4009
J2020,Linezolid injection,E,0.00,0.00,0.00,XXX,33.4009
J2021,"Inj, linezolid (hospira)",E,0.00,0.00,0.00,XXX,33.4009
J2060,Lorazepam injection,E,0.00,0.00,0.00,XXX,33.4009
J2062,Loxapine for inhalation 1 mg,E,0.00,0.00,0.00,XXX,33.4009
J2151,"Inj, mannitol, 250 mg",E,0.00,0.00,0.00,XXX,33.4009
J2170,Mecasermin injection,E,0.00,0.00,0.00,XXX,33.4009
J2175,Meperidine hydrochl /100 mg,E,0.00,0.00,0.00,XXX,33.4009
J2180,Meperidine/promethazine inj,E,0.00,0.00,0.00,XXX,33.4009
J2182,"Injection, mepolizumab, 1mg",E,0.00,0.00,0.00,XXX,33.4009
J2183,Inj meropenem (wg crit care),E,0.00,0.00,0.00,XXX,33.4009
J2184,"Inj, meropenem (b. braun)",E,0.00,0.00,0.00,XXX,33.4009
J2185,Meropenem,E,0.00,0.00,0.00,XXX,33.4009
J2186,"Inj., meropenem, vaborbactam",E,0.00,0.00,0.00,XXX,33.4009
J2210,Methylergonovin maleate inj,E,0.00,0.00,0.00,XXX,33.4009
J2212,Methylnaltrexone injection,E,0.00,0.00,0.00,XXX,33.4009
J2246,"Inj, micafungin (baxter)",E,0.00,0.00,0.00,XXX,33.4009
J2247,"Inj, micafungin (par pharm)",E,0.00,0.00,0.00,XXX,33.4009
J2248,Micafungin sodium injection,E,0.00,0.00,0.00,XXX,33.4009
J2249,"Inj, remimazolam, 1 mg",E,0.00,0.00,0.00,XXX,33.4009
J2250,Inj midazolam hydrochloride,E,0.00,0.00,0.00,XXX,33.4009
J2251,Inj midazolam in 0.9% nacl,E,0.00,0.00,0.00,XXX,33.4009
J2252,Inj midazolam in 0.8% nacl,E,0.00,0.00,0.00,XXX,33.4009
J2253,Inj midazolam (seizalam),E,0.00,0.00,0.00,XXX,33.4009
J2260,Inj milrinone lactate / 5 mg,E,0.00,0.00,0.00,XXX,33.4009
J2265,Minocycline hydrochloride,E,0.00,0.00,0.00,XXX,33.4009
J2267,"Inj, mirikizumab-mrkz, 1 mg",E,0.00,0.00,0.00,XXX,33.4009
J2270,Morphine sulfate injection,E,0.00,0.00,0.00,XXX,33.4009
J2272,"Inj, morphine (fresenius)",E,0.00,0.00,0.00,XXX,33.4009
J2274,Inj morphine pf epid ithc,E,0.00,0.00,0.00,XXX,33.4009
J2277,"Inj, motixafortide, 0.25 mg",E,0.00,0.00,0.00,XXX,33.4009
J2278,Ziconotide injection,E,0.00,0.00,0.00,XXX,33.4009
J2280,"Inj, moxifloxacin 100 mg",E,0.00,0.00,0.00,XXX,33.4009
J2281,Inj moxifloxacin (fres kabi),E,0.00,0.00,0.00,XXX,33.4009
J2290,"Inj, nafcillin sodium, 20 mg",E,0.00,0.00,0.00,XXX,33.4009
J2291,"Inj, nafcillin (baxter) 20mg",E,0.00,0.00,0.00,XXX,33.4009
J2300,Inj nalbuphine hydrochloride,E,0.00,0.00,0.00,XXX,33.4009
J2305,"Inj, nitroglycerin, 5 mg",E,0.00,0.00,0.00,XXX,33.4009
J2312,"Inj naloxone hcl nos, 0.01mg",E,0.00,0.00,0.00,XXX,33.4009
J2313,"Inj, naloxone (zimhi) 0.01mg",E,0.00,0.00,0.00,XXX,33.4009
J2315,"Naltrexone, depot form",E,0.00,0.00,0.00,XXX,33.4009
J2320,Nandrolone decanoate 50 mg,E,0.00,0.00,0.00,XXX,33.4009
J2323,Natalizumab injection,E,0.00,0.00,0.00,XXX,33.4009
J2325,Nesiritide injection,E,0.00,0.00,0.00,XXX,33.4009
J2326,"Inj, nusinersen, 0.1mg",E,0.00,0.00,0.00,XXX,33.4009
J2327,Inj risankizumab-rzaa 1 mg,E,0.00,0.00,0.00,XXX,33.4009
J2329,"Inj ublituximab-xiiy, 1 mg",E,0.00,0.00,0.00,XXX,33.4009
J2350,"Injection, ocrelizumab, 1 mg",E,0.00,0.00,0.00,XXX,33.4009
J2351,Inj ocrelizumab 1mg hya-ocsq,E,0.00,0.00,0.00,XXX,33.4009
J2353,"Octreotide injection, depot",E,0.00,0.00,0.00,XXX,33.4009
J2354,"Octreotide inj, non-depot",E,0.00,0.00,0.00,XXX,33.4009
J2355,Oprelvekin injection,E,0.00,0.00,0.00,XXX,33.4009
J2356,"Inj tezepelumab-ekko, 1mg",E,0.00,0.00,0.00,XXX,33.4009
J2357,Omalizumab injection,E,0.00,0.00,0.00,XXX,33.4009
J2358,Olanzapine long-acting inj,E,0.00,0.00,0.00,XXX,33.4009
J2359,"Inj. olanzapine, 0.5mg",E,0.00,0.00,0.00,XXX,33.4009
J2360,Orphenadrine injection,E,0.00,0.00,0.00,XXX,33.4009
J2361,Inj depemokimab-ulaa 1 mg,E,0.00,0.00,0.00,XXX,33.4009
J2371,Inj phenylephrine hcl 20 mcg,E,0.00,0.00,0.00,XXX,33.4009
J2372,"Inj, biorphen, 20 micrograms",E,0.00,0.00,0.00,XXX,33.4009
J2373,"Inj, immphentiv, 20 mcg",E,0.00,0.00,0.00,XXX,33.4009
J2374,Apraclonidine hcl opht 0.1ml,E,0.00,0.00,0.00,XXX,33.4009
J2401,Chloroprocaine hcl injection,E,0.00,0.00,0.00,XXX,33.4009
J2402,Chloroprocaine (clorotekal),E,0.00,0.00,0.00,XXX,33.4009
J2403,"Chloroprocaine opht gel, 1mg",E,0.00,0.00,0.00,XXX,33.4009
J2404,"Inj, nicardipine 0.1 mg",E,0.00,0.00,0.00,XXX,33.4009
J2405,Ondansetron hcl injection,E,0.00,0.00,0.00,XXX,33.4009
J2406,"Injection, oritavancin 10 mg",E,0.00,0.00,0.00,XXX,33.4009
J2407,"Injection, oritavancin",E,0.00,0.00,0.00,XXX,33.4009
J2410,Oxymorphone hcl injection,E,0.00,0.00,0.00,XXX,33.4009
J2425,Palifermin injection,E,0.00,0.00,0.00,XXX,33.4009
J2426,"Inj, invega sustenna, 1 mg",E,0.00,0.00,0.00,XXX,33.4009
J2427,"Inj, invega hafyera/trinza",E,0.00,0.00,0.00,XXX,33.4009
J2428,"Inj, erzofri, 1 mg",E,0.00,0.00,0.00,XXX,33.4009
J2430,Pamidronate disodium /30 mg,E,0.00,0.00,0.00,XXX,33.4009
J2440,Papaverin hcl injection,E,0.00,0.00,0.00,XXX,33.4009
J2460,Oxytetracycline injection,E,0.00,0.00,0.00,XXX,33.4009
J2468,"Inj, palonosetron (posfrea)",E,0.00,0.00,0.00,XXX,33.4009
J2469,Palonosetron hcl,E,0.00,0.00,0.00,XXX,33.4009
J2470,Inj pantoprazole sodium 40mg,E,0.00,0.00,0.00,XXX,33.4009
J2471,Inj pantoprazole(hikma) 40mg,E,0.00,0.00,0.00,XXX,33.4009
J2472,"Inj, pantoprazole sodium chl",E,0.00,0.00,0.00,XXX,33.4009
J2501,Paricalcitol,E,0.00,0.00,0.00,XXX,33.4009
J2502,"Inj, pasireotide long acting",E,0.00,0.00,0.00,XXX,33.4009
J2506,Inj pegfilgrast ex bio 0.5mg,E,0.00,0.00,0.00,XXX,33.4009
J2507,Pegloticase injection,E,0.00,0.00,0.00,XXX,33.4009
J2508,Pegunigalsidase alfa-iwxj,E,0.00,0.00,0.00,XXX,33.4009
J2510,Penicillin g procaine inj,E,0.00,0.00,0.00,XXX,33.4009
J2515,Pentobarbital sodium inj,E,0.00,0.00,0.00,XXX,33.4009
J2516,"Inj, pentamidine isethionate",E,0.00,0.00,0.00,XXX,33.4009
J2540,Penicillin g potassium inj,E,0.00,0.00,0.00,XXX,33.4009
J2543,Piperacillin/tazobactam,E,0.00,0.00,0.00,XXX,33.4009
J2545,Pentamidine non-comp unit,E,0.00,0.00,0.00,XXX,33.4009
J2547,"Injection, peramivir",E,0.00,0.00,0.00,XXX,33.4009
J2550,Promethazine hcl injection,E,0.00,0.00,0.00,XXX,33.4009
J2560,Phenobarbital sodium inj,E,0.00,0.00,0.00,XXX,33.4009
J2561,"Inj, sezaby, 1 mg",E,0.00,0.00,0.00,XXX,33.4009
J2562,Plerixafor injection,E,0.00,0.00,0.00,XXX,33.4009
J2590,Oxytocin injection,E,0.00,0.00,0.00,XXX,33.4009
J2596,Vasopressin (long grove) 1 u,E,0.00,0.00,0.00,XXX,33.4009
J2597,Inj desmopressin acetate,E,0.00,0.00,0.00,XXX,33.4009
J2598,"Inj, vasopressin, 1 unit",E,0.00,0.00,0.00,XXX,33.4009
J2599,Inj vasopressin (am reg) 1 u,E,0.00,0.00,0.00,XXX,33.4009
J2601,"Inj, vasopressin (baxter)",E,0.00,0.00,0.00,XXX,33.4009
J2650,Prednisolone acetate inj,E,0.00,0.00,0.00,XXX,33.4009
J2670,Totazoline hcl injection,E,0.00,0.00,0.00,XXX,33.4009
J2675,Inj progesterone per 50 mg,E,0.00,0.00,0.00,XXX,33.4009
J2679,Inj fluphenazine hcl 1.25 mg,E,0.00,0.00,0.00,XXX,33.4009
J2680,Fluphenazine decanoate 25 mg,E,0.00,0.00,0.00,XXX,33.4009
J2690,Procainamide hcl injection,E,0.00,0.00,0.00,XXX,33.4009
J2700,Oxacillin sodium injeciton,E,0.00,0.00,0.00,XXX,33.4009
J2704,"Inj, propofol, 10 mg",E,0.00,0.00,0.00,XXX,33.4009
J2710,Neostigmine methylslfte inj,E,0.00,0.00,0.00,XXX,33.4009
J2711,Inj neostigmin/glycopyrrolat,E,0.00,0.00,0.00,XXX,33.4009
J2720,Inj protamine sulfate/10 mg,E,0.00,0.00,0.00,XXX,33.4009
J2724,Protein c concentrate,E,0.00,0.00,0.00,XXX,33.4009
J2725,Inj protirelin per 250 mcg,E,0.00,0.00,0.00,XXX,33.4009
J2730,Pralidoxime chloride inj,E,0.00,0.00,0.00,XXX,33.4009
J2760,Phentolaine mesylate inj,E,0.00,0.00,0.00,XXX,33.4009
J2765,Metoclopramide hcl injection,E,0.00,0.00,0.00,XXX,33.4009
J2770,Quinupristin/dalfopristin,E,0.00,0.00,0.00,XXX,33.4009
J2777,"Inj, faricimab-svoa, 0.1mg",E,0.00,0.00,0.00,XXX,33.4009
J2778,Ranibizumab injection,E,0.00,0.00,0.00,XXX,33.4009
J2779,"Inj, susvimo 0.1 mg",E,0.00,0.00,0.00,XXX,33.4009
J2781,"Inj, pegcetacoplan, 1mg",E,0.00,0.00,0.00,XXX,33.4009
J2782,Inj avacincaptad pegol 0.1mg,E,0.00,0.00,0.00,XXX,33.4009
J2783,Rasburicase,E,0.00,0.00,0.00,XXX,33.4009
J2785,Regadenoson injection,E,0.00,0.00,0.00,XXX,33.4009
J2786,"Injection, reslizumab, 1mg",E,0.00,0.00,0.00,XXX,33.4009
J2787,Riboflavin photrexa/viscous,E,0.00,0.00,0.00,XXX,33.4009
J2788,Rho d immune globulin 50 mcg,E,0.00,0.00,0.00,XXX,33.4009
J2789,Riboflavin epioxa/hd<=2ml,E,0.00,0.00,0.00,XXX,33.4009
J2790,Rho d immune globulin inj,E,0.00,0.00,0.00,XXX,33.4009
J2791,Rhophylac injection,E,0.00,0.00,0.00,XXX,33.4009
J2792,"Rho(d) immune globulin h, sd",E,0.00,0.00,0.00,XXX,33.4009
J2793,Rilonacept injection,E,0.00,0.00,0.00,XXX,33.4009
J2794,"Inj risperdal consta, 0.5 mg",E,0.00,0.00,0.00,XXX,33.4009
J2795,Ropivacaine hcl injection,E,0.00,0.00,0.00,XXX,33.4009
J2797,"Inj., rolapitant, 0.5 mg",E,0.00,0.00,0.00,XXX,33.4009
J2798,"Inj., perseris, 0.5 mg",E,0.00,0.00,0.00,XXX,33.4009
J2799,"Inj, uzedy, 1 mg",E,0.00,0.00,0.00,XXX,33.4009
J2800,Methocarbamol injection,E,0.00,0.00,0.00,XXX,33.4009
J2801,"Inj, rykindo, 0.5 mg",E,0.00,0.00,0.00,XXX,33.4009
J2802,"Inj, romiplostim 1 microgram",E,0.00,0.00,0.00,XXX,33.4009
J2804,"Inj, rifampin, 1 mg",E,0.00,0.00,0.00,XXX,33.4009
J2805,Sincalide injection,E,0.00,0.00,0.00,XXX,33.4009
J2810,Inj theophylline per 40 mg,E,0.00,0.00,0.00,XXX,33.4009
J2820,Sargramostim injection,E,0.00,0.00,0.00,XXX,33.4009
J2840,Inj sebelipase alfa 1 mg,E,0.00,0.00,0.00,XXX,33.4009
J2850,Inj secretin synthetic human,E,0.00,0.00,0.00,XXX,33.4009
J2860,"Injection, siltuximab",E,0.00,0.00,0.00,XXX,33.4009
J2865,Inj sulfameth/trim 5 mg/1 mg,E,0.00,0.00,0.00,XXX,33.4009
J2916,Na ferric gluconate complex,E,0.00,0.00,0.00,XXX,33.4009
J2919,"Inj, methylpred sod succ 5mg",E,0.00,0.00,0.00,XXX,33.4009
J2941,Somatropin injection,E,0.00,0.00,0.00,XXX,33.4009
J2950,Promazine hcl injection,E,0.00,0.00,0.00,XXX,33.4009
J2993,Reteplase injection,E,0.00,0.00,0.00,XXX,33.4009
J2997,Alteplase recombinant,E,0.00,0.00,0.00,XXX,33.4009
J2998,Inj plasminogen tvmh 1mg,E,0.00,0.00,0.00,XXX,33.4009
J3000,Streptomycin injection,E,0.00,0.00,0.00,XXX,33.4009
J3010,Fentanyl citrate injection,E,0.00,0.00,0.00,XXX,33.4009
J3030,Sumatriptan succinate / 6 mg,E,0.00,0.00,0.00,XXX,33.4009
J3031,"Inj., fremanezumab-vfrm 1 mg",E,0.00,0.00,0.00,XXX,33.4009
J3032,Inj. eptinezumab-jjmr 1 mg,E,0.00,0.00,0.00,XXX,33.4009
J3055,Inj talquetamab-tgvs 0.25 mg,E,0.00,0.00,0.00,XXX,33.4009
J3060,"Inj, taliglucerase alfa 10 u",E,0.00,0.00,0.00,XXX,33.4009
J3070,Pentazocine injection,E,0.00,0.00,0.00,XXX,33.4009
J3090,Inj tedizolid phosphate,E,0.00,0.00,0.00,XXX,33.4009
J3095,Telavancin injection,E,0.00,0.00,0.00,XXX,33.4009
J3101,Tenecteplase injection,E,0.00,0.00,0.00,XXX,33.4009
J3105,Terbutaline sulfate inj,E,0.00,0.00,0.00,XXX,33.4009
J3110,Teriparatide injection,E,0.00,0.00,0.00,XXX,33.4009
J3111,Inj. romosozumab-aqqg 1 mg,E,0.00,0.00,0.00,XXX,33.4009
J3121,Inj testostero enanthate 1mg,E,0.00,0.00,0.00,XXX,33.4009
J3145,Testosterone undecanoate 1mg,E,0.00,0.00,0.00,XXX,33.4009
J3230,Chlorpromazine hcl injection,E,0.00,0.00,0.00,XXX,33.4009
J3240,Thyrotropin injection,E,0.00,0.00,0.00,XXX,33.4009
J3241,Inj. teprotumumab-trbw 10 mg,E,0.00,0.00,0.00,XXX,33.4009
J3243,Tigecycline injection,E,0.00,0.00,0.00,XXX,33.4009
J3244,Inj. tigecycline (accord),E,0.00,0.00,0.00,XXX,33.4009
J3245,"Inj., tildrakizumab, 1 mg",E,0.00,0.00,0.00,XXX,33.4009
J3246,Tirofiban hcl,E,0.00,0.00,0.00,XXX,33.4009
J3247,Inj secukinumab intrav 1mg,E,0.00,0.00,0.00,XXX,33.4009
J3250,Trimethobenzamide hcl inj,E,0.00,0.00,0.00,XXX,33.4009
J3260,Tobramycin sulfate injection,E,0.00,0.00,0.00,XXX,33.4009
J3262,Tocilizumab injection,E,0.00,0.00,0.00,XXX,33.4009
J3263,"Inj, toripalimab-tpzi, 1 mg",E,0.00,0.00,0.00,XXX,33.4009
J3265,Injection torsemide 10 mg/ml,E,0.00,0.00,0.00,XXX,33.4009
J3285,Treprostinil injection,E,0.00,0.00,0.00,XXX,33.4009
J3290,"Inj, tranexamic acid 5 mg",E,0.00,0.00,0.00,XXX,33.4009
J3291,Tranexamic acid in sod chlor,N,0.00,0.00,0.00,XXX,33.4009
J3299,Inj xipere 1 mg,E,0.00,0.00,0.00,XXX,33.4009
J3300,Triamcinolone a inj prs-free,E,0.00,0.00,0.00,XXX,33.4009
J3301,Triamcinolone acet inj nos,E,0.00,0.00,0.00,XXX,33.4009
J3302,Triamcinolone diacetate inj,E,0.00,0.00,0.00,XXX,33.4009
J3303,Triamcinolone hexacetonl inj,E,0.00,0.00,0.00,XXX,33.4009
J3304,Inj triamcinolone ace xr 1mg,E,0.00,0.00,0.00,XXX,33.4009
J3315,Triptorelin pamoate,E,0.00,0.00,0.00,XXX,33.4009
J3316,"Inj., triptorelin xr 3.75 mg",E,0.00,0.00,0.00,XXX,33.4009
J3350,Urea injection,E,0.00,0.00,0.00,XXX,33.4009
J3357,"Ustekinumab sub cu inj, 1 mg",E,0.00,0.00,0.00,XXX,33.4009
J3358,"Ustekinumab, iv inject, 1 mg",E,0.00,0.00,0.00,XXX,33.4009
J3360,Diazepam injection,E,0.00,0.00,0.00,XXX,33.4009
J3373,"Inj, vancomycin hcl, 10 mg",E,0.00,0.00,0.00,XXX,33.4009
J3374,"Inj, vancomycin (mylan) 10mg",E,0.00,0.00,0.00,XXX,33.4009
J3375,"Inj, vanco (tyzavan) 10mg",E,0.00,0.00,0.00,XXX,33.4009
J3376,Inj vancomycin (hikma) 10mg,E,0.00,0.00,0.00,XXX,33.4009
J3379,"Inj, valproate sod, 5 mg",E,0.00,0.00,0.00,XXX,33.4009
J3380,Inj vedolizumab iv 1 mg,E,0.00,0.00,0.00,XXX,33.4009
J3385,Velaglucerase alfa,E,0.00,0.00,0.00,XXX,33.4009
J3386,Etuvetidigene autotemecel,E,0.00,0.00,0.00,XXX,33.4009
J3387,Inj elivaldogene autotemecel,E,0.00,0.00,0.00,XXX,33.4009
J3389,Topi adm prad zami per treat,E,0.00,0.00,0.00,XXX,33.4009
J3391,"Inj, atidarsagene autotemcel",E,0.00,0.00,0.00,XXX,33.4009
J3392,"Inj, exagamglogene autotem",E,0.00,0.00,0.00,XXX,33.4009
J3393,"Inj, betibeglogene autotemce",E,0.00,0.00,0.00,XXX,33.4009
J3394,"Inj, lovotibeglogene autotem",E,0.00,0.00,0.00,XXX,33.4009
J3396,Verteporfin injection,E,0.00,0.00,0.00,XXX,33.4009
J3397,"Inj., vestronidase alfa-vjbk",E,0.00,0.00,0.00,XXX,33.4009
J3398,Inj luxturna 1 billion vec g,E,0.00,0.00,0.00,XXX,33.4009
J3399,Inj onase abepar-xioi treat,E,0.00,0.00,0.00,XXX,33.4009
J3401,"Vyjuvek 5x10^9pfu/ml, 0.1 ml",E,0.00,0.00,0.00,XXX,33.4009
J3402,Inj. remestemcel-l-rknd/ td,E,0.00,0.00,0.00,XXX,33.4009
J3403,"Revakinagene, per implant",E,0.00,0.00,0.00,XXX,33.4009
J3404,Inj zopapogene per ther dose,E,0.00,0.00,0.00,XXX,33.4009
J3405,Inj onase abepar-brve treat,E,0.00,0.00,0.00,XXX,33.4009
J3410,Hydroxyzine hcl injection,E,0.00,0.00,0.00,XXX,33.4009
J3411,Thiamine hcl 100 mg,E,0.00,0.00,0.00,XXX,33.4009
J3415,Pyridoxine hcl 100 mg,E,0.00,0.00,0.00,XXX,33.4009
J3420,Vitamin b12 injection,E,0.00,0.00,0.00,XXX,33.4009
J3424,Inj hydroxocobalamin iv 25mg,E,0.00,0.00,0.00,XXX,33.4009
J3425,Hydroxocobalamin im 10mcg,E,0.00,0.00,0.00,XXX,33.4009
J3430,Vitamin k phytonadione inj,E,0.00,0.00,0.00,XXX,33.4009
J3465,"Injection, voriconazole",E,0.00,0.00,0.00,XXX,33.4009
J3470,Hyaluronidase injection,E,0.00,0.00,0.00,XXX,33.4009
J3471,"Ovine, up to 999 usp units",E,0.00,0.00,0.00,XXX,33.4009
J3472,"Ovine, 1000 usp units",E,0.00,0.00,0.00,XXX,33.4009
J3473,Hyaluronidase recombinant,E,0.00,0.00,0.00,XXX,33.4009
J3475,Inj magnesium sulfate,E,0.00,0.00,0.00,XXX,33.4009
J3480,Inj potassium chloride,E,0.00,0.00,0.00,XXX,33.4009
J3485,Zidovudine,E,0.00,0.00,0.00,XXX,33.4009
J3486,Ziprasidone mesylate,E,0.00,0.00,0.00,XXX,33.4009
J3489,Zoledronic acid 1mg,E,0.00,0.00,0.00,XXX,33.4009
J3490,Drugs unclassified injection,E,0.00,0.00,0.00,XXX,33.4009
J3520,Edetate disodium per 150 mg,N,0.00,0.00,0.00,XXX,33.4009
J3530,Nasal vaccine inhalation,E,0.00,0.00,0.00,XXX,33.4009
J3535,Metered dose inhaler drug,N,0.00,0.00,0.00,XXX,33.4009
J3570,Laetrile amygdalin vit b17,N,0.00,0.00,0.00,XXX,33.4009
J3590,Unclassified biologics,E,0.00,0.00,0.00,XXX,33.4009
J3591,Esrd on dialysi drug/bio noc,E,0.00,0.00,0.00,XXX,33.4009
J7030,Normal saline solution infus,E,0.00,0.00,0.00,XXX,33.4009
J7040,Normal saline solution infus,E,0.00,0.00,0.00,XXX,33.4009
J7042,5% dextrose/normal saline,E,0.00,0.00,0.00,XXX,33.4009
J7050,Normal saline solution infus,E,0.00,0.00,0.00,XXX,33.4009
J7060,5% dextrose/water,E,0.00,0.00,0.00,XXX,33.4009
J7070,D5w infusion,E,0.00,0.00,0.00,XXX,33.4009
J7100,Dextran 40 infusion,E,0.00,0.00,0.00,XXX,33.4009
J7110,Dextran 75 infusion,E,0.00,0.00,0.00,XXX,33.4009
J7120,Ringers lactate infusion,E,0.00,0.00,0.00,XXX,33.4009
J7121,5% dextrose in lac ringers,E,0.00,0.00,0.00,XXX,33.4009
J7131,Hypertonic saline sol,E,0.00,0.00,0.00,XXX,33.4009
J7165,"Inj, human-lans, per i.u",E,0.00,0.00,0.00,XXX,33.4009
J7168,Prothrombin complex kcentra,E,0.00,0.00,0.00,XXX,33.4009
J7169,"Inj andexxa, 10 mg",E,0.00,0.00,0.00,XXX,33.4009
J7170,"Inj., emicizumab-kxwh 0.5 mg",E,0.00,0.00,0.00,XXX,33.4009
J7171,"Inj, adzynma, 10 iu",E,0.00,0.00,0.00,XXX,33.4009
J7172,"Inj marstacim-hncq, 0.5 mg",E,0.00,0.00,0.00,XXX,33.4009
J7173,"Inj. concizumab-mtci, 0.5 mg",E,0.00,0.00,0.00,XXX,33.4009
J7174,Injection fitusiran 0.04 mg,E,0.00,0.00,0.00,XXX,33.4009
J7175,"Inj, factor x, (human), 1iu",E,0.00,0.00,0.00,XXX,33.4009
J7176,"Inj. fesilty, 1 mg",E,0.00,0.00,0.00,XXX,33.4009
J7177,"Inj., fibryga, 1 mg",E,0.00,0.00,0.00,XXX,33.4009
J7178,Inj human fibrinogen con nos,E,0.00,0.00,0.00,XXX,33.4009
J7179,Vonvendi inj 1 iu vwf:rco,E,0.00,0.00,0.00,XXX,33.4009
J7180,Factor xiii anti-hem factor,E,0.00,0.00,0.00,XXX,33.4009
J7181,Factor xiii recomb a-subunit,E,0.00,0.00,0.00,XXX,33.4009
J7182,Factor viii recomb novoeight,E,0.00,0.00,0.00,XXX,33.4009
J7183,Wilate injection,E,0.00,0.00,0.00,XXX,33.4009
J7185,Xyntha inj,E,0.00,0.00,0.00,XXX,33.4009
J7186,Antihemophilic viii/vwf comp,E,0.00,0.00,0.00,XXX,33.4009
J7187,"Humate-p, inj",E,0.00,0.00,0.00,XXX,33.4009
J7188,Factor viii recomb obizur,E,0.00,0.00,0.00,XXX,33.4009
J7189,Factor viia recomb novoseven,E,0.00,0.00,0.00,XXX,33.4009
J7190,Factor viii,X,0.00,0.00,0.00,XXX,33.4009
J7191,Factor viii (porcine),X,0.00,0.00,0.00,XXX,33.4009
J7192,Factor viii recombinant nos,X,0.00,0.00,0.00,XXX,33.4009
J7193,Factor ix non-recombinant,X,0.00,0.00,0.00,XXX,33.4009
J7194,Factor ix complex,X,0.00,0.00,0.00,XXX,33.4009
J7195,Factor ix recombinant nos,X,0.00,0.00,0.00,XXX,33.4009
J7196,Antithrombin recombinant,E,0.00,0.00,0.00,XXX,33.4009
J7197,Antithrombin iii injection,X,0.00,0.00,0.00,XXX,33.4009
J7198,Anti-inhibitor,X,0.00,0.00,0.00,XXX,33.4009
J7199,Hemophilia clot factor noc,X,0.00,0.00,0.00,XXX,33.4009
J7200,Factor ix recombinan rixubis,E,0.00,0.00,0.00,XXX,33.4009
J7201,Factor ix alprolix recomb,E,0.00,0.00,0.00,XXX,33.4009
J7202,Factor ix idelvion inj,E,0.00,0.00,0.00,XXX,33.4009
J7203,Factor ix recomb gly rebinyn,E,0.00,0.00,0.00,XXX,33.4009
J7204,Inj recombin esperoct per iu,E,0.00,0.00,0.00,XXX,33.4009
J7205,Factor viii fc fusion recomb,E,0.00,0.00,0.00,XXX,33.4009
J7207,Factor viii pegylated recomb,E,0.00,0.00,0.00,XXX,33.4009
J7208,Inj. jivi 1 iu,E,0.00,0.00,0.00,XXX,33.4009
J7209,Factor viii nuwiq recomb 1iu,E,0.00,0.00,0.00,XXX,33.4009
J7210,"Inj, afstyla, 1 i.u.",E,0.00,0.00,0.00,XXX,33.4009
J7211,"Inj, kovaltry, 1 i.u.",E,0.00,0.00,0.00,XXX,33.4009
J7212,Factor viia recomb sevenfact,E,0.00,0.00,0.00,XXX,33.4009
J7213,"Inj, ixinity, 1 i.u.",E,0.00,0.00,0.00,XXX,33.4009
J7214,Altuviiio per factor viii iu,E,0.00,0.00,0.00,XXX,33.4009
J7294,Seg acet and eth estr yearly,N,0.00,0.00,0.00,XXX,33.4009
J7295,Eth estr and eton monthly,N,0.00,0.00,0.00,XXX,33.4009
J7296,"Kyleena, 19.5 mg",N,0.00,0.00,0.00,XXX,33.4009
J7297,"Liletta, 52 mg",N,0.00,0.00,0.00,XXX,33.4009
J7298,"Mirena, 52 mg",N,0.00,0.00,0.00,XXX,33.4009
J7299,Intraut copp cont (miudella),N,0.00,0.00,0.00,XXX,33.4009
J7300,Intra copp contra (paragard),N,0.00,0.00,0.00,XXX,33.4009
J7301,"Skyla, 13.5 mg",N,0.00,0.00,0.00,XXX,33.4009
J7304,Contraceptive hormone patch,N,0.00,0.00,0.00,XXX,33.4009
J7306,Levonorgestrel implant sys,I,0.00,0.00,0.00,XXX,33.4009
J7307,Etonogestrel implant system,I,0.00,0.00,0.00,XXX,33.4009
J7308,Aminolevulinic acid hcl top,E,0.00,0.00,0.00,XXX,33.4009
J7311,"Inj., retisert, 0.01 mg",E,0.00,0.00,0.00,XXX,33.4009
J7312,Dexamethasone intra implant,E,0.00,0.00,0.00,XXX,33.4009
J7313,"Inj., iluvien, 0.01 mg",E,0.00,0.00,0.00,XXX,33.4009
J7314,"Inj., yutiq, 0.01 mg",E,0.00,0.00,0.00,XXX,33.4009
J7315,Ophthalmic mitomycin,E,0.00,0.00,0.00,XXX,33.4009
J7316,"Inj, ocriplasmin, 0.125 mg",E,0.00,0.00,0.00,XXX,33.4009
J7318,"Inj, durolane 1 mg",E,0.00,0.00,0.00,XXX,33.4009
J7320,"Genvisc 850, inj, 1mg",E,0.00,0.00,0.00,XXX,33.4009
J7321,Hyalgan supartz visco-3 dose,E,0.00,0.00,0.00,XXX,33.4009
J7322,"Hyaluronan, hymo or hymo one",E,0.00,0.00,0.00,XXX,33.4009
J7323,Euflexxa inj per dose,E,0.00,0.00,0.00,XXX,33.4009
J7324,Orthovisc inj per dose,E,0.00,0.00,0.00,XXX,33.4009
J7325,Synvisc or synvisc-one,E,0.00,0.00,0.00,XXX,33.4009
J7326,Gel-one,E,0.00,0.00,0.00,XXX,33.4009
J7327,Monovisc inj per dose,E,0.00,0.00,0.00,XXX,33.4009
J7328,Gelsyn-3 injection 0.1 mg,E,0.00,0.00,0.00,XXX,33.4009
J7329,"Inj, trivisc 1 mg",E,0.00,0.00,0.00,XXX,33.4009
J7330,Cultured chondrocytes implnt,E,0.00,0.00,0.00,XXX,33.4009
J7331,"Synojoynt, inj., 1 mg",E,0.00,0.00,0.00,XXX,33.4009
J7332,"Inj., triluron, 1 mg",E,0.00,0.00,0.00,XXX,33.4009
J7336,Capsaicin 8% patch,E,0.00,0.00,0.00,XXX,33.4009
J7340,Carbidopa levodopa ent 100ml,E,0.00,0.00,0.00,XXX,33.4009
J7342,Ciprofloxacin otic susp 6 mg,E,0.00,0.00,0.00,XXX,33.4009
J7345,"Aminolevulinic acid, 10% gel",E,0.00,0.00,0.00,XXX,33.4009
J7351,Inj bimatoprost itc imp1mcg,E,0.00,0.00,0.00,XXX,33.4009
J7352,"Afamelanotide implant, 1 mg",E,0.00,0.00,0.00,XXX,33.4009
J7353,Anacaulase-bcdb 8.8% gel 1 g,E,0.00,0.00,0.00,XXX,33.4009
J7354,"Cantharidin top, applicator",E,0.00,0.00,0.00,XXX,33.4009
J7355,Inj travoprost intra impl,E,0.00,0.00,0.00,XXX,33.4009
J7356,Inj foscarb/foslevodopa 5 mg,E,0.00,0.00,0.00,XXX,33.4009
J7402,Mometasone sinus sinuva,E,0.00,0.00,0.00,XXX,33.4009
J7500,Azathioprine oral 50mg,X,0.00,0.00,0.00,XXX,33.4009
J7501,Azathioprine parenteral,X,0.00,0.00,0.00,XXX,33.4009
J7502,Cyclosporine oral 100 mg,E,0.00,0.00,0.00,XXX,33.4009
J7503,Tacrol envarsus ex rel oral,E,0.00,0.00,0.00,XXX,33.4009
J7504,Lymphocyte immune globulin,X,0.00,0.00,0.00,XXX,33.4009
J7507,Tacrolimus imme rel oral 1mg,E,0.00,0.00,0.00,XXX,33.4009
J7508,Tacrol astagraf ex rel oral,E,0.00,0.00,0.00,XXX,33.4009
J7509,Methylprednisolone oral,X,0.00,0.00,0.00,XXX,33.4009
J7510,Prednisolone oral per 5 mg,X,0.00,0.00,0.00,XXX,33.4009
J7511,Antithymocyte globuln rabbit,E,0.00,0.00,0.00,XXX,33.4009
J7512,Prednisone ir or dr oral 1mg,E,0.00,0.00,0.00,XXX,33.4009
J7514,Mycophenol (myhibbin) 100 mg,E,0.00,0.00,0.00,XXX,33.4009
J7515,Cyclosporine oral 25 mg,E,0.00,0.00,0.00,XXX,33.4009
J7516,"Inj, cyclosporine 250mg",E,0.00,0.00,0.00,XXX,33.4009
J7517,Mycophenolate mofetil oral,E,0.00,0.00,0.00,XXX,33.4009
J7518,Mycophenolic acid,E,0.00,0.00,0.00,XXX,33.4009
J7519,Inj. mycophenolate mofetil,E,0.00,0.00,0.00,XXX,33.4009
J7520,"Sirolimus, oral",E,0.00,0.00,0.00,XXX,33.4009
J7521,Tacrolim granules oral susp,E,0.00,0.00,0.00,XXX,33.4009
J7525,Tacrolimus injection,E,0.00,0.00,0.00,XXX,33.4009
J7527,Oral everolimus,E,0.00,0.00,0.00,XXX,33.4009
J7528,Mycophen mofetil for susp,E,0.00,0.00,0.00,XXX,33.4009
J7599,Immunosuppressive drug noc,X,0.00,0.00,0.00,XXX,33.4009
J7601,Ensifentrine inh 3 mg,E,0.00,0.00,0.00,XXX,33.4009
J7604,Acetylcysteine comp unit,E,0.00,0.00,0.00,XXX,33.4009
J7605,Arformoterol non-comp unit,E,0.00,0.00,0.00,XXX,33.4009
J7606,"Formoterol fumarate, inh",E,0.00,0.00,0.00,XXX,33.4009
J7607,Levalbuterol comp con,E,0.00,0.00,0.00,XXX,33.4009
J7608,Acetylcysteine non-comp unit,E,0.00,0.00,0.00,XXX,33.4009
J7609,Albuterol comp unit,E,0.00,0.00,0.00,XXX,33.4009
J7610,Albuterol comp con,E,0.00,0.00,0.00,XXX,33.4009
J7611,Albuterol non-comp con,E,0.00,0.00,0.00,XXX,33.4009
J7612,Levalbuterol non-comp con,E,0.00,0.00,0.00,XXX,33.4009
J7613,Albuterol non-comp unit,E,0.00,0.00,0.00,XXX,33.4009
J7614,Levalbuterol non-comp unit,E,0.00,0.00,0.00,XXX,33.4009
J7615,Levalbuterol comp unit,E,0.00,0.00,0.00,XXX,33.4009
J7620,Albuterol ipratrop non-comp,E,0.00,0.00,0.00,XXX,33.4009
J7622,Beclomethasone comp unit,E,0.00,0.00,0.00,XXX,33.4009
J7624,Betamethasone comp unit,E,0.00,0.00,0.00,XXX,33.4009
J7626,Budesonide non-comp unit,E,0.00,0.00,0.00,XXX,33.4009
J7627,Budesonide comp unit,E,0.00,0.00,0.00,XXX,33.4009
J7628,Bitolterol mesylate comp con,E,0.00,0.00,0.00,XXX,33.4009
J7629,Bitolterol mesylate comp unt,E,0.00,0.00,0.00,XXX,33.4009
J7631,Cromolyn sodium noncomp unit,E,0.00,0.00,0.00,XXX,33.4009
J7632,Cromolyn sodium comp unit,E,0.00,0.00,0.00,XXX,33.4009
J7633,Budesonide non-comp con,E,0.00,0.00,0.00,XXX,33.4009
J7634,Budesonide comp con,E,0.00,0.00,0.00,XXX,33.4009
J7635,Atropine comp con,E,0.00,0.00,0.00,XXX,33.4009
J7636,Atropine comp unit,E,0.00,0.00,0.00,XXX,33.4009
J7637,Dexamethasone comp con,E,0.00,0.00,0.00,XXX,33.4009
J7638,Dexamethasone comp unit,E,0.00,0.00,0.00,XXX,33.4009
J7639,Dornase alfa non-comp unit,E,0.00,0.00,0.00,XXX,33.4009
J7640,Formoterol comp unit,E,0.00,0.00,0.00,XXX,33.4009
J7641,Flunisolide comp unit,E,0.00,0.00,0.00,XXX,33.4009
J7642,Glycopyrrolate comp con,E,0.00,0.00,0.00,XXX,33.4009
J7643,Glycopyrrolate comp unit,E,0.00,0.00,0.00,XXX,33.4009
J7644,Ipratropium bromide non-comp,E,0.00,0.00,0.00,XXX,33.4009
J7645,Ipratropium bromide comp,E,0.00,0.00,0.00,XXX,33.4009
J7647,Isoetharine comp con,E,0.00,0.00,0.00,XXX,33.4009
J7648,Isoetharine non-comp con,E,0.00,0.00,0.00,XXX,33.4009
J7649,Isoetharine non-comp unit,E,0.00,0.00,0.00,XXX,33.4009
J7650,Isoetharine comp unit,E,0.00,0.00,0.00,XXX,33.4009
J7657,Isoproterenol comp con,E,0.00,0.00,0.00,XXX,33.4009
J7658,Isoproterenol non-comp con,E,0.00,0.00,0.00,XXX,33.4009
J7659,Isoproterenol non-comp unit,E,0.00,0.00,0.00,XXX,33.4009
J7660,Isoproterenol comp unit,E,0.00,0.00,0.00,XXX,33.4009
J7665,Mannitol for inhaler,E,0.00,0.00,0.00,XXX,33.4009
J7667,Metaproterenol comp con,E,0.00,0.00,0.00,XXX,33.4009
J7668,Metaproterenol non-comp con,E,0.00,0.00,0.00,XXX,33.4009
J7669,Metaproterenol non-comp unit,E,0.00,0.00,0.00,XXX,33.4009
J7670,Metaproterenol comp unit,E,0.00,0.00,0.00,XXX,33.4009
J7674,"Methacholine chloride, neb",E,0.00,0.00,0.00,XXX,33.4009
J7676,Pentamidine comp unit dose,E,0.00,0.00,0.00,XXX,33.4009
J7677,Revefenacin inh non-com 1mcg,E,0.00,0.00,0.00,XXX,33.4009
J7680,Terbutaline sulf comp con,E,0.00,0.00,0.00,XXX,33.4009
J7681,Terbutaline sulf comp unit,E,0.00,0.00,0.00,XXX,33.4009
J7682,Tobramycin non-comp unit,E,0.00,0.00,0.00,XXX,33.4009
J7683,Triamcinolone comp con,E,0.00,0.00,0.00,XXX,33.4009
J7684,Triamcinolone comp unit,E,0.00,0.00,0.00,XXX,33.4009
J7685,Tobramycin comp unit,E,0.00,0.00,0.00,XXX,33.4009
J7686,"Treprostinil, non-comp unit",E,0.00,0.00,0.00,XXX,33.4009
J7699,Inhalation solution for dme,E,0.00,0.00,0.00,XXX,33.4009
J7799,Non-inhalation drug for dme,E,0.00,0.00,0.00,XXX,33.4009
J7999,"Compounded drug, noc",E,0.00,0.00,0.00,XXX,33.4009
J8498,Antiemetic rectal/supp nos,E,0.00,0.00,0.00,XXX,33.4009
J8499,Oral prescrip drug non chemo,N,0.00,0.00,0.00,XXX,33.4009
J8501,Oral aprepitant,E,0.00,0.00,0.00,XXX,33.4009
J8502,"Inj, aponvie, 1 mg",E,0.00,0.00,0.00,XXX,33.4009
J8510,Oral busulfan,E,0.00,0.00,0.00,XXX,33.4009
J8515,"Cabergoline, oral 0.25mg",N,0.00,0.00,0.00,XXX,33.4009
J8522,"Capecitabine, oral, 50 mg",E,0.00,0.00,0.00,XXX,33.4009
J8530,Cyclophosphamide oral 25 mg,E,0.00,0.00,0.00,XXX,33.4009
J8540,Oral dexamethasone,E,0.00,0.00,0.00,XXX,33.4009
J8541,"Oral, hemady, 0.25 mg",E,0.00,0.00,0.00,XXX,33.4009
J8560,Etoposide oral 50 mg,E,0.00,0.00,0.00,XXX,33.4009
J8565,Gefitinib oral,I,0.00,0.00,0.00,XXX,33.4009
J8597,Antiemetic drug oral nos,E,0.00,0.00,0.00,XXX,33.4009
J8600,Melphalan oral 2 mg,E,0.00,0.00,0.00,XXX,33.4009
J8610,Methotrexate oral 2.5 mg,E,0.00,0.00,0.00,XXX,33.4009
J8611,Oral methotrexate (jylamvo),E,0.00,0.00,0.00,XXX,33.4009
J8612,Oral methotrexate (xatmep),E,0.00,0.00,0.00,XXX,33.4009
J8655,"Oral netupitant, palonosetro",E,0.00,0.00,0.00,XXX,33.4009
J8670,"Rolapitant, oral, 1mg",E,0.00,0.00,0.00,XXX,33.4009
J8700,Temozolomide,E,0.00,0.00,0.00,XXX,33.4009
J8705,Topotecan oral,E,0.00,0.00,0.00,XXX,33.4009
J8999,Oral prescription drug chemo,E,0.00,0.00,0.00,XXX,33.4009
J9000,Doxorubicin hcl injection,E,0.00,0.00,0.00,XXX,33.4009
J9003,"Leupro inj, camcevi etm, 1mg",E,0.00,0.00,0.00,XXX,33.4009
J9011,"Datopotamab deruxtecan, 1 mg",E,0.00,0.00,0.00,XXX,33.4009
J9015,Aldesleukin injection,E,0.00,0.00,0.00,XXX,33.4009
J9017,Arsenic trioxide injection,E,0.00,0.00,0.00,XXX,33.4009
J9021,"Inj, aspara, rylaze, 0.1 mg",E,0.00,0.00,0.00,XXX,33.4009
J9022,"Inj, atezolizumab,10 mg",E,0.00,0.00,0.00,XXX,33.4009
J9023,"Injection, avelumab, 10 mg",E,0.00,0.00,0.00,XXX,33.4009
J9024,Inj atezolizumb 5mg hya-tqjs,E,0.00,0.00,0.00,XXX,33.4009
J9025,Azacitidine injection,E,0.00,0.00,0.00,XXX,33.4009
J9026,"Inj, tarlatamab-dlle, 1 mg",E,0.00,0.00,0.00,XXX,33.4009
J9027,Clofarabine injection,E,0.00,0.00,0.00,XXX,33.4009
J9028,"Inj, nogapendekin pmln, 1mcg",E,0.00,0.00,0.00,XXX,33.4009
J9029,"Instill adstiladrin, tx dose",E,0.00,0.00,0.00,XXX,33.4009
J9030,Bcg live intravesical 1mg,E,0.00,0.00,0.00,XXX,33.4009
J9032,"Injection, belinostat, 10mg",E,0.00,0.00,0.00,XXX,33.4009
J9033,"Inj, bendamustine hcl, 1mg",E,0.00,0.00,0.00,XXX,33.4009
J9034,"Inj., bendeka 1 mg",E,0.00,0.00,0.00,XXX,33.4009
J9035,Bevacizumab injection,E,0.00,0.00,0.00,XXX,33.4009
J9036,Inj. belrapzo/bendamustine,E,0.00,0.00,0.00,XXX,33.4009
J9038,Inj axatilimab-csfr 0.1 mg,E,0.00,0.00,0.00,XXX,33.4009
J9039,"Injection, blinatumomab",E,0.00,0.00,0.00,XXX,33.4009
J9040,Bleomycin sulfate injection,E,0.00,0.00,0.00,XXX,33.4009
J9041,"Injection, bortezomib, 0.1mg",E,0.00,0.00,0.00,XXX,33.4009
J9042,Brentuximab vedotin inj,E,0.00,0.00,0.00,XXX,33.4009
J9043,Cabazitaxel injection,E,0.00,0.00,0.00,XXX,33.4009
J9045,Carboplatin injection,E,0.00,0.00,0.00,XXX,33.4009
J9046,"Inj, bortezomib, dr. reddy's",E,0.00,0.00,0.00,XXX,33.4009
J9047,"Injection, carfilzomib, 1 mg",E,0.00,0.00,0.00,XXX,33.4009
J9048,"Inj, bortezomib freseniuskab",E,0.00,0.00,0.00,XXX,33.4009
J9049,"Inj, bortezomib, hospira",E,0.00,0.00,0.00,XXX,33.4009
J9050,Carmustine injection,E,0.00,0.00,0.00,XXX,33.4009
J9051,"Inj, bortezomib (maia)",E,0.00,0.00,0.00,XXX,33.4009
J9052,"Inj, carmustine (accord)",E,0.00,0.00,0.00,XXX,33.4009
J9053,Inj belantamab mafodot blmf,E,0.00,0.00,0.00,XXX,33.4009
J9054,Inj bortezomib boruzu 0.1 mg,E,0.00,0.00,0.00,XXX,33.4009
J9055,Cetuximab injection,E,0.00,0.00,0.00,XXX,33.4009
J9056,"Inj, vivimusta, 1 mg",E,0.00,0.00,0.00,XXX,33.4009
J9057,"Inj., copanlisib, 1 mg",E,0.00,0.00,0.00,XXX,33.4009
J9060,Cisplatin 10 mg injection,E,0.00,0.00,0.00,XXX,33.4009
J9061,"Inj, amivantamab-vmjw",E,0.00,0.00,0.00,XXX,33.4009
J9062,Inj amivantamab 5mg hyaluron,E,0.00,0.00,0.00,XXX,33.4009
J9063,"Inj, elahere, 1 mg",E,0.00,0.00,0.00,XXX,33.4009
J9064,"Inj, cabazitaxel (sandoz)",E,0.00,0.00,0.00,XXX,33.4009
J9065,Inj cladribine per 1 mg,E,0.00,0.00,0.00,XXX,33.4009
J9071,Inj cyclophosphamd auromedic,E,0.00,0.00,0.00,XXX,33.4009
J9072,Inj cyclophos frindovyx 5 mg,E,0.00,0.00,0.00,XXX,33.4009
J9073,Inj cyclophos dr reddys 5 mg,E,0.00,0.00,0.00,XXX,33.4009
J9074,"Inj, cyclophosphamd, sandoz",E,0.00,0.00,0.00,XXX,33.4009
J9075,"Inj, cyclophosphamide, nos",E,0.00,0.00,0.00,XXX,33.4009
J9076,"Inj, cyclophos (baxter) 5mg",E,0.00,0.00,0.00,XXX,33.4009
J9100,Cytarabine hcl 100 mg inj,E,0.00,0.00,0.00,XXX,33.4009
J9118,Inj. calaspargase pegol-mknl,E,0.00,0.00,0.00,XXX,33.4009
J9119,"Inj., cemiplimab-rwlc, 1 mg",E,0.00,0.00,0.00,XXX,33.4009
J9120,Dactinomycin injection,E,0.00,0.00,0.00,XXX,33.4009
J9130,Dacarbazine 100 mg inj,E,0.00,0.00,0.00,XXX,33.4009
J9144,"Daratumumab, hyaluronidase",E,0.00,0.00,0.00,XXX,33.4009
J9145,"Injection, daratumumab 10 mg",E,0.00,0.00,0.00,XXX,33.4009
J9150,Daunorubicin injection,E,0.00,0.00,0.00,XXX,33.4009
J9153,"Inj daunorubicin, cytarabine",E,0.00,0.00,0.00,XXX,33.4009
J9155,Degarelix injection,E,0.00,0.00,0.00,XXX,33.4009
J9161,Inj denileuk difti-cxdl 1mcg,E,0.00,0.00,0.00,XXX,33.4009
J9171,Docetaxel injection,E,0.00,0.00,0.00,XXX,33.4009
J9172,"Docetaxel (docivyx), 1 mg",E,0.00,0.00,0.00,XXX,33.4009
J9173,"Inj., durvalumab, 10 mg",E,0.00,0.00,0.00,XXX,33.4009
J9174,"Inj, docetaxel (beizray) 1mg",E,0.00,0.00,0.00,XXX,33.4009
J9175,Elliotts b solution per ml,E,0.00,0.00,0.00,XXX,33.4009
J9176,"Injection, elotuzumab, 1mg",E,0.00,0.00,0.00,XXX,33.4009
J9177,Inj enfort vedo-ejfv 0.25mg,E,0.00,0.00,0.00,XXX,33.4009
J9178,"Inj, epirubicin hcl, 2 mg",E,0.00,0.00,0.00,XXX,33.4009
J9179,Eribulin mesylate injection,E,0.00,0.00,0.00,XXX,33.4009
J9181,Etoposide injection,E,0.00,0.00,0.00,XXX,33.4009
J9183,Gemcitabine intravesical sys,E,0.00,0.00,0.00,XXX,33.4009
J9184,Inj gemcitabin (avyxa) 200mg,E,0.00,0.00,0.00,XXX,33.4009
J9185,Fludarabine phosphate inj,E,0.00,0.00,0.00,XXX,33.4009
J9190,Fluorouracil injection,E,0.00,0.00,0.00,XXX,33.4009
J9196,Inj gemcitabine hcl (accord),E,0.00,0.00,0.00,XXX,33.4009
J9198,"Inj. infugem, 100 mg",E,0.00,0.00,0.00,XXX,33.4009
J9200,Floxuridine injection,E,0.00,0.00,0.00,XXX,33.4009
J9201,In gemcitabine hcl nos 200mg,E,0.00,0.00,0.00,XXX,33.4009
J9202,Goserelin acetate implant,E,0.00,0.00,0.00,XXX,33.4009
J9203,Gemtuzumab ozogamicin 0.1 mg,E,0.00,0.00,0.00,XXX,33.4009
J9204,"Inj mogamulizumab-kpkc, 1 mg",E,0.00,0.00,0.00,XXX,33.4009
J9205,Inj irinotecan liposome 1 mg,E,0.00,0.00,0.00,XXX,33.4009
J9206,Irinotecan injection,E,0.00,0.00,0.00,XXX,33.4009
J9207,Ixabepilone injection,E,0.00,0.00,0.00,XXX,33.4009
J9208,Ifosfamide injection,E,0.00,0.00,0.00,XXX,33.4009
J9209,Mesna injection,E,0.00,0.00,0.00,XXX,33.4009
J9210,"Inj., emapalumab-lzsg, 1 mg",E,0.00,0.00,0.00,XXX,33.4009
J9211,Idarubicin hcl injection,E,0.00,0.00,0.00,XXX,33.4009
J9213,Interferon alfa-2a inj,E,0.00,0.00,0.00,XXX,33.4009
J9214,Interferon alfa-2b inj,E,0.00,0.00,0.00,XXX,33.4009
J9215,Interferon alfa-n3 inj,E,0.00,0.00,0.00,XXX,33.4009
J9216,Interferon gamma 1-b inj,E,0.00,0.00,0.00,XXX,33.4009
J9217,Leuprolide acetate suspnsion,E,0.00,0.00,0.00,XXX,33.4009
J9218,Leuprolide acetate injeciton,E,0.00,0.00,0.00,XXX,33.4009
J9219,Leuprolide acetate implant,E,0.00,0.00,0.00,XXX,33.4009
J9220,Indigotindisulfonate sod 1mg,E,0.00,0.00,0.00,XXX,33.4009
J9223,"Inj. lurbinectedin, 0.1 mg",E,0.00,0.00,0.00,XXX,33.4009
J9225,Vantas implant,E,0.00,0.00,0.00,XXX,33.4009
J9226,Supprelin la implant,E,0.00,0.00,0.00,XXX,33.4009
J9227,Inj. isatuximab-irfc 10 mg,E,0.00,0.00,0.00,XXX,33.4009
J9228,Ipilimumab injection,E,0.00,0.00,0.00,XXX,33.4009
J9229,Inj inotuzumab ozogam 0.1 mg,E,0.00,0.00,0.00,XXX,33.4009
J9230,Mechlorethamine hcl inj,E,0.00,0.00,0.00,XXX,33.4009
J9232,Inj docetaxel (hospira) 1 mg,E,0.00,0.00,0.00,XXX,33.4009
J9245,Inj melpha hydroch nos 50 mg,E,0.00,0.00,0.00,XXX,33.4009
J9246,"Inj., evomela, 1 mg",E,0.00,0.00,0.00,XXX,33.4009
J9248,Inj melphalan (hepzato) 1 mg,E,0.00,0.00,0.00,XXX,33.4009
J9249,"Inj, melphalan (apotex) 1 mg",E,0.00,0.00,0.00,XXX,33.4009
J9255,"Inj, methotrexate (accord)",E,0.00,0.00,0.00,XXX,33.4009
J9256,"Inj, nipocalimab-aahu, 3 mg",E,0.00,0.00,0.00,XXX,33.4009
J9260,Inj methotrexate sodium 50mg,E,0.00,0.00,0.00,XXX,33.4009
J9261,Nelarabine injection,E,0.00,0.00,0.00,XXX,33.4009
J9262,"Inj, omacetaxine mep, 0.01mg",E,0.00,0.00,0.00,XXX,33.4009
J9263,Oxaliplatin,E,0.00,0.00,0.00,XXX,33.4009
J9264,Paclitaxel protein bound,E,0.00,0.00,0.00,XXX,33.4009
J9266,Pegaspargase injection,E,0.00,0.00,0.00,XXX,33.4009
J9267,Paclitaxel injection,E,0.00,0.00,0.00,XXX,33.4009
J9268,Pentostatin injection,E,0.00,0.00,0.00,XXX,33.4009
J9269,Inj. tagraxofusp-erzs 10 mcg,E,0.00,0.00,0.00,XXX,33.4009
J9271,Inj pembrolizumab,E,0.00,0.00,0.00,XXX,33.4009
J9272,"Inj, dostarlimab-gxly, 10 mg",E,0.00,0.00,0.00,XXX,33.4009
J9273,"Inj tisotu vedotin-tftv, 1mg",E,0.00,0.00,0.00,XXX,33.4009
J9274,"Inj, tebentafusp-tebn, 1 mcg",E,0.00,0.00,0.00,XXX,33.4009
J9275,"Inj cosibelimab-ipdl, 2 mg",E,0.00,0.00,0.00,XXX,33.4009
J9276,"Inj zanidatamab-hrii, 2 mg",E,0.00,0.00,0.00,XXX,33.4009
J9277,Pembrolizumab 1mg berahyalur,E,0.00,0.00,0.00,XXX,33.4009
J9278,"Inj, carboplatin (avyxa)",E,0.00,0.00,0.00,XXX,33.4009
J9280,Mitomycin injection,E,0.00,0.00,0.00,XXX,33.4009
J9281,Mitomycin instillation,E,0.00,0.00,0.00,XXX,33.4009
J9282,Mitomycin intravesical inst,E,0.00,0.00,0.00,XXX,33.4009
J9285,"Inj, olaratumab, 10 mg",E,0.00,0.00,0.00,XXX,33.4009
J9286,"Inj glofitamab gxbm, 2.5 mg",E,0.00,0.00,0.00,XXX,33.4009
J9289,Inj nivolumab 2 mg hyaluron,E,0.00,0.00,0.00,XXX,33.4009
J9292,"Inj, pemetrexed dipotassium",E,0.00,0.00,0.00,XXX,33.4009
J9293,Mitoxantrone hydrochl / 5 mg,E,0.00,0.00,0.00,XXX,33.4009
J9294,"Inj pemetrexed, hospira 10mg",E,0.00,0.00,0.00,XXX,33.4009
J9295,"Injection, necitumumab, 1 mg",E,0.00,0.00,0.00,XXX,33.4009
J9296,Inj pemetrexed (accord) 10mg,E,0.00,0.00,0.00,XXX,33.4009
J9297,Inj pemetrexed (sandoz) 10mg,E,0.00,0.00,0.00,XXX,33.4009
J9298,Inj nivol relatlimab 3mg/1mg,E,0.00,0.00,0.00,XXX,33.4009
J9299,"Injection, nivolumab",E,0.00,0.00,0.00,XXX,33.4009
J9301,Obinutuzumab inj,E,0.00,0.00,0.00,XXX,33.4009
J9302,Ofatumumab injection,E,0.00,0.00,0.00,XXX,33.4009
J9303,Panitumumab injection,E,0.00,0.00,0.00,XXX,33.4009
J9304,"Inj. pemetrexed, 10 mg",E,0.00,0.00,0.00,XXX,33.4009
J9305,Inj. pemetrexed nos 10mg,E,0.00,0.00,0.00,XXX,33.4009
J9306,"Injection, pertuzumab, 1 mg",E,0.00,0.00,0.00,XXX,33.4009
J9307,Pralatrexate injection,E,0.00,0.00,0.00,XXX,33.4009
J9308,"Injection, ramucirumab",E,0.00,0.00,0.00,XXX,33.4009
J9309,"Inj, polatuzumab vedotin 1mg",E,0.00,0.00,0.00,XXX,33.4009
J9311,"Inj rituximab, hyaluronidase",E,0.00,0.00,0.00,XXX,33.4009
J9312,"Inj., rituximab, 10 mg",E,0.00,0.00,0.00,XXX,33.4009
J9313,"Inj., lumoxiti, 0.01 mg",E,0.00,0.00,0.00,XXX,33.4009
J9314,Inj pemetrexed (teva) 10mg,E,0.00,0.00,0.00,XXX,33.4009
J9316,"Pertuzu, trastuzu, 10 mg",E,0.00,0.00,0.00,XXX,33.4009
J9317,Sacituzumab govitecan-hziy,E,0.00,0.00,0.00,XXX,33.4009
J9318,Inj romidepsin non-lyo 0.1mg,E,0.00,0.00,0.00,XXX,33.4009
J9319,Inj romidepsin lyophil 0.1mg,E,0.00,0.00,0.00,XXX,33.4009
J9320,Streptozocin injection,E,0.00,0.00,0.00,XXX,33.4009
J9321,Inj epcoritamab-bysp 0.16 mg,E,0.00,0.00,0.00,XXX,33.4009
J9322,Inj pemetrexed (bluepoint),E,0.00,0.00,0.00,XXX,33.4009
J9323,Inj pemetrexed ditromethamin,E,0.00,0.00,0.00,XXX,33.4009
J9324,"Inj, pemrydi rtu, 10 mg",E,0.00,0.00,0.00,XXX,33.4009
J9325,Inj talimogene laherparepvec,E,0.00,0.00,0.00,XXX,33.4009
J9326,Telisotuzumab vedotin-tllv,E,0.00,0.00,0.00,XXX,33.4009
J9328,Temozolomide injection,E,0.00,0.00,0.00,XXX,33.4009
J9329,"Inj, tislelizumab-jsgr",E,0.00,0.00,0.00,XXX,33.4009
J9330,Temsirolimus injection,E,0.00,0.00,0.00,XXX,33.4009
J9331,Inj sirolimus prot part 1 mg,E,0.00,0.00,0.00,XXX,33.4009
J9332,Inj efgartigimod 2mg,E,0.00,0.00,0.00,XXX,33.4009
J9333,Inj rozanolixizum-noli 1 mg,E,0.00,0.00,0.00,XXX,33.4009
J9334,Inj efgart-alfa 2mg hya-qvfc,E,0.00,0.00,0.00,XXX,33.4009
J9341,Inj thiotepa (tepylute) 1 mg,E,0.00,0.00,0.00,XXX,33.4009
J9342,Inj thiotepa nos 1 mg,E,0.00,0.00,0.00,XXX,33.4009
J9345,"Inj, retifanlimab-dlwr, 1 mg",E,0.00,0.00,0.00,XXX,33.4009
J9347,"Inj, tremelimumab-actl, 1 mg",E,0.00,0.00,0.00,XXX,33.4009
J9348,"Inj. naxitamab-gqgk, 1 mg",E,0.00,0.00,0.00,XXX,33.4009
J9349,"Inj., tafasitamab-cxix",E,0.00,0.00,0.00,XXX,33.4009
J9350,"Inj mosunetuzumab-axgb, 1 mg",E,0.00,0.00,0.00,XXX,33.4009
J9351,Topotecan injection,E,0.00,0.00,0.00,XXX,33.4009
J9352,Injection trabectedin 0.1mg,E,0.00,0.00,0.00,XXX,33.4009
J9353,"Inj. margetuximab-cmkb, 5 mg",E,0.00,0.00,0.00,XXX,33.4009
J9354,"Inj, ado-trastuzumab emt 1mg",E,0.00,0.00,0.00,XXX,33.4009
J9355,Inj trastuzumab excl biosimi,E,0.00,0.00,0.00,XXX,33.4009
J9356,"Inj. herceptin hylecta, 10mg",E,0.00,0.00,0.00,XXX,33.4009
J9357,Valrubicin injection,E,0.00,0.00,0.00,XXX,33.4009
J9358,Inj fam-trastu deru-nxki 1mg,E,0.00,0.00,0.00,XXX,33.4009
J9359,Inj lon tesirin-lpyl 0.075mg,E,0.00,0.00,0.00,XXX,33.4009
J9360,Vinblastine sulfate inj,E,0.00,0.00,0.00,XXX,33.4009
J9361,"Inj, efbemalenograstim alfa-",E,0.00,0.00,0.00,XXX,33.4009
J9370,Vincristine sulfate 1 mg inj,E,0.00,0.00,0.00,XXX,33.4009
J9376,"Inj pozelimab-bbfg, 1 mg",E,0.00,0.00,0.00,XXX,33.4009
J9380,Inj teclistamab cqyv 0.5 mg,E,0.00,0.00,0.00,XXX,33.4009
J9381,Inj teplizumab mzwv 5 mcg,E,0.00,0.00,0.00,XXX,33.4009
J9382,Inj zenocutuzumab-zbco 1 mg,E,0.00,0.00,0.00,XXX,33.4009
J9390,Vinorelbine tartrate inj,E,0.00,0.00,0.00,XXX,33.4009
J9393,"Inj, fulvestrant (teva)",E,0.00,0.00,0.00,XXX,33.4009
J9394,"Inj, fulvestrant (fresenius)",E,0.00,0.00,0.00,XXX,33.4009
J9395,"Injection, fulvestrant",E,0.00,0.00,0.00,XXX,33.4009
J9400,"Inj, ziv-aflibercept, 1mg",E,0.00,0.00,0.00,XXX,33.4009
J9600,Porfimer sodium injection,E,0.00,0.00,0.00,XXX,33.4009
J9601,Inj linvoseltamab-gcpt 1 mg,E,0.00,0.00,0.00,XXX,33.4009
J9999,Chemotherapy drug,E,0.00,0.00,0.00,XXX,33.4009
M0001,Advancing cancer care mvp,M,0.00,0.00,0.00,XXX,33.4009
M0002,Opt care kidney hlth mvp,M,0.00,0.00,0.00,XXX,33.4009
M0004,Qual care neurologic cnd mvp,M,0.00,0.00,0.00,XXX,33.4009
M0005,Value in primary care mvp,M,0.00,0.00,0.00,XXX,33.4009
M0010,Eom meos payment,X,0.00,0.00,0.00,XXX,33.4009
M0075,Cellular therapy,N,0.00,0.00,0.00,XXX,33.4009
M0076,Prolotherapy,N,0.00,0.00,0.00,XXX,33.4009
M0100,Intragastric hypothermia,N,0.00,0.00,0.00,XXX,33.4009
M0201,Pne flu hepb cov home admin,X,0.00,0.00,0.00,XXX,33.4009
M0224,Pemivibart infusion,X,0.00,0.00,0.00,XXX,33.4009
M0231,Inf tocilizumab-bavi 1st dos,X,0.00,0.00,0.00,XXX,33.4009
M0232,Inf tocilizumab-bavi 2nd dos,X,0.00,0.00,0.00,XXX,33.4009
M0233,"Intra inf, toci, first dose",X,0.00,0.00,0.00,XXX,33.4009
M0234,"Intra inf, toci, second dos",X,0.00,0.00,0.00,XXX,33.4009
M0235,"Intrav inf, mon anti, fir do",X,0.00,0.00,0.00,XXX,33.4009
M0236,"Intrav inf, mon anti, sec do",X,0.00,0.00,0.00,XXX,33.4009
M0237,"Intrav inf, toci, first dose",X,0.00,0.00,0.00,XXX,33.4009
M0238,"Intrav inf, toci, second dos",X,0.00,0.00,0.00,XXX,33.4009
M0249,Adm tocilizu covid-19 1st,X,0.00,0.00,0.00,XXX,33.4009
M0250,Adm tocilizu covid-19 2nd,X,0.00,0.00,0.00,XXX,33.4009
M0300,Iv chelationtherapy,N,0.00,0.00,0.00,XXX,33.4009
M0301,Fabric wrapping of aneurysm,N,0.00,0.00,0.00,XXX,33.4009
M1003,Tb scr 12 mo pri fst bio dz,M,0.00,0.00,0.00,XXX,33.4009
M1004,Doc med rsn no srn tb,M,0.00,0.00,0.00,XXX,33.4009
M1005,Tb scr no perf,M,0.00,0.00,0.00,XXX,33.4009
M1006,"Dz not ases, no rsn",M,0.00,0.00,0.00,XXX,33.4009
M1007,>=50% total pt outpt ra enct,M,0.00,0.00,0.00,XXX,33.4009
M1008,<50% total pt outpt ra encts,M,0.00,0.00,0.00,XXX,33.4009
M1009,Dc eoc doc med rec,M,0.00,0.00,0.00,XXX,33.4009
M1010,Dc eoc doc med rec,M,0.00,0.00,0.00,XXX,33.4009
M1011,Dc eoc doc med rec,M,0.00,0.00,0.00,XXX,33.4009
M1012,Dc eoc doc med rec,M,0.00,0.00,0.00,XXX,33.4009
M1013,Dc eoc doc med rec,M,0.00,0.00,0.00,XXX,33.4009
M1014,Dc epi care doc medrec,M,0.00,0.00,0.00,XXX,33.4009
M1016,Pt dx meop or sur steri,M,0.00,0.00,0.00,XXX,33.4009
M1018,Pt dx hst cr pt sk lg cr scr,M,0.00,0.00,0.00,XXX,33.4009
M1019,Adl pt mj dep ds rs 12 phq<5,M,0.00,0.00,0.00,XXX,33.4009
M1020,Adl pt mj dep ds no rs 12 mo,M,0.00,0.00,0.00,XXX,33.4009
M1021,Pt uc in pp,M,0.00,0.00,0.00,XXX,33.4009
M1027,Img head (ct or mri) obtnd,M,0.00,0.00,0.00,XXX,33.4009
M1028,Doc of pt prm hda dx and otr,M,0.00,0.00,0.00,XXX,33.4009
M1029,Doc sysm rsn img hd,M,0.00,0.00,0.00,XXX,33.4009
M1032,Adt tkng pharmthry for oud,M,0.00,0.00,0.00,XXX,33.4009
M1034,Adt 180 dys pharmthry oud,M,0.00,0.00,0.00,XXX,33.4009
M1035,Adt pd out mat pr 180 dys tx,M,0.00,0.00,0.00,XXX,33.4009
M1036,Adt no 180 dys pharmthry oud,M,0.00,0.00,0.00,XXX,33.4009
M1037,Pt dx lum sp reg cacr,M,0.00,0.00,0.00,XXX,33.4009
M1038,Pt dx lum sp reg fract,M,0.00,0.00,0.00,XXX,33.4009
M1039,Pt dx lum sp reg inf,M,0.00,0.00,0.00,XXX,33.4009
M1040,Pt dx lum idi or cong scol,M,0.00,0.00,0.00,XXX,33.4009
M1041,Pt cr ft inf lm or pt id sl,M,0.00,0.00,0.00,XXX,33.4009
M1043,Fs no odi 9-15mo,M,0.00,0.00,0.00,XXX,33.4009
M1045,Fs oks 9-15mo >= 37 >= 71,M,0.00,0.00,0.00,XXX,33.4009
M1046,Fs oks 9-15mo < 37 < 71,M,0.00,0.00,0.00,XXX,33.4009
M1049,Fs wth scr no odi pre and p,M,0.00,0.00,0.00,XXX,33.4009
M1051,Pt w/cancer scoliosis,M,0.00,0.00,0.00,XXX,33.4009
M1052,Lg pn not meas w/ vas 1yr po,M,0.00,0.00,0.00,XXX,33.4009
M1054,Pt uc in pp,M,0.00,0.00,0.00,XXX,33.4009
M1055,Aspirin used,M,0.00,0.00,0.00,XXX,33.4009
M1056,Presc antico med in pp,M,0.00,0.00,0.00,XXX,33.4009
M1057,"Aspirin not used, no rsn",M,0.00,0.00,0.00,XXX,33.4009
M1058,Pt prm nurs hm res in pp,M,0.00,0.00,0.00,XXX,33.4009
M1059,Pt no prm nurs hm res in pp,M,0.00,0.00,0.00,XXX,33.4009
M1060,Pt died in pp,M,0.00,0.00,0.00,XXX,33.4009
M1067,Hspc pt prv time meam per,M,0.00,0.00,0.00,XXX,33.4009
M1068,Pt not ambulatory,M,0.00,0.00,0.00,XXX,33.4009
M1069,Pt scr ft fall rsk,M,0.00,0.00,0.00,XXX,33.4009
M1070,Pt not scrn fut fall no rsn,M,0.00,0.00,0.00,XXX,33.4009
M1106,Start eoc doc med rec,M,0.00,0.00,0.00,XXX,33.4009
M1107,Docu dx degen neuro,M,0.00,0.00,0.00,XXX,33.4009
M1108,Oc ni pt home prog,M,0.00,0.00,0.00,XXX,33.4009
M1109,Oc ni pt dc,M,0.00,0.00,0.00,XXX,33.4009
M1110,Oc not p pt selfdc,M,0.00,0.00,0.00,XXX,33.4009
M1111,Start eoc doc med rec,M,0.00,0.00,0.00,XXX,33.4009
M1112,Docu dx degen neuro,M,0.00,0.00,0.00,XXX,33.4009
M1113,Oc ni pt home prog,M,0.00,0.00,0.00,XXX,33.4009
M1114,Oc ni pt dc,M,0.00,0.00,0.00,XXX,33.4009
M1115,Oc ni pt selfdc,M,0.00,0.00,0.00,XXX,33.4009
M1116,Start eoc doc med rec,M,0.00,0.00,0.00,XXX,33.4009
M1117,Docu dx degen neuro,M,0.00,0.00,0.00,XXX,33.4009
M1118,Oc ni pt home prog,M,0.00,0.00,0.00,XXX,33.4009
M1119,Oc ni pt dc,M,0.00,0.00,0.00,XXX,33.4009
M1120,Oc ni pt selfdc,M,0.00,0.00,0.00,XXX,33.4009
M1121,Start eoc doc med rec,M,0.00,0.00,0.00,XXX,33.4009
M1122,Docu dx degen neuro,M,0.00,0.00,0.00,XXX,33.4009
M1123,Oc ni pt home prog,M,0.00,0.00,0.00,XXX,33.4009
M1124,Oc ni pt dc 1-2 vis,M,0.00,0.00,0.00,XXX,33.4009
M1125,Oc ni pt selfdc 1-2 vis,M,0.00,0.00,0.00,XXX,33.4009
M1126,Start eoc doc med rec,M,0.00,0.00,0.00,XXX,33.4009
M1127,Docu dx degen neuro,M,0.00,0.00,0.00,XXX,33.4009
M1128,Oc ni pt home prog,M,0.00,0.00,0.00,XXX,33.4009
M1129,Oc ni pt dc,M,0.00,0.00,0.00,XXX,33.4009
M1130,Oc ni pt selfdc,M,0.00,0.00,0.00,XXX,33.4009
M1131,Docu dx degen neuro,M,0.00,0.00,0.00,XXX,33.4009
M1132,Oc ni pt home prog,M,0.00,0.00,0.00,XXX,33.4009
M1133,Oc ni pt dc,M,0.00,0.00,0.00,XXX,33.4009
M1134,Oc ni pt selfdc,M,0.00,0.00,0.00,XXX,33.4009
M1135,Start eoc doc med rec,M,0.00,0.00,0.00,XXX,33.4009
M1141,Fs no oks,M,0.00,0.00,0.00,XXX,33.4009
M1142,Emerge cases,M,0.00,0.00,0.00,XXX,33.4009
M1143,Ni rehab med chiro,M,0.00,0.00,0.00,XXX,33.4009
M1146,Ongoing care not ind,M,0.00,0.00,0.00,XXX,33.4009
M1147,Care not poss med rsn,M,0.00,0.00,0.00,XXX,33.4009
M1148,Pt self dschg,M,0.00,0.00,0.00,XXX,33.4009
M1149,No neck fs prom incap,M,0.00,0.00,0.00,XXX,33.4009
M1150,Lvef <=40% or mod/sev l vsf,M,0.00,0.00,0.00,XXX,33.4009
M1151,Pt w/ hx trnsplt or lvad,M,0.00,0.00,0.00,XXX,33.4009
M1152,Pt w/ hx trnsplt or lvad,M,0.00,0.00,0.00,XXX,33.4009
M1153,Pt w/ dx osteo doe,M,0.00,0.00,0.00,XXX,33.4009
M1159,Hospc serv dur meas pd,M,0.00,0.00,0.00,XXX,33.4009
M1160,Pt anphx due to mengb bef 13,M,0.00,0.00,0.00,XXX,33.4009
M1161,Pt anphx due to dtp bef 13,M,0.00,0.00,0.00,XXX,33.4009
M1162,Pt enceph due to dtp bef 13,M,0.00,0.00,0.00,XXX,33.4009
M1163,Pt anphx due to hpv bef 13,M,0.00,0.00,0.00,XXX,33.4009
M1164,Pt w/ dementia any time,M,0.00,0.00,0.00,XXX,33.4009
M1165,Pt use hspc dur meas pd,M,0.00,0.00,0.00,XXX,33.4009
M1166,Path rpt tis spec wle/reexc,M,0.00,0.00,0.00,XXX,33.4009
M1167,Hspc dur meas pd,M,0.00,0.00,0.00,XXX,33.4009
M1168,Pt recd flu vax 7/1-6/30,M,0.00,0.00,0.00,XXX,33.4009
M1169,Doc med rsn no flu vax,M,0.00,0.00,0.00,XXX,33.4009
M1170,Pt w/o flu vax 7/1-6/30,M,0.00,0.00,0.00,XXX,33.4009
M1171,Pt recd 1 td/tdap 9yrs prior,M,0.00,0.00,0.00,XXX,33.4009
M1172,Doc med rsn no td/tdap,M,0.00,0.00,0.00,XXX,33.4009
M1173,Pt no rec td/tdap 9yrs prior,M,0.00,0.00,0.00,XXX,33.4009
M1174,Pt w/ 2 hzv 10/2017 - mp,M,0.00,0.00,0.00,XXX,33.4009
M1175,Doc med rsn no hzv,M,0.00,0.00,0.00,XXX,33.4009
M1176,No 2 hzv 10/2017-meas pd,M,0.00,0.00,0.00,XXX,33.4009
M1177,Pt recd pcv on/aft 19,M,0.00,0.00,0.00,XXX,33.4009
M1178,Doc med rsn no pcv,M,0.00,0.00,0.00,XXX,33.4009
M1179,No pcv recd,M,0.00,0.00,0.00,XXX,33.4009
M1180,Pt imm ckpt inhib therapy,M,0.00,0.00,0.00,XXX,33.4009
M1181,Gr 2 or> dia or gr2 or> col,M,0.00,0.00,0.00,XXX,33.4009
M1182,Not elg pre ex ibd/uc/crohn,M,0.00,0.00,0.00,XXX,33.4009
M1183,Doc imm ckpt inhib hld,M,0.00,0.00,0.00,XXX,33.4009
M1184,Doc med rsn no cst/ist rx,M,0.00,0.00,0.00,XXX,33.4009
M1185,Imm ckpt inhib not hld no rx,M,0.00,0.00,0.00,XXX,33.4009
M1186,Pt w/ rx for hspc/plltv care,M,0.00,0.00,0.00,XXX,33.4009
M1187,Pt w/ esrd,M,0.00,0.00,0.00,XXX,33.4009
M1188,Pt w/ ckd stg 5,M,0.00,0.00,0.00,XXX,33.4009
M1189,Doc khe pef w/efgr/uacr,M,0.00,0.00,0.00,XXX,33.4009
M1190,Doc khe not pef w/efgr/uacr,M,0.00,0.00,0.00,XXX,33.4009
M1191,Hspc svc any time in meas pd,M,0.00,0.00,0.00,XXX,33.4009
M1192,Pt w/ dx sq cell ca of esoph,M,0.00,0.00,0.00,XXX,33.4009
M1193,Rpts w/ imp/con mmr/msi,M,0.00,0.00,0.00,XXX,33.4009
M1194,Med rsn no imp/con mmr/msi,M,0.00,0.00,0.00,XXX,33.4009
M1195,Rpt wo imp/con mmr/msi,M,0.00,0.00,0.00,XXX,33.4009
M1196,Ixv nrs vrs iqa >=4,M,0.00,0.00,0.00,XXX,33.4009
M1197,Isa reduced >=3 fr ixv,M,0.00,0.00,0.00,XXX,33.4009
M1198,Isa not red 3pts /no assess,M,0.00,0.00,0.00,XXX,33.4009
M1199,Pt rec'g rrt,M,0.00,0.00,0.00,XXX,33.4009
M1200,Ace-i/arb rx,M,0.00,0.00,0.00,XXX,33.4009
M1201,Med rsn no ace-i/arb rx,M,0.00,0.00,0.00,XXX,33.4009
M1202,Pt rsn no ace-i/arb rx,M,0.00,0.00,0.00,XXX,33.4009
M1203,No rsn ace-i/arb rx,M,0.00,0.00,0.00,XXX,33.4009
M1204,Ixv nrs vrs iqa >=4,M,0.00,0.00,0.00,XXX,33.4009
M1205,Isa reduced >=3,M,0.00,0.00,0.00,XXX,33.4009
M1206,Isa not red 3pts/no assess,M,0.00,0.00,0.00,XXX,33.4009
M1207,Pt scrn sdoh,M,0.00,0.00,0.00,XXX,33.4009
M1208,Pt no scrn sdoh,M,0.00,0.00,0.00,XXX,33.4009
M1209,>=2 same hi-rsk med w/o diag,M,0.00,0.00,0.00,XXX,33.4009
M1210,>=2 same meds tbl4 not ord,M,0.00,0.00,0.00,XXX,33.4009
M1211,Gsa level>9.0%,M,0.00,0.00,0.00,XXX,33.4009
M1212,Missing gsa not perf,M,0.00,0.00,0.00,XXX,33.4009
M1213,No hx spiro prs spiro>=70%,M,0.00,0.00,0.00,XXX,33.4009
M1214,Spiro results wth obs doc,M,0.00,0.00,0.00,XXX,33.4009
M1215,Med rsn for no doc spiro,M,0.00,0.00,0.00,XXX,33.4009
M1216,No spiro doc no res doc,M,0.00,0.00,0.00,XXX,33.4009
M1217,Sys rsn no doc spiro,M,0.00,0.00,0.00,XXX,33.4009
M1218,Pt copd symptoms,M,0.00,0.00,0.00,XXX,33.4009
M1220,Dre wth interp rtnopthy,M,0.00,0.00,0.00,XXX,33.4009
M1221,Dre w/o rtnopthy,M,0.00,0.00,0.00,XXX,33.4009
M1222,Glaucoma pln of care not doc,M,0.00,0.00,0.00,XXX,33.4009
M1223,Glaucoma plan of care doc,M,0.00,0.00,0.00,XXX,33.4009
M1224,Iop dec <20% from base,M,0.00,0.00,0.00,XXX,33.4009
M1225,Iop dec>=20% from base,M,0.00,0.00,0.00,XXX,33.4009
M1226,Iop not doc,M,0.00,0.00,0.00,XXX,33.4009
M1227,Eb therapy prescribed,M,0.00,0.00,0.00,XXX,33.4009
M1228,Pt + hcv aby +vir w/ rx 3 mo,M,0.00,0.00,0.00,XXX,33.4009
M1229,Pt w/ +hcv +vir ref win 1 mo,M,0.00,0.00,0.00,XXX,33.4009
M1230,Pt hcv rctv aby no f/u tst,M,0.00,0.00,0.00,XXX,33.4009
M1231,Pt hcv tst no reactive res,M,0.00,0.00,0.00,XXX,33.4009
M1232,Pt hcv tst reactive result,M,0.00,0.00,0.00,XXX,33.4009
M1233,Pt no hcv aby or result,M,0.00,0.00,0.00,XXX,33.4009
M1234,Pt hcv rctv aby f/u neg,M,0.00,0.00,0.00,XXX,33.4009
M1235,Doc pt hcv aby rna tst,M,0.00,0.00,0.00,XXX,33.4009
M1236,Baseline mrs > 2,M,0.00,0.00,0.00,XXX,33.4009
M1237,Pt rsn no scrn,M,0.00,0.00,0.00,XXX,33.4009
M1238,Doc 2nd recom hzv 2-6 mo int,M,0.00,0.00,0.00,XXX,33.4009
M1239,Pt no resp heard,M,0.00,0.00,0.00,XXX,33.4009
M1240,Pt no resp best int,M,0.00,0.00,0.00,XXX,33.4009
M1241,Pt no resp seen as person,M,0.00,0.00,0.00,XXX,33.4009
M1242,Pt no resp imprt to me,M,0.00,0.00,0.00,XXX,33.4009
M1243,Pt othr thn true heard,M,0.00,0.00,0.00,XXX,33.4009
M1244,Pt othr thn true best int,M,0.00,0.00,0.00,XXX,33.4009
M1245,Pt othr thn true person,M,0.00,0.00,0.00,XXX,33.4009
M1246,Pt othr thn true imprt to me,M,0.00,0.00,0.00,XXX,33.4009
M1247,Pt resp true best int,M,0.00,0.00,0.00,XXX,33.4009
M1248,Pt resp true seen as person,M,0.00,0.00,0.00,XXX,33.4009
M1249,Pt resp true imprt to me,M,0.00,0.00,0.00,XXX,33.4009
M1250,Pt resp true heard,M,0.00,0.00,0.00,XXX,33.4009
M1251,Pts proxy cmplt hu surv,M,0.00,0.00,0.00,XXX,33.4009
M1252,Pts no cmplt hu survey,M,0.00,0.00,0.00,XXX,33.4009
M1253,Pts hu surv no amb plltv,M,0.00,0.00,0.00,XXX,33.4009
M1254,Pts deceased prior hu surv,M,0.00,0.00,0.00,XXX,33.4009
M1255,"Pts w/ othr rsn vst,+prg tst",M,0.00,0.00,0.00,XXX,33.4009
M1256,Prior history of known cvd,M,0.00,0.00,0.00,XXX,33.4009
M1257,Cvd risk assess not perf,M,0.00,0.00,0.00,XXX,33.4009
M1258,Cvd risk assess perf,M,0.00,0.00,0.00,XXX,33.4009
M1259,Pt stat doc <= 1 yr dialysis,M,0.00,0.00,0.00,XXX,33.4009
M1260,Pt not doc <= 1 yr dialysis,M,0.00,0.00,0.00,XXX,33.4009
M1261,Pts on wtlist bef dialysis,M,0.00,0.00,0.00,XXX,33.4009
M1262,Pts transplt bef dialysis,M,0.00,0.00,0.00,XXX,33.4009
M1263,Pts hosp dialysis dt,M,0.00,0.00,0.00,XXX,33.4009
M1265,Cms 2728 completed,M,0.00,0.00,0.00,XXX,33.4009
M1266,Pts admit snf,M,0.00,0.00,0.00,XXX,33.4009
M1267,Pt no act kid transplt wtlst,M,0.00,0.00,0.00,XXX,33.4009
M1268,Pt ac stat kid trnsplt wtlst,M,0.00,0.00,0.00,XXX,33.4009
M1269,Rec'd esrd mcp lst day of mo,M,0.00,0.00,0.00,XXX,33.4009
M1270,Pts no kid transplt wtlst,M,0.00,0.00,0.00,XXX,33.4009
M1271,Pts dem any time/dur mo,M,0.00,0.00,0.00,XXX,33.4009
M1272,Pts kid transplt wtlst,M,0.00,0.00,0.00,XXX,33.4009
M1273,Pts snf 1 yr dialysis,M,0.00,0.00,0.00,XXX,33.4009
M1274,Pts snf exl mo,M,0.00,0.00,0.00,XXX,33.4009
M1275,Pts hosp exl,M,0.00,0.00,0.00,XXX,33.4009
M1276,Calc bmi out nrm param nof/u,M,0.00,0.00,0.00,XXX,33.4009
M1277,Colorectal ca screen doc rev,M,0.00,0.00,0.00,XXX,33.4009
M1278,"Pre-htn or htn doc, f/u indc",M,0.00,0.00,0.00,XXX,33.4009
M1279,"Pre-htn/htn, no f/u, not gvn",M,0.00,0.00,0.00,XXX,33.4009
M1280,Bilat mast/hx bi /unilat mas,M,0.00,0.00,0.00,XXX,33.4009
M1281,Bp scrn no perf at interval,M,0.00,0.00,0.00,XXX,33.4009
M1282,Pt scrn tbco id as non user,M,0.00,0.00,0.00,XXX,33.4009
M1283,Pt scrn tbco and id as user,M,0.00,0.00,0.00,XXX,33.4009
M1284,Pt 66+ snp or ltc pos > 90d,M,0.00,0.00,0.00,XXX,33.4009
M1285,Scrn mam perf rslts not doc,M,0.00,0.00,0.00,XXX,33.4009
M1286,Bmi doc onl fup not cmpltd,M,0.00,0.00,0.00,XXX,33.4009
M1287,Calc bmi blw low param f/u,M,0.00,0.00,0.00,XXX,33.4009
M1288,Doc rsn no hbp scrn or f/u,M,0.00,0.00,0.00,XXX,33.4009
M1289,No pt tbco cess interv rng,M,0.00,0.00,0.00,XXX,33.4009
M1290,Pt not eli d/t act dig htn,M,0.00,0.00,0.00,XXX,33.4009
M1291,Pt 66+ frailty and med dem,M,0.00,0.00,0.00,XXX,33.4009
M1292,Pt 66+ frail inpt adv ill,M,0.00,0.00,0.00,XXX,33.4009
M1293,Calc bmi abv up param f/u,M,0.00,0.00,0.00,XXX,33.4009
M1294,Bp scrn perf rec interval,M,0.00,0.00,0.00,XXX,33.4009
M1295,Pt hx tot col or colon ca,M,0.00,0.00,0.00,XXX,33.4009
M1296,Calc bmi norm parameters,M,0.00,0.00,0.00,XXX,33.4009
M1297,Bmi not doc medrsn ptref,M,0.00,0.00,0.00,XXX,33.4009
M1298,Doc pt preg dur msrmt pd,M,0.00,0.00,0.00,XXX,33.4009
M1299,Flu immunize order/admin,M,0.00,0.00,0.00,XXX,33.4009
M1300,Flu imm no admin doc rea,M,0.00,0.00,0.00,XXX,33.4009
M1301,Pt recv tbco cess interv,M,0.00,0.00,0.00,XXX,33.4009
M1302,Scrn mam perf rslts doc,M,0.00,0.00,0.00,XXX,33.4009
M1303,Hospc serv dur meas pd,M,0.00,0.00,0.00,XXX,33.4009
M1304,No pneum vax admin 19+,M,0.00,0.00,0.00,XXX,33.4009
M1305,Pneum vax admin 19+,M,0.00,0.00,0.00,XXX,33.4009
M1306,Pt anphx due to pneum,M,0.00,0.00,0.00,XXX,33.4009
M1307,Doc pt pal or hospice,M,0.00,0.00,0.00,XXX,33.4009
M1308,Flu immunize no admin,M,0.00,0.00,0.00,XXX,33.4009
M1309,Pall serv during meas,M,0.00,0.00,0.00,XXX,33.4009
M1310,Pt scr tob & cess int,M,0.00,0.00,0.00,XXX,33.4009
M1311,Aphlx to vax bef enc,M,0.00,0.00,0.00,XXX,33.4009
M1312,No pt tbco scrn rng,M,0.00,0.00,0.00,XXX,33.4009
M1313,No tob scr/cess int,M,0.00,0.00,0.00,XXX,33.4009
M1314,Bmi not calculated,M,0.00,0.00,0.00,XXX,33.4009
M1315,Crc no doc no rsn,M,0.00,0.00,0.00,XXX,33.4009
M1316,Tobacco non-user,M,0.00,0.00,0.00,XXX,33.4009
M1317,Pts counsl cpt opt out,M,0.00,0.00,0.00,XXX,33.4009
M1318,Pts no csp doc contact,M,0.00,0.00,0.00,XXX,33.4009
M1319,Pts csp doc contact,M,0.00,0.00,0.00,XXX,33.4009
M1320,Pts scrn + hrsn,M,0.00,0.00,0.00,XXX,33.4009
M1321,"Pts no 7wk inj,no iop,iop>25",M,0.00,0.00,0.00,XXX,33.4009
M1322,"Pts 7wk inj, scrn iop =<25",M,0.00,0.00,0.00,XXX,33.4009
M1323,"Pts 7wk inj, scrn iop >25",M,0.00,0.00,0.00,XXX,33.4009
M1324,Pts intravitreal/pci,M,0.00,0.00,0.00,XXX,33.4009
M1325,Doc med rsn not seen,M,0.00,0.00,0.00,XXX,33.4009
M1326,Pts dx hypotony,M,0.00,0.00,0.00,XXX,33.4009
M1327,Pts no eval ini xm no 8 wks,M,0.00,0.00,0.00,XXX,33.4009
M1328,Pts dx acute vitreous hem,M,0.00,0.00,0.00,XXX,33.4009
M1329,Pts act pvd 2 wks 8 wks,M,0.00,0.00,0.00,XXX,33.4009
M1330,Doc pts rsn no f/u xm,M,0.00,0.00,0.00,XXX,33.4009
M1331,Pts eval ini xm 8 wks,M,0.00,0.00,0.00,XXX,33.4009
M1332,Pts no eval ini xm no 2 wks,M,0.00,0.00,0.00,XXX,33.4009
M1333,Acute vitreous hemorrhage,M,0.00,0.00,0.00,XXX,33.4009
M1334,Pts act pvd 2 wks 2 wks,M,0.00,0.00,0.00,XXX,33.4009
M1335,Doc pts rsn no f/u xm,M,0.00,0.00,0.00,XXX,33.4009
M1336,Pts eval ini xm 2 wks,M,0.00,0.00,0.00,XXX,33.4009
M1337,Acute pvd,M,0.00,0.00,0.00,XXX,33.4009
M1338,Pt f/u 30-180 dys no + imprv,M,0.00,0.00,0.00,XXX,33.4009
M1339,Pts f/u 30-180 dys + improv,M,0.00,0.00,0.00,XXX,33.4009
M1340,Indx whodas 2.0 or sds,M,0.00,0.00,0.00,XXX,33.4009
M1341,Pt no f/u 30-180 dys,M,0.00,0.00,0.00,XXX,33.4009
M1342,Pts died perf per,M,0.00,0.00,0.00,XXX,33.4009
M1343,Pt pam lvl 4 base or srt lin,M,0.00,0.00,0.00,XXX,33.4009
M1344,No bsln/2nd pam score 4-12mo,M,0.00,0.00,0.00,XXX,33.4009
M1345,"Pt bsln pam, 2nd scr 4-12 mo",M,0.00,0.00,0.00,XXX,33.4009
M1346,No pam inc 6 pts 4-12 mo,M,0.00,0.00,0.00,XXX,33.4009
M1347,Pt pam incr 3 pt 4-12 mo,M,0.00,0.00,0.00,XXX,33.4009
M1348,Pam incr 6 pt 4-12 mo,M,0.00,0.00,0.00,XXX,33.4009
M1349,No pam inc 3 pts 4-12 mo,M,0.00,0.00,0.00,XXX,33.4009
M1350,Pt w/ suic saf pln init rev,M,0.00,0.00,0.00,XXX,33.4009
M1351,Pt cmplt suicd saf pln 120dy,M,0.00,0.00,0.00,XXX,33.4009
M1352,"Suicd c-ssrs assessment, equ",M,0.00,0.00,0.00,XXX,33.4009
M1353,Pts no cmplt suicd saf pln,M,0.00,0.00,0.00,XXX,33.4009
M1354,Pt no suicd saf pln 120dy,M,0.00,0.00,0.00,XXX,33.4009
M1355,Suicd based cln eval,M,0.00,0.00,0.00,XXX,33.4009
M1356,Pt died dur meas pd,M,0.00,0.00,0.00,XXX,33.4009
M1357,Pt w/red suic idea 120 days,M,0.00,0.00,0.00,XXX,33.4009
M1358,Pts no <suicd idea 120 dys,M,0.00,0.00,0.00,XXX,33.4009
M1359,"Indx suicd idea, no 0 scr",M,0.00,0.00,0.00,XXX,33.4009
M1360,Suicd c-ssrs assessment,M,0.00,0.00,0.00,XXX,33.4009
M1361,Suicd based cln eval,M,0.00,0.00,0.00,XXX,33.4009
M1362,Pt died dur meas pd,M,0.00,0.00,0.00,XXX,33.4009
M1363,Pts no f/u 120 dys,M,0.00,0.00,0.00,XXX,33.4009
M1364,Ascvd risk >=20pct,M,0.00,0.00,0.00,XXX,33.4009
M1365,Hosp+pall care spec code 17,M,0.00,0.00,0.00,XXX,33.4009
M1366,Focus on women's health mvp,M,0.00,0.00,0.00,XXX,33.4009
M1367,Qual care ent disorder mvp,M,0.00,0.00,0.00,XXX,33.4009
M1368,Prev trt inf d/o hiv/hep mvp,M,0.00,0.00,0.00,XXX,33.4009
M1369,Qualcare mental hlth/sud mvp,M,0.00,0.00,0.00,XXX,33.4009
M1370,Rehab support msk care mvp,M,0.00,0.00,0.00,XXX,33.4009
M1371,Mst rec gsa<7,M,0.00,0.00,0.00,XXX,33.4009
M1372,Mst rec gsa >=7 and<8,M,0.00,0.00,0.00,XXX,33.4009
M1373,Mst rec gsa >=8 and <=9,M,0.00,0.00,0.00,XXX,33.4009
M1374,Ra dx enc 90 days dur per pd,M,0.00,0.00,0.00,XXX,33.4009
M1375,Ra dx enc 90 days dur per pd,M,0.00,0.00,0.00,XXX,33.4009
M1376,Ra dx enc 90 days dur per pd,M,0.00,0.00,0.00,XXX,33.4009
M1377,Fu colscop 10 yr doc w/ disc,M,0.00,0.00,0.00,XXX,33.4009
M1378,Med rsn no 10 yr fu colscope,M,0.00,0.00,0.00,XXX,33.4009
M1379,10 yr fu no rec rsn not giv,M,0.00,0.00,0.00,XXX,33.4009
M1380,2 rx in perf pd any com meds,M,0.00,0.00,0.00,XXX,33.4009
M1381,Pt sec strk wthin 5 days,M,0.00,0.00,0.00,XXX,33.4009
M1382,Enc dur perf pd pos 11,M,0.00,0.00,0.00,XXX,33.4009
M1383,Acute pvd,M,0.00,0.00,0.00,XXX,33.4009
M1384,Pt died dur perf pd,M,0.00,0.00,0.00,XXX,33.4009
M1385,Pt rsn not seen 2nd pam,M,0.00,0.00,0.00,XXX,33.4009
M1386,Exc sx melmn or mlnm is,M,0.00,0.00,0.00,XXX,33.4009
M1387,Pt died dur perf pd,M,0.00,0.00,0.00,XXX,33.4009
M1388,Pt doc exm rec melmn,M,0.00,0.00,0.00,XXX,33.4009
M1390,Pt no doc exm for rec,M,0.00,0.00,0.00,XXX,33.4009
M1391,All pt dx w/ rec mlnm,M,0.00,0.00,0.00,XXX,33.4009
M1392,Pt rsn no exm or lst to fu,M,0.00,0.00,0.00,XXX,33.4009
M1393,Pr no dx rec mlnm,M,0.00,0.00,0.00,XXX,33.4009
M1394,Stg i-iii br ca,M,0.00,0.00,0.00,XXX,33.4009
M1395,Init chemo w/def dur ec grp,M,0.00,0.00,0.00,XXX,33.4009
M1396,Pt ther clin trial,M,0.00,0.00,0.00,XXX,33.4009
M1397,Pt w/ recur/prog,M,0.00,0.00,0.00,XXX,33.4009
M1398,Bslne and  fu promis doc,M,0.00,0.00,0.00,XXX,33.4009
M1399,Pt lve prac,M,0.00,0.00,0.00,XXX,33.4009
M1400,Pt died dur perf pd,M,0.00,0.00,0.00,XXX,33.4009
M1401,Stg i-iii br ca,M,0.00,0.00,0.00,XXX,33.4009
M1402,Init chemo w/def dur ec grp,M,0.00,0.00,0.00,XXX,33.4009
M1403,Bslne and fu promis doc,M,0.00,0.00,0.00,XXX,33.4009
M1404,Pt ther clin trial,M,0.00,0.00,0.00,XXX,33.4009
M1405,Pt w/ recur/prog,M,0.00,0.00,0.00,XXX,33.4009
M1406,Pt lve prac,M,0.00,0.00,0.00,XXX,33.4009
M1407,Pt died dur perf pd,M,0.00,0.00,0.00,XXX,33.4009
M1408,Gmln brca bef dx ca,M,0.00,0.00,0.00,XXX,33.4009
M1409,Recd gmln brca1/brca2 couns,M,0.00,0.00,0.00,XXX,33.4009
M1410,No gmln brca1/brca2 couns,M,0.00,0.00,0.00,XXX,33.4009
M1411,1st ln ici no chemo,M,0.00,0.00,0.00,XXX,33.4009
M1412,Met nsclc w/ egfr alk oth ab,M,0.00,0.00,0.00,XXX,33.4009
M1413,Pos pdl1 bef init ici tx,M,0.00,0.00,0.00,XXX,33.4009
M1414,Med rsn no pdl1 bef 1st ther,M,0.00,0.00,0.00,XXX,33.4009
M1415,No pos pdl1 bef ici ther,M,0.00,0.00,0.00,XXX,33.4009
M1416,Pt rec hosp,M,0.00,0.00,0.00,XXX,33.4009
M1417,Pt up to date cov,M,0.00,0.00,0.00,XXX,33.4009
M1418,Med rsn not up to date cov,M,0.00,0.00,0.00,XXX,33.4009
M1419,Pt not up to date cov,M,0.00,0.00,0.00,XXX,33.4009
M1420,Complete ophthalmologic mvp,M,0.00,0.00,0.00,XXX,33.4009
M1421,Dermatological care mvp,M,0.00,0.00,0.00,XXX,33.4009
M1422,Gastroenterology care mvp,M,0.00,0.00,0.00,XXX,33.4009
M1423,Opt care urologic cnd mvp,M,0.00,0.00,0.00,XXX,33.4009
M1424,Pulmonology care mvp,M,0.00,0.00,0.00,XXX,33.4009
M1425,Surgical care mvp,M,0.00,0.00,0.00,XXX,33.4009
M1426,Telehealth enc,M,0.00,0.00,0.00,XXX,33.4009
M1427,Doc med rsn bone scn,M,0.00,0.00,0.00,XXX,33.4009
M1428,Bilateral absence of eyes,M,0.00,0.00,0.00,XXX,33.4009
M1429,"Retinopathy in od, os, ou",M,0.00,0.00,0.00,XXX,33.4009
M1430,Ret exm ou no retinopthy doc,M,0.00,0.00,0.00,XXX,33.4009
M1431,Telehealth enc,M,0.00,0.00,0.00,XXX,33.4009
M1432,Telehealth enc,M,0.00,0.00,0.00,XXX,33.4009
M1433,Oral chemo wthn 30 days enc,M,0.00,0.00,0.00,XXX,33.4009
M1434,Orl chemo wthn 30 d post enc,M,0.00,0.00,0.00,XXX,33.4009
M1435,Oral chemo in perf pd,M,0.00,0.00,0.00,XXX,33.4009
M1436,Telehealth enc,M,0.00,0.00,0.00,XXX,33.4009
M1437,Telehealth enc,M,0.00,0.00,0.00,XXX,33.4009
M1438,Lst knwn well <=210 min,M,0.00,0.00,0.00,XXX,33.4009
M1439,Sig ocu cond imp surg out,M,0.00,0.00,0.00,XXX,33.4009
M1440,Telehealth enc,M,0.00,0.00,0.00,XXX,33.4009
M1441,Init dx slp apn = 1st enc,M,0.00,0.00,0.00,XXX,33.4009
M1442,Telehealth enc,M,0.00,0.00,0.00,XXX,33.4009
M1443,Telehealth enc,M,0.00,0.00,0.00,XXX,33.4009
M1444,Del < 39 weeks gest,M,0.00,0.00,0.00,XXX,33.4009
M1445,Pp care visit by 12 weeks,M,0.00,0.00,0.00,XXX,33.4009
M1446,Pt died bef end meas pd,M,0.00,0.00,0.00,XXX,33.4009
M1447,Pt dx bd bef end meas pd,M,0.00,0.00,0.00,XXX,33.4009
M1448,Pt dx pd bef end meas pd,M,0.00,0.00,0.00,XXX,33.4009
M1449,Pt dx scz/pys bef end msr pd,M,0.00,0.00,0.00,XXX,33.4009
M1450,Pt hos/pal care dur id/pf pd,M,0.00,0.00,0.00,XXX,33.4009
M1451,Pt dx ppd dur id/pf pd,M,0.00,0.00,0.00,XXX,33.4009
M1452,Pt dx dementia ever,M,0.00,0.00,0.00,XXX,33.4009
M1453,Preop vis acu > 20/40,M,0.00,0.00,0.00,XXX,33.4009
M1454,New cied,M,0.00,0.00,0.00,XXX,33.4009
M1455,Rep/rev cied,M,0.00,0.00,0.00,XXX,33.4009
M1456,Pt had htx,M,0.00,0.00,0.00,XXX,33.4009
M1457,Dx asth dur crnt/prv perf pd,M,0.00,0.00,0.00,XXX,33.4009
M1458,Pt died bef end meas pd,M,0.00,0.00,0.00,XXX,33.4009
M1459,Pt hosp/pal care dur perf pd,M,0.00,0.00,0.00,XXX,33.4009
M1460,"Dx copd, cf, or arf",M,0.00,0.00,0.00,XXX,33.4009
M1461,Pt dx chron hepc,M,0.00,0.00,0.00,XXX,33.4009
M1462,Pt clin ind hd image,M,0.00,0.00,0.00,XXX,33.4009
M1463,2 f/u wthn 180 day rx atmp,M,0.00,0.00,0.00,XXX,33.4009
M1464,No record of f/u by 180 days,M,0.00,0.00,0.00,XXX,33.4009
M1465,F/u > 180 days after rx,M,0.00,0.00,0.00,XXX,33.4009
M1466,Pt disc/lam proc same day,M,0.00,0.00,0.00,XXX,33.4009
M1467,Pt dx lynch syn,M,0.00,0.00,0.00,XXX,33.4009
M1468,Hep b vaccine received,M,0.00,0.00,0.00,XXX,33.4009
M1469,"Hx of hep b, or pos bld test",M,0.00,0.00,0.00,XXX,33.4009
M1470,Hep b vac not rec'd med rsn,M,0.00,0.00,0.00,XXX,33.4009
M1471,Ffs hep b not covered,M,0.00,0.00,0.00,XXX,33.4009
M1472,Hep b vaccine not received,M,0.00,0.00,0.00,XXX,33.4009
M1473,Pt func cap not allow impr,M,0.00,0.00,0.00,XXX,33.4009
M1474,Pt dx dementia,M,0.00,0.00,0.00,XXX,33.4009
M1475,Pt dx huntington,M,0.00,0.00,0.00,XXX,33.4009
M1476,Pt dx cog imp or ad,M,0.00,0.00,0.00,XXX,33.4009
M1477,Dx delirium,M,0.00,0.00,0.00,XXX,33.4009
M1478,Psychoactive sub abuse,M,0.00,0.00,0.00,XXX,33.4009
M1479,Pt func cap not allow impr,M,0.00,0.00,0.00,XXX,33.4009
M1480,Pt func cap not allow impr,M,0.00,0.00,0.00,XXX,33.4009
M1481,Pt in hosp/pal care who died,M,0.00,0.00,0.00,XXX,33.4009
M1482,Pos quan hep c or qual rna,M,0.00,0.00,0.00,XXX,33.4009
M1483,Neg quan hep c or qual rna,M,0.00,0.00,0.00,XXX,33.4009
M1484,No rpt hcv rna perf med rsn,M,0.00,0.00,0.00,XXX,33.4009
M1485,Neg viro resp hep c/qual rna,M,0.00,0.00,0.00,XXX,33.4009
M1486,Pt admitted to snf dur eval,M,0.00,0.00,0.00,XXX,33.4009
M1487,Pt adm to hospice dur eval,M,0.00,0.00,0.00,XXX,33.4009
M1488,Dx dementia in msr timeframe,M,0.00,0.00,0.00,XXX,33.4009
M1489,Pt status doc,M,0.00,0.00,0.00,XXX,33.4009
M1490,Pt status not doc,M,0.00,0.00,0.00,XXX,33.4009
M1491,Rec'd esrd mcp dur perf pd,M,0.00,0.00,0.00,XXX,33.4009
M1492,No reported fall,M,0.00,0.00,0.00,XXX,33.4009
M1493,No fall doc med rsn,M,0.00,0.00,0.00,XXX,33.4009
M1494,Fall rep since last visit,M,0.00,0.00,0.00,XXX,33.4009
M1495,"Fall w/ poc, no fall",M,0.00,0.00,0.00,XXX,33.4009
M1496,No doc of fall or poc,M,0.00,0.00,0.00,XXX,33.4009
M1497,No doc fall med rsn,M,0.00,0.00,0.00,XXX,33.4009
M1498,Diagnostic radiology mvp,M,0.00,0.00,0.00,XXX,33.4009
M1499,Interventional radiology mvp,M,0.00,0.00,0.00,XXX,33.4009
M1500,Neuropsychology mvp,M,0.00,0.00,0.00,XXX,33.4009
M1501,Pathology mvp,M,0.00,0.00,0.00,XXX,33.4009
M1502,Podiatry mvp,M,0.00,0.00,0.00,XXX,33.4009
M1503,Vascular surgery mvp,M,0.00,0.00,0.00,XXX,33.4009
P2028,Cephalin floculation test,X,0.00,0.00,0.00,XXX,33.4009
P2029,Congo red blood test,X,0.00,0.00,0.00,XXX,33.4009
P2031,Hair analysis,N,0.00,0.00,0.00,XXX,33.4009
P2033,Blood thymol turbidity,X,0.00,0.00,0.00,XXX,33.4009
P2038,Blood mucoprotein,X,0.00,0.00,0.00,XXX,33.4009
P3000,Screen pap by tech w md supv,X,0.00,0.00,0.00,XXX,33.4009
P3001,Screening pap smear by phys,A,0.25,0.46,0.01,XXX,33.4009
P7001,Culture bacterial urine,I,0.00,0.00,0.00,XXX,33.4009
P9010,Whole blood for transfusion,E,0.00,0.00,0.00,XXX,33.4009
P9011,Blood split unit,E,0.00,0.00,0.00,XXX,33.4009
P9012,Cryoprecipitate each unit,E,0.00,0.00,0.00,XXX,33.4009
P9016,Rbc leukocytes reduced,E,0.00,0.00,0.00,XXX,33.4009
P9017,Plasma 1 donor frz w/in 8 hr,E,0.00,0.00,0.00,XXX,33.4009
P9019,"Platelets, each unit",E,0.00,0.00,0.00,XXX,33.4009
P9020,Plaelet rich plasma unit,E,0.00,0.00,0.00,XXX,33.4009
P9021,Red blood cells unit,E,0.00,0.00,0.00,XXX,33.4009
P9022,Washed red blood cells unit,E,0.00,0.00,0.00,XXX,33.4009
P9023,"Frozen plasma, pooled, sd",X,0.00,0.00,0.00,XXX,33.4009
P9025,Plasma cryo redu path each,X,0.00,0.00,0.00,XXX,33.4009
P9026,Cryo fib comp path redu each,E,0.00,0.00,0.00,XXX,33.4009
P9027,Rbc o2 co2 reduced,X,0.00,0.00,0.00,XXX,33.4009
P9031,Platelets leukocytes reduced,X,0.00,0.00,0.00,XXX,33.4009
P9032,"Platelets, irradiated",X,0.00,0.00,0.00,XXX,33.4009
P9033,Platelets leukoreduced irrad,X,0.00,0.00,0.00,XXX,33.4009
P9034,"Platelets, pheresis",X,0.00,0.00,0.00,XXX,33.4009
P9035,Platelet pheres leukoreduced,X,0.00,0.00,0.00,XXX,33.4009
P9036,Platelet pheresis irradiated,X,0.00,0.00,0.00,XXX,33.4009
P9037,Plate pheres leukoredu irrad,X,0.00,0.00,0.00,XXX,33.4009
P9038,Rbc irradiated,X,0.00,0.00,0.00,XXX,33.4009
P9039,Rbc deglycerolized,X,0.00,0.00,0.00,XXX,33.4009
P9040,Rbc leukoreduced irradiated,X,0.00,0.00,0.00,XXX,33.4009
P9041,"Albumin (human),5%, 50ml",X,0.00,0.00,0.00,XXX,33.4009
P9043,"Plasma protein fract,5%,50ml",X,0.00,0.00,0.00,XXX,33.4009
P9044,Cryoprecipitatereducedplasma,X,0.00,0.00,0.00,XXX,33.4009
P9045,"Albumin (human), 5%, 250 ml",X,0.00,0.00,0.00,XXX,33.4009
P9046,"Albumin (human), 25%, 20 ml",X,0.00,0.00,0.00,XXX,33.4009
P9047,"Albumin (human), 25%, 50ml",X,0.00,0.00,0.00,XXX,33.4009
P9048,"Plasmaprotein fract,5%,250ml",X,0.00,0.00,0.00,XXX,33.4009
P9050,"Granulocytes, pheresis unit",X,0.00,0.00,0.00,XXX,33.4009
P9051,"Blood, l/r, cmv-neg",X,0.00,0.00,0.00,XXX,33.4009
P9052,"Platelets, hla-m, l/r, unit",X,0.00,0.00,0.00,XXX,33.4009
P9053,"Plt, pher, l/r cmv-neg, irr",X,0.00,0.00,0.00,XXX,33.4009
P9054,"Blood, l/r, froz/degly/wash",X,0.00,0.00,0.00,XXX,33.4009
P9055,"Plt, aph/pher, l/r, cmv-neg",X,0.00,0.00,0.00,XXX,33.4009
P9056,"Blood, l/r, irradiated",X,0.00,0.00,0.00,XXX,33.4009
P9057,"Rbc, frz/deg/wsh, l/r, irrad",X,0.00,0.00,0.00,XXX,33.4009
P9058,"Rbc, l/r, cmv-neg, irrad",X,0.00,0.00,0.00,XXX,33.4009
P9059,"Plasma, frz between 8-24hour",X,0.00,0.00,0.00,XXX,33.4009
P9060,Fr frz plasma donor retested,X,0.00,0.00,0.00,XXX,33.4009
P9070,Pathogen reduced plasma pool,X,0.00,0.00,0.00,XXX,33.4009
P9071,Pathogen reduced plasma sing,X,0.00,0.00,0.00,XXX,33.4009
P9073,Platelets pheresis path redu,X,0.00,0.00,0.00,XXX,33.4009
P9099,Blood component/product noc,X,0.00,0.00,0.00,XXX,33.4009
P9100,Pathogen test for platelets,X,0.00,0.00,0.00,XXX,33.4009
P9603,One-way allow prorated miles,X,0.00,0.00,0.00,XXX,33.4009
P9604,One-way allow prorated trip,X,0.00,0.00,0.00,XXX,33.4009
P9612,Catheterize for urine spec,X,0.00,0.00,0.00,XXX,33.4009
P9615,Urine specimen collect mult,X,0.00,0.00,0.00,XXX,33.4009
Q0035,Cardiokymography,A,0.00,0.32,0.01,XXX,33.4009
Q0081,Infusion ther other than che,E,0.00,0.00,0.00,XXX,33.4009
Q0083,Chemo by other than infusion,E,0.00,0.00,0.00,XXX,33.4009
Q0084,Chemotherapy by infusion,E,0.00,0.00,0.00,XXX,33.4009
Q0085,Chemo by both infusion and o,E,0.00,0.00,0.00,XXX,33.4009
Q0091,Obtaining screen pap smear,A,0.36,0.08,0.03,XXX,33.4009
Q0092,Set up port xray equipment,A,0.00,0.76,0.01,XXX,33.4009
Q0111,Wet mounts/ w preparations,X,0.00,0.00,0.00,XXX,33.4009
Q0112,Potassium hydroxide preps,X,0.00,0.00,0.00,XXX,33.4009
Q0113,Pinworm examinations,X,0.00,0.00,0.00,XXX,33.4009
Q0114,Fern test,X,0.00,0.00,0.00,XXX,33.4009
Q0115,Post-coital mucous exam,X,0.00,0.00,0.00,XXX,33.4009
Q0138,"Ferumoxytol, non-esrd",E,0.00,0.00,0.00,XXX,33.4009
Q0139,"Ferumoxytol, esrd use",E,0.00,0.00,0.00,XXX,33.4009
Q0144,"Azithromycin dihydrate, oral",N,0.00,0.00,0.00,XXX,33.4009
Q0155,Dronabinol (syndros) 0.1 mg,E,0.00,0.00,0.00,XXX,33.4009
Q0161,Chlorpromazine hcl 5mg oral,E,0.00,0.00,0.00,XXX,33.4009
Q0162,Ondansetron oral,E,0.00,0.00,0.00,XXX,33.4009
Q0163,Diphenhydramine hcl 50mg,X,0.00,0.00,0.00,XXX,33.4009
Q0164,Prochlorperazine maleate 5mg,X,0.00,0.00,0.00,XXX,33.4009
Q0166,Granisetron hcl 1 mg oral,X,0.00,0.00,0.00,XXX,33.4009
Q0167,Dronabinol 2.5mg oral,X,0.00,0.00,0.00,XXX,33.4009
Q0169,Promethazine hcl 12.5mg oral,X,0.00,0.00,0.00,XXX,33.4009
Q0173,Trimethobenzamide hcl 250mg,X,0.00,0.00,0.00,XXX,33.4009
Q0175,Perphenazine 4mg oral,X,0.00,0.00,0.00,XXX,33.4009
Q0177,Hydroxyzine pamoate 25mg,X,0.00,0.00,0.00,XXX,33.4009
Q0180,Dolasetron mesylate oral,X,0.00,0.00,0.00,XXX,33.4009
Q0181,Unspecified oral anti-emetic,X,0.00,0.00,0.00,XXX,33.4009
Q0224,"Inj, pemivibart, 4500 mg",X,0.00,0.00,0.00,XXX,33.4009
Q0234,"Inj, tocilizumab-bavi, 1mg",X,0.00,0.00,0.00,XXX,33.4009
Q0235,"Inj, monoclon antibody, 1 mg",X,0.00,0.00,0.00,XXX,33.4009
Q0237,"Inj, tocilizumab-anoh, hospi",X,0.00,0.00,0.00,XXX,33.4009
Q0238,"Inj, tocilizumab-aazg, hospi",X,0.00,0.00,0.00,XXX,33.4009
Q0249,Tocilizumab for covid-19,X,0.00,0.00,0.00,XXX,33.4009
Q0477,Pwr module pt cable lvad rpl,X,0.00,0.00,0.00,XXX,33.4009
Q0478,"Power adapter, combo vad",E,0.00,0.00,0.00,XXX,33.4009
Q0479,"Power module combo vad, rep",E,0.00,0.00,0.00,XXX,33.4009
Q0480,"Driver pneumatic vad, rep",E,0.00,0.00,0.00,XXX,33.4009
Q0481,"Microprcsr cu elec vad, rep",E,0.00,0.00,0.00,XXX,33.4009
Q0482,"Microprcsr cu combo vad, rep",E,0.00,0.00,0.00,XXX,33.4009
Q0483,"Monitor elec vad, rep",E,0.00,0.00,0.00,XXX,33.4009
Q0484,Monitor elec or comb vad rep,E,0.00,0.00,0.00,XXX,33.4009
Q0485,"Monitor cable elec vad, rep",E,0.00,0.00,0.00,XXX,33.4009
Q0486,Mon cable elec/pneum vad rep,E,0.00,0.00,0.00,XXX,33.4009
Q0487,"Leads any type vad, rep only",E,0.00,0.00,0.00,XXX,33.4009
Q0488,"Pwr pack base elec vad, rep",E,0.00,0.00,0.00,XXX,33.4009
Q0489,"Pwr pck base combo vad, rep",E,0.00,0.00,0.00,XXX,33.4009
Q0490,"Emr pwr source elec vad, rep",E,0.00,0.00,0.00,XXX,33.4009
Q0491,Emr pwr source combo vad rep,E,0.00,0.00,0.00,XXX,33.4009
Q0492,"Emr pwr cbl elec vad, rep",E,0.00,0.00,0.00,XXX,33.4009
Q0493,"Emr pwr cbl combo vad, rep",E,0.00,0.00,0.00,XXX,33.4009
Q0494,"Emr hd pmp elec/combo, rep",E,0.00,0.00,0.00,XXX,33.4009
Q0495,"Charger elec/combo vad, rep",E,0.00,0.00,0.00,XXX,33.4009
Q0496,"Battery elec/combo vad, rep",E,0.00,0.00,0.00,XXX,33.4009
Q0497,"Bat clps elec/comb vad, rep",E,0.00,0.00,0.00,XXX,33.4009
Q0498,"Holster elec/combo vad, rep",E,0.00,0.00,0.00,XXX,33.4009
Q0499,Belt/vest elec/combo vad rep,E,0.00,0.00,0.00,XXX,33.4009
Q0500,"Filters elec/combo vad, rep",E,0.00,0.00,0.00,XXX,33.4009
Q0501,"Shwr cov elec/combo vad, rep",E,0.00,0.00,0.00,XXX,33.4009
Q0502,"Mobility cart pneum vad, rep",E,0.00,0.00,0.00,XXX,33.4009
Q0503,Battery pneum vad replacemnt,E,0.00,0.00,0.00,XXX,33.4009
Q0504,"Pwr adpt pneum vad, rep veh",E,0.00,0.00,0.00,XXX,33.4009
Q0506,Lith-ion batt elec/pneum vad,E,0.00,0.00,0.00,XXX,33.4009
Q0507,Misc sup/acc ext vad,E,0.00,0.00,0.00,XXX,33.4009
Q0508,Mis sup/acc imp vad,E,0.00,0.00,0.00,XXX,33.4009
Q0509,Mis sup/ac imp vad nopay med,E,0.00,0.00,0.00,XXX,33.4009
Q0510,Dispens fee immunosupressive,E,0.00,0.00,0.00,XXX,33.4009
Q0511,"Sup fee antiem,antica,immuno",E,0.00,0.00,0.00,XXX,33.4009
Q0512,Px sup fee anti-can sub pres,E,0.00,0.00,0.00,XXX,33.4009
Q0513,Disp fee inhal drugs/30 days,E,0.00,0.00,0.00,XXX,33.4009
Q0514,Disp fee inhal drugs/90 days,E,0.00,0.00,0.00,XXX,33.4009
Q0515,Sermorelin acetate injection,E,0.00,0.00,0.00,XXX,33.4009
Q0521,Supply fee hiv prep fda appr,X,0.00,0.00,0.00,XXX,33.4009
Q1004,Ntiol category 4,X,0.00,0.00,0.00,XXX,33.4009
Q1005,Ntiol category 5,X,0.00,0.00,0.00,XXX,33.4009
Q2004,Bladder calculi irrig sol,E,0.00,0.00,0.00,XXX,33.4009
Q2009,Fosphenytoin inj pe,E,0.00,0.00,0.00,XXX,33.4009
Q2026,Radiesse injection,E,0.00,0.00,0.00,XXX,33.4009
Q2028,"Inj, sculptra, 0.5mg",E,0.00,0.00,0.00,XXX,33.4009
Q2034,Agriflu vaccine,X,0.00,0.00,0.00,XXX,33.4009
Q2035,"Afluria vacc, 3 yrs & >, im",X,0.00,0.00,0.00,XXX,33.4009
Q2036,"Flulaval vacc, 3 yrs & >, im",X,0.00,0.00,0.00,XXX,33.4009
Q2037,"Fluvirin vacc, 3 yrs & >, im",X,0.00,0.00,0.00,XXX,33.4009
Q2038,"Fluzone vacc, 3 yrs & >, im",X,0.00,0.00,0.00,XXX,33.4009
Q2039,"Influenza virus vaccine, nos",X,0.00,0.00,0.00,XXX,33.4009
Q2041,Axicabtagene ciloleucel car+,E,0.00,0.00,0.00,XXX,33.4009
Q2042,Tisagenlecleucel car-pos t,E,0.00,0.00,0.00,XXX,33.4009
Q2043,Sipuleucel-t auto cd54+,E,0.00,0.00,0.00,XXX,33.4009
Q2049,Imported lipodox inj,E,0.00,0.00,0.00,XXX,33.4009
Q2050,Doxorubicin inj 10mg,E,0.00,0.00,0.00,XXX,33.4009
Q2052,"Home ivig, services/supplies",E,0.00,0.00,0.00,XXX,33.4009
Q2053,Brexucabtagene car pos t,E,0.00,0.00,0.00,XXX,33.4009
Q2054,Lisocabtagene mara car pos t,E,0.00,0.00,0.00,XXX,33.4009
Q2055,Idecabtagene vicleucel car,E,0.00,0.00,0.00,XXX,33.4009
Q2056,Ciltacabtagene car-pos t,E,0.00,0.00,0.00,XXX,33.4009
Q2057,Afamitresgene autoleucel,E,0.00,0.00,0.00,XXX,33.4009
Q2058,Obecbtge autol up to 400 mil,E,0.00,0.00,0.00,XXX,33.4009
Q3001,Brachytherapy radioelements,C,0.00,0.00,0.00,XXX,33.4009
Q3014,Telehealth facility fee,X,0.00,0.00,0.00,XXX,33.4009
Q3027,Inj beta interferon im 1 mcg,E,0.00,0.00,0.00,XXX,33.4009
Q3028,Inj beta interferon sq 1 mcg,I,0.00,0.00,0.00,XXX,33.4009
Q3031,Collagen skin test,B,0.00,0.00,0.00,XXX,33.4009
Q4001,Cast sup body cast plaster,X,0.00,0.00,0.00,XXX,33.4009
Q4002,Cast sup body cast fiberglas,X,0.00,0.00,0.00,XXX,33.4009
Q4003,Cast sup shoulder cast plstr,X,0.00,0.00,0.00,XXX,33.4009
Q4004,Cast sup shoulder cast fbrgl,X,0.00,0.00,0.00,XXX,33.4009
Q4005,Cast sup long arm adult plst,X,0.00,0.00,0.00,XXX,33.4009
Q4006,Cast sup long arm adult fbrg,X,0.00,0.00,0.00,XXX,33.4009
Q4007,Cast sup long arm ped plster,X,0.00,0.00,0.00,XXX,33.4009
Q4008,Cast sup long arm ped fbrgls,X,0.00,0.00,0.00,XXX,33.4009
Q4009,Cast sup sht arm adult plstr,X,0.00,0.00,0.00,XXX,33.4009
Q4010,Cast sup sht arm adult fbrgl,X,0.00,0.00,0.00,XXX,33.4009
Q4011,Cast sup sht arm ped plaster,X,0.00,0.00,0.00,XXX,33.4009
Q4012,Cast sup sht arm ped fbrglas,X,0.00,0.00,0.00,XXX,33.4009
Q4013,Cast sup gauntlet plaster,X,0.00,0.00,0.00,XXX,33.4009
Q4014,Cast sup gauntlet fiberglass,X,0.00,0.00,0.00,XXX,33.4009
Q4015,Cast sup gauntlet ped plster,X,0.00,0.00,0.00,XXX,33.4009
Q4016,Cast sup gauntlet ped fbrgls,X,0.00,0.00,0.00,XXX,33.4009
Q4017,Cast sup lng arm splint plst,X,0.00,0.00,0.00,XXX,33.4009
Q4018,Cast sup lng arm splint fbrg,X,0.00,0.00,0.00,XXX,33.4009
Q4019,Cast sup lng arm splnt ped p,X,0.00,0.00,0.00,XXX,33.4009
Q4020,Cast sup lng arm splnt ped f,X,0.00,0.00,0.00,XXX,33.4009
Q4021,Cast sup sht arm splint plst,X,0.00,0.00,0.00,XXX,33.4009
Q4022,Cast sup sht arm splint fbrg,X,0.00,0.00,0.00,XXX,33.4009
Q4023,Cast sup sht arm splnt ped p,X,0.00,0.00,0.00,XXX,33.4009
Q4024,Cast sup sht arm splnt ped f,X,0.00,0.00,0.00,XXX,33.4009
Q4025,Cast sup hip spica plaster,X,0.00,0.00,0.00,XXX,33.4009
Q4026,Cast sup hip spica fiberglas,X,0.00,0.00,0.00,XXX,33.4009
Q4027,Cast sup hip spica ped plstr,X,0.00,0.00,0.00,XXX,33.4009
Q4028,Cast sup hip spica ped fbrgl,X,0.00,0.00,0.00,XXX,33.4009
Q4029,Cast sup long leg plaster,X,0.00,0.00,0.00,XXX,33.4009
Q4030,Cast sup long leg fiberglass,X,0.00,0.00,0.00,XXX,33.4009
Q4031,Cast sup lng leg ped plaster,X,0.00,0.00,0.00,XXX,33.4009
Q4032,Cast sup lng leg ped fbrgls,X,0.00,0.00,0.00,XXX,33.4009
Q4033,Cast sup lng leg cylinder pl,X,0.00,0.00,0.00,XXX,33.4009
Q4034,Cast sup lng leg cylinder fb,X,0.00,0.00,0.00,XXX,33.4009
Q4035,Cast sup lngleg cylndr ped p,X,0.00,0.00,0.00,XXX,33.4009
Q4036,Cast sup lngleg cylndr ped f,X,0.00,0.00,0.00,XXX,33.4009
Q4037,Cast sup shrt leg plaster,X,0.00,0.00,0.00,XXX,33.4009
Q4038,Cast sup shrt leg fiberglass,X,0.00,0.00,0.00,XXX,33.4009
Q4039,Cast sup shrt leg ped plster,X,0.00,0.00,0.00,XXX,33.4009
Q4040,Cast sup shrt leg ped fbrgls,X,0.00,0.00,0.00,XXX,33.4009
Q4041,Cast sup lng leg splnt plstr,X,0.00,0.00,0.00,XXX,33.4009
Q4042,Cast sup lng leg splnt fbrgl,X,0.00,0.00,0.00,XXX,33.4009
Q4043,Cast sup lng leg splnt ped p,X,0.00,0.00,0.00,XXX,33.4009
Q4044,Cast sup lng leg splnt ped f,X,0.00,0.00,0.00,XXX,33.4009
Q4045,Cast sup sht leg splnt plstr,X,0.00,0.00,0.00,XXX,33.4009
Q4046,Cast sup sht leg splnt fbrgl,X,0.00,0.00,0.00,XXX,33.4009
Q4047,Cast sup sht leg splnt ped p,X,0.00,0.00,0.00,XXX,33.4009
Q4048,Cast sup sht leg splnt ped f,X,0.00,0.00,0.00,XXX,33.4009
Q4049,"Finger splint, static",X,0.00,0.00,0.00,XXX,33.4009
Q4050,Cast supplies unlisted,X,0.00,0.00,0.00,XXX,33.4009
Q4051,Splint supplies misc,X,0.00,0.00,0.00,XXX,33.4009
Q4074,Iloprost non-comp unit dose,E,0.00,0.00,0.00,XXX,33.4009
Q4081,"Epoetin alfa, 100 units esrd",E,0.00,0.00,0.00,XXX,33.4009
Q4082,Drug/bio noc part b drug cap,E,0.00,0.00,0.00,XXX,33.4009
Q4101,Apligraf,A,0.00,3.81,0.00,ZZZ,33.4009
Q4102,Oasis wound matrix,A,0.00,3.81,0.00,ZZZ,33.4009
Q4103,Oasis burn matrix,A,0.00,3.81,0.00,ZZZ,33.4009
Q4104,Integra bmwd,A,0.00,3.81,0.00,ZZZ,33.4009
Q4105,Integra drt or omnigraft,A,0.00,3.81,0.00,ZZZ,33.4009
Q4107,Graftjacket,A,0.00,3.81,0.00,ZZZ,33.4009
Q4108,Integra matrix,A,0.00,3.81,0.00,ZZZ,33.4009
Q4110,Primatrix,A,0.00,3.81,0.00,ZZZ,33.4009
Q4111,Gammagraft,A,0.00,3.81,0.00,ZZZ,33.4009
Q4112,Cymetra injectable,C,0.00,0.00,0.00,XXX,33.4009
Q4113,Graftjacket xpress,C,0.00,0.00,0.00,XXX,33.4009
Q4114,Integra flowable wound matri,C,0.00,0.00,0.00,XXX,33.4009
Q4115,Alloskin,A,0.00,3.81,0.00,ZZZ,33.4009
Q4116,Alloderm,A,0.00,3.81,0.00,ZZZ,33.4009
Q4117,Hyalomatrix,A,0.00,3.81,0.00,ZZZ,33.4009
Q4118,Matristem micromatrix,C,0.00,0.00,0.00,XXX,33.4009
Q4121,Theraskin,A,0.00,3.81,0.00,ZZZ,33.4009
Q4122,"Dermacell, awm, porous sq cm",A,0.00,3.81,0.00,ZZZ,33.4009
Q4123,Alloskin,A,0.00,3.81,0.00,ZZZ,33.4009
Q4124,Oasis tri-layer wound matrix,A,0.00,3.81,0.00,ZZZ,33.4009
Q4125,Arthroflex,A,0.00,3.81,0.00,ZZZ,33.4009
Q4126,Memoderm/derma/tranz/integup,A,0.00,3.81,0.00,ZZZ,33.4009
Q4127,Talymed,A,0.00,3.81,0.00,ZZZ,33.4009
Q4128,Flexhd/allopatchhd/sq cm,A,0.00,3.81,0.00,ZZZ,33.4009
Q4130,Strattice tm,A,0.00,3.81,0.00,ZZZ,33.4009
Q4132,"Grafix core, grafixpl core",A,0.00,3.81,0.00,ZZZ,33.4009
Q4133,Grafix stravix prime pl sqcm,A,0.00,3.81,0.00,ZZZ,33.4009
Q4134,Hmatrix,A,0.00,3.81,0.00,ZZZ,33.4009
Q4135,Mediskin,A,0.00,3.81,0.00,ZZZ,33.4009
Q4136,Ezderm,A,0.00,3.81,0.00,ZZZ,33.4009
Q4137,Amnioexcel biodexcel 1sq cm,A,0.00,3.81,0.00,ZZZ,33.4009
Q4138,"Biodfence dryflex, 1cm",A,0.00,3.81,0.00,ZZZ,33.4009
Q4139,"Amnio or biodmatrix, inj 1cc",C,0.00,0.00,0.00,XXX,33.4009
Q4140,Biodfence 1cm,A,0.00,3.81,0.00,ZZZ,33.4009
Q4141,"Alloskin ac, 1 cm",A,0.00,3.81,0.00,ZZZ,33.4009
Q4142,Xcm biologic tiss matrix 1cm,A,0.00,3.81,0.00,ZZZ,33.4009
Q4143,"Repriza, 1cm",A,0.00,3.81,0.00,ZZZ,33.4009
Q4145,"Epifix, inj, 1mg",C,0.00,0.00,0.00,XXX,33.4009
Q4146,"Tensix, 1cm",A,0.00,3.81,0.00,ZZZ,33.4009
Q4147,Architect ecm px fx 1 sq cm,A,0.00,3.81,0.00,ZZZ,33.4009
Q4148,Neox neox rt or clarix cord,A,0.00,3.81,0.00,ZZZ,33.4009
Q4149,"Excellagen, 0.1 cc",C,0.00,0.00,0.00,XXX,33.4009
Q4150,Allowrap ds or dry 1 sq cm,A,0.00,3.81,0.00,ZZZ,33.4009
Q4151,"Amnioband, guardian 1 sq cm",A,0.00,3.81,0.00,ZZZ,33.4009
Q4152,Dermapure 1 square cm,A,0.00,3.81,0.00,ZZZ,33.4009
Q4153,"Dermavest, plurivest sq cm",A,0.00,3.81,0.00,ZZZ,33.4009
Q4154,Biovance 1 square cm,A,0.00,3.81,0.00,ZZZ,33.4009
Q4155,Neoxflo or clarixflo 1 mg,C,0.00,0.00,0.00,XXX,33.4009
Q4156,Neox 100 or clarix 100,A,0.00,3.81,0.00,ZZZ,33.4009
Q4157,Revitalon 1 square cm,A,0.00,3.81,0.00,ZZZ,33.4009
Q4158,"Kerecis omega3, per sq cm",A,0.00,3.81,0.00,ZZZ,33.4009
Q4159,Affinity1 square cm,A,0.00,3.81,0.00,ZZZ,33.4009
Q4160,Nushield 1 square cm,A,0.00,3.81,0.00,ZZZ,33.4009
Q4161,Bio-connekt per square cm,A,0.00,3.81,0.00,ZZZ,33.4009
Q4162,"Wndex flw, bioskn flw, 0.5cc",C,0.00,0.00,0.00,XXX,33.4009
Q4163,"Woundex, bioskin, per sq cm",A,0.00,3.81,0.00,ZZZ,33.4009
Q4164,"Helicoll, per square cm",A,0.00,3.81,0.00,ZZZ,33.4009
Q4165,"Keramatrix, kerasorb sq cm",A,0.00,3.81,0.00,ZZZ,33.4009
Q4166,"Cytal, per square centimeter",A,0.00,3.81,0.00,ZZZ,33.4009
Q4167,"Truskin, per sq centimeter",A,0.00,3.81,0.00,ZZZ,33.4009
Q4168,"Amnioband, 1 mg",C,0.00,0.00,0.00,XXX,33.4009
Q4169,"Artacent wound, per sq cm",A,0.00,3.81,0.00,ZZZ,33.4009
Q4170,"Cygnus, per sq cm",A,0.00,3.81,0.00,ZZZ,33.4009
Q4171,"Interfyl, 1 mg",C,0.00,0.00,0.00,XXX,33.4009
Q4173,Palingen or palingen xplus,A,0.00,3.81,0.00,ZZZ,33.4009
Q4174,Palingen or promatrx,C,0.00,0.00,0.00,XXX,33.4009
Q4175,Miroderm,A,0.00,3.81,0.00,ZZZ,33.4009
Q4176,"Neopatch or therion, 1 sq cm",A,0.00,3.81,0.00,ZZZ,33.4009
Q4177,"Floweramnioflo, 0.1 cc",C,0.00,0.00,0.00,XXX,33.4009
Q4178,"Floweramniopatch, per sq cm",A,0.00,3.81,0.00,ZZZ,33.4009
Q4179,"Flowerderm, per sq cm",A,0.00,3.81,0.00,ZZZ,33.4009
Q4180,"Revita, per sq cm",A,0.00,3.81,0.00,ZZZ,33.4009
Q4181,"Amnio wound, per square cm",A,0.00,3.81,0.00,ZZZ,33.4009
Q4182,"Transcyte, per sq centimeter",A,0.00,3.81,0.00,ZZZ,33.4009
Q4183,"Surgigraft, 1 sq cm",A,0.00,3.81,0.00,ZZZ,33.4009
Q4184,Cellesta or duo per sq cm,A,0.00,3.81,0.00,ZZZ,33.4009
Q4185,Cellesta flowab amnion 0.5cc,C,0.00,0.00,0.00,XXX,33.4009
Q4186,Epifix 1 sq cm,A,0.00,3.81,0.00,ZZZ,33.4009
Q4187,Epicord 1 sq cm,A,0.00,3.81,0.00,ZZZ,33.4009
Q4188,Amnioarmor 1 sq cm,A,0.00,3.81,0.00,ZZZ,33.4009
Q4189,"Artacent ac, 1 mg",C,0.00,0.00,0.00,XXX,33.4009
Q4190,Artacent ac 1 sq cm,A,0.00,3.81,0.00,ZZZ,33.4009
Q4191,Restorigin 1 sq cm,A,0.00,3.81,0.00,ZZZ,33.4009
Q4192,"Restorigin, 1 cc",C,0.00,0.00,0.00,XXX,33.4009
Q4193,Coll-e-derm 1 sq cm,A,0.00,3.81,0.00,ZZZ,33.4009
Q4194,Novachor 1 sq cm,A,0.00,3.81,0.00,ZZZ,33.4009
Q4195,Puraply 1 sq cm,A,0.00,3.81,0.00,ZZZ,33.4009
Q4196,Puraply am 1 sq cm,A,0.00,3.81,0.00,ZZZ,33.4009
Q4197,Puraply xt 1 sq cm,A,0.00,3.81,0.00,ZZZ,33.4009
Q4198,Genesis amnio membrane 1sqcm,A,0.00,3.81,0.00,ZZZ,33.4009
Q4199,"Cygnus matrix, per sq cm",A,0.00,3.81,0.00,ZZZ,33.4009
Q4200,Skin te 1 sq cm,A,0.00,3.81,0.00,ZZZ,33.4009
Q4201,Matrion 1 sq cm,A,0.00,3.81,0.00,ZZZ,33.4009
Q4202,"Keroxx (2.5g/cc), 1cc",C,0.00,0.00,0.00,XXX,33.4009
Q4203,"Derma-gide, 1 sq cm",A,0.00,3.81,0.00,ZZZ,33.4009
Q4204,Xwrap 1 sq cm,A,0.00,3.81,0.00,ZZZ,33.4009
Q4205,Membrane graft or wrap sq cm,A,0.00,3.81,0.00,ZZZ,33.4009
Q4206,Fluid flow or fluid gf 1 cc,C,0.00,0.00,0.00,XXX,33.4009
Q4208,Novafix per sq cm,A,0.00,3.81,0.00,ZZZ,33.4009
Q4209,Surgraft per sq cm,A,0.00,3.81,0.00,ZZZ,33.4009
Q4211,Amnion bio or axobio sq cm,A,0.00,3.81,0.00,ZZZ,33.4009
Q4212,"Allogen, per cc",C,0.00,0.00,0.00,XXX,33.4009
Q4213,"Ascent, 0.5 mg",C,0.00,0.00,0.00,XXX,33.4009
Q4214,Cellesta cord per sq cm,A,0.00,3.81,0.00,ZZZ,33.4009
Q4215,"Axolotl ambient, cryo 0.1 mg",C,0.00,0.00,0.00,XXX,33.4009
Q4216,Artacent cord per sq cm,A,0.00,3.81,0.00,ZZZ,33.4009
Q4217,Woundfix biowound plus xplus,A,0.00,3.81,0.00,ZZZ,33.4009
Q4218,Surgicord per sq cm,A,0.00,3.81,0.00,ZZZ,33.4009
Q4219,Surgigraft dual per sq cm,A,0.00,3.81,0.00,ZZZ,33.4009
Q4220,"Bellacell hd, surederm sq cm",A,0.00,3.81,0.00,ZZZ,33.4009
Q4221,Amniowrap2 per sq cm,A,0.00,3.81,0.00,ZZZ,33.4009
Q4222,"Progenamatrix, per sq cm",A,0.00,3.81,0.00,ZZZ,33.4009
Q4224,Hhf10-p per sq cm,A,0.00,3.81,0.00,ZZZ,33.4009
Q4225,"Amnio or derma tl, per sq cm",A,0.00,3.81,0.00,ZZZ,33.4009
Q4226,Myown harv prep proc sq cm,E,0.00,0.00,0.00,XXX,33.4009
Q4227,Amniocore per sq cm,A,0.00,3.81,0.00,ZZZ,33.4009
Q4229,Cogenex amnio memb per sq cm,A,0.00,3.81,0.00,ZZZ,33.4009
Q4230,Cogenex flow amnion 0.5 cc,C,0.00,0.00,0.00,XXX,33.4009
Q4232,"Corplex, per sq cm",A,0.00,3.81,0.00,ZZZ,33.4009
Q4233,Surfactor /nudyn per 0.5 cc,C,0.00,0.00,0.00,XXX,33.4009
Q4234,"Xcellerate, per sq cm",A,0.00,3.81,0.00,ZZZ,33.4009
Q4235,Amniorepair or altiply sq cm,A,0.00,3.81,0.00,ZZZ,33.4009
Q4236,Carepatch per sq cm,A,0.00,3.81,0.00,ZZZ,33.4009
Q4237,"Cryo-cord, per sq cm",A,0.00,3.81,0.00,ZZZ,33.4009
Q4238,"Derm-maxx, per sq cm",A,0.00,3.81,0.00,ZZZ,33.4009
Q4239,Amnio-maxx or lite per sq cm,A,0.00,3.81,0.00,ZZZ,33.4009
Q4240,Corecyte topical only 0.5 cc,C,0.00,0.00,0.00,XXX,33.4009
Q4241,"Polycyte, topical only 0.5cc",C,0.00,0.00,0.00,XXX,33.4009
Q4242,"Amniocyte plus, per 0.5 cc",C,0.00,0.00,0.00,XXX,33.4009
Q4245,"Amniotext, per cc",C,0.00,0.00,0.00,XXX,33.4009
Q4246,"Coretext or protext, per cc",C,0.00,0.00,0.00,XXX,33.4009
Q4247,"Amniotext patch, per sq cm",A,0.00,3.81,0.00,ZZZ,33.4009
Q4248,Dermacyte amn mem allo sq cm,A,0.00,3.81,0.00,ZZZ,33.4009
Q4249,"Amniply, per sq cm",A,0.00,3.81,0.00,ZZZ,33.4009
Q4250,Amnioamp-mp per sq cm,A,0.00,3.81,0.00,ZZZ,33.4009
Q4251,"Vim, per square centimeter",A,0.00,3.81,0.00,ZZZ,33.4009
Q4252,"Vendaje, per square centimet",A,0.00,3.81,0.00,ZZZ,33.4009
Q4253,Zenith amniotic membrane psc,A,0.00,3.81,0.00,ZZZ,33.4009
Q4254,Novafix dl per sq cm,A,0.00,3.81,0.00,ZZZ,33.4009
Q4255,"Reguard, topical use per sq",A,0.00,3.81,0.00,ZZZ,33.4009
Q4256,"Mlg complet, per sq cm",A,0.00,3.81,0.00,ZZZ,33.4009
Q4257,"Relese, per sq cm",A,0.00,3.81,0.00,ZZZ,33.4009
Q4258,"Enverse, per sq cm",A,0.00,3.81,0.00,ZZZ,33.4009
Q4259,Celera per sq cm,A,0.00,3.81,0.00,ZZZ,33.4009
Q4260,"Signature apatch, per sq cm",A,0.00,3.81,0.00,ZZZ,33.4009
Q4261,"Tag, per square centimeter",A,0.00,3.81,0.00,ZZZ,33.4009
Q4262,"Dual layer impax, per sq cm",A,0.00,3.81,0.00,ZZZ,33.4009
Q4263,"Surgraft tl, per sq cm",A,0.00,3.81,0.00,ZZZ,33.4009
Q4264,"Cocoon membrane, per sq cm",A,0.00,3.81,0.00,ZZZ,33.4009
Q4265,Neostim tl per sq cm,A,0.00,3.81,0.00,ZZZ,33.4009
Q4266,Neostim per sq cm,A,0.00,3.81,0.00,ZZZ,33.4009
Q4267,Neostim dl per sq cm,A,0.00,3.81,0.00,ZZZ,33.4009
Q4268,Surgraft ft per sq cm,A,0.00,3.81,0.00,ZZZ,33.4009
Q4269,Surgraft xt per sq cm,A,0.00,3.81,0.00,ZZZ,33.4009
Q4270,Complete sl per sq cm,A,0.00,3.81,0.00,ZZZ,33.4009
Q4271,Complete ft per sq cm,A,0.00,3.81,0.00,ZZZ,33.4009
Q4272,"Esano a, per sq cm",A,0.00,3.81,0.00,ZZZ,33.4009
Q4273,"Esano aaa, per sq cm",A,0.00,3.81,0.00,ZZZ,33.4009
Q4274,"Esano ac, per sq cm",A,0.00,3.81,0.00,ZZZ,33.4009
Q4275,"Esano aca, per sq cm",A,0.00,3.81,0.00,ZZZ,33.4009
Q4276,"Orion, per sq cm",A,0.00,3.81,0.00,ZZZ,33.4009
Q4278,"Epieffect, per sq cm",A,0.00,3.81,0.00,ZZZ,33.4009
Q4279,"Vendaje ac, per sq cm",A,0.00,3.81,0.00,ZZZ,33.4009
Q4280,Xcell amnio matrix per sq cm,A,0.00,3.81,0.00,ZZZ,33.4009
Q4281,Barrera slor dl per sq cm,A,0.00,3.81,0.00,ZZZ,33.4009
Q4282,Cygnus dual per sq cm,A,0.00,3.81,0.00,ZZZ,33.4009
Q4283,"Biovance tri or 3l, sq cm",A,0.00,3.81,0.00,ZZZ,33.4009
Q4284,"Dermabind sl, per sq cm",A,0.00,3.81,0.00,ZZZ,33.4009
Q4285,Nudyn dl or dl mesh pr sq cm,A,0.00,3.81,0.00,ZZZ,33.4009
Q4286,"Nudyn sl or slw, per sq cm",A,0.00,3.81,0.00,ZZZ,33.4009
Q4287,"Dermabind dl, per sq cm",A,0.00,3.81,0.00,ZZZ,33.4009
Q4288,"Dermabind ch, per sq cm",A,0.00,3.81,0.00,ZZZ,33.4009
Q4289,"Revoshield+ amnio, per sq cm",A,0.00,3.81,0.00,ZZZ,33.4009
Q4290,Membrane wrap hydr per sq cm,A,0.00,3.81,0.00,ZZZ,33.4009
Q4291,"Lamellas xt, per sq cm",A,0.00,3.81,0.00,ZZZ,33.4009
Q4292,"Lamellas, per sq cm",A,0.00,3.81,0.00,ZZZ,33.4009
Q4293,"Acesso dl, per sq cm",A,0.00,3.81,0.00,ZZZ,33.4009
Q4294,"Amnio quad-core, per sq cm",A,0.00,3.81,0.00,ZZZ,33.4009
Q4295,"Amnio tri-core, per sq cm",A,0.00,3.81,0.00,ZZZ,33.4009
Q4296,"Rebound matrix, per sq cm",A,0.00,3.81,0.00,ZZZ,33.4009
Q4297,"Emerge matrix, per sq cm",A,0.00,3.81,0.00,ZZZ,33.4009
Q4298,"Amniocore pro, per sq cm",A,0.00,3.81,0.00,ZZZ,33.4009
Q4299,"Amniocore pro+, per sq cm",A,0.00,3.81,0.00,ZZZ,33.4009
Q4300,"Acesso tl, per sq cm",A,0.00,3.81,0.00,ZZZ,33.4009
Q4301,"Activate matrix, per sq cm",A,0.00,3.81,0.00,ZZZ,33.4009
Q4302,"Complete aca, per sq cm",A,0.00,3.81,0.00,ZZZ,33.4009
Q4303,"Complete aa, per sq cm",A,0.00,3.81,0.00,ZZZ,33.4009
Q4304,"Grafix plus, per sq cm",A,0.00,3.81,0.00,ZZZ,33.4009
Q4305,Amer am ac tri-lay per sq cm,A,0.00,3.81,0.00,ZZZ,33.4009
Q4306,Americ amnion ac per sq cm,A,0.00,3.81,0.00,ZZZ,33.4009
Q4307,"American amnion, per sq cm",A,0.00,3.81,0.00,ZZZ,33.4009
Q4308,"Sanopellis, per sq cm",A,0.00,3.81,0.00,ZZZ,33.4009
Q4309,"Via matrix, per sq cm",A,0.00,3.81,0.00,ZZZ,33.4009
Q4310,"Procenta, per 100 mg",C,0.00,0.00,0.00,XXX,33.4009
Q4311,"Acesso, per sq cm",A,0.00,3.81,0.00,ZZZ,33.4009
Q4312,"Acesso ac, per sq cm",A,0.00,3.81,0.00,ZZZ,33.4009
Q4313,"Dermabind fm, per sq cm",A,0.00,3.81,0.00,ZZZ,33.4009
Q4314,"Reeva, per sq cm",A,0.00,3.81,0.00,ZZZ,33.4009
Q4315,Regenelink amniotic mem allo,A,0.00,3.81,0.00,ZZZ,33.4009
Q4316,"Amchoplast, per sq cm",A,0.00,3.81,0.00,ZZZ,33.4009
Q4317,"Vitograft, per sq cm",A,0.00,3.81,0.00,ZZZ,33.4009
Q4318,"E-graft, per sq cm",A,0.00,3.81,0.00,ZZZ,33.4009
Q4319,"Sanograft, per sq cm",A,0.00,3.81,0.00,ZZZ,33.4009
Q4320,"Pellograft, per sq cm",A,0.00,3.81,0.00,ZZZ,33.4009
Q4321,"Renograft, per sq cm",A,0.00,3.81,0.00,ZZZ,33.4009
Q4322,"Caregraft, per sq cm",A,0.00,3.81,0.00,ZZZ,33.4009
Q4323,"Alloply, per sq cm",A,0.00,3.81,0.00,ZZZ,33.4009
Q4324,"Amniotx, per sq cm",A,0.00,3.81,0.00,ZZZ,33.4009
Q4325,"Acapatch, per sq cm",A,0.00,3.81,0.00,ZZZ,33.4009
Q4326,"Woundplus, per sq cm",A,0.00,3.81,0.00,ZZZ,33.4009
Q4327,"Duoamnion, per sq cm",A,0.00,3.81,0.00,ZZZ,33.4009
Q4328,"Most, per sq cm",A,0.00,3.81,0.00,ZZZ,33.4009
Q4329,"Singlay, per sq cm",A,0.00,3.81,0.00,ZZZ,33.4009
Q4330,"Total, per sq cm",A,0.00,3.81,0.00,ZZZ,33.4009
Q4331,"Axolotl graft, per sq cm",A,0.00,3.81,0.00,ZZZ,33.4009
Q4332,"Axolotl dualgraft, per sq cm",A,0.00,3.81,0.00,ZZZ,33.4009
Q4333,"Ardeograft, per sq cm",A,0.00,3.81,0.00,ZZZ,33.4009
Q4334,"Amnioplast 1, per sq cm",A,0.00,3.81,0.00,ZZZ,33.4009
Q4335,"Amnioplast 2, per sq cm",A,0.00,3.81,0.00,ZZZ,33.4009
Q4336,"Artecent c, per sq cm",A,0.00,3.81,0.00,ZZZ,33.4009
Q4337,"Artecent trident, per sq cm",A,0.00,3.81,0.00,ZZZ,33.4009
Q4338,"Artacent velos, per sq cm",A,0.00,3.81,0.00,ZZZ,33.4009
Q4339,"Artacent vericlen, per sq cm",A,0.00,3.81,0.00,ZZZ,33.4009
Q4340,"Simpligraft, per sq cm",A,0.00,3.81,0.00,ZZZ,33.4009
Q4341,"Simplimax, per sq cm",A,0.00,3.81,0.00,ZZZ,33.4009
Q4342,"Theramend, per sq cm",A,0.00,3.81,0.00,ZZZ,33.4009
Q4343,Dermacyte ac matrx per sq cm,A,0.00,3.81,0.00,ZZZ,33.4009
Q4344,"Tri membrane wrap, per sq cm",A,0.00,3.81,0.00,ZZZ,33.4009
Q4345,Matrix hd allogrft per sq cm,A,0.00,3.81,0.00,ZZZ,33.4009
Q4346,Shelter dm matrix per sq cm,A,0.00,3.81,0.00,ZZZ,33.4009
Q4347,Rampart dl matrix per sq cm,A,0.00,3.81,0.00,ZZZ,33.4009
Q4348,Sentry sl matrix per sq cm,A,0.00,3.81,0.00,ZZZ,33.4009
Q4349,Mantle dl matrix per sq cm,A,0.00,3.81,0.00,ZZZ,33.4009
Q4350,Palisade dm matrix per sq cm,A,0.00,3.81,0.00,ZZZ,33.4009
Q4351,"Enclose tl matrix, per sq cm",A,0.00,3.81,0.00,ZZZ,33.4009
Q4352,"Overlay sl matrix, per sq cm",A,0.00,3.81,0.00,ZZZ,33.4009
Q4353,Xceed tl matrix per sq cm,A,0.00,3.81,0.00,ZZZ,33.4009
Q4354,Palingen dl-palingen dl-x,A,0.00,3.81,0.00,ZZZ,33.4009
Q4355,Abio xpl abio xpl hy p sq cm,A,0.00,3.81,0.00,ZZZ,33.4009
Q4356,Abio mem abio hyd per sq cm,A,0.00,3.81,0.00,ZZZ,33.4009
Q4357,"Xwrap plus, per sq cm",A,0.00,3.81,0.00,ZZZ,33.4009
Q4358,"Xwrap dual, per sq cm",A,0.00,3.81,0.00,ZZZ,33.4009
Q4359,"Choriply, per sq cm",A,0.00,3.81,0.00,ZZZ,33.4009
Q4360,Amchoplast fd per sq cm,A,0.00,3.81,0.00,ZZZ,33.4009
Q4361,"Epixpress, per sq cm",A,0.00,3.81,0.00,ZZZ,33.4009
Q4362,"Cygnus disk, per sq cm",A,0.00,3.81,0.00,ZZZ,33.4009
Q4363,Am bur mem hydro per sq cm,A,0.00,3.81,0.00,ZZZ,33.4009
Q4364,Am bur xp mem xpl hy p sq cm,A,0.00,3.81,0.00,ZZZ,33.4009
Q4365,Amnio bur dl mem per sq cm,A,0.00,3.81,0.00,ZZZ,33.4009
Q4366,Dl amnio bur x-mem per sq cm,A,0.00,3.81,0.00,ZZZ,33.4009
Q4367,"Amniocore sl, per sq cm",A,0.00,3.81,0.00,ZZZ,33.4009
Q4368,Amchothick per sq cm,A,0.00,3.81,0.00,ZZZ,33.4009
Q4369,Amnioplast 3 per sq cm,A,0.00,3.81,0.00,ZZZ,33.4009
Q4370,Aeroguard per sq cm,A,0.00,3.81,0.00,ZZZ,33.4009
Q4371,Neoguard per sq cm,A,0.00,3.81,0.00,ZZZ,33.4009
Q4372,Amchoplast excl per sq cm,A,0.00,3.81,0.00,ZZZ,33.4009
Q4373,Membrane wrp lt per sq cm,A,0.00,3.81,0.00,ZZZ,33.4009
Q4375,Duograft ac per sq cm,A,0.00,3.81,0.00,ZZZ,33.4009
Q4376,Duograft aa per sq cm,A,0.00,3.81,0.00,ZZZ,33.4009
Q4377,Trigraft ft per sq cm,A,0.00,3.81,0.00,ZZZ,33.4009
Q4378,Renew ft matrix per sq cm,A,0.00,3.81,0.00,ZZZ,33.4009
Q4379,Amniodefend ft per sq cm,A,0.00,3.81,0.00,ZZZ,33.4009
Q4380,Advograft one per sq cm,A,0.00,3.81,0.00,ZZZ,33.4009
Q4382,Advograft dual per sq cm,A,0.00,3.81,0.00,ZZZ,33.4009
Q4383,Axolotl graft ult per sq cm,A,0.00,3.81,0.00,ZZZ,33.4009
Q4384,Axolotl dual ult per sq cm,A,0.00,3.81,0.00,ZZZ,33.4009
Q4385,Apollo ft per sq cm,A,0.00,3.81,0.00,ZZZ,33.4009
Q4386,Acesso trifaca per sq cm,A,0.00,3.81,0.00,ZZZ,33.4009
Q4387,Neothelium ft per sq cm,A,0.00,3.81,0.00,ZZZ,33.4009
Q4388,Neothelium 4l per sq cm,A,0.00,3.81,0.00,ZZZ,33.4009
Q4389,Neothelium 4l+ per sq cm,A,0.00,3.81,0.00,ZZZ,33.4009
Q4390,Ascendion per sq cm,A,0.00,3.81,0.00,ZZZ,33.4009
Q4391,Amnioplast double per sq cm,A,0.00,3.81,0.00,ZZZ,33.4009
Q4392,Grafix duo per sq cm,A,0.00,3.81,0.00,ZZZ,33.4009
Q4393,Surgraft ac per sq cm,A,0.00,3.81,0.00,ZZZ,33.4009
Q4394,Surgraft aca per sq cm,A,0.00,3.81,0.00,ZZZ,33.4009
Q4395,Acelagraft per sq cm,A,0.00,3.81,0.00,ZZZ,33.4009
Q4396,Natalin per sq cm,A,0.00,3.81,0.00,ZZZ,33.4009
Q4397,Summit aaa per sq cm,A,0.00,3.81,0.00,ZZZ,33.4009
Q4398,Summit ac per sq cm,A,0.00,3.81,0.00,ZZZ,33.4009
Q4399,Summit fx per sq cm,A,0.00,3.81,0.00,ZZZ,33.4009
Q4400,Polygon3 per sq cm,A,0.00,3.81,0.00,ZZZ,33.4009
Q4401,Absolv3 per sq cm,A,0.00,3.81,0.00,ZZZ,33.4009
Q4402,Xwrap 2.0 per sq cm,A,0.00,3.81,0.00,ZZZ,33.4009
Q4403,Xwrap dual plus per sq cm,A,0.00,3.81,0.00,ZZZ,33.4009
Q4404,Xwrap hydro plus per sq cm,A,0.00,3.81,0.00,ZZZ,33.4009
Q4405,Xwrap fenestra plus sq cm,A,0.00,3.81,0.00,ZZZ,33.4009
Q4406,Xwrap fenestra per sq cm,A,0.00,3.81,0.00,ZZZ,33.4009
Q4407,Xwrap tribus per sq cm,A,0.00,3.81,0.00,ZZZ,33.4009
Q4408,Xwrap hydro per sq cm,A,0.00,3.81,0.00,ZZZ,33.4009
Q4409,Amniomatrixf3x per sq cm,A,0.00,3.81,0.00,ZZZ,33.4009
Q4410,Amchomatrixdl per sq cm,A,0.00,3.81,0.00,ZZZ,33.4009
Q4411,Amniomatrixf4x per sq cm,A,0.00,3.81,0.00,ZZZ,33.4009
Q4412,Choriofix per sq cm,A,0.00,3.81,0.00,ZZZ,33.4009
Q4413,Cygnus solo per sq cm,A,0.00,3.81,0.00,ZZZ,33.4009
Q4414,Simplichor per sq cm,A,0.00,3.81,0.00,ZZZ,33.4009
Q4415,Alexiguard st-l per sq cm,A,0.00,3.81,0.00,ZZZ,33.4009
Q4416,Alexiguard tl-t per sq cm,A,0.00,3.81,0.00,ZZZ,33.4009
Q4417,Alexiguard dl-t per sq cm,A,0.00,3.81,0.00,ZZZ,33.4009
Q4418,Biolab wrap flow per sq cm,A,0.00,3.81,0.00,ZZZ,33.4009
Q4419,Biolab wrap flw lt per sq cm,A,0.00,3.81,0.00,ZZZ,33.4009
Q4420,Nuform per sq cm,A,0.00,3.81,0.00,ZZZ,33.4009
Q4421,Biolab wrap solo per sq cm,A,0.00,3.81,0.00,ZZZ,33.4009
Q4422,Ac wrap per sq cm,A,0.00,3.81,0.00,ZZZ,33.4009
Q4423,Biolab tri wrap fl per sq cm,A,0.00,3.81,0.00,ZZZ,33.4009
Q4424,Revive ft per sq cm,A,0.00,3.81,0.00,ZZZ,33.4009
Q4425,Revive tl per sq cm,A,0.00,3.81,0.00,ZZZ,33.4009
Q4426,"Dermbnd tl+, tlx per sq cm",A,0.00,3.81,0.00,ZZZ,33.4009
Q4427,Dermbnd dln dl+ dlx sq cm,A,0.00,3.81,0.00,ZZZ,33.4009
Q4428,Dermbnd sln sl+ slx sq cm,A,0.00,3.81,0.00,ZZZ,33.4009
Q4429,"Dermbnd chn, chx per sq cm",A,0.00,3.81,0.00,ZZZ,33.4009
Q4431,"Pma skin substitute, nos",C,0.00,0.00,0.00,XXX,33.4009
Q4432,"510(k) skin subs, nos",C,0.00,0.00,0.00,XXX,33.4009
Q4433,"361 hct/p skin subs, nos",C,0.00,0.00,0.00,XXX,33.4009
Q4435,Renati membrane per sq cm,A,0.00,3.81,0.00,ZZZ,33.4009
Q4436,Renati ac membrane per sq cm,A,0.00,3.81,0.00,ZZZ,33.4009
Q4437,Revival ac per sq cm,A,0.00,3.81,0.00,ZZZ,33.4009
Q4438,Pretect per sq cm,A,0.00,3.81,0.00,ZZZ,33.4009
Q4439,Instagraft per sq cm,A,0.00,3.81,0.00,ZZZ,33.4009
Q4440,Curamatrix per sq cm,A,0.00,3.81,0.00,ZZZ,33.4009
Q5001,Hospice or home hlth in home,E,0.00,0.00,0.00,XXX,33.4009
Q5002,Hospice/home hlth in asst lv,E,0.00,0.00,0.00,XXX,33.4009
Q5003,Hospice in lt/non-skilled nf,E,0.00,0.00,0.00,XXX,33.4009
Q5004,Hospice in snf,E,0.00,0.00,0.00,XXX,33.4009
Q5005,"Hospice, inpatient hospital",E,0.00,0.00,0.00,XXX,33.4009
Q5006,Hospice in hospice facility,E,0.00,0.00,0.00,XXX,33.4009
Q5007,Hospice in ltch,E,0.00,0.00,0.00,XXX,33.4009
Q5008,Hospice in inpatient psych,E,0.00,0.00,0.00,XXX,33.4009
Q5009,"Hospice/home hlth, place nos",E,0.00,0.00,0.00,XXX,33.4009
Q5010,Hospice home care in hospice,E,0.00,0.00,0.00,XXX,33.4009
Q5098,"Inj ustekinumab-srlf, 1 mg",E,0.00,0.00,0.00,XXX,33.4009
Q5099,"Inj ustekinumab-stba, 1 mg",E,0.00,0.00,0.00,XXX,33.4009
Q5100,"Inj ustekinumab-kfce, 1 mg",E,0.00,0.00,0.00,XXX,33.4009
Q5101,"Injection, zarxio",E,0.00,0.00,0.00,XXX,33.4009
Q5103,"Injection, inflectra",E,0.00,0.00,0.00,XXX,33.4009
Q5104,"Injection, renflexis",E,0.00,0.00,0.00,XXX,33.4009
Q5105,Inj retacrit esrd on dialysi,E,0.00,0.00,0.00,XXX,33.4009
Q5106,Inj retacrit non-esrd use,E,0.00,0.00,0.00,XXX,33.4009
Q5107,Inj mvasi 10 mg,E,0.00,0.00,0.00,XXX,33.4009
Q5108,"Injection, fulphila",E,0.00,0.00,0.00,XXX,33.4009
Q5110,Nivestym,E,0.00,0.00,0.00,XXX,33.4009
Q5111,"Injection, udenyca 0.5 mg",E,0.00,0.00,0.00,XXX,33.4009
Q5112,Inj ontruzant 10 mg,E,0.00,0.00,0.00,XXX,33.4009
Q5113,Inj herzuma 10 mg,E,0.00,0.00,0.00,XXX,33.4009
Q5114,Inj ogivri 10 mg,E,0.00,0.00,0.00,XXX,33.4009
Q5115,Inj truxima 10 mg,E,0.00,0.00,0.00,XXX,33.4009
Q5116,"Inj., trazimera, 10 mg",E,0.00,0.00,0.00,XXX,33.4009
Q5117,"Inj., kanjinti, 10 mg",E,0.00,0.00,0.00,XXX,33.4009
Q5118,"Inj., zirabev, 10 mg",E,0.00,0.00,0.00,XXX,33.4009
Q5119,"Inj ruxience, 10 mg",E,0.00,0.00,0.00,XXX,33.4009
Q5120,Inj pegfilgrastim-bmez 0.5mg,E,0.00,0.00,0.00,XXX,33.4009
Q5121,"Inj. avsola, 10 mg",E,0.00,0.00,0.00,XXX,33.4009
Q5122,"Inj, nyvepria",E,0.00,0.00,0.00,XXX,33.4009
Q5123,"Inj. riabni, 10 mg",E,0.00,0.00,0.00,XXX,33.4009
Q5124,"Inj. byooviz, 0.1 mg",E,0.00,0.00,0.00,XXX,33.4009
Q5125,"Inj, releuko 1 mcg",E,0.00,0.00,0.00,XXX,33.4009
Q5126,Inj alymsys 10 mg,E,0.00,0.00,0.00,XXX,33.4009
Q5127,"Inj, stimufend, 0.5 mg",E,0.00,0.00,0.00,XXX,33.4009
Q5128,"Inj, cimerli, 0.1 mg",E,0.00,0.00,0.00,XXX,33.4009
Q5129,"Inj, vegzelma, 10 mg",E,0.00,0.00,0.00,XXX,33.4009
Q5130,"Inj, fylnetra, 0.5 mg",E,0.00,0.00,0.00,XXX,33.4009
Q5133,"Inj, tofidence, 1 mg",E,0.00,0.00,0.00,XXX,33.4009
Q5134,"Inj, tyruko, 1 mg",E,0.00,0.00,0.00,XXX,33.4009
Q5135,"Inj, tyenne, 1 mg",E,0.00,0.00,0.00,XXX,33.4009
Q5136,"Inj. denosumab-bbdz, 1 mg",E,0.00,0.00,0.00,XXX,33.4009
Q5137,"Inj, wezlana, sub cu, 1 mg",E,0.00,0.00,0.00,XXX,33.4009
Q5138,"Inj, wezlana, iv, 1 mg",E,0.00,0.00,0.00,XXX,33.4009
Q5140,"Inj adalimumab-fkjp, 1 mg",N,0.00,0.00,0.00,XXX,33.4009
Q5141,"Inj adalimumab-aaty, 1 mg",N,0.00,0.00,0.00,XXX,33.4009
Q5142,"Inj adalimumab-ryvk, 1 mg",N,0.00,0.00,0.00,XXX,33.4009
Q5143,"Inj adalimumab-adbm, 1 mg",N,0.00,0.00,0.00,XXX,33.4009
Q5144,"Inj, idacio, 1 mg",N,0.00,0.00,0.00,XXX,33.4009
Q5145,"Inj, abrilada, 1 mg",N,0.00,0.00,0.00,XXX,33.4009
Q5146,"Inj, hercessi, 10 mg",E,0.00,0.00,0.00,XXX,33.4009
Q5147,"Inj, aflibercept-ayyh, 1 mg",E,0.00,0.00,0.00,XXX,33.4009
Q5148,"Inj, nyposi 1 mcg",E,0.00,0.00,0.00,XXX,33.4009
Q5149,"Inj, aflibercept-abzv, 1 mg",E,0.00,0.00,0.00,XXX,33.4009
Q5150,"Inj, aflibercept-mrbb, 1 mg",E,0.00,0.00,0.00,XXX,33.4009
Q5151,"Inj, eculizumab-aagh, 2 mg",E,0.00,0.00,0.00,XXX,33.4009
Q5152,"Inj, eculizumab-aeeb, 2 mg",E,0.00,0.00,0.00,XXX,33.4009
Q5153,"Inj, aflibercept-yszy, 1 mg",E,0.00,0.00,0.00,XXX,33.4009
Q5154,"Inj, omlyclo, 5 mg",E,0.00,0.00,0.00,XXX,33.4009
Q5155,"Inj, aflibercept-jbvf, 1 mg",E,0.00,0.00,0.00,XXX,33.4009
Q5156,"Inj, tocilizumab-anoh, 1 mg",E,0.00,0.00,0.00,XXX,33.4009
Q5157,"Inj, denosumab-bmwo, 1 mg",E,0.00,0.00,0.00,XXX,33.4009
Q5158,"Inj, denosumab-bnht, 1 mg",E,0.00,0.00,0.00,XXX,33.4009
Q5159,"Inj, denosumab-dssb, 1 mg",E,0.00,0.00,0.00,XXX,33.4009
Q5160,"Inj, jobevne, 10 mg",E,0.00,0.00,0.00,XXX,33.4009
Q5161,"Inj, denosumab-kyqq, 1 mg",E,0.00,0.00,0.00,XXX,33.4009
Q5162,"Inj, denosumab-nxxp, 1 mg",E,0.00,0.00,0.00,XXX,33.4009
Q5164,"Ustekinumab-hmny, 1 mg",E,0.00,0.00,0.00,XXX,33.4009
Q5165,"Inj, denosumab-mobz, 1 mg",E,0.00,0.00,0.00,XXX,33.4009
Q5166,"Inj, denosumab-desu, 1 mg",E,0.00,0.00,0.00,XXX,33.4009
Q5167,"Inj, denosumab-qbde, 1 mg",E,0.00,0.00,0.00,XXX,33.4009
Q5168,"Inj. nufymco, 0.1 mg",E,0.00,0.00,0.00,XXX,33.4009
Q5169,"Inj, armlupeg, 0.5 mg",E,0.00,0.00,0.00,XXX,33.4009
Q5170,"Inj, aflibercept-boav, 1 mg",E,0.00,0.00,0.00,XXX,33.4009
Q5171,"Inj, den (boncres), bio, 1mg",E,0.00,0.00,0.00,XXX,33.4009
Q9001,Chaplain assessment,I,0.00,0.00,0.00,XXX,33.4009
Q9002,Chaplain counsel individu,I,0.00,0.00,0.00,XXX,33.4009
Q9003,Chaplain counsel group,I,0.00,0.00,0.00,XXX,33.4009
Q9004,Va whole health partner serv,I,0.00,0.00,0.00,XXX,33.4009
Q9950,Inj sulf hexa lipid microsph,E,0.00,0.00,0.00,XXX,33.4009
Q9951,"Locm >= 400 mg/ml iodine,1ml",E,0.00,0.00,0.00,XXX,33.4009
Q9953,"Inj fe-based mr contrast,1ml",E,0.00,0.00,0.00,XXX,33.4009
Q9954,"Oral mr contrast, 100 ml",E,0.00,0.00,0.00,XXX,33.4009
Q9955,"Inj perflexane lip micros,ml",E,0.00,0.00,0.00,XXX,33.4009
Q9956,"Inj octafluoropropane mic,ml",E,0.00,0.00,0.00,XXX,33.4009
Q9957,"Inj perflutren lip micros,ml",E,0.00,0.00,0.00,XXX,33.4009
Q9958,"Hocm <=149 mg/ml iodine, 1ml",E,0.00,0.00,0.00,XXX,33.4009
Q9959,"Hocm 150-199mg/ml iodine,1ml",E,0.00,0.00,0.00,XXX,33.4009
Q9960,"Hocm 200-249mg/ml iodine,1ml",E,0.00,0.00,0.00,XXX,33.4009
Q9961,"Hocm 250-299mg/ml iodine,1ml",E,0.00,0.00,0.00,XXX,33.4009
Q9962,"Hocm 300-349mg/ml iodine,1ml",E,0.00,0.00,0.00,XXX,33.4009
Q9963,"Hocm 350-399mg/ml iodine,1ml",E,0.00,0.00,0.00,XXX,33.4009
Q9964,"Hocm>= 400mg/ml iodine, 1ml",E,0.00,0.00,0.00,XXX,33.4009
Q9965,"Locm 100-199mg/ml iodine,1ml",E,0.00,0.00,0.00,XXX,33.4009
Q9966,"Locm 200-299mg/ml iodine,1ml",E,0.00,0.00,0.00,XXX,33.4009
Q9967,"Locm 300-399mg/ml iodine,1ml",E,0.00,0.00,0.00,XXX,33.4009
Q9968,Visualization adjunct,E,0.00,0.00,0.00,XXX,33.4009
Q9982,Flutemetamol f18 diagnostic,E,0.00,0.00,0.00,XXX,33.4009
Q9983,Florbetaben f18 diagnostic,E,0.00,0.00,0.00,XXX,33.4009
Q9991,Buprenorph xr 100 mg or less,E,0.00,0.00,0.00,XXX,33.4009
Q9992,Buprenorphine xr over 100 mg,E,0.00,0.00,0.00,XXX,33.4009
Q9996,Ustekinumab- ttwe sub cu inj,E,0.00,0.00,0.00,XXX,33.4009
Q9997,Ustekinumab-ttwe iv inj 1 mg,E,0.00,0.00,0.00,XXX,33.4009
Q9998,"Inj ustekinumab-aekn, 1 mg",E,0.00,0.00,0.00,XXX,33.4009
Q9999,Inj ustekinumab-aauz 1 mg,E,0.00,0.00,0.00,XXX,33.4009
R0070,Transport portable x-ray,C,0.00,0.00,0.00,XXX,33.4009
R0075,Transport port x-ray multipl,C,0.00,0.00,0.00,XXX,33.4009
R0076,Transport portable ekg,B,0.00,0.00,0.00,XXX,33.4009
S0012,"Butorphanol tartrate, nasal",I,0.00,0.00,0.00,XXX,33.4009
S0014,"Tacrine hydrochloride, 10 mg",I,0.00,0.00,0.00,XXX,33.4009
S0021,"Injection, cefoperazone sod",I,0.00,0.00,0.00,XXX,33.4009
S0023,"Injection, cimetidine hydroc",I,0.00,0.00,0.00,XXX,33.4009
S0034,"Injection, ofloxacin, 400 mg",I,0.00,0.00,0.00,XXX,33.4009
S0040,"Injection, ticarcillin disod",I,0.00,0.00,0.00,XXX,33.4009
S0078,"Injection, fosphenytoin sodi",I,0.00,0.00,0.00,XXX,33.4009
S0081,"Injection, piperacillin sodi",I,0.00,0.00,0.00,XXX,33.4009
S0088,Imatinib 100 mg,I,0.00,0.00,0.00,XXX,33.4009
S0090,"Sildenafil citrate, 25 mg",I,0.00,0.00,0.00,XXX,33.4009
S0091,Granisetron 1mg,I,0.00,0.00,0.00,XXX,33.4009
S0092,Hydromorphone 250 mg,I,0.00,0.00,0.00,XXX,33.4009
S0093,Morphine 500 mg,I,0.00,0.00,0.00,XXX,33.4009
S0104,"Zidovudine, oral, 100 mg",I,0.00,0.00,0.00,XXX,33.4009
S0106,Bupropion hcl sr 60 tablets,I,0.00,0.00,0.00,XXX,33.4009
S0108,Mercaptopurine 50 mg,I,0.00,0.00,0.00,XXX,33.4009
S0109,Methadone oral 5mg,I,0.00,0.00,0.00,XXX,33.4009
S0117,Tretinoin topical 5 g,I,0.00,0.00,0.00,XXX,33.4009
S0119,Ondansetron 4 mg,I,0.00,0.00,0.00,XXX,33.4009
S0122,Inj menotropins 75 iu,I,0.00,0.00,0.00,XXX,33.4009
S0126,Inj follitropin alfa 75 iu,I,0.00,0.00,0.00,XXX,33.4009
S0128,Inj follitropin beta 75 iu,I,0.00,0.00,0.00,XXX,33.4009
S0132,Inj ganirelix acetat 250 mcg,I,0.00,0.00,0.00,XXX,33.4009
S0136,"Clozapine, 25 mg",I,0.00,0.00,0.00,XXX,33.4009
S0137,"Didanosine, 25 mg",I,0.00,0.00,0.00,XXX,33.4009
S0138,"Finasteride, 5 mg",I,0.00,0.00,0.00,XXX,33.4009
S0139,"Minoxidil, 10 mg",I,0.00,0.00,0.00,XXX,33.4009
S0140,"Saquinavir, 200 mg",I,0.00,0.00,0.00,XXX,33.4009
S0142,Colistimethate inh sol mg,I,0.00,0.00,0.00,XXX,33.4009
S0145,Peg interferon alfa-2a/180,I,0.00,0.00,0.00,XXX,33.4009
S0148,Peg interferon alfa-2b/10,I,0.00,0.00,0.00,XXX,33.4009
S0155,Epoprostenol dilutant,I,0.00,0.00,0.00,XXX,33.4009
S0156,"Exemestane, 25 mg",I,0.00,0.00,0.00,XXX,33.4009
S0157,"Becaplermin gel 1%, 0.5 gm",I,0.00,0.00,0.00,XXX,33.4009
S0160,Dextroamphetamine,I,0.00,0.00,0.00,XXX,33.4009
S0169,Calcitrol,I,0.00,0.00,0.00,XXX,33.4009
S0170,Anastrozole 1 mg,I,0.00,0.00,0.00,XXX,33.4009
S0172,Chlorambucil 2 mg,I,0.00,0.00,0.00,XXX,33.4009
S0174,Dolasetron 50 mg,I,0.00,0.00,0.00,XXX,33.4009
S0175,Flutamide 125 mg,I,0.00,0.00,0.00,XXX,33.4009
S0176,Hydroxyurea 500 mg,I,0.00,0.00,0.00,XXX,33.4009
S0177,Levamisole 50 mg,I,0.00,0.00,0.00,XXX,33.4009
S0178,Lomustine 10 mg,I,0.00,0.00,0.00,XXX,33.4009
S0179,Megestrol 20 mg,I,0.00,0.00,0.00,XXX,33.4009
S0182,"Procarbazine, oral",I,0.00,0.00,0.00,XXX,33.4009
S0183,Prochlorperazine 5 mg,I,0.00,0.00,0.00,XXX,33.4009
S0187,Tamoxifen 10 mg,I,0.00,0.00,0.00,XXX,33.4009
S0190,"Mifepristone, oral, 200 mg",I,0.00,0.00,0.00,XXX,33.4009
S0191,"Misoprostol, oral, 200 mcg",I,0.00,0.00,0.00,XXX,33.4009
S0194,Vitamin suppl 100 caps,I,0.00,0.00,0.00,XXX,33.4009
S0197,Prenatal vitamins 30 day,I,0.00,0.00,0.00,XXX,33.4009
S0199,Med abortion inc all ex drug,I,0.00,0.00,0.00,XXX,33.4009
S0201,Partial hospitalization serv,I,0.00,0.00,0.00,XXX,33.4009
S0207,Paramedicintercep nonhospals,I,0.00,0.00,0.00,XXX,33.4009
S0208,Paramed intrcept nonvol,I,0.00,0.00,0.00,XXX,33.4009
S0209,Wc van mileage per mi,I,0.00,0.00,0.00,XXX,33.4009
S0215,Nonemerg transp mileage,I,0.00,0.00,0.00,XXX,33.4009
S0220,Medical conference by physic,I,0.00,0.00,0.00,XXX,33.4009
S0221,"Medical conference, 60 min",I,0.00,0.00,0.00,XXX,33.4009
S0250,Comp geriatr assmt team,I,0.00,0.00,0.00,XXX,33.4009
S0255,Hospice refer visit nonmd,I,0.00,0.00,0.00,XXX,33.4009
S0257,End of life counseling,I,0.00,0.00,0.00,XXX,33.4009
S0260,H&p for surgery,I,0.00,0.00,0.00,XXX,33.4009
S0265,Genetic counsel 15 mins,I,0.00,0.00,0.00,XXX,33.4009
S0270,Home std case rate 30 days,I,0.00,0.00,0.00,XXX,33.4009
S0271,Home hospice case 30 days,I,0.00,0.00,0.00,XXX,33.4009
S0272,Home episodic case 30 days,I,0.00,0.00,0.00,XXX,33.4009
S0273,Md home visit outside cap,I,0.00,0.00,0.00,XXX,33.4009
S0274,Nurse practr visit outs cap,I,0.00,0.00,0.00,XXX,33.4009
S0280,"Medical home, initial plan",I,0.00,0.00,0.00,XXX,33.4009
S0281,"Medical home, maintenance",I,0.00,0.00,0.00,XXX,33.4009
S0285,Cnslt before screen colonosc,I,0.00,0.00,0.00,XXX,33.4009
S0302,Completed epsdt,I,0.00,0.00,0.00,XXX,33.4009
S0310,Hospitalist visit,I,0.00,0.00,0.00,XXX,33.4009
S0311,Comp mgmt care coord adv ill,I,0.00,0.00,0.00,XXX,33.4009
S0315,Disease management program,I,0.00,0.00,0.00,XXX,33.4009
S0316,Follow-up/reassessment,I,0.00,0.00,0.00,XXX,33.4009
S0317,Disease mgmt per diem,I,0.00,0.00,0.00,XXX,33.4009
S0320,Rn telephone calls to dmp,I,0.00,0.00,0.00,XXX,33.4009
S0340,Lifestyle mod 1st stage,I,0.00,0.00,0.00,XXX,33.4009
S0341,Lifestyle mod 2 or 3 stage,I,0.00,0.00,0.00,XXX,33.4009
S0342,Lifestyle mod 4th stage,I,0.00,0.00,0.00,XXX,33.4009
S0353,Cancer treatmentplan initial,I,0.00,0.00,0.00,XXX,33.4009
S0354,Cancer treatment plan change,I,0.00,0.00,0.00,XXX,33.4009
S0390,Rout foot care per visit,I,0.00,0.00,0.00,XXX,33.4009
S0395,Impression casting ft,I,0.00,0.00,0.00,XXX,33.4009
S0400,Global eswl kidney,I,0.00,0.00,0.00,XXX,33.4009
S0500,Dispos cont lens,I,0.00,0.00,0.00,XXX,33.4009
S0504,Singl prscrp lens,I,0.00,0.00,0.00,XXX,33.4009
S0506,Bifoc prscp lens,I,0.00,0.00,0.00,XXX,33.4009
S0508,Trifoc prscrp lens,I,0.00,0.00,0.00,XXX,33.4009
S0510,Non-prscrp lens,I,0.00,0.00,0.00,XXX,33.4009
S0512,Daily cont lens,I,0.00,0.00,0.00,XXX,33.4009
S0514,Color cont lens,I,0.00,0.00,0.00,XXX,33.4009
S0515,Scleral lens liquid bandage,I,0.00,0.00,0.00,XXX,33.4009
S0516,Safety frames,I,0.00,0.00,0.00,XXX,33.4009
S0518,Sunglass frames,I,0.00,0.00,0.00,XXX,33.4009
S0580,Polycarb lens,I,0.00,0.00,0.00,XXX,33.4009
S0581,Nonstnd lens,I,0.00,0.00,0.00,XXX,33.4009
S0590,Misc integral lens serv,I,0.00,0.00,0.00,XXX,33.4009
S0592,Comp cont lens eval,I,0.00,0.00,0.00,XXX,33.4009
S0595,New lenses in pts old frame,I,0.00,0.00,0.00,XXX,33.4009
S0596,Phakic iol refractive error,I,0.00,0.00,0.00,XXX,33.4009
S0601,Screening proctoscopy,I,0.00,0.00,0.00,XXX,33.4009
S0610,Annual gynecological examina,I,0.00,0.00,0.00,XXX,33.4009
S0612,Annual gynecological examina,I,0.00,0.00,0.00,XXX,33.4009
S0613,Ann breast exam,I,0.00,0.00,0.00,XXX,33.4009
S0618,Audiometry for hearing aid,I,0.00,0.00,0.00,XXX,33.4009
S0620,Routine ophthalmological exa,I,0.00,0.00,0.00,XXX,33.4009
S0621,Routine ophthalmological exa,I,0.00,0.00,0.00,XXX,33.4009
S0622,Phys exam for college,I,0.00,0.00,0.00,XXX,33.4009
S0630,Removal of sutures,I,0.00,0.00,0.00,XXX,33.4009
S0800,Laser in situ keratomileusis,I,0.00,0.00,0.00,XXX,33.4009
S0810,Photorefractive keratectomy,I,0.00,0.00,0.00,XXX,33.4009
S0812,Phototherap keratect,I,0.00,0.00,0.00,XXX,33.4009
S1001,Deluxe item,I,0.00,0.00,0.00,XXX,33.4009
S1002,Custom item,I,0.00,0.00,0.00,XXX,33.4009
S1015,Iv tubing extension set,I,0.00,0.00,0.00,XXX,33.4009
S1016,Non-pvc intravenous administ,I,0.00,0.00,0.00,XXX,33.4009
S1030,Gluc monitor purchase,I,0.00,0.00,0.00,XXX,33.4009
S1031,Gluc monitor rental,I,0.00,0.00,0.00,XXX,33.4009
S1034,Art pancreas system,I,0.00,0.00,0.00,XXX,33.4009
S1035,Art pancreas inv disp sensor,I,0.00,0.00,0.00,XXX,33.4009
S1036,Art pancreas ext transmitter,I,0.00,0.00,0.00,XXX,33.4009
S1037,Art pancreas ext receiver,I,0.00,0.00,0.00,XXX,33.4009
S1040,Cranial remolding orthosis,I,0.00,0.00,0.00,XXX,33.4009
S1091,Stent non-coronary propel,I,0.00,0.00,0.00,XXX,33.4009
S2053,Transplantation of small int,I,0.00,0.00,0.00,XXX,33.4009
S2054,Transplantation of multivisc,I,0.00,0.00,0.00,XXX,33.4009
S2055,Harvesting of donor multivis,I,0.00,0.00,0.00,XXX,33.4009
S2060,Lobar lung transplantation,I,0.00,0.00,0.00,XXX,33.4009
S2061,Donor lobectomy (lung),I,0.00,0.00,0.00,XXX,33.4009
S2065,Simult panc kidn trans,I,0.00,0.00,0.00,XXX,33.4009
S2066,Breast gap flap reconst,I,0.00,0.00,0.00,XXX,33.4009
S2067,"Breast ""stacked"" diep/gap",I,0.00,0.00,0.00,XXX,33.4009
S2068,Breast diep or siea flap,I,0.00,0.00,0.00,XXX,33.4009
S2070,Cysto laser tx ureteral calc,I,0.00,0.00,0.00,XXX,33.4009
S2079,Lap esophagomyotomy,I,0.00,0.00,0.00,XXX,33.4009
S2080,Laup,I,0.00,0.00,0.00,XXX,33.4009
S2083,Adjustment gastric band,I,0.00,0.00,0.00,XXX,33.4009
S2095,Transcath emboliz microspher,I,0.00,0.00,0.00,XXX,33.4009
S2102,Islet cell tissue transplant,I,0.00,0.00,0.00,XXX,33.4009
S2103,Adrenal tissue transplant,I,0.00,0.00,0.00,XXX,33.4009
S2107,Adoptive immunotherapy,I,0.00,0.00,0.00,XXX,33.4009
S2112,Knee arthroscp harv,I,0.00,0.00,0.00,XXX,33.4009
S2115,Periacetabular osteotomy,I,0.00,0.00,0.00,XXX,33.4009
S2117,"Arthroereisis, subtalar",I,0.00,0.00,0.00,XXX,33.4009
S2118,Total hip resurfacing,I,0.00,0.00,0.00,XXX,33.4009
S2120,Low density lipoprotein(ldl),I,0.00,0.00,0.00,XXX,33.4009
S2140,Cord blood harvesting,I,0.00,0.00,0.00,XXX,33.4009
S2142,Cord blood-derived stem-cell,I,0.00,0.00,0.00,XXX,33.4009
S2150,Bmt harv/transpl 28d pkg,I,0.00,0.00,0.00,XXX,33.4009
S2152,Solid organ transpl pkg,I,0.00,0.00,0.00,XXX,33.4009
S2202,Echosclerotherapy,I,0.00,0.00,0.00,XXX,33.4009
S2205,Minimally invasive direct co,I,0.00,0.00,0.00,XXX,33.4009
S2206,Minimally invasive direct co,I,0.00,0.00,0.00,XXX,33.4009
S2207,Minimally invasive direct co,I,0.00,0.00,0.00,XXX,33.4009
S2208,Minimally invasive direct co,I,0.00,0.00,0.00,XXX,33.4009
S2209,Minimally invasive direct co,I,0.00,0.00,0.00,XXX,33.4009
S2225,Myringotomy laser-assist,I,0.00,0.00,0.00,XXX,33.4009
S2230,Implant semi-imp hear,I,0.00,0.00,0.00,XXX,33.4009
S2235,Implant auditory brain imp,I,0.00,0.00,0.00,XXX,33.4009
S2260,Induced abortion 17-24 weeks,I,0.00,0.00,0.00,XXX,33.4009
S2265,Induced abortion 25-28 wks,I,0.00,0.00,0.00,XXX,33.4009
S2266,Induced abortion 29-31 wks,I,0.00,0.00,0.00,XXX,33.4009
S2267,Induced abortion 32 or more,I,0.00,0.00,0.00,XXX,33.4009
S2300,"Arthroscopy, shoulder, surgi",I,0.00,0.00,0.00,XXX,33.4009
S2325,Hip core decompression,I,0.00,0.00,0.00,XXX,33.4009
S2340,Chemodenervation of abductor,I,0.00,0.00,0.00,XXX,33.4009
S2341,Chemodenerv adduct vocal,I,0.00,0.00,0.00,XXX,33.4009
S2342,Nasal endoscop po debrid,I,0.00,0.00,0.00,XXX,33.4009
S2348,Decompress disc rf lumbar,I,0.00,0.00,0.00,XXX,33.4009
S2350,"Diskectomy, anterior, with d",I,0.00,0.00,0.00,XXX,33.4009
S2351,"Diskectomy, anterior, with d",I,0.00,0.00,0.00,XXX,33.4009
S2400,Fetal surg congen hernia,I,0.00,0.00,0.00,XXX,33.4009
S2401,Fetal surg urin trac obstr,I,0.00,0.00,0.00,XXX,33.4009
S2402,Fetal surg cong cyst malf,I,0.00,0.00,0.00,XXX,33.4009
S2403,Fetal surg pulmon sequest,I,0.00,0.00,0.00,XXX,33.4009
S2404,Fetal surg myelomeningo,I,0.00,0.00,0.00,XXX,33.4009
S2405,Fetal surg sacrococ teratoma,I,0.00,0.00,0.00,XXX,33.4009
S2409,Fetal surg noc,I,0.00,0.00,0.00,XXX,33.4009
S2411,Fetoscop laser ther ttts,I,0.00,0.00,0.00,XXX,33.4009
S2900,Robotic surgical system,I,0.00,0.00,0.00,XXX,33.4009
S3000,Bilat dil retinal exam,I,0.00,0.00,0.00,XXX,33.4009
S3005,Eval self-assess depression,I,0.00,0.00,0.00,XXX,33.4009
S3600,Stat lab,I,0.00,0.00,0.00,XXX,33.4009
S3601,Stat lab home/nf,I,0.00,0.00,0.00,XXX,33.4009
S3620,Newborn metabolic screening,I,0.00,0.00,0.00,XXX,33.4009
S3630,Eosinophil blood count,I,0.00,0.00,0.00,XXX,33.4009
S3645,Hiv-1 antibody testing of or,I,0.00,0.00,0.00,XXX,33.4009
S3650,"Saliva test, hormone level;",I,0.00,0.00,0.00,XXX,33.4009
S3652,"Saliva test, hormone level;",I,0.00,0.00,0.00,XXX,33.4009
S3655,Antisperm antibodies test,I,0.00,0.00,0.00,XXX,33.4009
S3708,Gastrointestinal fat absorpt,I,0.00,0.00,0.00,XXX,33.4009
S3722,Dose optimization auc - 5fu,I,0.00,0.00,0.00,XXX,33.4009
S3800,Genetic testing als,I,0.00,0.00,0.00,XXX,33.4009
S3840,Dna analysis ret-oncogene,I,0.00,0.00,0.00,XXX,33.4009
S3841,Gene test retinoblastoma,I,0.00,0.00,0.00,XXX,33.4009
S3842,Gene test hippel-lindau,I,0.00,0.00,0.00,XXX,33.4009
S3844,Dna analysis deafness,I,0.00,0.00,0.00,XXX,33.4009
S3845,Gene test alpha-thalassemia,I,0.00,0.00,0.00,XXX,33.4009
S3846,Gene test beta-thalassemia,I,0.00,0.00,0.00,XXX,33.4009
S3849,Gene test niemann-pick,I,0.00,0.00,0.00,XXX,33.4009
S3850,Gene test sickle cell,I,0.00,0.00,0.00,XXX,33.4009
S3852,Dna analysis apoe alzheimer,I,0.00,0.00,0.00,XXX,33.4009
S3853,Gene test myo musclr dyst,I,0.00,0.00,0.00,XXX,33.4009
S3854,Gene profile panel breast,I,0.00,0.00,0.00,XXX,33.4009
S3861,Genetic test brugada,I,0.00,0.00,0.00,XXX,33.4009
S3865,Comp genet test hyp cardiomy,I,0.00,0.00,0.00,XXX,33.4009
S3866,Spec gene test hyp cardiomy,I,0.00,0.00,0.00,XXX,33.4009
S3870,Cgh test developmental delay,I,0.00,0.00,0.00,XXX,33.4009
S3900,Surface emg,I,0.00,0.00,0.00,XXX,33.4009
S3902,Ballistocardiogram,I,0.00,0.00,0.00,XXX,33.4009
S3904,Masters two step,I,0.00,0.00,0.00,XXX,33.4009
S4005,Interim labor facility globa,I,0.00,0.00,0.00,XXX,33.4009
S4011,Ivf package,I,0.00,0.00,0.00,XXX,33.4009
S4013,Compl gift case rate,I,0.00,0.00,0.00,XXX,33.4009
S4014,Compl zift case rate,I,0.00,0.00,0.00,XXX,33.4009
S4015,Complete ivf nos case rate,I,0.00,0.00,0.00,XXX,33.4009
S4016,Frozen ivf case rate,I,0.00,0.00,0.00,XXX,33.4009
S4017,Ivf canc a stim case rate,I,0.00,0.00,0.00,XXX,33.4009
S4018,F emb trns canc case rate,I,0.00,0.00,0.00,XXX,33.4009
S4020,Ivf canc b4 aspir case rate,I,0.00,0.00,0.00,XXX,33.4009
S4021,Ivf canc aftr aspr case rate,I,0.00,0.00,0.00,XXX,33.4009
S4022,Asst oocyte fert case rate,I,0.00,0.00,0.00,XXX,33.4009
S4023,Incompl donor egg case rate,I,0.00,0.00,0.00,XXX,33.4009
S4024,Air polymer foam per study,I,0.00,0.00,0.00,XXX,33.4009
S4025,Donor serv ivf case rate,I,0.00,0.00,0.00,XXX,33.4009
S4026,Procure donor sperm,I,0.00,0.00,0.00,XXX,33.4009
S4027,Store prev froz embryos,I,0.00,0.00,0.00,XXX,33.4009
S4028,Microsurg epi sperm asp,I,0.00,0.00,0.00,XXX,33.4009
S4030,Sperm procure init visit,I,0.00,0.00,0.00,XXX,33.4009
S4031,Sperm procure subs visit,I,0.00,0.00,0.00,XXX,33.4009
S4035,Stimulated iui case rate,I,0.00,0.00,0.00,XXX,33.4009
S4037,Cryo embryo transf case rate,I,0.00,0.00,0.00,XXX,33.4009
S4040,Monit store cryo embryo 30 d,I,0.00,0.00,0.00,XXX,33.4009
S4042,Ovulation mgmt per cycle,I,0.00,0.00,0.00,XXX,33.4009
S4981,Insert levonorgestrel ius,I,0.00,0.00,0.00,XXX,33.4009
S4989,Contracept iud,I,0.00,0.00,0.00,XXX,33.4009
S4990,Nicotine patch legend,I,0.00,0.00,0.00,XXX,33.4009
S4991,Nicotine patch nonlegend,I,0.00,0.00,0.00,XXX,33.4009
S4993,Contraceptive pills for bc,I,0.00,0.00,0.00,XXX,33.4009
S4995,Smoking cessation gum,I,0.00,0.00,0.00,XXX,33.4009
S5000,"Prescription drug, generic",I,0.00,0.00,0.00,XXX,33.4009
S5001,"Prescription drug,brand name",I,0.00,0.00,0.00,XXX,33.4009
S5010,5% dextrose and 0.45% saline,I,0.00,0.00,0.00,XXX,33.4009
S5012,5% dextrose with potassium,I,0.00,0.00,0.00,XXX,33.4009
S5013,5%dextrose/0.45%saline1000ml,I,0.00,0.00,0.00,XXX,33.4009
S5014,D5w/0.45ns w kcl and mgs04,I,0.00,0.00,0.00,XXX,33.4009
S5035,Hit routine device maint,I,0.00,0.00,0.00,XXX,33.4009
S5036,Hit device repair,I,0.00,0.00,0.00,XXX,33.4009
S5100,Adult daycare services 15min,I,0.00,0.00,0.00,XXX,33.4009
S5101,Adult day care per half day,I,0.00,0.00,0.00,XXX,33.4009
S5102,Adult day care per diem,I,0.00,0.00,0.00,XXX,33.4009
S5105,Centerbased day care perdiem,I,0.00,0.00,0.00,XXX,33.4009
S5108,Homecare train pt 15 min,I,0.00,0.00,0.00,XXX,33.4009
S5109,Homecare train pt session,I,0.00,0.00,0.00,XXX,33.4009
S5110,Family homecare training 15m,I,0.00,0.00,0.00,XXX,33.4009
S5111,Family homecare train/sessio,I,0.00,0.00,0.00,XXX,33.4009
S5115,Nonfamily homecare train/15m,I,0.00,0.00,0.00,XXX,33.4009
S5116,Nonfamily hc train/session,I,0.00,0.00,0.00,XXX,33.4009
S5120,Chore services per 15 min,I,0.00,0.00,0.00,XXX,33.4009
S5121,Chore services per diem,I,0.00,0.00,0.00,XXX,33.4009
S5125,Attendant care service /15m,I,0.00,0.00,0.00,XXX,33.4009
S5126,Attendant care service /diem,I,0.00,0.00,0.00,XXX,33.4009
S5130,Homaker service nos per 15m,I,0.00,0.00,0.00,XXX,33.4009
S5131,Homemaker service nos /diem,I,0.00,0.00,0.00,XXX,33.4009
S5135,Adult companioncare per 15m,I,0.00,0.00,0.00,XXX,33.4009
S5136,Adult companioncare per diem,I,0.00,0.00,0.00,XXX,33.4009
S5140,Adult foster care per diem,I,0.00,0.00,0.00,XXX,33.4009
S5141,Adult foster care per month,I,0.00,0.00,0.00,XXX,33.4009
S5145,Child fostercare th per diem,I,0.00,0.00,0.00,XXX,33.4009
S5146,Ther fostercare child /month,I,0.00,0.00,0.00,XXX,33.4009
S5150,Unskilled respite care /15m,I,0.00,0.00,0.00,XXX,33.4009
S5151,Unskilled respitecare /diem,I,0.00,0.00,0.00,XXX,33.4009
S5160,Emer response sys instal&tst,I,0.00,0.00,0.00,XXX,33.4009
S5161,Emer rspns sys serv permonth,I,0.00,0.00,0.00,XXX,33.4009
S5162,Emer rspns system purchase,I,0.00,0.00,0.00,XXX,33.4009
S5165,Home modifications per serv,I,0.00,0.00,0.00,XXX,33.4009
S5170,Homedelivered prepared meal,I,0.00,0.00,0.00,XXX,33.4009
S5175,"Laundry serv,ext,prof,/order",I,0.00,0.00,0.00,XXX,33.4009
S5180,Hh respiratory thrpy in eval,I,0.00,0.00,0.00,XXX,33.4009
S5181,Hh respiratory thrpy nos/day,I,0.00,0.00,0.00,XXX,33.4009
S5185,Med reminder serv per month,I,0.00,0.00,0.00,XXX,33.4009
S5190,Wellness assessment by nonph,I,0.00,0.00,0.00,XXX,33.4009
S5199,Personal care item nos each,I,0.00,0.00,0.00,XXX,33.4009
S5497,Hit cath care noc,I,0.00,0.00,0.00,XXX,33.4009
S5498,Hit simple cath care,I,0.00,0.00,0.00,XXX,33.4009
S5501,Hit complex cath care,I,0.00,0.00,0.00,XXX,33.4009
S5502,Hit interim cath care,I,0.00,0.00,0.00,XXX,33.4009
S5517,Hit declotting kit,I,0.00,0.00,0.00,XXX,33.4009
S5518,Hit cath repair kit,I,0.00,0.00,0.00,XXX,33.4009
S5520,Hit picc insert kit,I,0.00,0.00,0.00,XXX,33.4009
S5521,Hit midline cath insert kit,I,0.00,0.00,0.00,XXX,33.4009
S5522,Hit picc insert no supp,I,0.00,0.00,0.00,XXX,33.4009
S5523,Hip midline cath insert kit,I,0.00,0.00,0.00,XXX,33.4009
S5550,Insulin rapid 5 u,I,0.00,0.00,0.00,XXX,33.4009
S5551,Insulin most rapid 5 u,I,0.00,0.00,0.00,XXX,33.4009
S5552,Insulin intermed 5 u,I,0.00,0.00,0.00,XXX,33.4009
S5553,Insulin long acting 5 u,I,0.00,0.00,0.00,XXX,33.4009
S5560,Insulin reuse pen 1.5 ml,I,0.00,0.00,0.00,XXX,33.4009
S5561,Insulin reuse pen 3 ml,I,0.00,0.00,0.00,XXX,33.4009
S5565,Insulin cartridge 150 u,I,0.00,0.00,0.00,XXX,33.4009
S5566,Insulin cartridge 300 u,I,0.00,0.00,0.00,XXX,33.4009
S5570,Insulin dispos pen 1.5 ml,I,0.00,0.00,0.00,XXX,33.4009
S5571,Insulin dispos pen 3 ml,I,0.00,0.00,0.00,XXX,33.4009
S8030,Tantalum ring application,I,0.00,0.00,0.00,XXX,33.4009
S8035,Magnetic source imaging,I,0.00,0.00,0.00,XXX,33.4009
S8037,Mrcp,I,0.00,0.00,0.00,XXX,33.4009
S8040,Topographic brain mapping,I,0.00,0.00,0.00,XXX,33.4009
S8042,Mri low field,I,0.00,0.00,0.00,XXX,33.4009
S8055,Us guidance fetal reduct,I,0.00,0.00,0.00,XXX,33.4009
S8080,Scintimammography,I,0.00,0.00,0.00,XXX,33.4009
S8085,Fluorine-18 fluorodeoxygluco,I,0.00,0.00,0.00,XXX,33.4009
S8092,Electron beam computed tomog,I,0.00,0.00,0.00,XXX,33.4009
S8096,Portable peak flow meter,I,0.00,0.00,0.00,XXX,33.4009
S8097,Asthma kit,I,0.00,0.00,0.00,XXX,33.4009
S8100,Spacer without mask,I,0.00,0.00,0.00,XXX,33.4009
S8101,Spacer with mask,I,0.00,0.00,0.00,XXX,33.4009
S8110,Peak expiratory flow rate (p,I,0.00,0.00,0.00,XXX,33.4009
S8120,O2 contents gas cubic ft,I,0.00,0.00,0.00,XXX,33.4009
S8121,O2 contents liquid lb,I,0.00,0.00,0.00,XXX,33.4009
S8130,Interferential stim 2 chan,I,0.00,0.00,0.00,XXX,33.4009
S8131,Interferential stim 4 chan,I,0.00,0.00,0.00,XXX,33.4009
S8185,Flutter device,I,0.00,0.00,0.00,XXX,33.4009
S8186,Swivel adaptor,I,0.00,0.00,0.00,XXX,33.4009
S8189,Trach supply noc,I,0.00,0.00,0.00,XXX,33.4009
S8210,Mucus trap,I,0.00,0.00,0.00,XXX,33.4009
S8265,Haberman feeder,I,0.00,0.00,0.00,XXX,33.4009
S8270,Enuresis alarm,I,0.00,0.00,0.00,XXX,33.4009
S8301,Infect control supplies nos,I,0.00,0.00,0.00,XXX,33.4009
S8415,Supplies for home delivery,I,0.00,0.00,0.00,XXX,33.4009
S8420,Custom gradient sleev/glov,I,0.00,0.00,0.00,XXX,33.4009
S8421,Ready gradient sleev/glov,I,0.00,0.00,0.00,XXX,33.4009
S8422,Custom grad sleeve med,I,0.00,0.00,0.00,XXX,33.4009
S8423,Custom grad sleeve heavy,I,0.00,0.00,0.00,XXX,33.4009
S8424,Ready gradient sleeve,I,0.00,0.00,0.00,XXX,33.4009
S8425,Custom grad glove med,I,0.00,0.00,0.00,XXX,33.4009
S8426,Custom grad glove heavy,I,0.00,0.00,0.00,XXX,33.4009
S8427,Ready gradient glove,I,0.00,0.00,0.00,XXX,33.4009
S8428,Ready gradient gauntlet,I,0.00,0.00,0.00,XXX,33.4009
S8429,Gradient pressure wrap,I,0.00,0.00,0.00,XXX,33.4009
S8430,Padding for comprssn bdg,I,0.00,0.00,0.00,XXX,33.4009
S8431,Compression bandage,I,0.00,0.00,0.00,XXX,33.4009
S8450,Splint digit,I,0.00,0.00,0.00,XXX,33.4009
S8451,Splint wrist or ankle,I,0.00,0.00,0.00,XXX,33.4009
S8452,Splint elbow,I,0.00,0.00,0.00,XXX,33.4009
S8460,Camisole post-mast,I,0.00,0.00,0.00,XXX,33.4009
S8490,100 insulin syringes,I,0.00,0.00,0.00,XXX,33.4009
S8930,Auricular electrostimulation,I,0.00,0.00,0.00,XXX,33.4009
S8940,Hippotherapy per session,I,0.00,0.00,0.00,XXX,33.4009
S8948,Low-level laser trmt 15 min,I,0.00,0.00,0.00,XXX,33.4009
S8950,"Complex lymphedema therapy,",I,0.00,0.00,0.00,XXX,33.4009
S8990,Pt or manip for maint,I,0.00,0.00,0.00,XXX,33.4009
S8999,Resuscitation bag,I,0.00,0.00,0.00,XXX,33.4009
S9001,Home uterine monitor with or,I,0.00,0.00,0.00,XXX,33.4009
S9002,Intra-vag motion sens biofk,I,0.00,0.00,0.00,XXX,33.4009
S9007,Ultrafiltration monitor,I,0.00,0.00,0.00,XXX,33.4009
S9024,Paranasal sinus ultrasound,I,0.00,0.00,0.00,XXX,33.4009
S9025,Omnicardiogram/cardiointegra,I,0.00,0.00,0.00,XXX,33.4009
S9034,Eswl for gallstones,I,0.00,0.00,0.00,XXX,33.4009
S9055,Procuren or other growth fac,I,0.00,0.00,0.00,XXX,33.4009
S9056,Coma stimulation per diem,I,0.00,0.00,0.00,XXX,33.4009
S9061,Medical supplies and equipme,I,0.00,0.00,0.00,XXX,33.4009
S9083,Urgent care center global,I,0.00,0.00,0.00,XXX,33.4009
S9088,Services provided in urgent,I,0.00,0.00,0.00,XXX,33.4009
S9090,Vertebral axial decompressio,I,0.00,0.00,0.00,XXX,33.4009
S9097,Home visit wound care,I,0.00,0.00,0.00,XXX,33.4009
S9098,Home phototherapy visit,I,0.00,0.00,0.00,XXX,33.4009
S9110,Telemonitoring/home per mnth,I,0.00,0.00,0.00,XXX,33.4009
S9117,Back school visit,I,0.00,0.00,0.00,XXX,33.4009
S9122,Home health aide or certifie,I,0.00,0.00,0.00,XXX,33.4009
S9123,Nursing care in home rn,I,0.00,0.00,0.00,XXX,33.4009
S9124,"Nursing care, in the home; b",I,0.00,0.00,0.00,XXX,33.4009
S9125,"Respite care, in the home, p",I,0.00,0.00,0.00,XXX,33.4009
S9126,"Hospice care, in the home, p",I,0.00,0.00,0.00,XXX,33.4009
S9127,"Social work visit, in the ho",I,0.00,0.00,0.00,XXX,33.4009
S9128,"Speech therapy, in the home,",I,0.00,0.00,0.00,XXX,33.4009
S9129,"Occupational therapy, in the",I,0.00,0.00,0.00,XXX,33.4009
S9131,Pt in the home per diem,I,0.00,0.00,0.00,XXX,33.4009
S9140,"Diabetic management program,",I,0.00,0.00,0.00,XXX,33.4009
S9141,"Diabetic management program,",I,0.00,0.00,0.00,XXX,33.4009
S9145,Insulin pump initiation,I,0.00,0.00,0.00,XXX,33.4009
S9150,Evaluation by ocularist,I,0.00,0.00,0.00,XXX,33.4009
S9152,"Speech therapy, re-eval",I,0.00,0.00,0.00,XXX,33.4009
S9208,Home mgmt preterm labor,I,0.00,0.00,0.00,XXX,33.4009
S9209,Home mgmt pprom,I,0.00,0.00,0.00,XXX,33.4009
S9211,Home mgmt gest hypertension,I,0.00,0.00,0.00,XXX,33.4009
S9212,Hm postpar hyper per diem,I,0.00,0.00,0.00,XXX,33.4009
S9213,Hm preeclamp per diem,I,0.00,0.00,0.00,XXX,33.4009
S9214,Hm gest dm per diem,I,0.00,0.00,0.00,XXX,33.4009
S9325,Hit pain mgmt per diem,I,0.00,0.00,0.00,XXX,33.4009
S9326,Hit cont pain per diem,I,0.00,0.00,0.00,XXX,33.4009
S9327,Hit int pain per diem,I,0.00,0.00,0.00,XXX,33.4009
S9328,Hit pain imp pump diem,I,0.00,0.00,0.00,XXX,33.4009
S9329,Hit chemo per diem,I,0.00,0.00,0.00,XXX,33.4009
S9330,Hit cont chem diem,I,0.00,0.00,0.00,XXX,33.4009
S9331,Hit intermit chemo diem,I,0.00,0.00,0.00,XXX,33.4009
S9335,Ht hemodialysis diem,I,0.00,0.00,0.00,XXX,33.4009
S9336,Hit cont anticoag diem,I,0.00,0.00,0.00,XXX,33.4009
S9338,Hit immunotherapy diem,I,0.00,0.00,0.00,XXX,33.4009
S9339,Hit periton dialysis diem,I,0.00,0.00,0.00,XXX,33.4009
S9340,Hit enteral per diem,I,0.00,0.00,0.00,XXX,33.4009
S9341,Hit enteral grav diem,I,0.00,0.00,0.00,XXX,33.4009
S9342,Hit enteral pump diem,I,0.00,0.00,0.00,XXX,33.4009
S9343,Hit enteral bolus nurs,I,0.00,0.00,0.00,XXX,33.4009
S9345,Hit anti-hemophil diem,I,0.00,0.00,0.00,XXX,33.4009
S9346,Hit alpha-1-proteinas diem,I,0.00,0.00,0.00,XXX,33.4009
S9347,Hit longterm infusion diem,I,0.00,0.00,0.00,XXX,33.4009
S9348,Hit sympathomim diem,I,0.00,0.00,0.00,XXX,33.4009
S9349,Hit tocolysis diem,I,0.00,0.00,0.00,XXX,33.4009
S9351,Hit cont antiemetic diem,I,0.00,0.00,0.00,XXX,33.4009
S9353,Hit cont insulin diem,I,0.00,0.00,0.00,XXX,33.4009
S9355,Hit chelation diem,I,0.00,0.00,0.00,XXX,33.4009
S9357,Hit enzyme replace diem,I,0.00,0.00,0.00,XXX,33.4009
S9359,Hit anti-tnf per diem,I,0.00,0.00,0.00,XXX,33.4009
S9361,Hit diuretic infus diem,I,0.00,0.00,0.00,XXX,33.4009
S9363,Hit anti-spasmotic diem,I,0.00,0.00,0.00,XXX,33.4009
S9364,Hit tpn total diem,I,0.00,0.00,0.00,XXX,33.4009
S9365,Hit tpn 1 liter diem,I,0.00,0.00,0.00,XXX,33.4009
S9366,Hit tpn 2 liter diem,I,0.00,0.00,0.00,XXX,33.4009
S9367,Hit tpn 3 liter diem,I,0.00,0.00,0.00,XXX,33.4009
S9368,Hit tpn over 3l diem,I,0.00,0.00,0.00,XXX,33.4009
S9370,Ht inj antiemetic diem,I,0.00,0.00,0.00,XXX,33.4009
S9372,Ht inj anticoag diem,I,0.00,0.00,0.00,XXX,33.4009
S9373,Hit hydra total diem,I,0.00,0.00,0.00,XXX,33.4009
S9374,Hit hydra 1 liter diem,I,0.00,0.00,0.00,XXX,33.4009
S9375,Hit hydra 2 liter diem,I,0.00,0.00,0.00,XXX,33.4009
S9376,Hit hydra 3 liter diem,I,0.00,0.00,0.00,XXX,33.4009
S9377,Hit hydra over 3l diem,I,0.00,0.00,0.00,XXX,33.4009
S9379,Hit noc per diem,I,0.00,0.00,0.00,XXX,33.4009
S9381,Hit high risk/escort,I,0.00,0.00,0.00,XXX,33.4009
S9401,Anticoag clinic per session,I,0.00,0.00,0.00,XXX,33.4009
S9430,Pharmacy comp/disp serv,I,0.00,0.00,0.00,XXX,33.4009
S9432,Med food non inborn err meta,I,0.00,0.00,0.00,XXX,33.4009
S9433,Medical food oral 100% nutr,I,0.00,0.00,0.00,XXX,33.4009
S9434,Mod solid food suppl,I,0.00,0.00,0.00,XXX,33.4009
S9435,Medical foods for inborn err,I,0.00,0.00,0.00,XXX,33.4009
S9436,Lamaze class,I,0.00,0.00,0.00,XXX,33.4009
S9437,Childbirth refresher class,I,0.00,0.00,0.00,XXX,33.4009
S9438,Cesarean birth class,I,0.00,0.00,0.00,XXX,33.4009
S9439,Vbac class,I,0.00,0.00,0.00,XXX,33.4009
S9441,Asthma education,I,0.00,0.00,0.00,XXX,33.4009
S9442,Birthing class,I,0.00,0.00,0.00,XXX,33.4009
S9443,Lactation class,I,0.00,0.00,0.00,XXX,33.4009
S9444,Parenting class,I,0.00,0.00,0.00,XXX,33.4009
S9445,Pt education noc individ,I,0.00,0.00,0.00,XXX,33.4009
S9446,Pt education noc group,I,0.00,0.00,0.00,XXX,33.4009
S9447,Infant safety class,I,0.00,0.00,0.00,XXX,33.4009
S9449,Weight mgmt class,I,0.00,0.00,0.00,XXX,33.4009
S9451,Exercise class,I,0.00,0.00,0.00,XXX,33.4009
S9452,Nutrition class,I,0.00,0.00,0.00,XXX,33.4009
S9453,Smoking cessation class,I,0.00,0.00,0.00,XXX,33.4009
S9454,Stress mgmt class,I,0.00,0.00,0.00,XXX,33.4009
S9455,"Diabetic management program,",I,0.00,0.00,0.00,XXX,33.4009
S9460,"Diabetic management program,",I,0.00,0.00,0.00,XXX,33.4009
S9465,"Diabetic management program,",I,0.00,0.00,0.00,XXX,33.4009
S9470,"Nutritional counseling, diet",I,0.00,0.00,0.00,XXX,33.4009
S9472,Cardiac rehabilitation progr,I,0.00,0.00,0.00,XXX,33.4009
S9473,Pulmonary rehabilitation pro,I,0.00,0.00,0.00,XXX,33.4009
S9474,Enterostomal therapy by a re,I,0.00,0.00,0.00,XXX,33.4009
S9475,Ambulatory setting substance,I,0.00,0.00,0.00,XXX,33.4009
S9476,Vestibular rehab per diem,I,0.00,0.00,0.00,XXX,33.4009
S9480,Intensive outpatient psychia,I,0.00,0.00,0.00,XXX,33.4009
S9482,Family stabilization 15 min,I,0.00,0.00,0.00,XXX,33.4009
S9484,Crisis intervention per hour,I,0.00,0.00,0.00,XXX,33.4009
S9485,Crisis intervention mental h,I,0.00,0.00,0.00,XXX,33.4009
S9490,Hit corticosteroid/diem,I,0.00,0.00,0.00,XXX,33.4009
S9494,Hit antibiotic total diem,I,0.00,0.00,0.00,XXX,33.4009
S9497,Hit antibiotic q3h diem,I,0.00,0.00,0.00,XXX,33.4009
S9500,Hit antibiotic q24h diem,I,0.00,0.00,0.00,XXX,33.4009
S9501,Hit antibiotic q12h diem,I,0.00,0.00,0.00,XXX,33.4009
S9502,Hit antibiotic q8h diem,I,0.00,0.00,0.00,XXX,33.4009
S9503,Hit antibiotic q6h diem,I,0.00,0.00,0.00,XXX,33.4009
S9504,Hit antibiotic q4h diem,I,0.00,0.00,0.00,XXX,33.4009
S9529,Venipuncture home/snf,I,0.00,0.00,0.00,XXX,33.4009
S9537,Ht hem horm inj diem,I,0.00,0.00,0.00,XXX,33.4009
S9538,Hit blood products diem,I,0.00,0.00,0.00,XXX,33.4009
S9542,Ht inj noc per diem,I,0.00,0.00,0.00,XXX,33.4009
S9558,Ht inj growth horm diem,I,0.00,0.00,0.00,XXX,33.4009
S9559,Hit inj interferon diem,I,0.00,0.00,0.00,XXX,33.4009
S9560,Ht inj hormone diem,I,0.00,0.00,0.00,XXX,33.4009
S9562,Ht inj palivizumab/ab diem,I,0.00,0.00,0.00,XXX,33.4009
S9563,Ht inj immuno diem,I,0.00,0.00,0.00,XXX,33.4009
S9590,Ht irrigation diem,I,0.00,0.00,0.00,XXX,33.4009
S9810,Ht pharm per hour,I,0.00,0.00,0.00,XXX,33.4009
S9900,Christian sci pract visit,I,0.00,0.00,0.00,XXX,33.4009
S9901,Christian sci nurse visit,I,0.00,0.00,0.00,XXX,33.4009
S9960,Air ambulanc nonemerg fixed,I,0.00,0.00,0.00,XXX,33.4009
S9961,Air ambulan nonemerg rotary,I,0.00,0.00,0.00,XXX,33.4009
S9970,Health club membership yr,I,0.00,0.00,0.00,XXX,33.4009
S9975,Transplant related per diem,I,0.00,0.00,0.00,XXX,33.4009
S9976,Lodging per diem,I,0.00,0.00,0.00,XXX,33.4009
S9977,Meals per diem,I,0.00,0.00,0.00,XXX,33.4009
S9981,Med record copy admin,I,0.00,0.00,0.00,XXX,33.4009
S9982,Med record copy per page,I,0.00,0.00,0.00,XXX,33.4009
S9986,Not medically necessary svc,I,0.00,0.00,0.00,XXX,33.4009
S9988,Serv part of phase i trial,I,0.00,0.00,0.00,XXX,33.4009
S9989,Services outside us,I,0.00,0.00,0.00,XXX,33.4009
S9990,Services provided as part of,I,0.00,0.00,0.00,XXX,33.4009
S9991,Services provided as part of,I,0.00,0.00,0.00,XXX,33.4009
S9992,Transportation costs to and,I,0.00,0.00,0.00,XXX,33.4009
S9994,Lodging costs (e.g. hotel ch,I,0.00,0.00,0.00,XXX,33.4009
S9996,Meals for clinical trial par,I,0.00,0.00,0.00,XXX,33.4009
S9999,Sales tax,I,0.00,0.00,0.00,XXX,33.4009
T1000,Private duty/independent nsg,I,0.00,0.00,0.00,XXX,33.4009
T1001,Nursing assessment/evaluatn,I,0.00,0.00,0.00,XXX,33.4009
T1002,Rn services up to 15 minutes,I,0.00,0.00,0.00,XXX,33.4009
T1003,Lpn/lvn services up to 15min,I,0.00,0.00,0.00,XXX,33.4009
T1004,Nsg aide service up to 15min,I,0.00,0.00,0.00,XXX,33.4009
T1005,Respite care service 15 min,I,0.00,0.00,0.00,XXX,33.4009
T1006,Family/couple counseling,I,0.00,0.00,0.00,XXX,33.4009
T1007,Treatment plan development,I,0.00,0.00,0.00,XXX,33.4009
T1009,Child sitting services,I,0.00,0.00,0.00,XXX,33.4009
T1010,Meals when receive services,I,0.00,0.00,0.00,XXX,33.4009
T1012,Alcohol/substance abuse skil,I,0.00,0.00,0.00,XXX,33.4009
T1013,Sign lang/oral interpreter,I,0.00,0.00,0.00,XXX,33.4009
T1014,"Telehealth transmit, per min",I,0.00,0.00,0.00,XXX,33.4009
T1015,Clinic service,I,0.00,0.00,0.00,XXX,33.4009
T1016,Case management,I,0.00,0.00,0.00,XXX,33.4009
T1017,Targeted case management,I,0.00,0.00,0.00,XXX,33.4009
T1018,School-based iep ser bundled,I,0.00,0.00,0.00,XXX,33.4009
T1019,Personal care ser per 15 min,I,0.00,0.00,0.00,XXX,33.4009
T1020,Personal care ser per diem,I,0.00,0.00,0.00,XXX,33.4009
T1021,Hh aide or cn aide per visit,I,0.00,0.00,0.00,XXX,33.4009
T1022,Contracted services per day,I,0.00,0.00,0.00,XXX,33.4009
T1023,Program intake assessment,I,0.00,0.00,0.00,XXX,33.4009
T1024,Team evaluation & management,I,0.00,0.00,0.00,XXX,33.4009
T1025,"Ped compr care pkg, per diem",I,0.00,0.00,0.00,XXX,33.4009
T1026,"Ped compr care pkg, per hour",I,0.00,0.00,0.00,XXX,33.4009
T1027,Family training & counseling,I,0.00,0.00,0.00,XXX,33.4009
T1028,Home environment assessment,I,0.00,0.00,0.00,XXX,33.4009
T1029,Dwelling lead investigation,I,0.00,0.00,0.00,XXX,33.4009
T1030,Rn home care per diem,I,0.00,0.00,0.00,XXX,33.4009
T1031,Lpn home care per diem,I,0.00,0.00,0.00,XXX,33.4009
T1032,Sv doula brth wrk per 15 min,I,0.00,0.00,0.00,XXX,33.4009
T1033,Sv doula brth wrk per diem,I,0.00,0.00,0.00,XXX,33.4009
T1040,Comm bh clinic svc per diem,N,0.00,0.00,0.00,XXX,33.4009
T1041,Comm bh clinic svc per month,N,0.00,0.00,0.00,XXX,33.4009
T1502,Medication admin visit,I,0.00,0.00,0.00,XXX,33.4009
T1503,"Med admin, not oral/inject",I,0.00,0.00,0.00,XXX,33.4009
T1505,"Elec med comp dev, noc",I,0.00,0.00,0.00,XXX,33.4009
T1999,Noc retail items andsupplies,I,0.00,0.00,0.00,XXX,33.4009
T2001,N-et; patient attend/escort,I,0.00,0.00,0.00,XXX,33.4009
T2002,N-et; per diem,I,0.00,0.00,0.00,XXX,33.4009
T2003,N-et; encounter/trip,I,0.00,0.00,0.00,XXX,33.4009
T2004,N-et; commerc carrier pass,I,0.00,0.00,0.00,XXX,33.4009
T2005,N-et; stretcher van,I,0.00,0.00,0.00,XXX,33.4009
T2007,Non-emer transport wait time,I,0.00,0.00,0.00,XXX,33.4009
T2010,Pasrr level i,I,0.00,0.00,0.00,XXX,33.4009
T2011,Pasrr level ii,I,0.00,0.00,0.00,XXX,33.4009
T2012,"Habil ed waiver, per diem",I,0.00,0.00,0.00,XXX,33.4009
T2013,Habil ed waiver per hour,I,0.00,0.00,0.00,XXX,33.4009
T2014,"Habil prevoc waiver, per d",I,0.00,0.00,0.00,XXX,33.4009
T2015,Habil prevoc waiver per hr,I,0.00,0.00,0.00,XXX,33.4009
T2016,Habil res waiver per diem,I,0.00,0.00,0.00,XXX,33.4009
T2017,Habil res waiver 15 min,I,0.00,0.00,0.00,XXX,33.4009
T2018,Habil sup empl waiver/diem,I,0.00,0.00,0.00,XXX,33.4009
T2019,Habil sup empl waiver 15min,I,0.00,0.00,0.00,XXX,33.4009
T2020,Day habil waiver per diem,I,0.00,0.00,0.00,XXX,33.4009
T2021,Day habil waiver per 15 min,I,0.00,0.00,0.00,XXX,33.4009
T2022,"Case management, per month",I,0.00,0.00,0.00,XXX,33.4009
T2023,Targeted case mgmt per month,I,0.00,0.00,0.00,XXX,33.4009
T2024,Serv asmnt/care plan waiver,I,0.00,0.00,0.00,XXX,33.4009
T2025,"Waiver service, nos",I,0.00,0.00,0.00,XXX,33.4009
T2026,Special childcare waiver/d,I,0.00,0.00,0.00,XXX,33.4009
T2027,Spec childcare waiver 15 min,I,0.00,0.00,0.00,XXX,33.4009
T2028,"Special supply, nos waiver",I,0.00,0.00,0.00,XXX,33.4009
T2029,"Special med equip, noswaiver",I,0.00,0.00,0.00,XXX,33.4009
T2030,Assist living waiver/month,I,0.00,0.00,0.00,XXX,33.4009
T2031,Assist living waiver/diem,I,0.00,0.00,0.00,XXX,33.4009
T2032,"Res care, nos waiver/month",I,0.00,0.00,0.00,XXX,33.4009
T2033,"Res, nos waiver per diem",I,0.00,0.00,0.00,XXX,33.4009
T2034,Crisis interven waiver/diem,I,0.00,0.00,0.00,XXX,33.4009
T2035,Utility services waiver,I,0.00,0.00,0.00,XXX,33.4009
T2036,Camp overnite waiver/session,I,0.00,0.00,0.00,XXX,33.4009
T2037,Camp day waiver/session,I,0.00,0.00,0.00,XXX,33.4009
T2038,Comm trans waiver/service,I,0.00,0.00,0.00,XXX,33.4009
T2039,Vehicle mod waiver/service,I,0.00,0.00,0.00,XXX,33.4009
T2040,Financial mgt waiver/15min,I,0.00,0.00,0.00,XXX,33.4009
T2041,Support broker waiver/15 min,I,0.00,0.00,0.00,XXX,33.4009
T2042,Hospice routine home care,I,0.00,0.00,0.00,XXX,33.4009
T2043,Hospice continuous home care,I,0.00,0.00,0.00,XXX,33.4009
T2044,Hospice respite care,I,0.00,0.00,0.00,XXX,33.4009
T2045,Hospice general care,I,0.00,0.00,0.00,XXX,33.4009
T2046,"Hospice long term care, r&b",I,0.00,0.00,0.00,XXX,33.4009
T2047,Hab prevo waiver per 15,I,0.00,0.00,0.00,XXX,33.4009
T2048,"Bh ltc res r&b, per diem",I,0.00,0.00,0.00,XXX,33.4009
T2049,"N-et; stretcher van, mileage",I,0.00,0.00,0.00,XXX,33.4009
T2050,Financial mgt waiver/diem,I,0.00,0.00,0.00,XXX,33.4009
T2051,Support broker waiver/diem,I,0.00,0.00,0.00,XXX,33.4009
T2101,Breast milk proc/store/dist,I,0.00,0.00,0.00,XXX,33.4009
T4521,Adult size brief/diaper sm,N,0.00,0.00,0.00,XXX,33.4009
T4522,Adult size brief/diaper med,N,0.00,0.00,0.00,XXX,33.4009
T4523,Adult size brief/diaper lg,N,0.00,0.00,0.00,XXX,33.4009
T4524,Adult size brief/diaper xl,N,0.00,0.00,0.00,XXX,33.4009
T4525,Adult size pull-on sm,N,0.00,0.00,0.00,XXX,33.4009
T4526,Adult size pull-on med,N,0.00,0.00,0.00,XXX,33.4009
T4527,Adult size pull-on lg,N,0.00,0.00,0.00,XXX,33.4009
T4528,Adult size pull-on xl,N,0.00,0.00,0.00,XXX,33.4009
T4529,Ped size brief/diaper sm/med,N,0.00,0.00,0.00,XXX,33.4009
T4530,Ped size brief/diaper lg,N,0.00,0.00,0.00,XXX,33.4009
T4531,Ped size pull-on sm/med,N,0.00,0.00,0.00,XXX,33.4009
T4532,Ped size pull-on lg,N,0.00,0.00,0.00,XXX,33.4009
T4533,Youth size brief/diaper,N,0.00,0.00,0.00,XXX,33.4009
T4534,Youth size pull-on,N,0.00,0.00,0.00,XXX,33.4009
T4535,Disposable liner/shield/pad,N,0.00,0.00,0.00,XXX,33.4009
T4536,Reusable pull-on any size,N,0.00,0.00,0.00,XXX,33.4009
T4537,Reusable underpad bed size,N,0.00,0.00,0.00,XXX,33.4009
T4538,Diaper serv reusable diaper,N,0.00,0.00,0.00,XXX,33.4009
T4539,Reuse diaper/brief any size,N,0.00,0.00,0.00,XXX,33.4009
T4540,Reusable underpad chair size,N,0.00,0.00,0.00,XXX,33.4009
T4541,Large disposable underpad,I,0.00,0.00,0.00,XXX,33.4009
T4542,Small disposable underpad,I,0.00,0.00,0.00,XXX,33.4009
T4543,Adult disp brief/diap abv xl,N,0.00,0.00,0.00,XXX,33.4009
T4544,Adlt disp und/pull on abv xl,N,0.00,0.00,0.00,XXX,33.4009
T4545,Incon disposable penile wrap,N,0.00,0.00,0.00,XXX,33.4009
T5001,Position seat spec orth need,I,0.00,0.00,0.00,XXX,33.4009
T5999,"Supply, nos",I,0.00,0.00,0.00,XXX,33.4009
V2020,Vision svcs frames purchases,X,0.00,0.00,0.00,XXX,33.4009
V2025,Eyeglasses delux frames,N,0.00,0.00,0.00,XXX,33.4009
V2100,Lens spher single plano 4.00,X,0.00,0.00,0.00,XXX,33.4009
V2101,Single visn sphere 4.12-7.00,X,0.00,0.00,0.00,XXX,33.4009
V2102,Singl visn sphere 7.12-20.00,X,0.00,0.00,0.00,XXX,33.4009
V2103,Spherocylindr 4.00d/12-2.00d,X,0.00,0.00,0.00,XXX,33.4009
V2104,Spherocylindr 4.00d/2.12-4d,X,0.00,0.00,0.00,XXX,33.4009
V2105,Spherocylinder 4.00d/4.25-6d,X,0.00,0.00,0.00,XXX,33.4009
V2106,Spherocylinder 4.00d/>6.00d,X,0.00,0.00,0.00,XXX,33.4009
V2107,Spherocylinder 4.25d/12-2d,X,0.00,0.00,0.00,XXX,33.4009
V2108,Spherocylinder 4.25d/2.12-4d,X,0.00,0.00,0.00,XXX,33.4009
V2109,Spherocylinder 4.25d/4.25-6d,X,0.00,0.00,0.00,XXX,33.4009
V2110,Spherocylinder 4.25d/over 6d,X,0.00,0.00,0.00,XXX,33.4009
V2111,Spherocylindr 7.25d/.25-2.25,X,0.00,0.00,0.00,XXX,33.4009
V2112,Spherocylindr 7.25d/2.25-4d,X,0.00,0.00,0.00,XXX,33.4009
V2113,Spherocylindr 7.25d/4.25-6d,X,0.00,0.00,0.00,XXX,33.4009
V2114,Spherocylinder over 12.00d,X,0.00,0.00,0.00,XXX,33.4009
V2115,Lens lenticular bifocal,X,0.00,0.00,0.00,XXX,33.4009
V2118,Lens aniseikonic single,X,0.00,0.00,0.00,XXX,33.4009
V2121,"Lenticular lens, single",X,0.00,0.00,0.00,XXX,33.4009
V2199,Lens single vision not oth c,X,0.00,0.00,0.00,XXX,33.4009
V2200,Lens spher bifoc plano 4.00d,X,0.00,0.00,0.00,XXX,33.4009
V2201,Lens sphere bifocal 4.12-7.0,X,0.00,0.00,0.00,XXX,33.4009
V2202,Lens sphere bifocal 7.12-20.,X,0.00,0.00,0.00,XXX,33.4009
V2203,Lens sphcyl bifocal 4.00d/.1,X,0.00,0.00,0.00,XXX,33.4009
V2204,Lens sphcy bifocal 4.00d/2.1,X,0.00,0.00,0.00,XXX,33.4009
V2205,Lens sphcy bifocal 4.00d/4.2,X,0.00,0.00,0.00,XXX,33.4009
V2206,Lens sphcy bifocal 4.00d/ove,X,0.00,0.00,0.00,XXX,33.4009
V2207,Lens sphcy bifocal 4.25-7d/.,X,0.00,0.00,0.00,XXX,33.4009
V2208,Lens sphcy bifocal 4.25-7/2.,X,0.00,0.00,0.00,XXX,33.4009
V2209,Lens sphcy bifocal 4.25-7/4.,X,0.00,0.00,0.00,XXX,33.4009
V2210,Lens sphcy bifocal 4.25-7/ov,X,0.00,0.00,0.00,XXX,33.4009
V2211,Lens sphcy bifo 7.25-12/.25-,X,0.00,0.00,0.00,XXX,33.4009
V2212,Lens sphcyl bifo 7.25-12/2.2,X,0.00,0.00,0.00,XXX,33.4009
V2213,Lens sphcyl bifo 7.25-12/4.2,X,0.00,0.00,0.00,XXX,33.4009
V2214,Lens sphcyl bifocal over 12.,X,0.00,0.00,0.00,XXX,33.4009
V2215,Lens lenticular bifocal,X,0.00,0.00,0.00,XXX,33.4009
V2218,Lens aniseikonic bifocal,X,0.00,0.00,0.00,XXX,33.4009
V2219,Lens bifocal seg width over,X,0.00,0.00,0.00,XXX,33.4009
V2220,Lens bifocal add over 3.25d,X,0.00,0.00,0.00,XXX,33.4009
V2221,"Lenticular lens, bifocal",X,0.00,0.00,0.00,XXX,33.4009
V2299,Lens bifocal speciality,X,0.00,0.00,0.00,XXX,33.4009
V2300,Lens sphere trifocal 4.00d,X,0.00,0.00,0.00,XXX,33.4009
V2301,Lens sphere trifocal 4.12-7.,X,0.00,0.00,0.00,XXX,33.4009
V2302,Lens sphere trifocal 7.12-20,X,0.00,0.00,0.00,XXX,33.4009
V2303,Lens sphcy trifocal 4.0/.12-,X,0.00,0.00,0.00,XXX,33.4009
V2304,Lens sphcy trifocal 4.0/2.25,X,0.00,0.00,0.00,XXX,33.4009
V2305,Lens sphcy trifocal 4.0/4.25,X,0.00,0.00,0.00,XXX,33.4009
V2306,Lens sphcyl trifocal 4.00/>6,X,0.00,0.00,0.00,XXX,33.4009
V2307,Lens sphcy trifocal 4.25-7/.,X,0.00,0.00,0.00,XXX,33.4009
V2308,Lens sphc trifocal 4.25-7/2.,X,0.00,0.00,0.00,XXX,33.4009
V2309,Lens sphc trifocal 4.25-7/4.,X,0.00,0.00,0.00,XXX,33.4009
V2310,Lens sphc trifocal 4.25-7/>6,X,0.00,0.00,0.00,XXX,33.4009
V2311,Lens sphc trifo 7.25-12/.25-,X,0.00,0.00,0.00,XXX,33.4009
V2312,Lens sphc trifo 7.25-12/2.25,X,0.00,0.00,0.00,XXX,33.4009
V2313,Lens sphc trifo 7.25-12/4.25,X,0.00,0.00,0.00,XXX,33.4009
V2314,Lens sphcyl trifocal over 12,X,0.00,0.00,0.00,XXX,33.4009
V2315,Lens lenticular trifocal,X,0.00,0.00,0.00,XXX,33.4009
V2318,Lens aniseikonic trifocal,X,0.00,0.00,0.00,XXX,33.4009
V2319,Lens trifocal seg width > 28,X,0.00,0.00,0.00,XXX,33.4009
V2320,Lens trifocal add over 3.25d,X,0.00,0.00,0.00,XXX,33.4009
V2321,"Lenticular lens, trifocal",X,0.00,0.00,0.00,XXX,33.4009
V2399,Lens trifocal speciality,X,0.00,0.00,0.00,XXX,33.4009
V2410,Lens variab asphericity sing,X,0.00,0.00,0.00,XXX,33.4009
V2430,Lens variable asphericity bi,X,0.00,0.00,0.00,XXX,33.4009
V2499,Variable asphericity lens,X,0.00,0.00,0.00,XXX,33.4009
V2500,Contact lens pmma spherical,X,0.00,0.00,0.00,XXX,33.4009
V2501,Cntct lens pmma-toric/prism,X,0.00,0.00,0.00,XXX,33.4009
V2502,Contact lens pmma bifocal,X,0.00,0.00,0.00,XXX,33.4009
V2503,Cntct lens pmma color vision,X,0.00,0.00,0.00,XXX,33.4009
V2510,Cntct gas permeable sphericl,X,0.00,0.00,0.00,XXX,33.4009
V2511,Cntct toric prism ballast,X,0.00,0.00,0.00,XXX,33.4009
V2512,Cntct lens gas permbl bifocl,X,0.00,0.00,0.00,XXX,33.4009
V2513,Contact lens extended wear,X,0.00,0.00,0.00,XXX,33.4009
V2520,Contact lens hydrophilic,P,0.00,0.00,0.00,XXX,33.4009
V2521,Cntct lens hydrophilic toric,X,0.00,0.00,0.00,XXX,33.4009
V2522,Cntct lens hydrophil bifocl,X,0.00,0.00,0.00,XXX,33.4009
V2523,Cntct lens hydrophil extend,X,0.00,0.00,0.00,XXX,33.4009
V2524,Cntct lens hydrophil photoch,X,0.00,0.00,0.00,XXX,33.4009
V2525,"Cl, hydrophilic, dual focus",N,0.00,0.00,0.00,XXX,33.4009
V2526,Cntct lens blue violet,N,0.00,0.00,0.00,XXX,33.4009
V2530,Contact lens gas impermeable,X,0.00,0.00,0.00,XXX,33.4009
V2531,Contact lens gas permeable,X,0.00,0.00,0.00,XXX,33.4009
V2599,Contact lens/es other type,X,0.00,0.00,0.00,XXX,33.4009
V2600,Hand held low vision aids,X,0.00,0.00,0.00,XXX,33.4009
V2610,Single lens spectacle mount,X,0.00,0.00,0.00,XXX,33.4009
V2615,Telescop/othr compound lens,X,0.00,0.00,0.00,XXX,33.4009
V2623,Plastic eye prosth custom,X,0.00,0.00,0.00,XXX,33.4009
V2624,Polishing artifical eye,X,0.00,0.00,0.00,XXX,33.4009
V2625,Enlargemnt of eye prosthesis,X,0.00,0.00,0.00,XXX,33.4009
V2626,Reduction of eye prosthesis,X,0.00,0.00,0.00,XXX,33.4009
V2627,Scleral cover shell,X,0.00,0.00,0.00,XXX,33.4009
V2628,Fabrication & fitting,X,0.00,0.00,0.00,XXX,33.4009
V2629,Prosthetic eye other type,X,0.00,0.00,0.00,XXX,33.4009
V2630,Anter chamber intraocul lens,X,0.00,0.00,0.00,XXX,33.4009
V2631,Iris support intraoclr lens,X,0.00,0.00,0.00,XXX,33.4009
V2632,Post chmbr intraocular lens,X,0.00,0.00,0.00,XXX,33.4009
V2700,Balance lens,X,0.00,0.00,0.00,XXX,33.4009
V2702,Deluxe lens feature,N,0.00,0.00,0.00,XXX,33.4009
V2710,Glass/plastic slab off prism,X,0.00,0.00,0.00,XXX,33.4009
V2715,Prism lens/es,X,0.00,0.00,0.00,XXX,33.4009
V2718,Fresnell prism press-on lens,X,0.00,0.00,0.00,XXX,33.4009
V2730,Special base curve,X,0.00,0.00,0.00,XXX,33.4009
V2744,Tint photochromatic lens/es,X,0.00,0.00,0.00,XXX,33.4009
V2745,"Tint, any color/solid/grad",X,0.00,0.00,0.00,XXX,33.4009
V2750,Anti-reflective coating,X,0.00,0.00,0.00,XXX,33.4009
V2755,Uv lens/es,X,0.00,0.00,0.00,XXX,33.4009
V2756,Eye glass case,X,0.00,0.00,0.00,XXX,33.4009
V2760,Scratch resistant coating,X,0.00,0.00,0.00,XXX,33.4009
V2761,Mirror coating,X,0.00,0.00,0.00,XXX,33.4009
V2762,"Polarization, any lens",X,0.00,0.00,0.00,XXX,33.4009
V2770,Occluder lens/es,X,0.00,0.00,0.00,XXX,33.4009
V2780,Oversize lens/es,X,0.00,0.00,0.00,XXX,33.4009
V2781,Progressive lens per lens,X,0.00,0.00,0.00,XXX,33.4009
V2782,"Lens, 1.54-1.65 p/1.60-1.79g",X,0.00,0.00,0.00,XXX,33.4009
V2783,"Lens, >= 1.66 p/>=1.80 g",X,0.00,0.00,0.00,XXX,33.4009
V2784,Lens polycarb or equal,X,0.00,0.00,0.00,XXX,33.4009
V2785,Corneal tissue processing,X,0.00,0.00,0.00,XXX,33.4009
V2786,Occupational multifocal lens,X,0.00,0.00,0.00,XXX,33.4009
V2787,Astigmatism-correct function,N,0.00,0.00,0.00,XXX,33.4009
V2788,Presbyopia-correct function,N,0.00,0.00,0.00,XXX,33.4009
V2790,Amniotic membrane,X,0.00,0.00,0.00,XXX,33.4009
V2797,Vis item/svc in other code,X,0.00,0.00,0.00,XXX,33.4009
V2799,Misc vision item or service,X,0.00,0.00,0.00,XXX,33.4009
V5008,Hearing screening,N,0.00,0.00,0.00,XXX,33.4009
V5010,Assessment for hearing aid,N,0.00,0.00,0.00,XXX,33.4009
V5011,Hearing aid fitting/checking,N,0.00,0.00,0.00,XXX,33.4009
V5014,Hearing aid repair/modifying,N,0.00,0.00,0.00,XXX,33.4009
V5020,Conformity evaluation,N,0.00,0.00,0.00,XXX,33.4009
V5030,Body-worn hearing aid air,N,0.00,0.00,0.00,XXX,33.4009
V5040,Body-worn hearing aid bone,N,0.00,0.00,0.00,XXX,33.4009
V5050,Hearing aid monaural in ear,N,0.00,0.00,0.00,XXX,33.4009
V5060,Behind ear hearing aid,N,0.00,0.00,0.00,XXX,33.4009
V5070,Glasses air conduction,N,0.00,0.00,0.00,XXX,33.4009
V5080,Glasses bone conduction,N,0.00,0.00,0.00,XXX,33.4009
V5090,Hearing aid dispensing fee,N,0.00,0.00,0.00,XXX,33.4009
V5095,Implant mid ear hearing pros,N,0.00,0.00,0.00,XXX,33.4009
V5100,Body-worn bilat hearing aid,N,0.00,0.00,0.00,XXX,33.4009
V5110,Hearing aid dispensing fee,N,0.00,0.00,0.00,XXX,33.4009
V5120,Body-worn binaur hearing aid,N,0.00,0.00,0.00,XXX,33.4009
V5130,In ear binaural hearing aid,N,0.00,0.00,0.00,XXX,33.4009
V5140,Behind ear binaur hearing ai,N,0.00,0.00,0.00,XXX,33.4009
V5150,Glasses binaural hearing aid,N,0.00,0.00,0.00,XXX,33.4009
V5160,Dispensing fee binaural,N,0.00,0.00,0.00,XXX,33.4009
V5171,Hearing aid monaural ite,N,0.00,0.00,0.00,XXX,33.4009
V5172,Hearing aid monaural itc,N,0.00,0.00,0.00,XXX,33.4009
V5181,Hearing aid monaural bte,N,0.00,0.00,0.00,XXX,33.4009
V5190,Hearing aid monaural glasses,N,0.00,0.00,0.00,XXX,33.4009
V5200,Disp fee contralateral monau,N,0.00,0.00,0.00,XXX,33.4009
V5211,Hearing aid binaural ite/ite,N,0.00,0.00,0.00,XXX,33.4009
V5212,Hearing aid binaural ite/itc,N,0.00,0.00,0.00,XXX,33.4009
V5213,Hearing aid binaural ite/bte,N,0.00,0.00,0.00,XXX,33.4009
V5214,Hearing aid binaural itc/itc,N,0.00,0.00,0.00,XXX,33.4009
V5215,Hearing aid binaural itc/bte,N,0.00,0.00,0.00,XXX,33.4009
V5221,Hearing aid binaural bte/bte,N,0.00,0.00,0.00,XXX,33.4009
V5230,Hearing aid binaural glasses,N,0.00,0.00,0.00,XXX,33.4009
V5240,Disp fee contralateral binau,N,0.00,0.00,0.00,XXX,33.4009
V5241,"Dispensing fee, monaural",N,0.00,0.00,0.00,XXX,33.4009
V5242,"Hearing aid, monaural, cic",N,0.00,0.00,0.00,XXX,33.4009
V5243,"Hearing aid, monaural, itc",N,0.00,0.00,0.00,XXX,33.4009
V5244,"Hearing aid, prog, mon, cic",N,0.00,0.00,0.00,XXX,33.4009
V5245,"Hearing aid, prog, mon, itc",N,0.00,0.00,0.00,XXX,33.4009
V5246,"Hearing aid, prog, mon, ite",N,0.00,0.00,0.00,XXX,33.4009
V5247,"Hearing aid, prog, mon, bte",N,0.00,0.00,0.00,XXX,33.4009
V5248,"Hearing aid, binaural, cic",N,0.00,0.00,0.00,XXX,33.4009
V5249,"Hearing aid, binaural, itc",N,0.00,0.00,0.00,XXX,33.4009
V5250,"Hearing aid, prog, bin, cic",N,0.00,0.00,0.00,XXX,33.4009
V5251,"Hearing aid, prog, bin, itc",N,0.00,0.00,0.00,XXX,33.4009
V5252,"Hearing aid, prog, bin, ite",N,0.00,0.00,0.00,XXX,33.4009
V5253,"Hearing aid, prog, bin, bte",N,0.00,0.00,0.00,XXX,33.4009
V5254,"Hearing id, digit, mon, cic",N,0.00,0.00,0.00,XXX,33.4009
V5255,"Hearing aid, digit, mon, itc",N,0.00,0.00,0.00,XXX,33.4009
V5256,"Hearing aid, digit, mon, ite",N,0.00,0.00,0.00,XXX,33.4009
V5257,"Hearing aid, digit, mon, bte",N,0.00,0.00,0.00,XXX,33.4009
V5258,"Hearing aid, digit, bin, cic",N,0.00,0.00,0.00,XXX,33.4009
V5259,"Hearing aid, digit, bin, itc",N,0.00,0.00,0.00,XXX,33.4009
V5260,"Hearing aid, digit, bin, ite",N,0.00,0.00,0.00,XXX,33.4009
V5261,"Hearing aid, digit, bin, bte",N,0.00,0.00,0.00,XXX,33.4009
V5262,"Hearing aid, disp, monaural",N,0.00,0.00,0.00,XXX,33.4009
V5263,"Hearing aid, disp, binaural",N,0.00,0.00,0.00,XXX,33.4009
V5264,Ear mold/insert,N,0.00,0.00,0.00,XXX,33.4009
V5265,"Ear mold/insert, disp",N,0.00,0.00,0.00,XXX,33.4009
V5266,Battery for hearing device,N,0.00,0.00,0.00,XXX,33.4009
V5267,Hearing aid sup/access/dev,N,0.00,0.00,0.00,XXX,33.4009
V5268,Ald telephone amplifier,N,0.00,0.00,0.00,XXX,33.4009
V5269,"Alerting device, any type",N,0.00,0.00,0.00,XXX,33.4009
V5270,"Ald, tv amplifier, any type",N,0.00,0.00,0.00,XXX,33.4009
V5271,"Ald, tv caption decoder",N,0.00,0.00,0.00,XXX,33.4009
V5272,Tdd,N,0.00,0.00,0.00,XXX,33.4009
V5273,Ald for cochlear implant,N,0.00,0.00,0.00,XXX,33.4009
V5274,Ald unspecified,N,0.00,0.00,0.00,XXX,33.4009
V5275,Ear impression,N,0.00,0.00,0.00,XXX,33.4009
V5281,"Ald fm/dm system, monaural",N,0.00,0.00,0.00,XXX,33.4009
V5282,Ald fm/dm system binaural,N,0.00,0.00,0.00,XXX,33.4009
V5283,"Ald neck, loop ind receiver",N,0.00,0.00,0.00,XXX,33.4009
V5284,Ald fm/dm ear level receiver,N,0.00,0.00,0.00,XXX,33.4009
V5285,Ald fm/dm aud input receiver,N,0.00,0.00,0.00,XXX,33.4009
V5286,Ald blu tooth fm/dm receiver,N,0.00,0.00,0.00,XXX,33.4009
V5287,"Ald fm/dm receiver, nos",N,0.00,0.00,0.00,XXX,33.4009
V5288,Ald fm/dm transmitter ald,N,0.00,0.00,0.00,XXX,33.4009
V5289,Ald fm/dm adapt/boot couplin,N,0.00,0.00,0.00,XXX,33.4009
V5290,Ald transmitter microphone,N,0.00,0.00,0.00,XXX,33.4009
V5298,Hearing aid noc,N,0.00,0.00,0.00,XXX,33.4009
V5299,Hearing service,R,0.00,0.00,0.00,XXX,33.4009
V5336,Repair communication device,N,0.00,0.00,0.00,XXX,33.4009
V5362,Speech screening,N,0.00,0.00,0.00,XXX,33.4009
V5363,Language screening,N,0.00,0.00,0.00,XXX,33.4009
V5364,Dysphagia screening,N,0.00,0.00,0.00,XXX,33.4009
