code,description,status,work_rvu,facility_pe_rvu,mp_rvu,global_days,conversion_factor
0001F,Heart failure composite,I,0.00,0.00,0.00,XXX,33.4009
0005F,Osteoarthritis composite,I,0.00,0.00,0.00,XXX,33.4009
00102,Anes px plstc rpr cleft lip,J,0.00,0.00,0.00,XXX,33.4009
00103,Anes rcnstv px eyelid,J,0.00,0.00,0.00,XXX,33.4009
00104,Anes electroconvulsive ther,J,0.00,0.00,0.00,XXX,33.4009
00124,Anes px ear otoscopy,J,0.00,0.00,0.00,XXX,33.4009
00126,Anes px ear tympanotomy,J,0.00,0.00,0.00,XXX,33.4009
0012F,Cap bacterial assess,I,0.00,0.00,0.00,XXX,33.4009
00144,Anes px eye corneal trnspl,J,0.00,0.00,0.00,XXX,33.4009
00145,Anes px eye vitreortnl surg,J,0.00,0.00,0.00,XXX,33.4009
00147,Anes px on eye iridectomy,J,0.00,0.00,0.00,XXX,33.4009
00148,Anes px eye ophthalmoscopy,J,0.00,0.00,0.00,XXX,33.4009
0014F,Comp preop assess cat surg,I,0.00,0.00,0.00,XXX,33.4009
0015F,Melan follow-up complete,I,0.00,0.00,0.00,XXX,33.4009
00162,Anes px nose&sinus rad surg,J,0.00,0.00,0.00,XXX,33.4009
00164,Anes px nose&sins bx sft tis,J,0.00,0.00,0.00,XXX,33.4009
00172,Anes ntroral px rpr clft pal,J,0.00,0.00,0.00,XXX,33.4009
00174,Anes ntrorl exc rtrphrng tum,J,0.00,0.00,0.00,XXX,33.4009
00176,Anes intraoral px rad surg,J,0.00,0.00,0.00,XXX,33.4009
00192,Anes px fcl b1/skl rad surg,J,0.00,0.00,0.00,XXX,33.4009
00210,Anes intracranial px nos,J,0.00,0.00,0.00,XXX,33.4009
00211,Anes icr px crnec/crnot hmtm,J,0.00,0.00,0.00,XXX,33.4009
00212,Anes icr px subdural taps,J,0.00,0.00,0.00,XXX,33.4009
00214,Anes icr px burr holes,J,0.00,0.00,0.00,XXX,33.4009
00215,Anes icr px crnop/elvtn fx,J,0.00,0.00,0.00,XXX,33.4009
00216,Anes icr px vascular px,J,0.00,0.00,0.00,XXX,33.4009
00218,Anes icr px in sitting pos,J,0.00,0.00,0.00,XXX,33.4009
00220,Anes icr px csf shunting px,J,0.00,0.00,0.00,XXX,33.4009
00222,Anes icr px ecoag icr nrv,J,0.00,0.00,0.00,XXX,33.4009
00322,Anes all px nck ndl bx thyr,J,0.00,0.00,0.00,XXX,33.4009
00326,Anes all px larynx&trach<1yr,J,0.00,0.00,0.00,XXX,33.4009
00350,Anes px major vsl neck nos,J,0.00,0.00,0.00,XXX,33.4009
00352,Anes px maj vsl nck smpl lig,J,0.00,0.00,0.00,XXX,33.4009
00402,Anes integ sys rcnstv breast,J,0.00,0.00,0.00,XXX,33.4009
00404,Anes integ sys rad/modf brst,J,0.00,0.00,0.00,XXX,33.4009
00406,Anes integ sys rad brst dsj,J,0.00,0.00,0.00,XXX,33.4009
00410,Anes integ sys conv arrhyt,J,0.00,0.00,0.00,XXX,33.4009
00450,Anes px clav&scapula nos,J,0.00,0.00,0.00,XXX,33.4009
00454,Anes px clav&scapula bx clav,J,0.00,0.00,0.00,XXX,33.4009
00470,Anes partial rib rescj nos,J,0.00,0.00,0.00,XXX,33.4009
00472,Anes prtl rib rescj thoracop,J,0.00,0.00,0.00,XXX,33.4009
00474,Anes prtl rib rescj rad px,J,0.00,0.00,0.00,XXX,33.4009
00522,Anes clsd ch px ndl bx pleur,J,0.00,0.00,0.00,XXX,33.4009
00524,Anes clsd ch px pneumocents,J,0.00,0.00,0.00,XXX,33.4009
00528,Anes clsd ch mediast&thrc wo,J,0.00,0.00,0.00,XXX,33.4009
00529,Anes clsd ch mediast&thrc w/,J,0.00,0.00,0.00,XXX,33.4009
00530,Anes perm transvns pm insj,J,0.00,0.00,0.00,XXX,33.4009
00532,Anes access ctr venous crcj,J,0.00,0.00,0.00,XXX,33.4009
00534,Anes insertion/rplcmt cvdfb,J,0.00,0.00,0.00,XXX,33.4009
00537,Anes cardiac ep procedures,J,0.00,0.00,0.00,XXX,33.4009
00539,Anes tracheobronchial rcnstj,J,0.00,0.00,0.00,XXX,33.4009
00541,Anes thrcm px 1 lung vntj,J,0.00,0.00,0.00,XXX,33.4009
00542,Anes thrcm px decortication,J,0.00,0.00,0.00,XXX,33.4009
00546,Anes thrcm px pulm rescj,J,0.00,0.00,0.00,XXX,33.4009
00548,Anes thrcm px trach&bronchi,J,0.00,0.00,0.00,XXX,33.4009
0054T,Bone srgry cmptr fluor image,C,0.00,0.00,0.00,XXX,33.4009
00550,Anes for sternal debridement,J,0.00,0.00,0.00,XXX,33.4009
0055T,Bone srgry cmptr ct/mri imag,C,0.00,0.00,0.00,XXX,33.4009
00561,Anes px heart w/pump<1 yr,J,0.00,0.00,0.00,XXX,33.4009
00562,Anes px hrt w/pump age 1yr+,J,0.00,0.00,0.00,XXX,33.4009
00563,Anes px heart w/pmp crc arst,J,0.00,0.00,0.00,XXX,33.4009
00566,Anes direct cabg w/o pump,J,0.00,0.00,0.00,XXX,33.4009
00567,Anes direct cabg w/pump,J,0.00,0.00,0.00,XXX,33.4009
00580,Anes heart/lung transplant,J,0.00,0.00,0.00,XXX,33.4009
00604,Anes px crv spn&cord sitting,J,0.00,0.00,0.00,XXX,33.4009
00625,Anes thrc spine wo 1lng vent,J,0.00,0.00,0.00,XXX,33.4009
00626,Anes thrc spine w/1 lng vent,J,0.00,0.00,0.00,XXX,33.4009
00632,Anes px lumbar sympathectomy,J,0.00,0.00,0.00,XXX,33.4009
00635,Anes dx/ther lumbar pnxr,J,0.00,0.00,0.00,XXX,33.4009
00640,Anes spine manipulation,J,0.00,0.00,0.00,XXX,33.4009
00670,Anes xtnsv sp&spi cord px,J,0.00,0.00,0.00,XXX,33.4009
00702,Anes upr ant abd wall lvr bx,J,0.00,0.00,0.00,XXX,33.4009
0071T,Us leiomyomata ablate <200,C,0.00,0.00,0.00,XXX,33.4009
0072T,Fcsd us abltj leiomyom>=200,C,0.00,0.00,0.00,XXX,33.4009
00730,Anes px upper pst abdl wall,J,0.00,0.00,0.00,XXX,33.4009
00731,Anes upr gi ndsc px nos,J,0.00,0.00,0.00,XXX,33.4009
00732,Anes upr gi ndsc px ercp,J,0.00,0.00,0.00,XXX,33.4009
00750,Anes hrna rpr upr abd nos,J,0.00,0.00,0.00,XXX,33.4009
00752,Anes hrna rpr lmbr&vnt&/dehs,J,0.00,0.00,0.00,XXX,33.4009
00754,Anes hrna rpr omphalocele,J,0.00,0.00,0.00,XXX,33.4009
00756,Anes hrna rpr diphrg hrna,J,0.00,0.00,0.00,XXX,33.4009
0075T,Perq stent/chest vert art,C,0.00,0.00,0.00,XXX,33.4009
0076T,S&i stent/chest vert art,C,0.00,0.00,0.00,XXX,33.4009
00770,Anes px maj abd blood vessel,J,0.00,0.00,0.00,XXX,33.4009
00792,Anes iper upr abd prtl hptc,J,0.00,0.00,0.00,XXX,33.4009
00794,Anes iper upr abd pncrtect,J,0.00,0.00,0.00,XXX,33.4009
00796,Anes iper upr abd lvr trnspl,J,0.00,0.00,0.00,XXX,33.4009
00797,Anes iper upr abd gstr px mo,J,0.00,0.00,0.00,XXX,33.4009
00802,Anes px lwr abdl wal pannic,J,0.00,0.00,0.00,XXX,33.4009
00811,Anes lwr intst ndsc nos,J,0.00,0.00,0.00,XXX,33.4009
00812,Anes lwr intst scr colsc,J,0.00,0.00,0.00,XXX,33.4009
00813,Anes upr lwr gi ndsc px,J,0.00,0.00,0.00,XXX,33.4009
00820,Anes px lwr post abdl wall,J,0.00,0.00,0.00,XXX,33.4009
00830,Anes hernia rpr lwr abd nos,J,0.00,0.00,0.00,XXX,33.4009
00832,Anes hernia repair vnt&incal,J,0.00,0.00,0.00,XXX,33.4009
00834,Anes hernia repair<1 yr age,J,0.00,0.00,0.00,XXX,33.4009
00836,Anes hrna rpr<37wk brth<50,J,0.00,0.00,0.00,XXX,33.4009
00842,Anes iper px amniocentesis,J,0.00,0.00,0.00,XXX,33.4009
00844,Anes iper px abdmnprnl rescj,J,0.00,0.00,0.00,XXX,33.4009
00846,Anes iper px rad hystrectomy,J,0.00,0.00,0.00,XXX,33.4009
00848,Anes iper px pel exentration,J,0.00,0.00,0.00,XXX,33.4009
00851,Anes iper px tubal ligation,J,0.00,0.00,0.00,XXX,33.4009
00862,Anes xtrprtl lwr abd rnl px,J,0.00,0.00,0.00,XXX,33.4009
00864,Anes xtrprt lwr abd tot cstc,J,0.00,0.00,0.00,XXX,33.4009
00865,Anes xtrprt lwr abd prst8ect,J,0.00,0.00,0.00,XXX,33.4009
00866,Anes xtrprt lw abd adrnlctmy,J,0.00,0.00,0.00,XXX,33.4009
00868,Anes xtrprtl px rnl transpl,J,0.00,0.00,0.00,XXX,33.4009
00870,Anes xtrprtl cystolithotomy,J,0.00,0.00,0.00,XXX,33.4009
00872,Anes lithotrp esw water bath,J,0.00,0.00,0.00,XXX,33.4009
00873,Anes lithotrp esw wo wtr bth,J,0.00,0.00,0.00,XXX,33.4009
00882,Anes maj lwr adb vsl ivc lig,J,0.00,0.00,0.00,XXX,33.4009
00904,Anes radical perineal px,J,0.00,0.00,0.00,XXX,33.4009
00906,Anes vulvectomy,J,0.00,0.00,0.00,XXX,33.4009
00908,Anes perineal prostatectomy,J,0.00,0.00,0.00,XXX,33.4009
00912,Anes trurl px rescj bldr tum,J,0.00,0.00,0.00,XXX,33.4009
00914,Anes trurl px rescj prst8,J,0.00,0.00,0.00,XXX,33.4009
00916,Anes trurl px rescj bleeding,J,0.00,0.00,0.00,XXX,33.4009
00918,Anes trurl px urtrl cal rmvl,J,0.00,0.00,0.00,XXX,33.4009
00920,Anes px male genitalia nos,J,0.00,0.00,0.00,XXX,33.4009
00921,Anes px male genitalia vasec,J,0.00,0.00,0.00,XXX,33.4009
00922,Anes px male gent sem ves,J,0.00,0.00,0.00,XXX,33.4009
00924,Anes male gent undscnd tstis,J,0.00,0.00,0.00,XXX,33.4009
00926,Anes male gent rad orch ing,J,0.00,0.00,0.00,XXX,33.4009
00928,Anes male gent rad orch abd,J,0.00,0.00,0.00,XXX,33.4009
00930,Anes px male gent orchiopexy,J,0.00,0.00,0.00,XXX,33.4009
00932,Anes male gent compl amp pns,J,0.00,0.00,0.00,XXX,33.4009
00934,Anes rad amp penis ingun lym,J,0.00,0.00,0.00,XXX,33.4009
00936,Anes rad amp pns ingun&ilac,J,0.00,0.00,0.00,XXX,33.4009
00938,Anes insj penile prosthesis,J,0.00,0.00,0.00,XXX,33.4009
00942,Anes vag px clptmy vgnc clpr,J,0.00,0.00,0.00,XXX,33.4009
00944,Anes vag px vag hysterectomy,J,0.00,0.00,0.00,XXX,33.4009
00948,Anes vag px crv cerclage,J,0.00,0.00,0.00,XXX,33.4009
00950,Anes vag px culdoscopy,J,0.00,0.00,0.00,XXX,33.4009
00952,Anes vag px hystsc&/hsg,J,0.00,0.00,0.00,XXX,33.4009
0095T,Rmvl artific disc addl crvcl,C,0.00,0.00,0.00,XXX,33.4009
0098T,Rev artific disc addl,C,0.00,0.00,0.00,XXX,33.4009
0100T,Prosth retina receive&gen,C,0.00,0.00,0.00,XXX,33.4009
0101T,Esw muscskel sys nos,C,0.00,0.00,0.00,XXX,33.4009
0102T,Esw phy anes lat hmrl epcndl,C,0.00,0.00,0.00,XXX,33.4009
0106T,Touch quant sensory test,C,0.00,0.00,0.00,XXX,33.4009
0107T,Vibrate quant sensory test,C,0.00,0.00,0.00,XXX,33.4009
0108T,Cool quant sensory test,C,0.00,0.00,0.00,XXX,33.4009
0109T,Heat quant sensory test,C,0.00,0.00,0.00,XXX,33.4009
0110T,Nos quant sensory test,C,0.00,0.00,0.00,XXX,33.4009
01120,Anes px on bony pelvis,J,0.00,0.00,0.00,XXX,33.4009
01130,Anes body cast appl/revj,J,0.00,0.00,0.00,XXX,33.4009
01140,Anes ntrplvabdmnl amputation,J,0.00,0.00,0.00,XXX,33.4009
01150,Anes rad px tumor of pelvis,J,0.00,0.00,0.00,XXX,33.4009
01160,Anes clsd px symph pub/si jt,J,0.00,0.00,0.00,XXX,33.4009
01170,Anes opn px symph pub/si jt,J,0.00,0.00,0.00,XXX,33.4009
01173,Anes opn rpr fx disrpj plvs,J,0.00,0.00,0.00,XXX,33.4009
01202,Anes arthroscopic px hip jt,J,0.00,0.00,0.00,XXX,33.4009
01212,Anes open px hip jt disrtcj,J,0.00,0.00,0.00,XXX,33.4009
01215,Anes opn revj tot hip arthrp,J,0.00,0.00,0.00,XXX,33.4009
01220,Anes clsd px upper 2/3 femur,J,0.00,0.00,0.00,XXX,33.4009
01230,Anes opn upper 2/3 femur nos,J,0.00,0.00,0.00,XXX,33.4009
01232,Anes opn px upr 2/3 fem amp,J,0.00,0.00,0.00,XXX,33.4009
01234,Anes opn upr 2/3 fem rad res,J,0.00,0.00,0.00,XXX,33.4009
01250,Anes all px nrv musc upr leg,J,0.00,0.00,0.00,XXX,33.4009
01260,Anes all px veins upper leg,J,0.00,0.00,0.00,XXX,33.4009
01270,Anes px arteries upr leg nos,J,0.00,0.00,0.00,XXX,33.4009
01272,Anes px art femoral art lig,J,0.00,0.00,0.00,XXX,33.4009
01274,Anes px art fem art emblc,J,0.00,0.00,0.00,XXX,33.4009
01320,Anes all px nrv msc kne&/pop,J,0.00,0.00,0.00,XXX,33.4009
01340,Anes clsd px lower 1/3 femur,J,0.00,0.00,0.00,XXX,33.4009
01360,Anes open px lower 1/3 femur,J,0.00,0.00,0.00,XXX,33.4009
01380,Anes all clsd px knee joint,J,0.00,0.00,0.00,XXX,33.4009
01382,Anes dx arthrs px knee jt,J,0.00,0.00,0.00,XXX,33.4009
01390,Anes cls px upr tib fib&/pat,J,0.00,0.00,0.00,XXX,33.4009
01392,Anes opn px upr tib fib&/pat,J,0.00,0.00,0.00,XXX,33.4009
01404,Anes opn/arthrs disrtcj knee,J,0.00,0.00,0.00,XXX,33.4009
01420,Anes cst appl rmv/rpr kne jt,J,0.00,0.00,0.00,XXX,33.4009
01430,Anes px veins knee&pop nos,J,0.00,0.00,0.00,XXX,33.4009
01432,Anes px vn knee&pop av fstl,J,0.00,0.00,0.00,XXX,33.4009
01440,Anes px art knee&pop nos,J,0.00,0.00,0.00,XXX,33.4009
01442,Anes px art knee&pop teaec,J,0.00,0.00,0.00,XXX,33.4009
01444,Anes px art knee&pop exc&grf,J,0.00,0.00,0.00,XXX,33.4009
01462,Anes clsd px lower l/a/f,J,0.00,0.00,0.00,XXX,33.4009
01464,Anes arthrs px ankle&/foot,J,0.00,0.00,0.00,XXX,33.4009
01470,Anes px nrv msc lw l/a/f nos,J,0.00,0.00,0.00,XXX,33.4009
01472,Anes rpr rpt achilles tendon,J,0.00,0.00,0.00,XXX,33.4009
01474,Anes gastrocnemius recession,J,0.00,0.00,0.00,XXX,33.4009
01482,Anes opn lwr l/a/f rad rescj,J,0.00,0.00,0.00,XXX,33.4009
01484,Anes opn lw l/a/f oste/ostpl,J,0.00,0.00,0.00,XXX,33.4009
01486,Anes open total ankle rplcmt,J,0.00,0.00,0.00,XXX,33.4009
01490,Anes lwr leg cst app rmv/rpr,J,0.00,0.00,0.00,XXX,33.4009
01500,Anes px art lower leg nos,J,0.00,0.00,0.00,XXX,33.4009
01502,Anes px art lower leg emblc,J,0.00,0.00,0.00,XXX,33.4009
01520,Anes px veins lower leg nos,J,0.00,0.00,0.00,XXX,33.4009
01522,Anes px vn lwr leg ven thrmb,J,0.00,0.00,0.00,XXX,33.4009
01610,Anes all px nrv musc sho&ax,J,0.00,0.00,0.00,XXX,33.4009
01620,Anes clsd px shoulder joint,J,0.00,0.00,0.00,XXX,33.4009
01622,Anes dx arthr px shoulder jt,J,0.00,0.00,0.00,XXX,33.4009
01634,Anes open/arthrs sho disrtcj,J,0.00,0.00,0.00,XXX,33.4009
01636,Anes open/arthr ntrthrc amp,J,0.00,0.00,0.00,XXX,33.4009
01638,Anes opn/arthr tot sho rplcm,J,0.00,0.00,0.00,XXX,33.4009
0164T,Remove lumb artif disc addl,C,0.00,0.00,0.00,YYY,33.4009
01650,Anes art sho&ax nos,J,0.00,0.00,0.00,XXX,33.4009
01652,Anes art sho&ax ax-brch arsm,J,0.00,0.00,0.00,XXX,33.4009
01654,Anes art sho&ax bypass grf,J,0.00,0.00,0.00,XXX,33.4009
01656,Anes art sho&ax ax-fem bpg,J,0.00,0.00,0.00,XXX,33.4009
0165T,Revise lumb artif disc addl,C,0.00,0.00,0.00,YYY,33.4009
01670,Anes all px vn shoulder&ax,J,0.00,0.00,0.00,XXX,33.4009
01680,Anes sho cast appl rmvl/rpr,J,0.00,0.00,0.00,XXX,33.4009
01712,Anes px nrv msc upr a&e tnot,J,0.00,0.00,0.00,XXX,33.4009
01714,Anes nrv msc upr a&e tnplsty,J,0.00,0.00,0.00,XXX,33.4009
01716,Anes nrv msc upr a&e tndsis,J,0.00,0.00,0.00,XXX,33.4009
01730,Anes clsd px humerus&elbow,J,0.00,0.00,0.00,XXX,33.4009
01732,Anes dx arthrs px elbow jt,J,0.00,0.00,0.00,XXX,33.4009
01740,Anes opn/arthrs px elbw nos,J,0.00,0.00,0.00,XXX,33.4009
01742,Anes opn/arthrs elbw osteot,J,0.00,0.00,0.00,XXX,33.4009
01744,Anes opn/arthrs elbw rpr hum,J,0.00,0.00,0.00,XXX,33.4009
0174T,Cad cxr with interp,C,0.00,0.00,0.00,XXX,33.4009
01756,Anes opn/arthrs elbw rad px,J,0.00,0.00,0.00,XXX,33.4009
01758,Anes opn/arthrs elbw exc cst,J,0.00,0.00,0.00,XXX,33.4009
0175T,Cad cxr remote,C,0.00,0.00,0.00,XXX,33.4009
01760,Anes opn/arthr elb tot rplct,J,0.00,0.00,0.00,XXX,33.4009
01770,Anes px art upr arm&elbw nos,J,0.00,0.00,0.00,XXX,33.4009
01772,Anes art upr arm&elbw emblc,J,0.00,0.00,0.00,XXX,33.4009
01780,Anes px vn upr arm&elbw nos,J,0.00,0.00,0.00,XXX,33.4009
01782,Anes vn upr arm&elbw phlbrpy,J,0.00,0.00,0.00,XXX,33.4009
01820,Anes clsd px rds u/w/h bones,J,0.00,0.00,0.00,XXX,33.4009
01829,Anes dx arthroscopic px wrst,J,0.00,0.00,0.00,XXX,33.4009
01830,Anes arthr/ndsc wrst/hnd nos,J,0.00,0.00,0.00,XXX,33.4009
01832,Anes arthr/ndsc tot wrst rpl,J,0.00,0.00,0.00,XXX,33.4009
01840,Anes art f/arm wrst&hnd nos,J,0.00,0.00,0.00,XXX,33.4009
01842,Anes art farm wrst&hnd emblc,J,0.00,0.00,0.00,XXX,33.4009
01844,Anes vasc shunt/shunt revj,J,0.00,0.00,0.00,XXX,33.4009
01850,Anes vein f/arm wrst&hnd nos,J,0.00,0.00,0.00,XXX,33.4009
01852,Anes px vn f/arm phlbrrhaphy,J,0.00,0.00,0.00,XXX,33.4009
01860,Anes forearm wrist/hand cast,J,0.00,0.00,0.00,XXX,33.4009
01916,Anes dx arteriography/vngrph,J,0.00,0.00,0.00,XXX,33.4009
01922,Anes n-invas img/radj ther,J,0.00,0.00,0.00,XXX,33.4009
01925,Anes ivntl rad artl crtd/c,J,0.00,0.00,0.00,XXX,33.4009
01926,Anes ivntl rad icr icar/aort,J,0.00,0.00,0.00,XXX,33.4009
01930,Anes ther ivntl rad ven nos,J,0.00,0.00,0.00,XXX,33.4009
01931,Anes ivnt rad ntrhpt/prt crc,J,0.00,0.00,0.00,XXX,33.4009
01932,Anes th ivnt rad ntrthrc/jug,J,0.00,0.00,0.00,XXX,33.4009
01933,Anes ther ivntl rad px icr,J,0.00,0.00,0.00,XXX,33.4009
01937,Anes drg/aspir crv/thrc,J,0.00,0.00,0.00,XXX,33.4009
01938,Anes drg/aspir lmbr/sac,J,0.00,0.00,0.00,XXX,33.4009
01939,Anes nulyt agt crv/thrc,J,0.00,0.00,0.00,XXX,33.4009
01940,Anes nulyt agt lmbr/sac,J,0.00,0.00,0.00,XXX,33.4009
01941,Anes neuromd/ntrvrt crv/thrc,J,0.00,0.00,0.00,XXX,33.4009
01942,Anes neuromd/ntrvrt lmbr/sac,J,0.00,0.00,0.00,XXX,33.4009
01951,Anes 2&3 burn less 4 % tbsa,J,0.00,0.00,0.00,XXX,33.4009
01952,Anes 2&3 burn 4-9% tbsa,J,0.00,0.00,0.00,XXX,33.4009
01953,Anes 2&3 burn ea add 9% tbsa,J,0.00,0.00,0.00,XXX,33.4009
01958,Anes xtrnl cephalic version,J,0.00,0.00,0.00,XXX,33.4009
01962,Anes urgent hysterectomy,J,0.00,0.00,0.00,XXX,33.4009
01963,Anes cesarean hysterectomy,J,0.00,0.00,0.00,XXX,33.4009
01965,Anes incompl/missed ab px,J,0.00,0.00,0.00,XXX,33.4009
01966,Anes induced abortion px,J,0.00,0.00,0.00,XXX,33.4009
01969,Anes c hyst flwg neuraxial,J,0.00,0.00,0.00,XXX,33.4009
0198T,Ocular blood flow measure,C,0.00,0.00,0.00,XXX,33.4009
01991,Anes dx/ther nrv blk&inj oth,J,0.00,0.00,0.00,XXX,33.4009
01992,Anes dx/ther nrv blk&inj prn,J,0.00,0.00,0.00,XXX,33.4009
01996,Dly hosp mgmt edrl rx admin,J,0.00,0.00,0.00,XXX,33.4009
0200T,Perq sacral augmt unilat inj,C,0.00,0.00,0.00,XXX,33.4009
0201T,Perq sacral augmt bilat inj,C,0.00,0.00,0.00,XXX,33.4009
0202T,Post vert arthrplst 1 lumbar,C,0.00,0.00,0.00,XXX,33.4009
0207T,Clear eyelid gland w/heat,C,0.00,0.00,0.00,XXX,33.4009
0208T,Audiometry air only,C,0.00,0.00,0.00,XXX,33.4009
0209T,Audiometry air & bone,C,0.00,0.00,0.00,XXX,33.4009
0210T,Speech audiometry threshold,C,0.00,0.00,0.00,XXX,33.4009
0211T,Speech audiom thresh & recog,C,0.00,0.00,0.00,XXX,33.4009
0212T,Compre audiometry evaluation,C,0.00,0.00,0.00,XXX,33.4009
0213T,Njx paravert w/us cer/thor,C,0.00,0.00,0.00,XXX,33.4009
0214T,Njx paravert w/us cer/thor,C,0.00,0.00,0.00,ZZZ,33.4009
0215T,Njx paravert w/us cer/thor,C,0.00,0.00,0.00,ZZZ,33.4009
0216T,Njx paravert w/us lumb/sac,C,0.00,0.00,0.00,XXX,33.4009
0217T,Njx paravert w/us lumb/sac,C,0.00,0.00,0.00,ZZZ,33.4009
0218T,Njx paravert w/us lumb/sac,C,0.00,0.00,0.00,ZZZ,33.4009
0219T,Plmt post facet implt cerv,C,0.00,0.00,0.00,XXX,33.4009
0220T,Plmt post facet implt thor,C,0.00,0.00,0.00,XXX,33.4009
0221T,Plmt post facet implt lumb,C,0.00,0.00,0.00,XXX,33.4009
0222T,Plmt post facet implt addl,C,0.00,0.00,0.00,ZZZ,33.4009
0232T,Njx platelet plasma,C,0.00,0.00,0.00,XXX,33.4009
0234T,Trluml perip athrc renal art,C,0.00,0.00,0.00,YYY,33.4009
0235T,Trluml perip athrc visceral,C,0.00,0.00,0.00,YYY,33.4009
0236T,Trluml perip athrc abd aorta,C,0.00,0.00,0.00,YYY,33.4009
0237T,Trluml perip athrc brchiocph,C,0.00,0.00,0.00,YYY,33.4009
0238T,Trluml perip athrc iliac art,C,0.00,0.00,0.00,YYY,33.4009
0253T,Insert aqueous drain device,C,0.00,0.00,0.00,YYY,33.4009
0263T,Im b1 mrw cel ther cmpl,C,0.00,0.00,0.00,XXX,33.4009
0264T,Im b1 mrw cel ther xcl hrvst,C,0.00,0.00,0.00,XXX,33.4009
0265T,Im b1 mrw cel ther hrvst onl,C,0.00,0.00,0.00,XXX,33.4009
0274T,Prq lamot/lam dcmpr crv/thrc,C,0.00,0.00,0.00,YYY,33.4009
0278T,Tempr,C,0.00,0.00,0.00,XXX,33.4009
0308T,Insj ocular telescope prosth,C,0.00,0.00,0.00,YYY,33.4009
0329T,Mntr io press 24hrs/> uni/bi,C,0.00,0.00,0.00,YYY,33.4009
0330T,Tear film img uni/bi w/i&r,C,0.00,0.00,0.00,YYY,33.4009
0331T,Heart symp image plnr,C,0.00,0.00,0.00,YYY,33.4009
0332T,Heart symp image plnr spect,C,0.00,0.00,0.00,YYY,33.4009
0333T,Visual ep scr acuity auto,C,0.00,0.00,0.00,YYY,33.4009
0335T,Insj sinus tarsi implant,C,0.00,0.00,0.00,YYY,33.4009
0338T,Trnscth renal symp denrv unl,C,0.00,0.00,0.00,YYY,33.4009
0339T,Trnscth renal symp denrv bil,C,0.00,0.00,0.00,YYY,33.4009
0342T,Thxp apheresis w/hdl delip,C,0.00,0.00,0.00,YYY,33.4009
0345T,Transcath mtral vlve repair,C,0.00,0.00,0.00,YYY,33.4009
0347T,Ins bone device for rsa,C,0.00,0.00,0.00,YYY,33.4009
0348T,Rsa spine exam,C,0.00,0.00,0.00,YYY,33.4009
0349T,Rsa upper extr exam,C,0.00,0.00,0.00,YYY,33.4009
0350T,Rsa lower extr exam,C,0.00,0.00,0.00,YYY,33.4009
0351T,Intraop oct brst/node spec,C,0.00,0.00,0.00,YYY,33.4009
0352T,Oct brst/node i&r per spec,C,0.00,0.00,0.00,YYY,33.4009
0353T,Intraop oct breast cavity,C,0.00,0.00,0.00,YYY,33.4009
0354T,Oct breast surg cavity i&r,C,0.00,0.00,0.00,YYY,33.4009
0358T,Bia whole body,C,0.00,0.00,0.00,YYY,33.4009
0362T,Bhv id suprt assmt ea 15 min,C,0.00,0.00,0.00,YYY,33.4009
0373T,Adapt bhv tx ea 15 min,C,0.00,0.00,0.00,YYY,33.4009
0378T,Visual field assmnt rev/rprt,C,0.00,0.00,0.00,XXX,33.4009
0379T,Vis field assmnt tech suppt,C,0.00,0.00,0.00,XXX,33.4009
0395T,Hdr elctr ntrst/ntrcv brchtx,C,0.00,0.00,0.00,XXX,33.4009
0397T,Ercp w/optical endomicroscpy,C,0.00,0.00,0.00,XXX,33.4009
0402T,Colgn crs-link crn&pachymtry,C,0.00,0.00,0.00,XXX,33.4009
0403T,Diabetes prev standard curr,C,0.00,0.00,0.00,XXX,33.4009
0408T,Insj/rplc cardiac modulj sys,C,0.00,0.00,0.00,XXX,33.4009
0409T,Insj/rplc car modulj pls gn,C,0.00,0.00,0.00,XXX,33.4009
0410T,Insj/rplc car modulj atr elt,C,0.00,0.00,0.00,XXX,33.4009
0411T,Insj/rplc car modulj vnt elt,C,0.00,0.00,0.00,XXX,33.4009
0412T,Rmvl cardiac modulj pls gen,C,0.00,0.00,0.00,XXX,33.4009
0413T,Rmvl car modulj tranvns elt,C,0.00,0.00,0.00,XXX,33.4009
0414T,Rmvl & rpl car modulj pls gn,C,0.00,0.00,0.00,XXX,33.4009
0415T,Repos car modulj tranvns elt,C,0.00,0.00,0.00,XXX,33.4009
0416T,Reloc skin pocket pls gen,C,0.00,0.00,0.00,YYY,33.4009
0417T,Prgrmg eval cardiac modulj,C,0.00,0.00,0.00,XXX,33.4009
0418T,Interro eval cardiac modulj,C,0.00,0.00,0.00,XXX,33.4009
0419T,Dstrj neurofibroma xtnsv,C,0.00,0.00,0.00,XXX,33.4009
0420T,Dstrj neurofibroma xtnsv,C,0.00,0.00,0.00,XXX,33.4009
0422T,Tactile breast img uni/bi,C,0.00,0.00,0.00,XXX,33.4009
0437T,Impltj synth rnfcmt abdl wal,C,0.00,0.00,0.00,ZZZ,33.4009
0439T,Myocrd contrast prfuj echo,C,0.00,0.00,0.00,ZZZ,33.4009
0440T,Abltj perc uxtr/perph nrv,C,0.00,0.00,0.00,YYY,33.4009
0441T,Abltj perc lxtr/perph nrv,C,0.00,0.00,0.00,YYY,33.4009
0442T,Abltj perc plex/trncl nrv,C,0.00,0.00,0.00,YYY,33.4009
0443T,R-t spctrl alys prst8 tiss,C,0.00,0.00,0.00,ZZZ,33.4009
0444T,1st plmt drug elut oc ins,C,0.00,0.00,0.00,YYY,33.4009
0445T,Sbsqt plmt drug elut oc ins,C,0.00,0.00,0.00,YYY,33.4009
0446T,Insj impltbl glucose sensor,A,1.11,0.26,0.09,000,33.4009
0447T,Rmvl impltbl glucose sensor,A,1.31,0.30,0.08,000,33.4009
0448T,Remvl insj impltbl gluc sens,A,1.86,0.43,0.17,000,33.4009
0449T,Insj aqueous drain dev 1st,C,0.00,0.00,0.00,YYY,33.4009
0450T,Insj aqueous drain dev each,C,0.00,0.00,0.00,YYY,33.4009
0464T,Visual ep test for glaucoma,C,0.00,0.00,0.00,YYY,33.4009
0469T,Rta polarize scan oc scr bi,N,0.00,0.00,0.00,XXX,33.4009
0472T,Prgrmg io rta eltrd ra,C,0.00,0.00,0.00,XXX,33.4009
0473T,Reprgrmg io rta eltrd ra,C,0.00,0.00,0.00,XXX,33.4009
0474T,Insj aqueous drg dev io rsvr,C,0.00,0.00,0.00,XXX,33.4009
0479T,Fxjl abl lsr 1st 100 sq cm,C,0.00,0.00,0.00,000,33.4009
0480T,Fxjl abl lsr ea addl 100sqcm,C,0.00,0.00,0.00,ZZZ,33.4009
0481T,Njx autol wbc concentrate,C,0.00,0.00,0.00,000,33.4009
0483T,Tmvi percutaneous approach,C,0.00,0.00,0.00,000,33.4009
0484T,Tmvi transthoracic exposure,C,0.00,0.00,0.00,000,33.4009
0485T,Oct mid ear i&r unilateral,C,0.00,0.00,0.00,XXX,33.4009
0486T,Oct mid ear i&r bilateral,C,0.00,0.00,0.00,XXX,33.4009
0488T,Diabetes prev online/elec,C,0.00,0.00,0.00,XXX,33.4009
0489T,Regn cell tx scldr hands,C,0.00,0.00,0.00,000,33.4009
0490T,Regn cell tx scldr h mlt inj,C,0.00,0.00,0.00,000,33.4009
0494T,Prep & cannulj cdvr don lung,C,0.00,0.00,0.00,XXX,33.4009
0495T,Mntr cdvr don lng 1st 2 hrs,C,0.00,0.00,0.00,XXX,33.4009
0496T,Mntr cdvr don lng ea addl hr,C,0.00,0.00,0.00,ZZZ,33.4009
0500F,Initial prenatal care visit,M,0.00,0.00,0.00,XXX,33.4009
0501F,Prenatal flow sheet,I,0.00,0.00,0.00,XXX,33.4009
0502F,Subsequent prenatal care,I,0.00,0.00,0.00,XXX,33.4009
0503F,Postpartum care visit,I,0.00,0.00,0.00,XXX,33.4009
0505F,Hemodialysis plan docd,I,0.00,0.00,0.00,XXX,33.4009
0505T,Ev fempop artl revsc,C,0.00,0.00,0.00,YYY,33.4009
0506T,Mac pgmt opt dns meas hfp,C,0.00,0.00,0.00,XXX,33.4009
0507F,Periton dialysis plan docd,I,0.00,0.00,0.00,XXX,33.4009
0507T,Near ifr 2img mibmn glnd i&r,C,0.00,0.00,0.00,XXX,33.4009
0509F,Urine incon plan docd,M,0.00,0.00,0.00,XXX,33.4009
0509T,Pattern erg w/i&r,A,0.00,1.69,0.01,XXX,33.4009
0510T,Rmvl sinus tarsi implant,C,0.00,0.00,0.00,YYY,33.4009
0511T,Rmvl&rinsj sinus tarsi implt,C,0.00,0.00,0.00,YYY,33.4009
0512T,Esw integ wnd hlg 1st wnd,C,0.00,0.00,0.00,YYY,33.4009
0513F,Elev bp plan of care docd,M,0.00,0.00,0.00,XXX,33.4009
0513T,Esw integ wnd hlg ea addl,C,0.00,0.00,0.00,ZZZ,33.4009
0514F,Care plan hgb docd esa pt,I,0.00,0.00,0.00,XXX,33.4009
0515T,Insj wcs lv compl sys,C,0.00,0.00,0.00,YYY,33.4009
0516F,Anemia plan of care docd,I,0.00,0.00,0.00,XXX,33.4009
0516T,Insj wcs lv eltrd only,C,0.00,0.00,0.00,YYY,33.4009
0517F,Glaucoma plan of care docd,I,0.00,0.00,0.00,XXX,33.4009
0517T,Insj wcs lv both compnt pg,C,0.00,0.00,0.00,YYY,33.4009
0518F,Fall plan of care docd,M,0.00,0.00,0.00,XXX,33.4009
0518T,Rmvl pg wcs lv battery only,C,0.00,0.00,0.00,YYY,33.4009
0519F,Pland chemo docd b/4 txmnt,I,0.00,0.00,0.00,XXX,33.4009
0519T,Rmv&rplcmt pg wcs lv both,C,0.00,0.00,0.00,YYY,33.4009
0520F,Rad dos limts b/4 3d rad,M,0.00,0.00,0.00,XXX,33.4009
0520T,Rmv&rplcmt pg wcs lv battery,C,0.00,0.00,0.00,YYY,33.4009
0521F,Plan of care 4 pain docd,M,0.00,0.00,0.00,XXX,33.4009
0521T,Interrog dev eval wcs ip,C,0.00,0.00,0.00,XXX,33.4009
0522T,Prgrmg dev eval wcs ip,C,0.00,0.00,0.00,XXX,33.4009
0523T,Ntrapx c ffr w/3d funcjl map,C,0.00,0.00,0.00,ZZZ,33.4009
0524T,Ev cath dir chem abltj w/img,C,0.00,0.00,0.00,YYY,33.4009
0525F,Initial visit for episode,I,0.00,0.00,0.00,XXX,33.4009
0525T,Insj/rplcmt compl iims,C,0.00,0.00,0.00,YYY,33.4009
0526F,Subs visit for episode,M,0.00,0.00,0.00,XXX,33.4009
0526T,Insj/rplcmt iims eltrd only,C,0.00,0.00,0.00,YYY,33.4009
0527T,Insj/rplcmt iims implt mntr,C,0.00,0.00,0.00,YYY,33.4009
0528F,Rcmnd flw-up 10 yrs docd,I,0.00,0.00,0.00,XXX,33.4009
0528T,Prgrmg dev eval iims ip,C,0.00,0.00,0.00,XXX,33.4009
0529F,Intrvl 3/>yr pts clnscp docd,M,0.00,0.00,0.00,XXX,33.4009
0529T,Interrog dev eval iims ip,C,0.00,0.00,0.00,XXX,33.4009
0530T,Removal complete iims,C,0.00,0.00,0.00,YYY,33.4009
0531T,Removal iims electrode only,C,0.00,0.00,0.00,YYY,33.4009
0532T,Removal iims implt mntr only,C,0.00,0.00,0.00,YYY,33.4009
0535F,Dyspnea mngmnt plan docd,I,0.00,0.00,0.00,XXX,33.4009
0540F,Gluco mngmnt plan docd,M,0.00,0.00,0.00,XXX,33.4009
0541T,Myocardial imaging mcg,C,0.00,0.00,0.00,XXX,33.4009
0542T,Myocardial imaging mcg i&r,C,0.00,0.00,0.00,XXX,33.4009
0543T,Ta mv rpr w/artif chord tend,C,0.00,0.00,0.00,YYY,33.4009
0544T,Tcat mv annulus rcnstj,C,0.00,0.00,0.00,YYY,33.4009
0545F,Follow up care plan mdd docd,I,0.00,0.00,0.00,XXX,33.4009
0545T,Tcat tv annulus rcnstj,C,0.00,0.00,0.00,YYY,33.4009
0546T,Rf spectrsc ntraop mrgn asmt,C,0.00,0.00,0.00,YYY,33.4009
0547T,B1 matrl qual tst mcrind tib,C,0.00,0.00,0.00,XXX,33.4009
0550F,Cytopath report nongyn spcmn,I,0.00,0.00,0.00,XXX,33.4009
0551F,Cytopath report non routine,I,0.00,0.00,0.00,XXX,33.4009
0552T,Low-level laser therapy,C,0.00,0.00,0.00,YYY,33.4009
0554T,B1 str & fx rsk analysis,C,0.00,0.00,0.00,XXX,33.4009
0555F,Symptom mgmnt plan care docd,I,0.00,0.00,0.00,XXX,33.4009
0555T,B1 str&fx rsk transmis data,C,0.00,0.00,0.00,XXX,33.4009
0556F,Plan care lipid control docd,I,0.00,0.00,0.00,XXX,33.4009
0556T,B1 str & fx rsk assessment,C,0.00,0.00,0.00,XXX,33.4009
0557F,Plan caremng angnl symptdocd,I,0.00,0.00,0.00,XXX,33.4009
0557T,B1 str & fx rsk i&r,C,0.00,0.00,0.00,XXX,33.4009
0558T,Ct scan f/biomchn ct alys,C,0.00,0.00,0.00,XXX,33.4009
0559T,Antmc mdl 3d print 1st cmpnt,C,0.00,0.00,0.00,XXX,33.4009
0560T,Antmc mdl 3d print ea addl,C,0.00,0.00,0.00,ZZZ,33.4009
0561T,Antmc guide 3d print 1st gd,C,0.00,0.00,0.00,XXX,33.4009
0562T,Antmc guide 3d print ea addl,C,0.00,0.00,0.00,ZZZ,33.4009
0563T,Evac meibomian glnd heat bi,C,0.00,0.00,0.00,YYY,33.4009
0565T,Autol cell implt adps hrvg,C,0.00,0.00,0.00,YYY,33.4009
0566T,Autol cell implt adps njx,C,0.00,0.00,0.00,YYY,33.4009
0569T,Ttvr perq appr 1st prosth,C,0.00,0.00,0.00,YYY,33.4009
0570T,Ttvr perq ea addl prosth,C,0.00,0.00,0.00,ZZZ,33.4009
0571T,Insj/rplcmt icds ss eltrd,C,0.00,0.00,0.00,YYY,33.4009
0572T,Insertion ss dfb electrode,C,0.00,0.00,0.00,YYY,33.4009
0573T,Removal ss dfb electrode,C,0.00,0.00,0.00,YYY,33.4009
0574T,Repos prev ss impl dfb eltrd,C,0.00,0.00,0.00,YYY,33.4009
0575F,Hiv rna plan care docd,I,0.00,0.00,0.00,XXX,33.4009
0575T,Prgrmg dev eval icds ss ip,C,0.00,0.00,0.00,YYY,33.4009
0576T,Interrog dev eval icds ss ip,C,0.00,0.00,0.00,YYY,33.4009
0577T,Ephys eval icds ss,C,0.00,0.00,0.00,YYY,33.4009
0578T,Rem interrog dev icds phys,C,0.00,0.00,0.00,YYY,33.4009
0579T,Rem interrog dev icds tech,C,0.00,0.00,0.00,YYY,33.4009
0580F,Multidisciplinary care plan,I,0.00,0.00,0.00,XXX,33.4009
0580T,Rmvl ss impl dfb pg only,C,0.00,0.00,0.00,YYY,33.4009
0581F,Pt trnsfrd from anesth to cc,M,0.00,0.00,0.00,XXX,33.4009
0581T,Abltj mal brst tum perq crtx,C,0.00,0.00,0.00,YYY,33.4009
0582F,No trnsfr from anesth to cc,I,0.00,0.00,0.00,XXX,33.4009
0582T,Trurl abltj mal prst8 tiss,C,0.00,0.00,0.00,YYY,33.4009
0583F,Transfer care checklist used,M,0.00,0.00,0.00,XXX,33.4009
0583T,Tmpst auto tube dlvr sys,A,2.63,0.97,0.16,000,33.4009
0584F,No transfercare chklist used,I,0.00,0.00,0.00,XXX,33.4009
0584T,Perq islet cell transplant,C,0.00,0.00,0.00,YYY,33.4009
0585T,Laps islet cell transplant,C,0.00,0.00,0.00,YYY,33.4009
0586T,Open islet cell transplant,C,0.00,0.00,0.00,YYY,33.4009
0587T,Perq impltj/rplcmt isdns ptn,C,0.00,0.00,0.00,YYY,33.4009
0588T,Revision/removal isdns ptn,C,0.00,0.00,0.00,YYY,33.4009
0589T,Elec alys smpl prgrmg iins,C,0.00,0.00,0.00,YYY,33.4009
0590T,Elec alys cplx prgrmg iins,C,0.00,0.00,0.00,YYY,33.4009
0591T,Hlth&wb coaching indiv 1st,C,0.00,0.00,0.00,YYY,33.4009
0592T,Hlth&wb coaching indiv f-up,C,0.00,0.00,0.00,YYY,33.4009
0593T,Hlth&wb coaching group,C,0.00,0.00,0.00,YYY,33.4009
0594T,Osteot hum xtrnl lngth dev,C,0.00,0.00,0.00,YYY,33.4009
0596T,Temp fml iu vlv-pmp 1st insj,A,2.37,0.82,0.15,000,33.4009
0597T,Temp fml iu valve-pmp rplcmt,A,1.02,0.52,0.06,000,33.4009
0598T,R-t fluor wound img 1st site,C,0.00,0.00,0.00,YYY,33.4009
0599T,R-t fluor wound img ea addl,C,0.00,0.00,0.00,ZZZ,33.4009
0600T,Ablt ire 1+ o/t lv/prst8 prq,C,0.00,0.00,0.00,YYY,33.4009
0601T,Abltj ire 1+tumors open,C,0.00,0.00,0.00,YYY,33.4009
0602T,Transdermal gfr measurements,C,0.00,0.00,0.00,YYY,33.4009
0603T,Transdermal gfr monitoring,C,0.00,0.00,0.00,YYY,33.4009
0604T,Rem oct rta dev setup&educaj,C,0.00,0.00,0.00,YYY,33.4009
0605T,Rem oct rta techl sprt min 8,A,0.00,22.64,0.07,XXX,33.4009
0606T,Rem oct rta phys/qhp ea 30d,C,0.00,0.00,0.00,YYY,33.4009
0607T,Rem mntr pulm flu mntr setup,C,0.00,0.00,0.00,YYY,33.4009
0608T,Rem mntr pulm flu mntr alys,C,0.00,0.00,0.00,YYY,33.4009
0609T,Mrs disc pain acquisj data,C,0.00,0.00,0.00,YYY,33.4009
0610T,Mrs disc pain transmis data,C,0.00,0.00,0.00,YYY,33.4009
0611T,Mrs disc pain alg alys data,C,0.00,0.00,0.00,YYY,33.4009
0612T,Mrs discogenic pain i&r,C,0.00,0.00,0.00,YYY,33.4009
0613T,Perq tcat intratrl septl sht,C,0.00,0.00,0.00,YYY,33.4009
0614T,Rmvl&rplcmt ss impl dfb pg,C,0.00,0.00,0.00,YYY,33.4009
0615T,Auto alys binocular eye mvmt,C,0.00,0.00,0.00,YYY,33.4009
0620T,Evasc ven artlz tibl/prnl vn,C,0.00,0.00,0.00,YYY,33.4009
0621T,Trabeculostomy interno laser,C,0.00,0.00,0.00,YYY,33.4009
0622T,Trabeculostomy int lsr w/scp,C,0.00,0.00,0.00,YYY,33.4009
0627T,Perq njx algc fluor lmbr 1st,C,0.00,0.00,0.00,YYY,33.4009
0628T,Perq njx algc fluor lmbr ea,C,0.00,0.00,0.00,ZZZ,33.4009
0629T,Perq njx algc ct lmbr 1st,C,0.00,0.00,0.00,YYY,33.4009
0630T,Perq njx algc ct lmbr ea,C,0.00,0.00,0.00,ZZZ,33.4009
0632T,Perq tcat us abltj nrv p-art,C,0.00,0.00,0.00,YYY,33.4009
0633T,Ct breast w/3d uni c-,C,0.00,0.00,0.00,XXX,33.4009
0634T,Ct breast w/3d uni c+,C,0.00,0.00,0.00,XXX,33.4009
0635T,Ct breast w/3d uni c-/c+,C,0.00,0.00,0.00,XXX,33.4009
0636T,Ct breast w/3d bi c-,C,0.00,0.00,0.00,XXX,33.4009
0637T,Ct breast w/3d bi c+,C,0.00,0.00,0.00,XXX,33.4009
0638T,Ct breast w/3d bi c-/c+,C,0.00,0.00,0.00,XXX,33.4009
0639T,Wrls skn snr anisotropy meas,C,0.00,0.00,0.00,XXX,33.4009
0640T,Ncntc ifr spctrsc o/t pad 1,C,0.00,0.00,0.00,XXX,33.4009
0643T,Tcat l ventr rstrj dev implt,C,0.00,0.00,0.00,YYY,33.4009
0644T,Tcat rmvl/dblk icar mas perq,C,0.00,0.00,0.00,YYY,33.4009
0645T,Tcat impltj c sins rdctj dev,C,0.00,0.00,0.00,YYY,33.4009
0646T,Ttvi/rplcmt w/prstc vlv perq,C,0.00,0.00,0.00,YYY,33.4009
0647T,Insj gtube perq mag gastrpxy,C,0.00,0.00,0.00,YYY,33.4009
0648T,Quan mr tis wo mri 1orgn,C,0.00,0.00,0.00,XXX,33.4009
0649T,Quan mr tiss w/mri 1orgn,C,0.00,0.00,0.00,ZZZ,33.4009
0650T,Prgrmg dev eval scrms remote,C,0.00,0.00,0.00,XXX,33.4009
0651T,Mag ctrld capsule endoscopy,C,0.00,0.00,0.00,XXX,33.4009
0652T,Egd flx transnasal dx br/wa,C,0.00,0.00,0.00,YYY,33.4009
0653T,Egd flx transnasal bx 1/mlt,C,0.00,0.00,0.00,YYY,33.4009
0654T,Egd flx transnasal tube/cath,C,0.00,0.00,0.00,YYY,33.4009
0655T,Tprnl focal abltj mal prst8,C,0.00,0.00,0.00,YYY,33.4009
0656T,Ant lmbr vrt bdy teth <7 seg,C,0.00,0.00,0.00,YYY,33.4009
0657T,Ant lmbr vrt bdy teth 8+ seg,C,0.00,0.00,0.00,YYY,33.4009
0658T,Elec impd spectrsc 1+skn les,C,0.00,0.00,0.00,XXX,33.4009
0659T,Tcat intra-c nfs supersat o2,C,0.00,0.00,0.00,YYY,33.4009
0660T,Implt ant sgm io nbio rx sys,C,0.00,0.00,0.00,YYY,33.4009
0661T,Rmvl&rimpltj ant sgm implt,C,0.00,0.00,0.00,YYY,33.4009
0664T,Don hysterectomy open cdvr,N,0.00,0.00,0.00,XXX,33.4009
0665T,Don hysterectomy open liv,N,0.00,0.00,0.00,XXX,33.4009
0666T,Don hysterectomy laps liv,N,0.00,0.00,0.00,XXX,33.4009
0667T,Don hysterectomy rcp uter,N,0.00,0.00,0.00,XXX,33.4009
0668T,Bkbench prep don uter algrft,C,0.00,0.00,0.00,YYY,33.4009
0669T,Bkbench rcnstj don uter ven,C,0.00,0.00,0.00,YYY,33.4009
0670T,Bkbench rcnstj don uter artl,C,0.00,0.00,0.00,YYY,33.4009
0671T,Insj ant sgm aq drg dev 1+,C,0.00,0.00,0.00,YYY,33.4009
0672T,Ndovag cryg rf remdl tiss,C,0.00,0.00,0.00,YYY,33.4009
0673T,Abltj b9 thyr ndul perq lasr,C,0.00,0.00,0.00,YYY,33.4009
0674T,Laps insj nw/rpcmt prm isdss,C,0.00,0.00,0.00,YYY,33.4009
0675T,Laps insj nw/rpcmt isdss 1ld,C,0.00,0.00,0.00,YYY,33.4009
0676T,Laps insj nw/rpcmt isdss ea,C,0.00,0.00,0.00,ZZZ,33.4009
0677T,Laps repos lead isdss 1st ld,C,0.00,0.00,0.00,YYY,33.4009
0678T,Laps repos lead isdss ea add,C,0.00,0.00,0.00,ZZZ,33.4009
0679T,Laps rmvl lead isdss,C,0.00,0.00,0.00,YYY,33.4009
0680T,Insj/rplcmt pg only isdss,C,0.00,0.00,0.00,YYY,33.4009
0681T,Rlcj pulse gen only isdss,C,0.00,0.00,0.00,YYY,33.4009
0682T,Removal pulse gen only isdss,C,0.00,0.00,0.00,YYY,33.4009
0683T,Prgrmg dev eval isdss ip,C,0.00,0.00,0.00,XXX,33.4009
0684T,Peri-px dev eval isdss ip,C,0.00,0.00,0.00,XXX,33.4009
0685T,Interrog dev eval isdss ip,C,0.00,0.00,0.00,XXX,33.4009
0686T,Histotripsy mal hepatcel tis,C,0.00,0.00,0.00,YYY,33.4009
0687T,Tx amblyopia dev setup 1st,C,0.00,0.00,0.00,XXX,33.4009
0688T,Tx amblyopia assmt w/report,C,0.00,0.00,0.00,XXX,33.4009
0689T,Quan us tis charac w/o dx us,C,0.00,0.00,0.00,XXX,33.4009
0690T,Quan us tis charac w/dx us,C,0.00,0.00,0.00,ZZZ,33.4009
0691T,Auto alys xst ct std vrt fx,C,0.00,0.00,0.00,XXX,33.4009
0692T,Therapeutic ultrafiltration,C,0.00,0.00,0.00,YYY,33.4009
0693T,Compre ful bdy 3d mtn alys,C,0.00,0.00,0.00,XXX,33.4009
0694T,3d vol img&rcnstj brst/ax,C,0.00,0.00,0.00,XXX,33.4009
0695T,Bdy srf mpg pm/cvdfb tm impl,C,0.00,0.00,0.00,XXX,33.4009
0696T,Bdy surf mapg pm/cvdfb f/up,C,0.00,0.00,0.00,XXX,33.4009
0697T,Quan mr tis wo mri mlt orgn,C,0.00,0.00,0.00,XXX,33.4009
0698T,Quan mr tiss w/mri mlt orgn,C,0.00,0.00,0.00,ZZZ,33.4009
0699T,Njx pst chmbr eye medication,C,0.00,0.00,0.00,YYY,33.4009
0700T,Molec fluor img sus nev 1st,C,0.00,0.00,0.00,XXX,33.4009
0701T,Molec fluor img sus nev ea,C,0.00,0.00,0.00,ZZZ,33.4009
0704T,Rem tx amblyopia setup&edu,C,0.00,0.00,0.00,XXX,33.4009
0705T,Rem tx amblyopia tech sprt,C,0.00,0.00,0.00,XXX,33.4009
0706T,Rem tx amblyopia i&r phy/qhp,C,0.00,0.00,0.00,XXX,33.4009
0707T,Njx b1 sub mtrl sbchdrl dfct,C,0.00,0.00,0.00,YYY,33.4009
0708T,Id ca immntx prep & 1st njx,C,0.00,0.00,0.00,XXX,33.4009
0709T,Id ca immntx each addl njx,C,0.00,0.00,0.00,ZZZ,33.4009
0710T,N-invas artl plaq alys,C,0.00,0.00,0.00,XXX,33.4009
0711T,N-nvs artl plaq alys dat prp,C,0.00,0.00,0.00,XXX,33.4009
0712T,N-nvs artl plaq alys quan,C,0.00,0.00,0.00,XXX,33.4009
0713T,N-nvs artl plaq alys rvw i&r,C,0.00,0.00,0.00,XXX,33.4009
0714T,Tpla b9 prst8 hyprplsa<50ml,C,0.00,0.00,0.00,YYY,33.4009
0716T,Car acous wavfrm rec cad rsk,C,0.00,0.00,0.00,XXX,33.4009
0717T,Adrc ther prtl rc tear,C,0.00,0.00,0.00,YYY,33.4009
0718T,Adrc ther prtl rc tear njx,C,0.00,0.00,0.00,YYY,33.4009
0719T,Pst vrt jt rplcmt lmbr 1 sgm,C,0.00,0.00,0.00,YYY,33.4009
0721T,Quan ct tiss charac w/o ct,C,0.00,0.00,0.00,XXX,33.4009
0722T,Quan ct tiss charac w/ct,C,0.00,0.00,0.00,ZZZ,33.4009
0723T,Qmrcp w/o dx mri sm anat ses,C,0.00,0.00,0.00,XXX,33.4009
0724T,Qmrcp w/dx mri same anatomy,C,0.00,0.00,0.00,ZZZ,33.4009
0725T,Vestibular dev impltj uni,C,0.00,0.00,0.00,YYY,33.4009
0726T,Rmvl implt vstibular dev uni,C,0.00,0.00,0.00,YYY,33.4009
0727T,Rmvl&rplcmt implt vstblr dev,C,0.00,0.00,0.00,YYY,33.4009
0728T,Dx alys vstblr implt uni 1st,C,0.00,0.00,0.00,XXX,33.4009
0729T,Dx alys vstblr implt uni sbq,C,0.00,0.00,0.00,XXX,33.4009
0730T,Trabeculotomy lsr w/oct gdn,C,0.00,0.00,0.00,YYY,33.4009
0731T,Augmnt ai-based fcl phnt a/r,C,0.00,0.00,0.00,XXX,33.4009
0732T,Immntx admn electroporatn im,C,0.00,0.00,0.00,XXX,33.4009
0733T,Rem r-t mtn nrehab ther sply,C,0.00,0.00,0.00,XXX,33.4009
0734T,Rem r-t mtn nrehab tx mgmt,C,0.00,0.00,0.00,XXX,33.4009
0735T,Prep tum cav iort prim crnot,C,0.00,0.00,0.00,ZZZ,33.4009
0736T,Colonic lavage 35+l water,C,0.00,0.00,0.00,XXX,33.4009
0737T,Xenograft impltj artclr surf,C,0.00,0.00,0.00,YYY,33.4009
0738T,Tx pln mag fld abltj prst8,C,0.00,0.00,0.00,XXX,33.4009
0739T,Abltj mal prst8 mag fld ndct,C,0.00,0.00,0.00,YYY,33.4009
0740T,Rem auton alg nsln cal setup,C,0.00,0.00,0.00,XXX,33.4009
0741T,Rem auton alg nsln data coll,C,0.00,0.00,0.00,XXX,33.4009
0742T,Aqmbf spect xers/strs & rest,C,0.00,0.00,0.00,ZZZ,33.4009
0743T,B1 str & fx rsk vrt fx assmt,C,0.00,0.00,0.00,XXX,33.4009
0744T,Insj bioprostc vlv fem vn,C,0.00,0.00,0.00,YYY,33.4009
0745T,Car ablt rad arr n-invas loc,C,0.00,0.00,0.00,YYY,33.4009
0746T,Car ablt rad arr cnv loc map,C,0.00,0.00,0.00,XXX,33.4009
0747T,Car ablt rad arrhyt dlvr rad,C,0.00,0.00,0.00,XXX,33.4009
0748T,Njx stm cl prdct anl sft tis,C,0.00,0.00,0.00,YYY,33.4009
0749T,B1 str&fx rsk assmt dxr-bmd,N,0.00,0.00,0.00,XXX,33.4009
0750T,B1 str&fx rsk asmt dxrbmd1vw,N,0.00,0.00,0.00,XXX,33.4009
0751T,Dgtz gls mcrscp sld level ii,C,0.00,0.00,0.00,ZZZ,33.4009
0752T,Dgtz gls mcrscp sld lvl iii,C,0.00,0.00,0.00,ZZZ,33.4009
0753T,Dgtz gls mcrscp sld level iv,C,0.00,0.00,0.00,ZZZ,33.4009
0754T,Dgtz gls mcrscp sld level v,C,0.00,0.00,0.00,ZZZ,33.4009
0755T,Dgtz gls mcrscp sld level vi,C,0.00,0.00,0.00,ZZZ,33.4009
0756T,Dgtz gls mcrscp sld spc grpi,C,0.00,0.00,0.00,ZZZ,33.4009
0757T,Dgtz gls mcrscp sl spc grpii,C,0.00,0.00,0.00,ZZZ,33.4009
0758T,Dgtz gls mcrscp sl spc hchem,C,0.00,0.00,0.00,ZZZ,33.4009
0759T,Dgtz gls mcrscp sl sp grpiii,C,0.00,0.00,0.00,ZZZ,33.4009
0760T,Dgtz gls mcrscp sl imm 1st,C,0.00,0.00,0.00,ZZZ,33.4009
0761T,Dgtz gls mcrscp sl imm ea 1,C,0.00,0.00,0.00,ZZZ,33.4009
0762T,Dgtz gls mcrscp sl imm ea m,C,0.00,0.00,0.00,ZZZ,33.4009
0763T,Dgtz gls mcrscp mphmtrc alys,C,0.00,0.00,0.00,ZZZ,33.4009
0764T,Asstv alg ecg rsk asmt cncrt,C,0.00,0.00,0.00,ZZZ,33.4009
0765T,Asstv alg ecg rsk asmt prev,C,0.00,0.00,0.00,XXX,33.4009
0766T,Tc mag stimj pn 1st nerve,C,0.00,0.00,0.00,XXX,33.4009
0767T,Tc mag stimj pn ea addl nrv,C,0.00,0.00,0.00,ZZZ,33.4009
0770T,Vr technology assist therapy,C,0.00,0.00,0.00,ZZZ,33.4009
0771T,Vr px dissoc svc sm phy 1st,C,0.00,0.00,0.00,XXX,33.4009
0772T,Vr px dissoc svc sm phy ea,C,0.00,0.00,0.00,ZZZ,33.4009
0773T,Vr px dissoc svc oth phy 1st,C,0.00,0.00,0.00,XXX,33.4009
0774T,Vr px dissoc svc oth phy ea,C,0.00,0.00,0.00,ZZZ,33.4009
0776T,Ther indctj ntrabrn hypthrm,C,0.00,0.00,0.00,XXX,33.4009
0777T,R-t prs sensing edrl gdn sys,C,0.00,0.00,0.00,ZZZ,33.4009
0778T,Smmg cncrnt appl imu snr,C,0.00,0.00,0.00,XXX,33.4009
0779T,Gi myoelectrical actv study,C,0.00,0.00,0.00,XXX,33.4009
0780T,Instlj fecal microbiota ssp,C,0.00,0.00,0.00,000,33.4009
0781T,Brnchsc rf dstrj pulm nrv bi,C,0.00,0.00,0.00,YYY,33.4009
0782T,Brnchsc rf dstrj plm nrv uni,C,0.00,0.00,0.00,YYY,33.4009
0783T,Tc auriculr neurostimulation,C,0.00,0.00,0.00,XXX,33.4009
0784T,Ins/rplmt eltrd ra spi nstim,C,0.00,0.00,0.00,YYY,33.4009
0785T,Revj/rmvl nea spi w/nstim,C,0.00,0.00,0.00,YYY,33.4009
0786T,Insj/rplcmt prq ra sac nstim,C,0.00,0.00,0.00,YYY,33.4009
0787T,Revj/rmvl nea sac w/nstim,C,0.00,0.00,0.00,YYY,33.4009
0788T,Elec aly smp iins sp/sac nrv,C,0.00,0.00,0.00,XXX,33.4009
0789T,Elec aly cpx iins sp/sac nrv,C,0.00,0.00,0.00,XXX,33.4009
0790T,Revj rplcmt/rmvl vrt tethrg,C,0.00,0.00,0.00,YYY,33.4009
0791T,Motr cog vr gait train ea 15,C,0.00,0.00,0.00,ZZZ,33.4009
0792T,Appl slvr diamn fluoride 38%,N,0.00,0.00,0.00,XXX,33.4009
0793T,Prq tcat thrm ablt nrv p-art,C,0.00,0.00,0.00,YYY,33.4009
0794T,Pt spec alg rx-onc tx option,C,0.00,0.00,0.00,XXX,33.4009
0795T,Tcat ins 2chmbr ldls pm cmpl,C,0.00,0.00,0.00,YYY,33.4009
0796T,Tcat ins 2chmbr ldls pm ra,C,0.00,0.00,0.00,YYY,33.4009
0797T,Tcat ins 2chmbr ldls pm rv,C,0.00,0.00,0.00,YYY,33.4009
0798T,Tcat rmv 2chmbr ldls pm cmpl,C,0.00,0.00,0.00,YYY,33.4009
0799T,Tcat rmvl 2chmbr ldls pm ra,C,0.00,0.00,0.00,YYY,33.4009
0800T,Tcat rmvl 2chmbr ldls pm rv,C,0.00,0.00,0.00,YYY,33.4009
0801T,Tcat rmv&rpl 2chmbr ldls pm,C,0.00,0.00,0.00,YYY,33.4009
0802T,Tcat rmv&rpl2chmb ldls pm ra,C,0.00,0.00,0.00,YYY,33.4009
0803T,Tcat rmv&rpl2chmb ldls pm rv,C,0.00,0.00,0.00,YYY,33.4009
0804T,Prgrmg evl ldls pm 2chmbr ip,C,0.00,0.00,0.00,XXX,33.4009
0805T,Tcat s&/ivc prstc vl imp prq,C,0.00,0.00,0.00,YYY,33.4009
0806T,Tcat s&/ivc prstc vl imp opn,C,0.00,0.00,0.00,YYY,33.4009
0807T,Pulm tiss vntj alys prev ct,C,0.00,0.00,0.00,XXX,33.4009
0808T,Pulm tiss vntj alys w/ct,C,0.00,0.00,0.00,XXX,33.4009
0810T,Subrta njx rx agt w/vtrc,C,0.00,0.00,0.00,YYY,33.4009
0811T,Rem mlt day uroflow setup,C,0.00,0.00,0.00,XXX,33.4009
0812T,Rem mlt day uroflow dev sply,C,0.00,0.00,0.00,XXX,33.4009
0813T,Egd vol adjmt bariatric balo,C,0.00,0.00,0.00,YYY,33.4009
0814T,Prq njx biod osteo matrl fem,C,0.00,0.00,0.00,YYY,33.4009
0815T,Us rems b1 dns hips plvs/spi,C,0.00,0.00,0.00,XXX,33.4009
0816T,Opn insj/rplcmt ins ptn subq,C,0.00,0.00,0.00,YYY,33.4009
0817T,Opn insj/rplcmt ins ptn subf,C,0.00,0.00,0.00,YYY,33.4009
0818T,Revj/rmvl ins ptn subq,C,0.00,0.00,0.00,YYY,33.4009
0819T,Revj/rmvl ins ptn subf,C,0.00,0.00,0.00,YYY,33.4009
0820T,Mntr psychdlc med 1stphy/qhp,C,0.00,0.00,0.00,XXX,33.4009
0821T,Mntr psychdlc med 2ndphy/qhp,C,0.00,0.00,0.00,ZZZ,33.4009
0822T,Mntr psychdlc med cln staff,C,0.00,0.00,0.00,ZZZ,33.4009
0823T,Tcat ins 1chmbr ldls pm ra,C,0.00,0.00,0.00,YYY,33.4009
0824T,Tcat rmv 1chmbr ldls pm ra,C,0.00,0.00,0.00,YYY,33.4009
0825T,Tcat rmv&rpl1chmb ldls pm ra,C,0.00,0.00,0.00,YYY,33.4009
0826T,Prgrmg evl ldls pm 1chmbr ip,C,0.00,0.00,0.00,XXX,33.4009
0827T,Dgtz gls mcrscp cytp smears,C,0.00,0.00,0.00,ZZZ,33.4009
0828T,Dgtz gls mcrscp cytp smpl fl,C,0.00,0.00,0.00,ZZZ,33.4009
0829T,Dgtz gls mcrscp cytp conctrj,C,0.00,0.00,0.00,ZZZ,33.4009
0830T,Dgtz gls mcrscp cytp slctv,C,0.00,0.00,0.00,ZZZ,33.4009
0831T,Dgtz gls mcrscp cytp c/v,C,0.00,0.00,0.00,ZZZ,33.4009
0832T,Dgtz gls mcrscp cytp oth scr,C,0.00,0.00,0.00,ZZZ,33.4009
0833T,Dgtz gls mcrscp cytp oth prp,C,0.00,0.00,0.00,ZZZ,33.4009
0834T,Dgtz gls mcrscp cytp oth xtn,C,0.00,0.00,0.00,ZZZ,33.4009
0835T,Dgtz gls mcrscp fna 1st ea,C,0.00,0.00,0.00,ZZZ,33.4009
0836T,Dgtz gls mcrscp fna ea addl,C,0.00,0.00,0.00,ZZZ,33.4009
0837T,Dgtz gls mcrscp fna i&r,C,0.00,0.00,0.00,ZZZ,33.4009
0838T,Dgtz gls mcrscp cslt sld els,C,0.00,0.00,0.00,ZZZ,33.4009
0839T,Dgtz gls mcrscp cslt mat prp,C,0.00,0.00,0.00,ZZZ,33.4009
0840T,Dgtz gls mcrscp cslt compre,C,0.00,0.00,0.00,ZZZ,33.4009
0841T,Dgtz gls mcrscp pth cslt 1st,C,0.00,0.00,0.00,ZZZ,33.4009
0842T,Dgtz gls mcrscp pth cslt ea,C,0.00,0.00,0.00,ZZZ,33.4009
0843T,Dgtz gls mcrscp cslt cyt 1st,C,0.00,0.00,0.00,ZZZ,33.4009
0844T,Dgtz gls mcrscp cslt cyt ea,C,0.00,0.00,0.00,ZZZ,33.4009
0845T,Dgtz gls mcrscp imfluor 1st,C,0.00,0.00,0.00,ZZZ,33.4009
0846T,Dgtz gls mcrscp imfluor ea,C,0.00,0.00,0.00,ZZZ,33.4009
0847T,Dgtz gls mcrscp xm arch tiss,C,0.00,0.00,0.00,ZZZ,33.4009
0848T,Dgtz gls mcrscp ish 1st,C,0.00,0.00,0.00,ZZZ,33.4009
0849T,Dgtz gls mcrscp ish ea adl 1,C,0.00,0.00,0.00,ZZZ,33.4009
0850T,Dgtz gls mcrscp ish ea mult,C,0.00,0.00,0.00,ZZZ,33.4009
0851T,Dgtz gls mcrscp mphmtrc 1st,C,0.00,0.00,0.00,ZZZ,33.4009
0852T,Dgtz gls mcrscp mphmtrc ea 1,C,0.00,0.00,0.00,ZZZ,33.4009
0853T,Dgtz gls mcrscp mphmtrc ea m,C,0.00,0.00,0.00,ZZZ,33.4009
0854T,Dgtz gls mcrscp bld smr prph,C,0.00,0.00,0.00,ZZZ,33.4009
0855T,Dgtz gls mcrscp b1 marow smr,C,0.00,0.00,0.00,ZZZ,33.4009
0856T,Dgtz gls mcrscp electron mic,C,0.00,0.00,0.00,ZZZ,33.4009
0857T,Opto-acoustic img breast uni,C,0.00,0.00,0.00,ZZZ,33.4009
0858T,Ext trnscranl mag stimj meas,C,0.00,0.00,0.00,XXX,33.4009
0859T,Ncntc ifr spctrsc o/t pad ea,C,0.00,0.00,0.00,ZZZ,33.4009
0860T,Ncntc ifr spctrsc scr pad,N,0.00,0.00,0.00,XXX,33.4009
0861T,Rmvl pg wcs lv both compnt,C,0.00,0.00,0.00,YYY,33.4009
0862T,Rlcj pg wcs lv battery only,C,0.00,0.00,0.00,YYY,33.4009
0863T,Rlcj pg wcs lv trnsmtr only,C,0.00,0.00,0.00,YYY,33.4009
0864T,Low ntsty eswt corpus cvrnsm,C,0.00,0.00,0.00,XXX,33.4009
0865T,Quan mri alys brn w/o dx mri,C,0.00,0.00,0.00,XXX,33.4009
0866T,Quan mri alys brn w/dx mri,C,0.00,0.00,0.00,ZZZ,33.4009
0867T,Tpla b9 prst8 hyprplsa>=50ml,C,0.00,0.00,0.00,YYY,33.4009
0868T,Hi-res gastric ep mapping,C,0.00,0.00,0.00,XXX,33.4009
0869T,Njx b1 sub mtrl hw fixj aug,C,0.00,0.00,0.00,YYY,33.4009
0870T,Imp subq prtl ascts pmp sys,C,0.00,0.00,0.00,000,33.4009
0871T,Rplcmt subq prtl ascites pmp,C,0.00,0.00,0.00,000,33.4009
0872T,Rplcmt ndwllg bldr&prtl cath,C,0.00,0.00,0.00,000,33.4009
0873T,Revj subq prtl asct pmp sys,C,0.00,0.00,0.00,000,33.4009
0874T,Rmvl pertl ascites pmp sys,C,0.00,0.00,0.00,000,33.4009
0875T,Prgrm subq prtl asct pmp sys,C,0.00,0.00,0.00,XXX,33.4009
0876T,Duplex scan hemo fstl lmtd,C,0.00,0.00,0.00,XXX,33.4009
0877T,Augmnt alys ch ct ild w/o ct,C,0.00,0.00,0.00,XXX,33.4009
0878T,Augmnt alys ch ct ild w/ct,C,0.00,0.00,0.00,XXX,33.4009
0879T,Augmnt alys ch ct ild prep,C,0.00,0.00,0.00,XXX,33.4009
0880T,Augmnt alys ch ct ild i&r,C,0.00,0.00,0.00,XXX,33.4009
0881T,Cryotherapy oral cavity,C,0.00,0.00,0.00,YYY,33.4009
0882T,Intraop ther estim pn 1st,C,0.00,0.00,0.00,ZZZ,33.4009
0883T,Intraop ther estim pn ea,C,0.00,0.00,0.00,ZZZ,33.4009
0884T,Esphgsc flx 1st tndsc dilat,C,0.00,0.00,0.00,000,33.4009
0885T,Colsc flx 1st tndsc dilat,C,0.00,0.00,0.00,000,33.4009
0886T,Sgmdsc flx 1st tndsc dilat,C,0.00,0.00,0.00,000,33.4009
0887T,End-tidal ctrl inhaled anes,C,0.00,0.00,0.00,ZZZ,33.4009
0888T,Histotripsy mal renal tissue,C,0.00,0.00,0.00,YYY,33.4009
0889T,Prsnlz trgt dvl arhfcmrigtbs,C,0.00,0.00,0.00,000,33.4009
0890T,Arhfcmrigtbs 1st tx day,C,0.00,0.00,0.00,000,33.4009
0891T,Arhfcmrigtbs sbsq tx day,C,0.00,0.00,0.00,000,33.4009
0892T,Arhfcmrigtbs sbsq per tx day,C,0.00,0.00,0.00,000,33.4009
0893T,N-invas assmt bld oxygnation,C,0.00,0.00,0.00,XXX,33.4009
0894T,Cannulation liver allograft,C,0.00,0.00,0.00,XXX,33.4009
0895T,Connj lvr algrft prfu dev 1,C,0.00,0.00,0.00,XXX,33.4009
0896T,Connj lvr algrft prfu dev ea,C,0.00,0.00,0.00,ZZZ,33.4009
0897T,N-invas augmnt arrhyt alys,C,0.00,0.00,0.00,XXX,33.4009
0898T,N-invas prst8 cancer est map,C,0.00,0.00,0.00,XXX,33.4009
0899T,N-invas deter aqmbf aug cmr,C,0.00,0.00,0.00,ZZZ,33.4009
0900T,N-invas est aqmbf asstv cmr,C,0.00,0.00,0.00,ZZZ,33.4009
0901T,Plmt bone marrow smplg port,C,0.00,0.00,0.00,YYY,33.4009
0902T,Qtc ntrvl augmnt alg aly ecg,C,0.00,0.00,0.00,XXX,33.4009
0903T,Ecg alg 12 lead reduced i&r,C,0.00,0.00,0.00,XXX,33.4009
0904T,Ecg alg 12 ld rdcd trcg only,C,0.00,0.00,0.00,XXX,33.4009
0905T,Ecg alg 12 ld rdcd i&r only,C,0.00,0.00,0.00,XXX,33.4009
0906T,Coms ther 1st appl<=50 sq cm,C,0.00,0.00,0.00,XXX,33.4009
0907T,Coms ther ea addl<=50 sq cm,C,0.00,0.00,0.00,ZZZ,33.4009
0908T,Opn imp int nstm sys vgs nrv,C,0.00,0.00,0.00,YYY,33.4009
0909T,Rplcmt int nstim sys vgs nrv,C,0.00,0.00,0.00,YYY,33.4009
0910T,Rmvl int nstim sys vagus nrv,C,0.00,0.00,0.00,YYY,33.4009
0911T,Elec aly nstm sys vgs nrv wo,C,0.00,0.00,0.00,XXX,33.4009
0912T,Elec alys nstim sys vgs smpl,C,0.00,0.00,0.00,XXX,33.4009
0913T,Prq tcat ther rx ntrac balo1,C,0.00,0.00,0.00,000,33.4009
0914T,Prq tcat thr rx ntrc bal sep,C,0.00,0.00,0.00,ZZZ,33.4009
0915T,Insj perm ccm-d sys pg&eltrd,C,0.00,0.00,0.00,XXX,33.4009
0916T,Insj perm ccm-d sys pg only,C,0.00,0.00,0.00,XXX,33.4009
0917T,Insj perm ccm-d sys 1 lead,C,0.00,0.00,0.00,XXX,33.4009
0918T,Insj perm ccm-d sys dual ld,C,0.00,0.00,0.00,XXX,33.4009
0919T,Rmvl perm ccm-d sys pg only,C,0.00,0.00,0.00,XXX,33.4009
0920T,Rmvl perm ccm-d sys 1 pac ld,C,0.00,0.00,0.00,XXX,33.4009
0921T,Rmvl perm ccm-d sys 1 dfb ld,C,0.00,0.00,0.00,XXX,33.4009
0922T,Rmvl perm ccm-d sys dual ld,C,0.00,0.00,0.00,XXX,33.4009
0923T,Rmvl&rplcmt perm ccm-d pg,C,0.00,0.00,0.00,XXX,33.4009
0924T,Rpos prv ccm-d trnsvns eltrd,C,0.00,0.00,0.00,XXX,33.4009
0925T,Rlcj skin pocket ccm-d pg,C,0.00,0.00,0.00,YYY,33.4009
0926T,Prgrmg dev eval ccm-d ip,C,0.00,0.00,0.00,XXX,33.4009
0927T,Interrog dev eval ccm-d ip,C,0.00,0.00,0.00,XXX,33.4009
0928T,Rem interrog dev ccm-d phys,C,0.00,0.00,0.00,XXX,33.4009
0929T,Rem interrog dev ccm-d tech,C,0.00,0.00,0.00,XXX,33.4009
0930T,Ephys eval ccm-d ld 1st impl,C,0.00,0.00,0.00,000,33.4009
0931T,Ephys eval ccm-d ld separate,C,0.00,0.00,0.00,000,33.4009
0932T,N-invs det hrt fail aug echo,C,0.00,0.00,0.00,XXX,33.4009
0933T,Tcat impl wrls l atr prs snr,C,0.00,0.00,0.00,YYY,33.4009
0934T,Rem mntr wrls l atr prs snr,C,0.00,0.00,0.00,XXX,33.4009
0935T,Cysto w/rnl pel symp dnrvtj,C,0.00,0.00,0.00,000,33.4009
0936T,Photobiomodulation ther rta,C,0.00,0.00,0.00,YYY,33.4009
0937T,Xtrnl ecg rec>15d<30d,C,0.00,0.00,0.00,XXX,33.4009
0938T,Xtrnl ecg rec>15d<30d rec,C,0.00,0.00,0.00,XXX,33.4009
0939T,Xtrnl ecg rec>15d<30d scan,C,0.00,0.00,0.00,XXX,33.4009
0940T,Xtrnl ecg rec>15d<30d r&i,C,0.00,0.00,0.00,XXX,33.4009
0941T,Cysto flx ins&xpns urtl scaf,C,0.00,0.00,0.00,000,33.4009
0942T,Cysto flx rmv&rplc urtl scaf,C,0.00,0.00,0.00,000,33.4009
0943T,Cysto flx rmvl urtl scaffold,C,0.00,0.00,0.00,000,33.4009
0944T,3d cntr simula trgt lvr les,C,0.00,0.00,0.00,XXX,33.4009
0945T,Intraop assmt abnl tum tiss,C,0.00,0.00,0.00,ZZZ,33.4009
0946T,Ortho impl mvmt alys pair ct,C,0.00,0.00,0.00,XXX,33.4009
0947T,Mrgfus strtctc bl-br disrpj,C,0.00,0.00,0.00,XXX,33.4009
0948T,Rem interrog dev ccm phys,C,0.00,0.00,0.00,XXX,33.4009
0949T,Rem interrog dev ccm tech,C,0.00,0.00,0.00,XXX,33.4009
0950T,Abltj b9 prst8 tissue hifu,C,0.00,0.00,0.00,YYY,33.4009
0951T,Tot impl amei 1st plmt,N,0.00,0.00,0.00,XXX,33.4009
0952T,Tot impl amei rev/rplc mstdc,N,0.00,0.00,0.00,XXX,33.4009
0953T,Tot impl amei rev/rplc w/o,N,0.00,0.00,0.00,XXX,33.4009
0954T,Tot impl amei rplc snd proc,N,0.00,0.00,0.00,XXX,33.4009
0955T,Tot impl amei removal,N,0.00,0.00,0.00,XXX,33.4009
0956T,Prt crn ch cr&tun elt s-sclp,C,0.00,0.00,0.00,YYY,33.4009
0957T,Rev s-sclp eltr ra rcvr&tlmt,C,0.00,0.00,0.00,YYY,33.4009
0958T,Rmv s-sclp eltr ra rcvr&tlmt,C,0.00,0.00,0.00,YYY,33.4009
0959T,Rmv/rplc magnet coil assem,C,0.00,0.00,0.00,YYY,33.4009
0960T,Rpl s-sclp eltr ra rcvr&tlmt,C,0.00,0.00,0.00,YYY,33.4009
0961T,Shortwave ifr radiation img,C,0.00,0.00,0.00,ZZZ,33.4009
0962T,Asstv alg alys acous&ecg rec,C,0.00,0.00,0.00,XXX,33.4009
0963T,Anosc sbmcsl njx bulking agt,C,0.00,0.00,0.00,YYY,33.4009
0964T,I&cust prep jaw xpnsj 1arch,C,0.00,0.00,0.00,YYY,33.4009
0965T,I&cst prp jw xpn dl arch non,C,0.00,0.00,0.00,YYY,33.4009
0966T,I&cst prp jw xpn dl arch fxd,C,0.00,0.00,0.00,YYY,33.4009
0967T,Tranal ins tmp clrc anst dev,C,0.00,0.00,0.00,YYY,33.4009
0968T,Insj/rplcmt epcrnl nstim sys,C,0.00,0.00,0.00,YYY,33.4009
0969T,Removal epicranial nstim sys,C,0.00,0.00,0.00,YYY,33.4009
0970T,Ablt b9 brst tum perq lsr ea,C,0.00,0.00,0.00,YYY,33.4009
0971T,Ablt mal brst tum pq lsr uni,C,0.00,0.00,0.00,YYY,33.4009
0972T,Asstv alg clsfctn burn hlg,C,0.00,0.00,0.00,XXX,33.4009
0973T,Slctv nzmtc dbrdmt t/a/l 1st,C,0.00,0.00,0.00,XXX,33.4009
0974T,Slctv nzmtc dbrdmt t/a/l ea,C,0.00,0.00,0.00,ZZZ,33.4009
0975T,Slctv nzmtc dbrdmt s/n/hf 1,C,0.00,0.00,0.00,XXX,33.4009
0976T,Slctv nzmtc dbrdmt s/n/hf ea,C,0.00,0.00,0.00,ZZZ,33.4009
0977T,Upr gi bld detcj snr capsule,C,0.00,0.00,0.00,XXX,33.4009
0978T,Submucosal cryolysis therapy,C,0.00,0.00,0.00,YYY,33.4009
0979T,Sbmcsl crylys ther sft palt,C,0.00,0.00,0.00,YYY,33.4009
0980T,Sbmcsl crylys ther tng&tnsl,C,0.00,0.00,0.00,YYY,33.4009
0981T,Tcat impl wrls ivc snr,C,0.00,0.00,0.00,YYY,33.4009
0982T,Rem mntr impl ivc snr set-up,C,0.00,0.00,0.00,XXX,33.4009
0983T,Rem mntr impl ivc snr phys,C,0.00,0.00,0.00,XXX,33.4009
0984T,Iv img xtrc cere vsl oct 1st,C,0.00,0.00,0.00,ZZZ,33.4009
0985T,Iv img xtrc cere vsl oct ea,C,0.00,0.00,0.00,ZZZ,33.4009
0986T,Iv img icr cere vsl oct 1st,C,0.00,0.00,0.00,ZZZ,33.4009
0987T,Iv img icr cere vsl oct ea,C,0.00,0.00,0.00,ZZZ,33.4009
0988T,Opn ins/rplc ins ptn sbq&sbf,C,0.00,0.00,0.00,YYY,33.4009
0989T,Revj/rmvl ins ptn subq&subf,C,0.00,0.00,0.00,YYY,33.4009
0990T,Trncrv inst biod hydrgl mtrl,C,0.00,0.00,0.00,000,33.4009
0991T,Cysto lo-nrg lithtrp&mcrsphr,C,0.00,0.00,0.00,000,33.4009
0992T,N-invas assmt car rsk w/o ct,C,0.00,0.00,0.00,XXX,33.4009
0993T,N-invas assmt car rsk w/ct,C,0.00,0.00,0.00,ZZZ,33.4009
0994T,Evasc dlvr a-wal stbl rx prq,C,0.00,0.00,0.00,YYY,33.4009
0995T,Evasc dlvr a-wal stbl rx opn,C,0.00,0.00,0.00,YYY,33.4009
0996T,Ins&sclr fix caps bag prosth,C,0.00,0.00,0.00,YYY,33.4009
0997T,Precuneus mag stimj tx plng,C,0.00,0.00,0.00,000,33.4009
0998T,Precuneus mag stimj tx dlvr,C,0.00,0.00,0.00,000,33.4009
0999T,Autol musc cell therapy hrvg,C,0.00,0.00,0.00,YYY,33.4009
10004,Fna bx w/o img gdn ea addl,A,0.78,0.19,0.13,ZZZ,33.4009
10008,Fna bx w/fluor gdn ea addl,A,1.15,0.11,0.15,ZZZ,33.4009
1000F,Tobacco use assessed,I,0.00,0.00,0.00,XXX,33.4009
1000T,Autol musc cell therapy admn,C,0.00,0.00,0.00,YYY,33.4009
10012,Fna bx w/mr gdn ea addl,C,0.00,0.00,0.00,ZZZ,33.4009
1001T,Autol musc cell therapy njx,C,0.00,0.00,0.00,YYY,33.4009
1002F,Assess anginal symptom/level,I,0.00,0.00,0.00,XXX,33.4009
1002T,Air displacmnt plethysmograp,C,0.00,0.00,0.00,XXX,33.4009
10030,Img gid flu coll drg sft tis,A,2.68,0.51,0.35,000,33.4009
10035,Plmt sft tiss loclzj dev 1st,A,1.66,0.30,0.17,000,33.4009
10036,Plmt sft tiss loclzj dev ea,A,0.83,0.16,0.11,ZZZ,33.4009
1003F,Level of activity assess,I,0.00,0.00,0.00,XXX,33.4009
1003T,Arthrp 1st crp/mtcrpl prostc,C,0.00,0.00,0.00,YYY,33.4009
1004F,Clin symp vol ovrld assess,I,0.00,0.00,0.00,XXX,33.4009
1004T,Elec alys s-scl eeg wo prgrm,C,0.00,0.00,0.00,XXX,33.4009
1005F,Asthma symptoms evaluate,I,0.00,0.00,0.00,XXX,33.4009
1005T,Elec alys s-scl eeg prgr 1st,C,0.00,0.00,0.00,XXX,33.4009
1006F,Osteoarthritis assess,I,0.00,0.00,0.00,XXX,33.4009
1006T,Elec alys s-scl eeg prgrm ea,C,0.00,0.00,0.00,ZZZ,33.4009
1007F,Anti-inflm/anlgsc otc assess,I,0.00,0.00,0.00,XXX,33.4009
1007T,Eeg impl s-sclp eeg w/o vid,C,0.00,0.00,0.00,XXX,33.4009
1008F,Gi/renal risk assess,I,0.00,0.00,0.00,XXX,33.4009
1008T,Rem mntr s-scl eeg sys setup,C,0.00,0.00,0.00,XXX,33.4009
1009T,Rem mntr s-sclp cont eeg sys,C,0.00,0.00,0.00,XXX,33.4009
1010F,Severity angina by actvty,I,0.00,0.00,0.00,XXX,33.4009
1010T,Cptr oph alys monoc eye mvmt,C,0.00,0.00,0.00,XXX,33.4009
1011F,Angina present,I,0.00,0.00,0.00,XXX,33.4009
1011T,Pbm therapy of oral cavity,C,0.00,0.00,0.00,XXX,33.4009
1012F,Angina absent,I,0.00,0.00,0.00,XXX,33.4009
1012T,Mtrz ab ntrno trph scl/tr mw,C,0.00,0.00,0.00,YYY,33.4009
1013T,Lap srg imp/rpl eso nea&pg/r,C,0.00,0.00,0.00,YYY,33.4009
1014T,Lap rv/rmv eso sph nstm eltr,C,0.00,0.00,0.00,YYY,33.4009
1015F,Copd symptoms assess,I,0.00,0.00,0.00,XXX,33.4009
1015T,Rev/rmv lw esoph sphnc npg/r,C,0.00,0.00,0.00,YYY,33.4009
1016T,Elec alys npgs esoph intraop,C,0.00,0.00,0.00,XXX,33.4009
1017T,Elec aly npgs esoph sbsq w/o,C,0.00,0.00,0.00,XXX,33.4009
1018F,Assess dyspnea not present,I,0.00,0.00,0.00,XXX,33.4009
1018T,Elec alys npgs esoph sbsq w/,C,0.00,0.00,0.00,XXX,33.4009
1019F,Assess dyspnea present,I,0.00,0.00,0.00,XXX,33.4009
1019T,Lymphovenous bypass per xtr,C,0.00,0.00,0.00,YYY,33.4009
1020T,Raman spectroscopy 1+skn les,C,0.00,0.00,0.00,XXX,33.4009
1021T,Active thrc irrigation spx,C,0.00,0.00,0.00,000,33.4009
1022F,Pneumo imm status assess,I,0.00,0.00,0.00,XXX,33.4009
1022T,Prq tis dsplmt ntra-abdl/pel,C,0.00,0.00,0.00,ZZZ,33.4009
1023T,Prq tis dsplmt intrathoracic,C,0.00,0.00,0.00,ZZZ,33.4009
1024T,Perq tiss dsplmt soft tissue,C,0.00,0.00,0.00,ZZZ,33.4009
1025T,Alt elec fld dos&dlv sim mdl,C,0.00,0.00,0.00,XXX,33.4009
1026F,Co-morbid condition assess,I,0.00,0.00,0.00,XXX,33.4009
1026T,Trvg lsr photobiom ther plvs,C,0.00,0.00,0.00,YYY,33.4009
1027T,Prq ins/rplc nstm cth vnt pt,C,0.00,0.00,0.00,YYY,33.4009
1028T,Map&prgr nstm cth vent repos,C,0.00,0.00,0.00,XXX,33.4009
1029T,Map&prg nstm cth vnt wo rpos,C,0.00,0.00,0.00,XXX,33.4009
1030F,Influenza imm status assess,I,0.00,0.00,0.00,XXX,33.4009
1030T,Crtj dig 3d mdl surf mesh 1,C,0.00,0.00,0.00,XXX,33.4009
1031F,Smoking & 2nd hand assessed,I,0.00,0.00,0.00,XXX,33.4009
1031T,Crtj dig 3d mdl surf mesh ea,C,0.00,0.00,0.00,ZZZ,33.4009
1032F,Smoker/exposed 2nd hnd smoke,I,0.00,0.00,0.00,XXX,33.4009
1032T,Crtj dig 3d mdl mesh&sim 1,C,0.00,0.00,0.00,XXX,33.4009
1033F,Tobacco nonsmoker nor 2ndhnd,I,0.00,0.00,0.00,XXX,33.4009
1033T,Crtj dig 3d mdl mesh&sim ea,C,0.00,0.00,0.00,ZZZ,33.4009
1034F,Current tobacco smoker,I,0.00,0.00,0.00,XXX,33.4009
1034T,Crt dig 3d mdl msh sim&aly 1,C,0.00,0.00,0.00,XXX,33.4009
1035F,Smokeless tobacco user,I,0.00,0.00,0.00,XXX,33.4009
1035T,Crt dig 3dmdl msh sim&aly ea,C,0.00,0.00,0.00,ZZZ,33.4009
1036F,Tobacco non-user,M,0.00,0.00,0.00,XXX,33.4009
1036T,N-invas hemodyn asmt plm prs,C,0.00,0.00,0.00,XXX,33.4009
1037T,Histotripsy mal pncrtc tiss,C,0.00,0.00,0.00,YYY,33.4009
1038F,Persistent asthma,M,0.00,0.00,0.00,XXX,33.4009
1038T,Autol musc cll ther njx tong,C,0.00,0.00,0.00,XXX,33.4009
1039F,Intermittent asthma,M,0.00,0.00,0.00,XXX,33.4009
1039T,Connectomic alys prv brn mri,C,0.00,0.00,0.00,XXX,33.4009
1040F,Dsm-5 info mdd docd,I,0.00,0.00,0.00,XXX,33.4009
1040T,Brnchsc flx brncl crtx 1 lng,C,0.00,0.00,0.00,YYY,33.4009
1041T,Augmnt alg alys enceph wvfrm,C,0.00,0.00,0.00,XXX,33.4009
1042T,Impl absrb uro scaff prstatc,C,0.00,0.00,0.00,ZZZ,33.4009
1043T,Quan mr alys liver tiss 1/+,C,0.00,0.00,0.00,XXX,33.4009
1044T,Hrv fth autol htro skn grf 1,C,0.00,0.00,0.00,YYY,33.4009
1045T,Hrv fth autl htro skn grf ea,C,0.00,0.00,0.00,ZZZ,33.4009
1046T,Autol htro grf appl t/a/l 1,C,0.00,0.00,0.00,YYY,33.4009
1047T,Autol htro grf appl t/a/l ea,C,0.00,0.00,0.00,ZZZ,33.4009
1048T,Autol htro grf appl f-dgt 1,C,0.00,0.00,0.00,YYY,33.4009
1049T,Autol htro grf appl f-dgt ea,C,0.00,0.00,0.00,ZZZ,33.4009
1050F,History of mole changes,I,0.00,0.00,0.00,XXX,33.4009
1050T,Ins subq hrt fail dcomp mntr,C,0.00,0.00,0.00,000,33.4009
1051T,Rmv subq hrt fail dcomp mntr,C,0.00,0.00,0.00,000,33.4009
1052F,Type location activityassess,I,0.00,0.00,0.00,XXX,33.4009
1052T,Interg sbq hrt fail dcm mntr,C,0.00,0.00,0.00,XXX,33.4009
1053T,Prgrmg sbq hrt fail dcm mntr,C,0.00,0.00,0.00,XXX,33.4009
1055F,Visual funct status assess,I,0.00,0.00,0.00,XXX,33.4009
1060F,Doc perm/cont/parox atr fib,I,0.00,0.00,0.00,XXX,33.4009
1061F,Doc lack perm&cont&parox fib,I,0.00,0.00,0.00,XXX,33.4009
1065F,Ischm stroke symp lt3 hrsb/4,I,0.00,0.00,0.00,XXX,33.4009
1066F,Ischm stroke sx onset>=3hr,I,0.00,0.00,0.00,XXX,33.4009
1070F,Alarm symp assessed-absent,I,0.00,0.00,0.00,XXX,33.4009
1071F,Alarm symp assessed-1+ prsnt,I,0.00,0.00,0.00,XXX,33.4009
1090F,Pres/absn urine incon assess,M,0.00,0.00,0.00,XXX,33.4009
1091F,Urine incon characterized,I,0.00,0.00,0.00,XXX,33.4009
11004,Dbrdmt skin xtrnl gent&per,A,10.53,2.46,2.12,000,33.4009
11005,Dbrdmt skin abdominal wall,A,13.88,3.41,3.45,000,33.4009
11006,Dbrdmt skin xtrnl gent per,A,12.77,3.09,2.82,000,33.4009
11008,Rmv prstc mtrl/mesh abd wall,A,4.88,1.19,1.25,ZZZ,33.4009
1100F,Ptfalls assess-docd ge2>/yr,M,0.00,0.00,0.00,XXX,33.4009
1101F,Pt falls assess-docd le1/yr,I,0.00,0.00,0.00,XXX,33.4009
1110F,Pt lft inpt fac w/in 60 days,I,0.00,0.00,0.00,XXX,33.4009
1111F,Dschrg med/current med merge,I,0.00,0.00,0.00,XXX,33.4009
1116F,Auric/peri pain assessed,I,0.00,0.00,0.00,XXX,33.4009
1118F,Gerd symps assessed 12 month,I,0.00,0.00,0.00,XXX,33.4009
1119F,Init eval for condition,I,0.00,0.00,0.00,XXX,33.4009
1121F,Subs eval for condition,I,0.00,0.00,0.00,XXX,33.4009
1123F,Acp discuss/dscn mkr docd,M,0.00,0.00,0.00,XXX,33.4009
1124F,Acp discuss-no dscnmkr docd,M,0.00,0.00,0.00,XXX,33.4009
1125F,Amnt pain noted pain prsnt,M,0.00,0.00,0.00,XXX,33.4009
1126F,Amnt pain noted none prsnt,M,0.00,0.00,0.00,XXX,33.4009
1127F,New episode for condition,I,0.00,0.00,0.00,XXX,33.4009
1128F,Subs episode for condition,I,0.00,0.00,0.00,XXX,33.4009
1130F,Bk pain & fxn assessed,I,0.00,0.00,0.00,XXX,33.4009
1134F,Epsd bk pain for 6 wks/<,I,0.00,0.00,0.00,XXX,33.4009
1135F,Epsd bk pain for >6 wks,I,0.00,0.00,0.00,XXX,33.4009
1136F,Epsd bk pain for 12 wks/<,I,0.00,0.00,0.00,XXX,33.4009
1137F,Epsd bk pain for >12 wks,I,0.00,0.00,0.00,XXX,33.4009
11450,Exc skn hdrdnt ax smpl/ntrm,A,3.14,3.77,0.72,090,33.4009
11451,Exc skn hdrdnt ax complex,A,4.32,4.26,1.00,090,33.4009
11462,Exc skn hdrdnt ing smpl/ntrm,A,2.93,3.70,0.64,090,33.4009
11463,Exc skn hdrdnt ing complex,A,4.32,4.25,0.88,090,33.4009
11470,Exc skn h/p/p/u smpl/ntrm,A,3.65,3.97,0.79,090,33.4009
11471,Exc skn h/p/p/u complex,A,4.77,4.24,0.92,090,33.4009
1150F,Doc pt rsk death w/in 1yr,I,0.00,0.00,0.00,XXX,33.4009
1151F,Doc no pt rsk death w/in 1yr,I,0.00,0.00,0.00,XXX,33.4009
1152F,Doc advncd dis comfort 1st,I,0.00,0.00,0.00,XXX,33.4009
1153F,Doc advncd dis cmfrt not 1st,I,0.00,0.00,0.00,XXX,33.4009
1157F,Advnc care plan in rcrd,I,0.00,0.00,0.00,XXX,33.4009
1158F,Advnc care plan tlk docd,I,0.00,0.00,0.00,XXX,33.4009
1159F,Med list docd in rcrd,I,0.00,0.00,0.00,XXX,33.4009
1160F,Rvw meds by rx/dr in rcrd,I,0.00,0.00,0.00,XXX,33.4009
1170F,Fxnl status assessed,M,0.00,0.00,0.00,XXX,33.4009
11720,Debride nail 1-5,A,0.31,0.04,0.03,000,33.4009
11721,Debride nail 6 or more,A,0.53,0.06,0.05,000,33.4009
1175F,Function stat assessed rvwd,I,0.00,0.00,0.00,XXX,33.4009
11771,Exc pilonidal cyst xtnsv,A,5.94,5.86,1.43,090,33.4009
11772,Exc pilonidal cyst comp,A,7.17,8.30,1.70,090,33.4009
1180F,Thromboemb risk assessed,I,0.00,0.00,0.00,XXX,33.4009
1181F,Neuropsychia sympts assessed,I,0.00,0.00,0.00,XXX,33.4009
1182F,Neuropsychi sympt 1+present,I,0.00,0.00,0.00,XXX,33.4009
1183F,Neuropsychiatric symp absent,I,0.00,0.00,0.00,XXX,33.4009
11900,Inject skin lesions </w 7,A,0.51,0.16,0.05,000,33.4009
11901,Inject skin lesions >7,A,0.78,0.24,0.07,000,33.4009
11920,Correct skin color 6.0 cm/<,R,1.57,1.22,0.28,000,33.4009
11921,Correct skn color 6.1-20.0cm,R,1.88,1.24,0.35,000,33.4009
11922,Correct skin color ea 20.0cm,R,0.48,0.17,0.08,ZZZ,33.4009
11950,Subq njx filling matrl 1cc/<,R,0.82,0.36,0.15,000,33.4009
11951,Subq njx fil matrl 1.1-5.0cc,R,1.16,0.49,0.21,000,33.4009
11952,Subq njx fil matrl 5.1-10cc,R,1.65,0.67,0.30,000,33.4009
11954,Subq njx fil matrl>10.0 cc,R,1.80,0.73,0.35,000,33.4009
11960,Insert tissue expander(s),A,11.20,15.21,1.98,090,33.4009
11970,Rplcmt tiss xpndr perm implt,A,7.30,6.84,1.35,090,33.4009
11971,Rmvl tis xpndr wo insj implt,A,6.84,7.32,1.28,090,33.4009
11976,Remove contraceptive capsule,R,1.74,0.36,0.30,000,33.4009
11980,Implant hormone pellet(s),A,1.07,0.23,0.15,000,33.4009
11981,Insertion drug dlvr implant,A,1.11,0.32,0.21,000,33.4009
11982,Remove drug implant device,A,1.31,0.35,0.23,000,33.4009
11983,Remove/insert drug implant,A,1.86,0.46,0.34,000,33.4009
1200F,Seizure type& frequ docd,I,0.00,0.00,0.00,XXX,33.4009
1205F,Epi etiol synd rvwd and docd,I,0.00,0.00,0.00,XXX,33.4009
1220F,Pt screened for depression,I,0.00,0.00,0.00,XXX,33.4009
1400F,Prkns diag rviewed,I,0.00,0.00,0.00,XXX,33.4009
1450F,Symptoms improved/consist,I,0.00,0.00,0.00,XXX,33.4009
1451F,Sympt show clin import drop,I,0.00,0.00,0.00,XXX,33.4009
1460F,Qual card diag prior 12 mons,M,0.00,0.00,0.00,XXX,33.4009
1461F,No qual card diag prior12mon,M,0.00,0.00,0.00,XXX,33.4009
1490F,Dem severity classified mild,I,0.00,0.00,0.00,XXX,33.4009
1491F,Dem severity classified mod,I,0.00,0.00,0.00,XXX,33.4009
1493F,Dem severity class severe,I,0.00,0.00,0.00,XXX,33.4009
1494F,Cognit assessed and reviewed,I,0.00,0.00,0.00,XXX,33.4009
1500F,Symptom&sign symm polyneuro,I,0.00,0.00,0.00,XXX,33.4009
15011,Hrv skn cll ssp agrft 1st 25,C,0.00,0.00,0.00,000,33.4009
15012,Hrv skn cll ssp agrft ea add,C,0.00,0.00,0.00,ZZZ,33.4009
15013,Prepj skn cll ssp agrft 1st,C,0.00,0.00,0.00,XXX,33.4009
15014,Prepj skn cll ssp agrft ea,C,0.00,0.00,0.00,ZZZ,33.4009
15015,App skn cl ssp agrft t/a/l 1,C,0.00,0.00,0.00,090,33.4009
15016,App skn cl ssp agrf t/a/l ea,C,0.00,0.00,0.00,ZZZ,33.4009
15017,App skn cll ssp f/n/g/hf 1st,C,0.00,0.00,0.00,090,33.4009
15018,App skn cll ssp f/n/g/hf ea,C,0.00,0.00,0.00,ZZZ,33.4009
1501F,Not initial eval for cond,I,0.00,0.00,0.00,XXX,33.4009
1502F,Pt queried pain fxn w/ instr,I,0.00,0.00,0.00,XXX,33.4009
1503F,Pt queried symp resp insuff,I,0.00,0.00,0.00,XXX,33.4009
1504F,Pt has resp insufficiency,I,0.00,0.00,0.00,XXX,33.4009
1505F,Pt has no resp insufficiency,I,0.00,0.00,0.00,XXX,33.4009
15156,Tis clt agrft f/s/n/h/f/g ad,A,2.68,0.65,0.71,ZZZ,33.4009
15157,Tis clt agrft f/s/n/h/f/g ea,A,2.93,0.71,0.79,ZZZ,33.4009
15576,Pedicle e/n/e/l/ntroral,A,9.14,6.60,1.13,090,33.4009
15620,Delay flap f/c/c/n/ax/g/h/f,A,3.66,4.88,0.58,090,33.4009
15630,Delay flap eye/nos/ear/lip,A,3.98,4.80,0.54,090,33.4009
15730,Mdfc flap w/prsrv vasc pedcl,A,13.16,8.77,1.49,090,33.4009
15769,Grfg autol soft tiss dir exc,A,6.51,5.77,1.33,090,33.4009
15771,Grfg autol fat lipo 50 cc/<,A,6.56,6.39,1.23,090,33.4009
15772,Grfg autol fat lipo ea addl,A,2.44,0.89,0.45,ZZZ,33.4009
15773,Grfg autol fat lipo 25 cc/<,A,6.66,5.82,1.12,090,33.4009
15774,Gfrg autol fat lipo ea addl,A,2.35,0.86,0.43,ZZZ,33.4009
15775,Hair trnspl 1-15 punch grfts,R,3.85,2.12,0.71,000,33.4009
15776,Hair trnspl >15 punch grafts,R,5.39,2.68,1.02,000,33.4009
15777,Acellular derm matrix implt,A,3.56,1.23,0.67,ZZZ,33.4009
15778,Impl absrb msh/prsth dly cls,A,6.87,2.01,1.70,000,33.4009
15780,Dermabrasion total face,A,8.51,7.54,0.84,090,33.4009
15781,Dermabrasion segmental face,A,4.89,5.56,0.58,090,33.4009
15782,Dermabrasion other than face,A,4.33,4.83,0.43,090,33.4009
15783,Dermabrasion suprfl any site,A,4.30,4.46,0.43,090,33.4009
15786,Abrasion lesion single,A,2.03,1.33,0.20,010,33.4009
15787,Abrasion lesions add-on,A,0.32,0.09,0.02,ZZZ,33.4009
15788,Chemical peel facial epidrm,R,2.04,3.60,0.22,090,33.4009
15789,Chemical peel facial dermal,R,4.79,5.42,0.50,090,33.4009
15792,Chem peel nonfacial epidrm,R,1.81,3.73,0.21,090,33.4009
15793,Chemical peel nonfacial drm,A,3.86,5.21,0.45,090,33.4009
15821,Blepharp lwr eyelid fat pad,A,6.67,7.16,0.65,090,33.4009
15823,Blepharp upr eyelid xcsv skn,A,6.64,7.20,0.58,090,33.4009
15824,Rhytidectomy forehead,R,0.00,0.00,0.00,000,33.4009
15825,Rhytdct nck pltysml tghtg,R,0.00,0.00,0.00,000,33.4009
15826,Rhytidectomy glblr frn lines,R,0.00,0.00,0.00,000,33.4009
15828,Rhytidectomy cheek chn & nck,R,0.00,0.00,0.00,000,33.4009
15829,Rhytidectomy smas flap,R,0.00,0.00,0.00,000,33.4009
15832,Exc excessive skin thigh,A,12.53,10.33,2.36,090,33.4009
15833,Exc excessive skin leg,A,11.60,10.14,2.15,090,33.4009
15834,Exc excessive skin hip,A,11.87,10.24,2.19,090,33.4009
15835,Exc excessive skin buttock,A,12.67,10.27,2.35,090,33.4009
15836,Exc excessive skin arm,A,10.34,9.56,1.92,090,33.4009
15837,Exc excsv skin forearm/hand,A,9.31,8.67,1.73,090,33.4009
15838,Exc excsv submental fat pad,A,8.04,8.44,1.48,090,33.4009
15839,Exc excessive skn other area,A,10.24,8.25,1.93,090,33.4009
15840,Nerve palsy fascial graft,A,14.62,9.65,2.27,090,33.4009
15841,Nerve palsy muscle graft,A,25.34,17.28,4.71,090,33.4009
15842,Nerve palsy microsurg graft,A,39.98,23.36,7.43,090,33.4009
15845,Skin and muscle repair face,A,13.96,12.42,2.59,090,33.4009
15853,Removal sutr/stapl xreq anes,A,0.00,0.39,0.01,ZZZ,33.4009
15854,Removal sutr&stapl xreq anes,A,0.00,0.52,0.01,ZZZ,33.4009
15876,Suction lipectomy head&neck,R,0.00,0.00,0.00,000,33.4009
15877,Suction lipectomy trunk,R,0.00,0.00,0.00,000,33.4009
15878,Suction lipectomy upr extrem,R,0.00,0.00,0.00,000,33.4009
15879,Suction lipectomy lwr extrem,R,0.00,0.00,0.00,000,33.4009
15920,Exc coccygl pr ulc prim sutr,A,8.08,8.57,2.16,090,33.4009
15922,Exc coccygl pr ulc flap clsr,A,10.12,9.89,1.88,090,33.4009
15931,Exc sacral pr ulc prim sutr,A,9.82,7.93,2.41,090,33.4009
15933,Exc sac pr ulc prim str ostc,A,11.48,10.51,2.65,090,33.4009
15934,Exc sacral pr ulc skn flap,A,13.34,10.78,2.48,090,33.4009
15935,Exc sac pr ulc skn flp ostc,A,15.39,13.04,2.86,090,33.4009
15936,Exc sac pr ulc prep mus flap,A,12.83,9.28,2.98,090,33.4009
15937,Exc sac pr ulc prep mus ostc,A,14.76,10.05,2.72,090,33.4009
15940,Exc ischial pr ulc prim sutr,A,9.95,7.67,2.27,090,33.4009
15941,Exc isch pr ulc prm sut ostc,A,12.10,11.58,2.25,090,33.4009
15944,Exc isch pr ulc skn flp clsr,A,12.13,11.10,2.25,090,33.4009
15945,Exc isch pr ulc skn flp ostc,A,13.41,11.85,2.49,090,33.4009
15946,Exc isch pr ulc prep mus flp,A,23.52,15.33,4.88,090,33.4009
15950,Exc trchntr pr ulc prim sutr,A,7.83,8.34,1.45,090,33.4009
15951,Exc trchntr pr ulc ostc,A,11.29,11.28,2.09,090,33.4009
15952,Exc trchntr pr ulc flp clsr,A,12.00,10.72,2.22,090,33.4009
15953,Exc trchntr pr ulc flp ostc,A,13.23,11.79,2.47,090,33.4009
15956,Exc trchntr pr ulc prep flap,A,16.37,12.71,3.65,090,33.4009
15958,Exc trchntr pr ulc prep ostc,A,16.33,12.90,3.22,090,33.4009
15999,Unlisted px exc pressure ulc,C,0.00,0.00,0.00,YYY,33.4009
17340,Cryotherapy for acne,A,0.75,0.44,0.07,010,33.4009
17360,Chemical exfoliation acne,A,1.42,0.76,0.14,010,33.4009
17380,Electrolysis epilation ea 30,R,0.00,0.00,0.00,000,33.4009
17999,Unlistd px skn muc memb subq,C,0.00,0.00,0.00,YYY,33.4009
19000,Puncture aspir cyst breast,A,0.82,0.16,0.11,000,33.4009
19001,Puncture aspir cyst brst ea,A,0.41,0.08,0.05,ZZZ,33.4009
19020,Mastotomy expl drg absc dp,A,3.73,4.82,0.92,090,33.4009
19030,Njx px only mam ducto/glcto,A,1.49,0.28,0.15,000,33.4009
19081,Bx breast 1st lesion strtctc,A,3.21,0.58,0.35,000,33.4009
19082,Bx breast add lesion strtctc,A,1.61,0.30,0.17,ZZZ,33.4009
19084,Bx breast add lesion us imag,A,1.51,0.28,0.16,ZZZ,33.4009
19085,Bx breast 1st lesion mr imag,A,3.55,0.63,0.35,000,33.4009
19086,Bx breast add lesion mr imag,A,1.77,0.32,0.17,ZZZ,33.4009
19100,Bx breast percut w/o image,A,1.24,0.31,0.30,000,33.4009
19105,Cryosurg ablate fa each,A,3.60,1.22,0.98,000,33.4009
19110,Nipple exploration,A,4.33,5.19,1.13,090,33.4009
19112,Excise breast duct fistula,A,3.71,5.19,1.01,090,33.4009
19120,Removal of breast lesion,A,5.77,4.99,1.45,090,33.4009
19126,Excision addl breast lesion,A,2.86,0.72,0.73,ZZZ,33.4009
19281,Perq device breast 1st imag,A,1.95,0.35,0.19,000,33.4009
19282,Perq device breast ea imag,A,0.98,0.18,0.08,ZZZ,33.4009
19283,Perq dev breast 1st strtctc,A,1.95,0.36,0.21,000,33.4009
19284,Perq dev breast add strtctc,A,0.98,0.18,0.11,ZZZ,33.4009
19285,Perq dev breast 1st us imag,A,1.66,0.31,0.18,000,33.4009
19286,Perq dev breast add us imag,A,0.83,0.16,0.09,ZZZ,33.4009
19287,Perq dev breast 1st mr guide,A,2.49,0.45,0.23,000,33.4009
19288,Perq dev breast add mr guide,A,1.25,0.23,0.12,ZZZ,33.4009
19294,Prepj tum cav iort prtl mast,A,2.93,0.74,0.76,ZZZ,33.4009
19296,Place po breast cath for rad,A,3.54,1.36,0.90,000,33.4009
19297,Place breast cath for rad,A,1.68,0.40,0.41,ZZZ,33.4009
19298,Place breast rad tube/caths,A,5.61,1.84,0.44,000,33.4009
19300,Mastectomy for gynecomastia,A,5.18,6.36,1.21,090,33.4009
19306,Mast rad urban type,A,17.68,12.83,4.73,090,33.4009
19316,Mastopexy,A,10.81,8.89,2.13,090,33.4009
19328,Rmvl intact breast implant,A,7.25,6.72,1.40,090,33.4009
19330,Rmvl ruptured breast implant,A,8.78,7.27,1.69,090,33.4009
19368,Brst rcnstj 1pdcl tram anast,A,33.05,17.28,6.15,090,33.4009
19371,Peri-implt capslc brst compl,A,9.73,7.87,1.84,090,33.4009
19396,Design custom breast implant,A,2.12,1.27,0.39,000,33.4009
19499,Unlisted procedure breast,C,0.00,0.00,0.00,YYY,33.4009
2000F,Blood pressure measure,M,0.00,0.00,0.00,XXX,33.4009
2001F,Weight record,I,0.00,0.00,0.00,XXX,33.4009
2002F,Clin sign vol ovrld assess,I,0.00,0.00,0.00,XXX,33.4009
2004F,Initial exam involved joints,I,0.00,0.00,0.00,XXX,33.4009
20102,Expl pentrg wnd abd/flnk/bk,A,3.88,2.47,0.99,010,33.4009
2010F,Vital signs recorded,I,0.00,0.00,0.00,XXX,33.4009
2014F,Mental status assess,I,0.00,0.00,0.00,XXX,33.4009
2015F,Asthma impairment assessed,I,0.00,0.00,0.00,XXX,33.4009
2016F,Asthma risk assessed,I,0.00,0.00,0.00,XXX,33.4009
2018F,Hydration status assess,I,0.00,0.00,0.00,XXX,33.4009
2019F,Dilated macul exam done,I,0.00,0.00,0.00,XXX,33.4009
2020F,Dilated fundus eval done,I,0.00,0.00,0.00,XXX,33.4009
2021F,Dilat macular exam done,I,0.00,0.00,0.00,XXX,33.4009
2022F,Dilat rta xm evc rtnopthy,M,0.00,0.00,0.00,XXX,33.4009
2023F,Dilat rta xm w/o rtnopthy,I,0.00,0.00,0.00,XXX,33.4009
2024F,7 fld rta photo evc rtnopthy,M,0.00,0.00,0.00,XXX,33.4009
2025F,7 fld rta photo w/o rtnopthy,M,0.00,0.00,0.00,XXX,33.4009
2026F,Eye img valid evc rtnopthy,M,0.00,0.00,0.00,XXX,33.4009
2027F,Optic nerve head eval done,I,0.00,0.00,0.00,XXX,33.4009
2028F,Foot exam performed,I,0.00,0.00,0.00,XXX,33.4009
2029F,Complete phys skin exam done,I,0.00,0.00,0.00,XXX,33.4009
2030F,H2o stat docd normal,I,0.00,0.00,0.00,XXX,33.4009
2031F,H2o stat docd dehydrated,I,0.00,0.00,0.00,XXX,33.4009
2033F,Eye img valid w/o rtnopthy,M,0.00,0.00,0.00,XXX,33.4009
2035F,Tymp memb motion examd,I,0.00,0.00,0.00,XXX,33.4009
2040F,Bk pn xm on init visit date,I,0.00,0.00,0.00,XXX,33.4009
2044F,Doc mntl tst b/4 bk trxmnt,I,0.00,0.00,0.00,XXX,33.4009
2050F,Wound char size etc docd,I,0.00,0.00,0.00,XXX,33.4009
20527,Njx nzm palmar fascial cord,A,0.98,0.58,0.19,000,33.4009
20560,Ndl insj w/o njx 1 or 2 musc,A,0.31,0.05,0.01,XXX,33.4009
20561,Ndl insj w/o njx 3+ musc,A,0.47,0.09,0.03,XXX,33.4009
2060F,Pt intrvwd on/before dx mdd,I,0.00,0.00,0.00,XXX,33.4009
20664,Appl halo cranial 6+pins,A,9.81,14.26,4.13,090,33.4009
20665,Rmvl tongs/halo anthr indiv,A,1.33,1.13,0.11,010,33.4009
20700,Mnl prep&insj dp rx dlvr dev,A,1.46,0.40,0.26,ZZZ,33.4009
20701,Rmvl deep rx delivery device,A,1.10,0.33,0.21,ZZZ,33.4009
20702,Mnl prep&insj imed rx dev,A,2.44,0.75,0.49,ZZZ,33.4009
20703,Rmvl imed rx delivery device,A,1.76,0.56,0.38,ZZZ,33.4009
20704,Mnl prep&insj i-artic rx dev,A,2.54,0.80,0.51,ZZZ,33.4009
20705,Rmvl i-artic rx delivery dev,A,2.10,0.65,0.43,ZZZ,33.4009
20838,Replantation foot complete,A,41.81,23.93,8.93,090,33.4009
20939,Bone marrow aspir bone grfg,A,1.13,0.37,0.34,ZZZ,33.4009
20957,Mt bone graft microvasc,A,41.54,23.14,8.86,090,33.4009
20974,Estim aid bone healg n-invas,A,0.60,0.76,0.16,000,33.4009
20975,Estim aid bone healg invasiv,A,2.54,1.76,0.75,000,33.4009
20979,Lw ntsty us stimj bone healg,A,0.60,0.12,0.07,000,33.4009
20982,Ablate bone tumor(s) perq,A,6.84,1.71,1.08,000,33.4009
20983,Ablate bone tumor(s) perq,A,6.71,1.52,0.83,000,33.4009
20985,Cptr-asst dir ms px,A,2.44,0.77,0.50,ZZZ,33.4009
20999,Unlisted px muscskel general,C,0.00,0.00,0.00,YYY,33.4009
21011,Exc face les sc <2 cm,A,2.92,4.04,0.53,090,33.4009
21012,Exc face les sbq 2 cm/>,A,4.34,4.45,0.91,090,33.4009
21013,Exc face tum deep < 2 cm,A,5.28,4.87,0.98,090,33.4009
21014,Exc face tum deep 2 cm/>,A,6.95,6.11,1.32,090,33.4009
21015,Resect face/scalp tum < 2 cm,A,9.64,7.82,1.69,090,33.4009
21016,Resect face/scalp tum 2 cm/>,A,14.88,9.36,2.75,090,33.4009
21026,Excision of facial bone(s),A,5.56,6.07,0.75,090,33.4009
21029,Contour of face bone lesion,A,8.18,7.57,1.35,090,33.4009
21030,Excise max/zygoma b9 tumor,A,4.79,4.70,0.59,090,33.4009
21031,Remove exostosis mandible,A,3.22,3.93,0.43,090,33.4009
21032,Remove exostosis maxilla,A,3.26,3.62,0.43,090,33.4009
21034,Excise max/zygoma mal tumor,A,16.95,10.13,2.50,090,33.4009
21040,Excise mandible lesion,A,4.79,4.73,0.59,090,33.4009
21044,Removal of jaw bone lesion,A,12.48,8.57,1.85,090,33.4009
21045,Extensive jaw surgery,A,17.91,11.15,2.71,090,33.4009
21046,Remove mandible cyst complex,A,13.85,11.32,1.76,090,33.4009
21047,Excise lwr jaw cyst w/repair,A,19.57,10.05,2.61,090,33.4009
21048,Remove maxilla cyst complex,A,14.34,11.05,1.76,090,33.4009
21049,Excis uppr jaw cyst w/repair,A,18.84,9.27,2.46,090,33.4009
21050,Removal of jaw joint,A,11.47,10.70,1.66,090,33.4009
21060,Remove jaw joint cartilage,A,10.79,9.13,1.56,090,33.4009
21070,Remove coronoid process,A,8.40,6.54,1.23,090,33.4009
21073,Mnpj of tmj w/anesth,A,3.36,2.85,0.48,090,33.4009
21076,Impres&prep surg obt prosth,A,13.07,4.07,1.67,010,33.4009
21077,Impres&prep orbital prosth,A,32.86,9.15,3.75,090,33.4009
21079,Impres&prep intrm obt prosth,A,21.75,6.72,2.55,090,33.4009
21080,Impres&prep def obt prosth,A,24.43,7.48,2.91,090,33.4009
21081,Impres&prep mndbl res prosth,A,22.28,6.95,2.68,090,33.4009
21082,Impres&prep paltl aug prosth,A,20.32,7.02,2.40,090,33.4009
21083,Impres&prep paltl lft prosth,A,18.79,6.49,2.14,090,33.4009
21084,Impres&prep sp aid prosth,A,21.92,7.22,2.50,090,33.4009
21085,Impres&prep oral surg splint,A,8.77,3.03,1.07,010,33.4009
21086,Impres&prep auricular prosth,A,24.26,6.71,2.76,090,33.4009
21087,Impres&prep nasal prosth,A,24.26,6.71,2.76,090,33.4009
21088,Impres&prep facial prosth,C,0.00,0.00,0.00,090,33.4009
21089,Unlisted maxlfcl prosth px,C,0.00,0.00,0.00,YYY,33.4009
21100,Maxillofacial fixation,A,4.61,4.83,0.51,090,33.4009
21110,Interdental fixation,A,5.84,13.65,0.71,090,33.4009
21116,Injection jaw joint x-ray,A,0.79,0.25,0.12,000,33.4009
21120,Genioplasty augmentation,A,4.97,8.74,0.92,090,33.4009
21121,Geniop sldg osteot 1,A,7.61,6.10,0.87,090,33.4009
21122,Geniop sldg osteot 2/>,A,8.49,10.90,1.57,090,33.4009
21123,Geniop sldg augmentation,A,11.06,10.62,1.61,090,33.4009
21125,Augmentation mndblr prostc,A,10.53,6.39,1.21,090,33.4009
21127,Augmentation mndblr b1 grf,A,12.13,7.31,1.39,090,33.4009
21137,Rdctj forehead cntrg only,A,9.98,8.68,1.85,090,33.4009
21138,Rdctj forehead cntrg&prostc,A,12.55,9.86,2.34,090,33.4009
21139,Rdctj forehead cntrg&setback,A,14.64,12.11,2.72,090,33.4009
21141,Rcnstj midface lefort i 1pc,A,19.08,14.34,2.76,090,33.4009
21142,Rcnstj midface lefort i 2pcs,A,19.77,14.43,2.87,090,33.4009
21143,Rcnstj mdface lefort i 3/>pc,A,20.52,14.63,2.98,090,33.4009
21145,Rcnstj mdfc lefort i 1 w/grf,A,23.34,14.92,3.38,090,33.4009
21146,Rcnstj mdfc lefort i 2 w/grf,A,24.25,15.74,3.51,090,33.4009
21147,Rcnstj mdfc lefort i 3/>grf,A,25.81,16.11,3.75,090,33.4009
21150,Rcnstj mdfc lefrtii ant ntru,A,25.31,13.37,3.69,090,33.4009
21151,Rcnstj mdfc lefrtii w/b1 grf,A,28.29,14.10,4.13,090,33.4009
21154,Rcnstj mdfc lefort iii w/o i,A,30.51,15.14,4.46,090,33.4009
21155,Rcnstj mdfc lefort iii w/i,A,34.34,16.08,5.01,090,33.4009
21159,Rcnst mdfc lfrtiii advm wo i,A,42.06,17.96,6.15,090,33.4009
21160,Rcnst mdfc lfrtiii advm w/i,A,46.01,18.92,6.71,090,33.4009
21172,Rcnst supr-lat orb rm&lw fhd,A,27.50,23.42,11.63,090,33.4009
21175,Rcnst bfrnt sp orb rm&lw fhd,A,32.72,19.04,6.08,090,33.4009
21179,Rcnstj forehead with grafts,A,22.08,14.03,4.10,090,33.4009
21180,Rcnstj forehead w/autograft,A,24.94,15.21,4.63,090,33.4009
21181,Rcnst cntrg b9 tum crnl xtrc,A,10.02,8.26,1.86,090,33.4009
21182,Reconstruct cranial bone,A,31.77,17.69,5.90,090,33.4009
21183,Reconstruct cranial bone,A,34.81,18.81,6.46,090,33.4009
21184,Reconstruct cranial bone,A,37.65,19.84,7.01,090,33.4009
21188,Reconstruction of midface,A,22.57,16.94,3.27,090,33.4009
21193,Reconst lwr jaw w/o graft,A,18.43,12.08,2.68,090,33.4009
21194,Reconst lwr jaw w/graft,A,21.27,13.97,3.07,090,33.4009
21195,Reconst lwr jaw w/o fixation,A,18.68,15.06,2.71,090,33.4009
21196,Reconst lwr jaw w/fixation,A,20.31,15.56,2.95,090,33.4009
21198,Reconstr lwr jaw segment,A,15.32,9.88,2.01,090,33.4009
21199,Reconstr lwr jaw w/advance,A,16.31,8.45,2.37,090,33.4009
21206,Reconstruct upper jaw bone,A,15.20,9.19,1.76,090,33.4009
21208,Augmentation of facial bones,A,11.13,7.64,1.31,090,33.4009
21209,Reduction of facial bones,A,7.62,8.02,0.93,090,33.4009
21210,Face bone graft,A,11.40,8.01,1.34,090,33.4009
21230,Rib cartilage graft,A,10.89,7.11,1.75,090,33.4009
21235,Ear cartilage graft,A,7.31,6.82,1.02,090,33.4009
21240,Reconstruction of jaw joint,A,15.67,10.48,2.10,090,33.4009
21242,Reconstruction of jaw joint,A,14.23,11.35,2.06,090,33.4009
21244,Reconstruction of lower jaw,A,13.28,11.65,1.94,090,33.4009
21245,Reconstruction of jaw,A,12.79,11.31,1.85,090,33.4009
21246,Reconstruction of jaw,A,12.60,8.56,1.83,090,33.4009
21247,Reconstruct lower jaw bone,A,23.76,15.28,3.45,090,33.4009
21248,Reconstruction of jaw,A,12.42,7.79,1.51,090,33.4009
21249,Reconstruction of jaw,A,18.30,9.64,2.31,090,33.4009
21255,Reconstruct lower jaw bone,A,18.00,15.95,2.61,090,33.4009
21256,Reconstruction of orbit,A,17.22,12.97,3.19,090,33.4009
21260,Revise eye sockets,A,17.45,16.80,3.23,090,33.4009
21261,Revise eye sockets,A,33.22,25.75,6.17,090,33.4009
21263,Revise eye sockets,A,30.23,24.66,5.61,090,33.4009
21267,Revise eye sockets,A,20.17,19.99,3.75,090,33.4009
21268,Revise eye sockets,A,26.39,23.25,4.89,090,33.4009
21270,Augmentation cheek bone,A,10.36,7.94,1.92,090,33.4009
21275,Revision orbitofacial bones,A,11.47,9.28,2.13,090,33.4009
21280,Medial canthopexy,A,6.95,8.04,0.71,090,33.4009
21282,Lateral canthopexy,A,4.16,6.39,0.51,090,33.4009
21295,Revision of jaw muscle/bone,A,1.85,3.43,0.26,090,33.4009
21296,Revision of jaw muscle/bone,A,4.66,5.74,0.67,090,33.4009
21299,Unlisted cranfcl&maxlfcl px,C,0.00,0.00,0.00,YYY,33.4009
21315,Clsd tx nsl fx mnpj wo stblj,A,0.94,0.51,0.16,000,33.4009
21320,Clsd tx nsl fx w/mnpj&stablj,A,1.55,0.67,0.23,000,33.4009
21325,Open tx nose fx uncomplicatd,A,4.08,7.71,0.59,090,33.4009
21330,Open tx nose fx w/skele fixj,A,5.65,8.20,0.83,090,33.4009
21335,Open tx nose & septal fx,A,8.79,9.31,1.33,090,33.4009
21336,Open tx septal fx w/wo stabj,A,6.60,9.88,0.98,090,33.4009
21337,Closed tx septal&nose fx,A,3.31,4.63,0.50,090,33.4009
21338,Open nasoethmoid fx w/o fixj,A,6.70,11.08,0.99,090,33.4009
21339,Open nasoethmoid fx w/ fixj,A,8.29,11.46,1.21,090,33.4009
21340,Perq tx nasoethmoid fx,A,11.20,6.93,1.63,090,33.4009
21343,Open tx dprsd front sinus fx,A,13.96,13.17,2.05,090,33.4009
21344,Open tx compl front sinus fx,A,21.03,12.31,3.05,090,33.4009
21345,Closed tx nose/jaw fx,A,8.83,6.89,1.29,090,33.4009
21346,Opn tx nasomax fx w/fixj,A,11.16,14.57,1.63,090,33.4009
21347,Opn tx nasomax fx multple,A,13.19,13.01,1.92,090,33.4009
21348,Opn tx nasomax fx w/graft,A,17.08,8.81,2.49,090,33.4009
21355,Perq tx malar fracture,A,4.34,3.85,0.62,010,33.4009
21356,Opn tx dprsd zygomatic arch,A,4.71,5.78,0.88,010,33.4009
21360,Opn tx dprsd malar fracture,A,7.01,5.98,1.04,090,33.4009
21385,Opn tx orbit fx transantral,A,9.33,9.13,1.73,090,33.4009
21386,Opn tx orbit fx periorbital,A,9.33,7.83,1.73,090,33.4009
21387,Opn tx orbit fx combined,A,9.86,9.33,1.83,090,33.4009
21390,Opn tx orbit periorbtl implt,A,10.95,8.79,1.47,090,33.4009
21400,Closed tx orbit w/o manipulj,A,1.46,3.48,0.25,090,33.4009
21401,Closed tx orbit w/manipulj,A,3.59,5.20,0.66,090,33.4009
21406,Opn tx orbit fx w/o implant,A,7.23,7.68,1.33,090,33.4009
21407,Opn tx orbit fx w/implant,A,8.79,7.29,1.21,090,33.4009
21408,Opn tx orbit fx w/bone grft,A,12.46,9.60,2.32,090,33.4009
21431,Cltx craniofacial separation,A,7.70,10.79,0.88,090,33.4009
21432,Optx cranfcl sep w/wiring,A,8.60,9.93,1.59,090,33.4009
21433,Optx cranfcl sep comp mlt,A,25.63,15.31,4.76,090,33.4009
21435,Optx crnfc sep comp int&/xtr,A,19.75,14.36,3.66,090,33.4009
21436,Optx crnfcl sep comp mlt int,A,29.54,19.00,5.49,090,33.4009
21440,Cltx mndblr/max alv ridge fx,A,3.35,14.18,0.48,090,33.4009
21445,Optx mndblr/max alv ridge fx,A,6.10,10.18,0.69,090,33.4009
21450,Cltx mndblr fx w/o mnpj,A,3.62,9.74,0.41,090,33.4009
21452,Perq tx mndblr fx xtrnl fixj,A,2.34,11.06,0.35,090,33.4009
21453,Cltx mndblr fx ntrdntl fixj,A,6.47,19.25,0.98,090,33.4009
21454,Optx mndblr fx xtrnl fixj,A,7.18,5.49,0.82,090,33.4009
21461,Optx mndblr fx wo ntrdntl,A,9.08,18.66,1.31,090,33.4009
21462,Optx mndblr fx w/ntrdntl,A,10.73,20.79,1.61,090,33.4009
21480,Cltx tmprmand dislc 1st/sbsq,A,0.59,0.19,0.13,000,33.4009
21485,Cltx tmprmand dislc comp,A,4.65,17.77,0.67,090,33.4009
21490,Optx tmprmand dislocation,A,12.63,7.29,1.44,090,33.4009
21497,Interdental wirg oth/thn fx,A,4.52,11.80,0.50,090,33.4009
21499,Unlisted muscskel px head,C,0.00,0.00,0.00,YYY,33.4009
21501,I&d dp absc/hmtma sft ts nck,A,3.88,5.10,0.83,090,33.4009
21502,I&d dp abs/hmtm nck rib ostc,A,7.36,6.11,1.85,090,33.4009
21510,Inc deep opng b1 crtx thorax,A,6.05,6.30,1.51,090,33.4009
21555,Exc neck les sc < 3 cm,A,3.86,4.23,0.82,090,33.4009
21600,Partial removal of rib,A,7.08,8.24,1.68,090,33.4009
21602,Exc ch wal tum w/o lymphadec,A,21.64,18.83,5.31,090,33.4009
21603,Exc ch wal tum w/lymphadec,A,24.54,19.34,6.18,090,33.4009
21610,Costotransversectomy,A,15.51,14.38,6.54,090,33.4009
21615,Excision 1st &/cervical rib,A,10.19,4.71,2.54,090,33.4009
21616,Exc 1st&/crv rib w/sympth,A,12.37,4.41,3.16,090,33.4009
21620,Ostectomy sternum partial,A,7.10,6.16,1.72,090,33.4009
21630,Radical resection sternum,A,18.70,12.88,3.47,090,33.4009
21685,Hyoid myotomy & suspension,A,14.88,8.72,2.22,090,33.4009
21700,Revision of neck muscle,A,6.15,2.23,1.57,090,33.4009
21705,Revision of neck muscle/rib,A,9.67,2.65,2.48,090,33.4009
21720,Revision of neck muscle,A,5.66,9.16,2.38,090,33.4009
21725,Revision of neck muscle,A,7.01,6.94,1.48,090,33.4009
21740,Reconstruction of sternum,A,17.13,8.19,4.31,090,33.4009
21742,Repair stern/nuss w/o scope,C,0.00,0.00,0.00,090,33.4009
21743,Repair sternum/nuss w/scope,C,0.00,0.00,0.00,090,33.4009
21750,Repair of sternum separation,A,11.12,5.93,2.73,090,33.4009
21820,Treat sternum fracture,A,1.33,3.44,0.29,090,33.4009
21825,Treat sternum fracture,A,7.57,7.44,1.87,090,33.4009
21899,Unlisted px neck/thorax,C,0.00,0.00,0.00,YYY,33.4009
21920,Biopsy soft tissue of back,A,2.06,1.90,0.30,010,33.4009
21925,Biopsy soft tissue of back,A,4.51,5.62,1.03,090,33.4009
21936,Resect back tum 5 cm/>,A,21.99,11.94,5.23,090,33.4009
22010,I&d p-spine c/t/cerv-thor,A,12.43,12.05,3.99,090,33.4009
22100,Remove part of neck vertebra,A,10.73,14.53,4.51,090,33.4009
22101,Remove part thorax vertebra,A,10.80,11.75,3.43,090,33.4009
22102,Remove part lumbar vertebra,A,10.80,8.47,1.75,090,33.4009
22103,Remove extra spine segment,A,2.28,0.69,0.50,ZZZ,33.4009
22110,Remove part of neck vertebra,A,13.65,12.46,4.40,090,33.4009
22112,Remove part thorax vertebra,A,13.72,15.57,5.77,090,33.4009
22114,Remove part lumbar vertebra,A,13.72,15.57,5.77,090,33.4009
22116,Remove extra spine segment,A,2.26,0.75,0.76,ZZZ,33.4009
22206,Incis spine 3 column thorac,A,36.25,20.14,12.03,090,33.4009
22207,Incis spine 3 column lumbar,A,35.76,19.61,10.93,090,33.4009
22208,Incis spine 3 column adl seg,A,9.42,3.19,3.20,ZZZ,33.4009
22210,Incis 1 vertebral seg cerv,A,24.75,18.44,8.11,090,33.4009
22212,Incis 1 vertebral seg thorac,A,20.47,16.78,6.34,090,33.4009
22214,Incis 1 vertebral seg lumbar,A,20.49,16.58,6.17,090,33.4009
22216,Incis addl spine segment,A,5.88,1.95,1.77,ZZZ,33.4009
22220,Osteot dsc ant 1 vrt sgm crv,A,22.37,17.24,7.06,090,33.4009
22222,Osteot dsc ant 1vrt sgm thrc,A,22.51,21.11,9.50,090,33.4009
22224,Osteot dsc ant 1vrt sgm lmbr,A,22.51,16.07,5.74,090,33.4009
22226,Osteot dsc ant 1vrt sgm ea,A,5.88,1.93,1.76,ZZZ,33.4009
22505,Manipulation of spine,A,1.82,2.00,0.78,010,33.4009
22511,Perq lumbosacral injection,A,7.15,2.60,1.07,010,33.4009
22512,Vertebroplasty addl inject,A,3.90,0.81,0.72,ZZZ,33.4009
22514,Perq vertebral augmentation,A,7.79,3.47,1.44,010,33.4009
22515,Perq vertebral augmentation,A,3.90,0.97,0.79,ZZZ,33.4009
22526,Idet single level,N,5.70,2.36,0.60,010,33.4009
22527,Idet 1 or more levels,N,2.95,0.64,0.33,ZZZ,33.4009
22532,Arthrd lat xtrcvtry tq thrc,A,25.34,17.77,8.75,090,33.4009
22533,Arthrd lat xtrcvtry tq lmbr,A,24.17,15.51,6.66,090,33.4009
22534,Arthrd lat xtrcvtry tq ea ad,A,5.84,1.94,1.91,ZZZ,33.4009
22548,Arthrd ant toral/xoral c1-c2,A,26.38,20.66,11.15,090,33.4009
22554,Arthrd ant ntrbd min dsc crv,A,17.25,13.35,5.80,090,33.4009
22556,Arthrd ant ntrbd min dsc thc,A,24.08,16.08,7.71,090,33.4009
22586,Arthrd pre-sac ntrbdy l5-s1,A,27.42,21.11,11.59,090,33.4009
22590,Arthrd pst tq craniocervical,A,21.22,17.41,8.05,090,33.4009
22595,Arthrd pst tq atlas-axis,A,20.12,17.09,7.67,090,33.4009
22632,Arthrd pst tq 1ntrspc lm ea,A,5.09,1.73,1.79,ZZZ,33.4009
22634,Arthrd cmbn 1ntrspc ea addl,A,7.76,2.61,2.58,ZZZ,33.4009
22800,Arthrd pst dfrm<6 vrt sgm,A,19.01,14.54,5.76,090,33.4009
22802,Arthrd pst dfrm 7-12 vrt sgm,A,31.31,17.86,8.80,090,33.4009
22804,Arthrd pst dfrm 13+ vrt sgm,A,36.56,19.62,10.36,090,33.4009
22808,Arthrd ant dfrm 2-3 vrt sgm,A,26.82,17.22,8.49,090,33.4009
22810,Arthrd ant dfrm 4-7 vrt sgm,A,30.71,16.51,6.55,090,33.4009
22812,Arthrd ant dfrm 8+ vrt sgm,A,33.39,18.50,7.12,090,33.4009
22818,Kyphectomy 1-2 segments,A,33.47,16.63,7.14,090,33.4009
22819,Kyphectomy 3 or more,A,38.40,19.34,8.18,090,33.4009
22830,Exploration of spinal fusion,A,10.94,9.42,3.34,090,33.4009
22836,Ant thrc vrt body tethrg <7,A,31.20,16.33,6.64,090,33.4009
22837,Ant thrc vrt body tethrg 8+,A,34.61,11.46,3.69,090,33.4009
22838,Rev rplc/rmv thrc vrt tethrg,A,35.10,11.57,3.75,090,33.4009
22860,Tot disc arthrp 2ntrspc lmbr,A,6.71,1.92,1.68,ZZZ,33.4009
22868,Insj stablj dev w/dcmprn,A,3.90,1.31,1.22,ZZZ,33.4009
22870,Insj stablj dev w/o dcmprn,A,2.28,0.53,0.21,ZZZ,33.4009
22900,Exc abdl tum deep < 5 cm,A,8.11,6.30,1.98,090,33.4009
22901,Exc abdl tum deep 5 cm/>,A,9.86,6.88,2.47,090,33.4009
22902,Exc abd les sc < 3 cm,A,4.31,4.54,1.07,090,33.4009
22903,Exc abd les sc 3 cm/>,A,6.23,5.05,1.56,090,33.4009
22904,Radical resect abd tumor<5cm,A,16.27,9.45,3.78,090,33.4009
22905,Rad resect abd tumor 5 cm/>,A,21.04,11.18,4.83,090,33.4009
22999,Unlisted px abdomen muscskel,C,0.00,0.00,0.00,YYY,33.4009
23000,Rmvl sbdltd clcreous dep opn,A,4.37,4.99,0.70,090,33.4009
23020,Capsular contracture release,A,9.13,8.44,1.91,090,33.4009
23065,Biopsy shoulder tissues,A,2.24,1.80,0.35,010,33.4009
23066,Biopsy shoulder tissues,A,4.19,5.86,0.92,090,33.4009
23071,Exc shoulder les sc 3 cm/>,A,5.76,5.06,1.37,090,33.4009
23073,Exc shoulder tum deep 5 cm/>,A,9.88,7.57,2.27,090,33.4009
23075,Exc shoulder les sc < 3 cm,A,4.10,4.60,0.92,090,33.4009
23076,Exc shoulder tum deep < 5 cm,A,7.22,6.82,1.63,090,33.4009
23077,Rad rescj tum shoulder<5 cm,A,17.22,10.33,3.93,090,33.4009
23078,Rad rescj tum shoulder 5cm/>,A,21.99,12.68,5.02,090,33.4009
23100,Arthrotomy glenhumrl jt w/bx,A,6.05,7.37,1.29,090,33.4009
23140,Removal of bone lesion,A,6.94,7.50,1.47,090,33.4009
23145,Removal of bone lesion,A,9.17,8.55,1.95,090,33.4009
23146,Removal of bone lesion,A,7.88,8.29,1.68,090,33.4009
23150,Removal of humerus lesion,A,8.69,8.40,1.85,090,33.4009
23155,Removal of humerus lesion,A,10.59,9.57,2.25,090,33.4009
23156,Removal of humerus lesion,A,8.88,8.46,1.90,090,33.4009
23170,Sequestrectomy clavicle,A,7.03,7.68,1.48,090,33.4009
23172,Sequestrectomy scapula,A,7.13,7.71,1.50,090,33.4009
23174,Sqstrctmy humrl head srg nck,A,9.80,9.81,2.09,090,33.4009
23180,Prtl excision bone clavicle,A,8.77,8.98,1.86,090,33.4009
23182,Prtl excision bone scapula,A,8.39,9.02,1.78,090,33.4009
23184,Prtl excision bone prox hum,A,9.65,9.16,2.04,090,33.4009
23190,Ostectomy scapula partial,A,7.28,7.60,1.54,090,33.4009
23195,Resection humeral head,A,10.10,9.00,2.15,090,33.4009
23200,Radical rescj tumor clavicle,A,22.14,14.01,4.73,090,33.4009
23210,Radical rescj tumor scapula,A,26.53,15.41,5.64,090,33.4009
23220,Radical rescj tumor prox hum,A,29.45,16.31,6.26,090,33.4009
23334,Shoulder prosthesis removal,A,15.11,11.05,3.06,090,33.4009
23335,Shoulder prosthesis removal,A,18.53,12.10,3.75,090,33.4009
23350,Injection for shoulder x-ray,A,0.98,0.19,0.09,000,33.4009
23400,Fixation of shoulder blade,A,13.52,10.50,2.89,090,33.4009
23470,Reconstruct shoulder joint,A,17.44,11.57,3.56,090,33.4009
23490,Reinforce clavicle,A,11.86,9.58,2.53,090,33.4009
23491,Reinforce shoulder bones,A,14.18,10.87,3.02,090,33.4009
23665,Cltx sho dslc fx gr hmrl tbr,A,4.54,6.93,1.00,090,33.4009
23675,Cltx sho dislc neck fx mnpj,A,6.11,7.86,1.33,090,33.4009
23700,Mnpj anes sho jt fixj aprats,A,2.51,2.53,0.49,010,33.4009
23800,Arthrodesis glenohumeral jt,A,14.36,10.93,3.05,090,33.4009
23802,Arthrd glenohumeral jt w/grf,A,17.96,13.61,3.83,090,33.4009
23900,Interthoracoscplr amputation,A,20.20,13.13,4.30,090,33.4009
23920,Disarticulation shoulder,A,15.82,11.79,3.36,090,33.4009
23921,Disarticulation sho sec clsr,A,5.58,6.97,1.20,090,33.4009
23929,Unlisted procedure shoulder,C,0.00,0.00,0.00,YYY,33.4009
23935,Inc dp opn b1 crtx hum/elbw,A,6.22,7.31,1.30,090,33.4009
24071,Exc arm/elbow les sc 3 cm/>,A,5.56,4.86,1.31,090,33.4009
24073,Ex arm/elbow tum deep 5 cm/>,A,9.88,7.43,2.25,090,33.4009
24079,Rad rescj tum tiss a/e 5 cm+,A,20.09,12.00,4.62,090,33.4009
24220,Injection px for elbow arthg,A,1.28,0.27,0.13,000,33.4009
24370,Revise reconst elbow joint,A,22.96,13.65,4.61,090,33.4009
24371,Revise reconst elbow joint,A,26.81,14.88,5.36,090,33.4009
24400,Osteot humerus w/wo int fixj,A,11.05,9.81,2.34,090,33.4009
24410,Mlt osteot rlgnm imed rd hum,A,14.73,11.39,3.13,090,33.4009
24420,Osteoplasty humerus,A,13.39,13.75,2.85,090,33.4009
24430,Rpr non/mal humerus wo graft,A,14.87,11.10,3.06,090,33.4009
24435,Rpr non/mal hum with agrft,A,14.62,12.39,3.05,090,33.4009
24470,Hemiepiphyseal arrest,A,8.71,8.56,1.85,090,33.4009
24498,Proph tx w/wo mthylmthcrylt,A,11.97,9.53,2.52,090,33.4009
25071,Exc forearm les sc 3 cm/>,A,5.76,5.07,1.28,090,33.4009
25073,Exc forearm tum deep 3 cm/>,A,6.95,6.79,1.47,090,33.4009
25078,Resect forarm/wrist tum 3cm>,A,17.25,11.26,3.89,090,33.4009
25246,Injection for wrist x-ray,A,1.41,0.29,0.14,000,33.4009
25394,Repair carpal bone shorten,A,10.58,9.19,2.25,090,33.4009
25448,Arthrp ntrcrpl/crp/mtcrp ssp,A,11.55,10.78,2.20,090,33.4009
26111,Exc hand les sc 1.5 cm/>,A,5.28,5.45,1.04,090,33.4009
26113,Exc hand tum deep 1.5 cm/>,A,6.95,7.07,1.31,090,33.4009
26118,Rad resect hand tumor 3 cm/>,A,14.44,11.81,2.91,090,33.4009
26992,Drainage of bone lesion,A,13.14,12.28,2.87,090,33.4009
27000,Tenotomy adductor hip perq,A,5.60,4.67,0.58,090,33.4009
27001,Tenotomy adductor hip open,A,6.96,6.96,1.47,090,33.4009
27003,Tnot adductr subq opn neurct,A,7.61,7.87,1.63,090,33.4009
27005,Tenotomy hip flexor open,A,9.82,8.35,2.01,090,33.4009
27006,Tenotomy abductor&/xtnsr hip,A,9.86,8.20,1.48,090,33.4009
27025,Fasciotomy hip/thigh any typ,A,12.57,11.10,2.65,090,33.4009
27027,Dcmprn fasct pel compartment,A,12.71,8.90,2.63,090,33.4009
27030,Arthrotomy hip w/drainage,A,13.31,9.64,2.82,090,33.4009
27033,Arthrt hip expl/rmv loose/fb,A,13.76,10.08,2.91,090,33.4009
27035,Denervation of hip joint,A,16.94,13.17,0.89,090,33.4009
27036,Capsulectomy/capsulotomy hip,A,14.02,11.24,2.97,090,33.4009
27040,Biopsy of soft tissues,A,2.85,2.19,0.43,010,33.4009
27041,Biopsy of soft tissues,A,9.93,7.67,2.01,090,33.4009
27043,Exc hip pelvis les sc 3 cm/>,A,6.71,5.23,1.65,090,33.4009
27045,Exc hip/pelv tum deep 5 cm/>,A,10.85,7.43,2.43,090,33.4009
27050,Biopsy of sacroiliac joint,A,4.62,6.35,1.00,090,33.4009
27052,Biopsy of hip joint,A,7.23,7.90,1.53,090,33.4009
27054,Removal of hip joint lining,A,8.98,8.61,1.91,090,33.4009
27057,Buttock fasciotomy w/dbrdmt,A,14.54,9.94,3.09,090,33.4009
27060,Removal of ischial bursa,A,5.72,6.55,1.22,090,33.4009
27062,Remove femur lesion/bursa,A,5.61,6.23,1.12,090,33.4009
27065,Remove hip bone les super,A,6.39,7.48,1.35,090,33.4009
27066,Remove hip bone les deep,A,10.92,9.53,2.26,090,33.4009
27067,Remove/graft hip bone lesion,A,14.35,11.26,3.05,090,33.4009
27070,Part remove hip bone super,A,11.27,11.21,2.25,090,33.4009
27071,Part removal hip bone deep,A,12.08,12.80,2.55,090,33.4009
27075,Resect hip tumor,A,31.89,16.96,6.79,090,33.4009
27076,Resect hip tum incl acetabul,A,39.20,19.29,8.36,090,33.4009
27077,Resect hip tum w/innom bone,A,44.08,20.85,9.41,090,33.4009
27078,Rsect hip tum incl femur,A,31.40,16.81,6.69,090,33.4009
27080,Removal of tail bone,A,6.72,6.58,1.69,090,33.4009
27090,Removal of hip prosthesis,A,11.40,9.36,2.39,090,33.4009
27091,Removal of hip prosthesis,A,23.74,14.26,5.03,090,33.4009
27093,Injection for hip x-ray,A,1.27,0.31,0.15,000,33.4009
27095,Injection for hip x-ray,A,1.46,0.41,0.22,000,33.4009
27097,Revision of hip tendon,A,9.04,8.32,1.92,090,33.4009
27098,Transfer tendon to pelvis,A,9.09,8.68,1.93,090,33.4009
27100,Transfer of abdominal muscle,A,11.07,9.87,2.36,090,33.4009
27105,Transfer of spinal muscle,A,11.74,10.09,2.50,090,33.4009
27110,Transfer of iliopsoas muscle,A,13.43,10.63,2.86,090,33.4009
27111,Transfer of iliopsoas muscle,A,12.29,10.27,2.61,090,33.4009
27140,Transplant femur ridge,A,12.46,9.75,2.65,090,33.4009
27146,Incision of hip bone,A,18.45,12.62,3.93,090,33.4009
27147,Revision of hip bone,A,21.52,13.60,4.58,090,33.4009
27151,Incision of hip bones,A,23.52,14.24,5.01,090,33.4009
27156,Revision of hip bones,A,25.57,14.89,5.45,090,33.4009
27158,Revision of pelvis,A,20.51,13.08,4.36,090,33.4009
27161,Incision of neck of femur,A,17.44,12.25,3.71,090,33.4009
27165,Incision/fixation of femur,A,19.78,13.72,4.21,090,33.4009
27170,Repair/graft femur head/neck,A,17.17,11.07,3.65,090,33.4009
27175,Treat slipped epiphysis,A,9.15,7.49,1.95,090,33.4009
27176,Treat slipped epiphysis,A,12.60,10.37,2.68,090,33.4009
27177,Treat slipped epiphysis,A,15.69,11.70,3.34,090,33.4009
27178,Treat slipped epiphysis,A,12.60,10.37,2.68,090,33.4009
27179,Revise head/neck of femur,A,13.62,10.53,2.91,090,33.4009
27181,Treat slipped epiphysis,A,15.78,11.78,3.35,090,33.4009
27185,Revision of femur epiphysis,A,9.55,8.68,2.04,090,33.4009
27187,Reinforce hip bones,A,13.87,10.73,2.94,090,33.4009
27275,Manipulation of hip joint,A,2.26,2.63,0.46,010,33.4009
27278,Arthrd si jt plmt iartic dev,A,7.66,4.64,0.85,090,33.4009
27279,Arthrd si jt plmt tartclr dv,A,11.83,8.26,2.62,090,33.4009
27323,Biopsy thigh soft tissues,A,2.27,2.15,0.30,010,33.4009
27324,Biopsy thigh soft tissues,A,4.91,6.01,1.13,090,33.4009
27325,Neurectomy hamstring,A,7.02,7.68,1.48,090,33.4009
27326,Neurectomy popliteal,A,6.31,7.46,1.33,090,33.4009
27329,Resect thigh/knee tum < 5 cm,A,15.33,10.11,3.48,090,33.4009
27369,Njx cntrst kne arthg/ct/mri,A,0.75,0.19,0.08,000,33.4009
27458,Osteot femur imed lngth dev,A,26.65,20.06,5.13,090,33.4009
27516,Treat thigh fx growth plate,A,5.45,7.68,1.17,090,33.4009
27517,Treat thigh fx growth plate,A,8.89,8.78,1.90,090,33.4009
27538,Treat knee fracture(s),A,4.96,7.47,1.06,090,33.4009
27560,Treat kneecap dislocation,A,3.89,7.12,0.91,090,33.4009
27562,Treat kneecap dislocation,A,5.83,7.18,1.25,090,33.4009
27580,Fusion of knee,A,20.57,15.63,4.36,090,33.4009
27616,Resect leg/ankle tum 5 cm/>,A,19.14,11.38,4.17,090,33.4009
27713,Osteot tibia imed lngth dev,A,28.00,19.31,5.20,090,33.4009
27767,Cltx post ankle fx,A,2.57,5.95,0.48,090,33.4009
27768,Cltx post ankle fx w/mnpj,A,5.01,7.16,1.07,090,33.4009
27871,Fusion of tibiofibular joint,A,9.30,8.22,1.85,090,33.4009
27899,Unlisted px leg/ankle,C,0.00,0.00,0.00,YYY,33.4009
28001,Drainage of bursa of foot,A,1.95,0.47,0.18,000,33.4009
28002,Treatment of foot infection,A,2.72,0.84,0.25,000,33.4009
28003,Treatment of foot infection,A,5.15,1.22,0.54,000,33.4009
28005,Treat foot bone lesion,A,9.20,5.85,0.96,090,33.4009
28008,Incision of foot fascia,A,4.48,3.36,0.43,090,33.4009
28010,Incision of toe tendon,A,2.90,2.77,0.26,090,33.4009
28011,Incision of toe tendons,A,4.17,3.34,0.41,090,33.4009
28020,Exploration of foot joint,A,5.02,4.79,0.70,090,33.4009
28022,Exploration of foot joint,A,4.69,4.16,0.55,090,33.4009
28024,Exploration of toe joint,A,4.41,4.02,0.49,090,33.4009
28039,Exc foot/toe tum sc 1.5 cm/>,A,5.28,3.57,0.59,090,33.4009
28041,Exc foot/toe tum dep 1.5cm/>,A,6.95,4.83,0.83,090,33.4009
28043,Exc foot/toe tum sc < 1.5 cm,A,3.86,3.15,0.40,090,33.4009
28045,Exc foot/toe tum deep <1.5cm,A,5.31,4.01,0.54,090,33.4009
28046,Resect foot/toe tumor < 3 cm,A,12.07,6.28,1.46,090,33.4009
28047,Resect foot/toe tumor 3 cm/>,A,17.01,8.94,2.71,090,33.4009
28050,Biopsy of foot joint lining,A,4.28,3.23,0.37,090,33.4009
28052,Biopsy of foot joint lining,A,3.96,2.95,0.35,090,33.4009
28054,Biopsy of toe joint lining,A,3.48,2.89,0.29,090,33.4009
28055,Neurectomy foot,A,6.13,4.31,0.69,090,33.4009
28070,Removal of foot joint lining,A,5.11,4.14,0.57,090,33.4009
28072,Removal of foot joint lining,A,4.60,4.20,0.55,090,33.4009
28086,Excise foot tendon sheath,A,4.80,4.60,0.65,090,33.4009
28088,Excise foot tendon sheath,A,3.88,4.16,0.50,090,33.4009
28100,Removal of ankle/heel lesion,A,5.68,5.51,0.89,090,33.4009
28102,Remove/graft foot lesion,A,7.72,8.10,1.64,090,33.4009
28103,Remove/graft foot lesion,A,6.50,3.78,0.55,090,33.4009
28104,Removal of foot lesion,A,5.13,4.39,0.64,090,33.4009
28106,Remove/graft foot lesion,A,7.17,4.11,0.60,090,33.4009
28107,Remove/graft foot lesion,A,5.59,3.67,0.47,090,33.4009
28108,Removal of toe lesions,A,4.19,3.60,0.42,090,33.4009
28111,Part removal of metatarsal,A,5.02,3.48,0.55,090,33.4009
28112,Part removal of metatarsal,A,4.51,3.89,0.49,090,33.4009
28113,Part removal of metatarsal,A,5.96,5.61,0.60,090,33.4009
28114,Removal of metatarsal heads,A,11.70,10.49,1.69,090,33.4009
28120,Part removal of ankle/heel,A,7.13,5.94,0.96,090,33.4009
28122,Partial removal of foot bone,A,6.59,5.13,0.75,090,33.4009
28124,Partial removal of toe,A,4.88,4.17,0.47,090,33.4009
28126,Partial removal of toe,A,3.55,3.20,0.38,090,33.4009
28130,Removal of ankle bone,A,9.26,7.28,1.39,090,33.4009
28140,Removal of metatarsal,A,6.96,4.01,0.89,090,33.4009
28150,Removal of toe,A,4.12,3.40,0.43,090,33.4009
28153,Partial removal of toe,A,3.71,3.44,0.36,090,33.4009
28160,Partial removal of toe,A,3.78,3.48,0.39,090,33.4009
28171,Resect tarsal tumor,A,16.00,10.91,3.40,090,33.4009
28173,Resect metatarsal tumor,A,13.81,4.93,1.19,090,33.4009
28175,Resect phalanx of toe tumor,A,8.08,4.32,0.68,090,33.4009
28200,Repair of foot tendon,A,4.62,4.19,0.56,090,33.4009
28202,Repair/graft of foot tendon,A,6.89,4.54,0.75,090,33.4009
28208,Repair of foot tendon,A,4.40,4.31,0.56,090,33.4009
28210,Repair/graft of foot tendon,A,6.36,4.76,0.78,090,33.4009
28220,Release of foot tendon,A,4.55,3.65,0.44,090,33.4009
28222,Release of foot tendons,A,5.62,4.21,0.62,090,33.4009
28225,Release of foot tendon,A,3.69,3.44,0.39,090,33.4009
28226,Release of foot tendons,A,4.55,6.17,0.98,090,33.4009
28230,Incision of foot tendon(s),A,4.25,3.40,0.43,090,33.4009
28232,Incision of toe tendon,A,3.42,3.16,0.34,090,33.4009
28234,Incision of foot tendon,A,3.45,3.99,0.37,090,33.4009
28238,Revision of foot tendon,A,7.76,5.04,0.95,090,33.4009
28240,Release of big toe,A,4.37,3.48,0.44,090,33.4009
28250,Revision of foot fascia,A,5.91,4.84,0.83,090,33.4009
28260,Release of midfoot joint,A,7.99,6.01,1.24,090,33.4009
28261,Revision of foot tendon,A,12.78,8.56,2.19,090,33.4009
28262,Revision of foot and ankle,A,16.78,10.97,3.20,090,33.4009
28264,Release of midfoot joint,A,10.38,7.46,1.73,090,33.4009
28270,Release of foot contracture,A,4.81,4.21,0.50,090,33.4009
28272,Release of toe joint each,A,3.82,3.00,0.35,090,33.4009
28280,Fusion of toes,A,5.20,3.90,0.54,090,33.4009
28285,Repair of hammertoe,A,5.48,5.00,0.62,090,33.4009
28286,Repair of hammertoe,A,4.58,3.34,0.40,090,33.4009
28291,Corrj halux rigdus w/implt,A,7.81,4.73,0.72,090,33.4009
28292,Cor hlx vlgs rsc prx phlx bs,A,7.25,5.74,0.78,090,33.4009
28295,Cor hlx vlgs prx mtar osteot,A,8.36,7.27,1.22,090,33.4009
28297,Cor hlx vlgs jt arthrd,A,9.06,6.64,1.12,090,33.4009
28298,Cor hlx vlgs prx phlx osteot,A,7.56,5.92,0.99,090,33.4009
28299,Cor hlx vlgs double osteot,A,9.06,6.68,1.13,090,33.4009
28300,Incision of heel bone,A,9.49,7.20,1.61,090,33.4009
28302,Incision of ankle bone,A,9.50,8.66,2.02,090,33.4009
28304,Incision of midfoot bones,A,9.17,6.78,1.46,090,33.4009
28305,Incise/graft midfoot bones,A,10.50,6.70,1.52,090,33.4009
28306,Incision of metatarsal,A,5.85,4.88,0.82,090,33.4009
28307,Incision of metatarsal,A,6.34,7.21,1.34,090,33.4009
28308,Incision of metatarsal,A,5.34,5.11,0.68,090,33.4009
28309,Incision of metatarsals,A,13.81,8.96,2.25,090,33.4009
28310,Revision of big toe,A,5.43,4.37,0.67,090,33.4009
28312,Revision of toe,A,4.57,5.09,0.72,090,33.4009
28313,Repair deformity of toe,A,5.02,4.66,0.70,090,33.4009
28320,Repair of foot bones,A,9.14,6.77,1.39,090,33.4009
28322,Repair of metatarsals,A,8.32,6.55,1.31,090,33.4009
28340,Resect enlarged toe tissue,A,6.97,3.84,0.59,090,33.4009
28341,Resect enlarged toe,A,8.50,4.27,0.72,090,33.4009
28344,Repair extra toe(s),A,4.29,3.24,0.37,090,33.4009
28345,Repair webbed toe(s),A,5.94,3.71,0.49,090,33.4009
28360,Reconstruct cleft foot,A,14.55,13.05,3.09,090,33.4009
28705,Arthrodesis pantalar,A,19.82,10.20,3.11,090,33.4009
28715,Arthrodesis triple,A,13.08,11.02,2.36,090,33.4009
28725,Arthrodesis subtalar,A,10.94,9.04,1.85,090,33.4009
28730,Fusion of foot bones,A,10.43,8.26,1.62,090,33.4009
28735,Fusion of foot bones,A,11.92,8.07,1.82,090,33.4009
28737,Revision of foot bones,A,10.75,6.83,1.34,090,33.4009
28740,Fusion of foot bones,A,9.06,6.94,1.29,090,33.4009
28755,Fusion of big toe joint,A,7.31,5.77,0.91,090,33.4009
28760,Fusion of big toe joint,A,8.91,6.11,1.05,090,33.4009
28890,Hi enrgy eswt plantar fascia,A,3.36,2.51,0.29,090,33.4009
28899,Unlisted px foot/toes,C,0.00,0.00,0.00,YYY,33.4009
30000,Drainage of nose lesion,A,1.44,1.66,0.21,010,33.4009
30020,Drainage of nose lesion,A,1.44,1.69,0.21,010,33.4009
3006F,Cxr doc rev,I,0.00,0.00,0.00,XXX,33.4009
3008F,Body mass index docd,I,0.00,0.00,0.00,XXX,33.4009
30100,Intranasal biopsy,A,0.92,0.78,0.13,000,33.4009
30110,Removal of nose polyp(s),A,1.64,1.72,0.23,010,33.4009
30115,Removal of nose polyp(s),A,4.33,8.03,0.62,090,33.4009
30117,Removal of intranasal lesion,A,3.81,6.85,0.55,090,33.4009
30118,Removal of intranasal lesion,A,7.56,10.38,1.11,090,33.4009
3011F,Lipid panel doc rev,I,0.00,0.00,0.00,XXX,33.4009
30120,Revision of nose,A,5.26,5.20,0.75,090,33.4009
30124,Removal of nose lesion,A,3.12,4.80,0.45,090,33.4009
30125,Removal of nose lesion,A,7.12,9.52,1.05,090,33.4009
3014F,Screen mammo doc rev,I,0.00,0.00,0.00,XXX,33.4009
30150,Rhinectomy partial,A,9.31,10.76,1.41,090,33.4009
3015F,Cerv cancer screen docd,I,0.00,0.00,0.00,XXX,33.4009
30160,Rhinectomy total,A,9.74,10.64,1.42,090,33.4009
3016F,Pt scrnd unhlthy oh use,I,0.00,0.00,0.00,XXX,33.4009
3017F,Colorectal ca screen doc rev,M,0.00,0.00,0.00,XXX,33.4009
3018F,Pre-prxd rsk et al docd,I,0.00,0.00,0.00,XXX,33.4009
3019F,Lvef assess planpost dschrge,I,0.00,0.00,0.00,XXX,33.4009
30200,Injection treatment of nose,A,0.76,0.75,0.11,000,33.4009
3020F,Lvf assess,I,0.00,0.00,0.00,XXX,33.4009
30210,Nasal sinus therapy,A,1.10,1.64,0.15,010,33.4009
3021F,Lvef mod/sever deprs syst,I,0.00,0.00,0.00,XXX,33.4009
30220,Insert nasal septal button,A,1.55,1.70,0.22,010,33.4009
3022F,Lvef >=40% systolic,M,0.00,0.00,0.00,XXX,33.4009
3023F,Spirom doc rev,I,0.00,0.00,0.00,XXX,33.4009
3025F,Spirom fev/fvc <70% w/copd,I,0.00,0.00,0.00,XXX,33.4009
3027F,Spirom fev/fvc>=70%/w/ocopd,I,0.00,0.00,0.00,XXX,33.4009
3028F,O2 saturation doc rev,I,0.00,0.00,0.00,XXX,33.4009
3035F,O2 saturation<=88%/pao<=55,I,0.00,0.00,0.00,XXX,33.4009
3037F,O2 saturation >88%/pao>55 hg,I,0.00,0.00,0.00,XXX,33.4009
3038F,Pulm fx w/in 12 mon b/4 surg,I,0.00,0.00,0.00,XXX,33.4009
30400,Reconstruction of nose,R,10.59,23.26,1.96,090,33.4009
3040F,Fev <40% predicted value,I,0.00,0.00,0.00,XXX,33.4009
30410,Reconstruction of nose,R,13.65,24.37,2.53,090,33.4009
30420,Reconstruction of nose,R,16.48,20.31,2.50,090,33.4009
3042F,Fev >=40% predicted value,I,0.00,0.00,0.00,XXX,33.4009
30430,Revision of nose,R,8.03,22.32,1.48,090,33.4009
30435,Revision of nose,R,12.41,23.92,2.31,090,33.4009
3044F,Hg a1c level lt 7.0%,I,0.00,0.00,0.00,XXX,33.4009
30450,Revision of nose,R,19.17,26.39,3.56,090,33.4009
30460,Revision of nose,A,10.06,11.05,1.87,090,33.4009
30462,Revision of nose,A,19.77,20.32,3.67,090,33.4009
30469,Rpr nsl vlv collapse w/rmdlg,A,2.38,1.14,0.36,000,33.4009
3046F,Hemoglobin a1c level >9.0%,I,0.00,0.00,0.00,XXX,33.4009
3048F,Ldl-c <100 mg/dl,I,0.00,0.00,0.00,XXX,33.4009
3049F,Ldl-c 100-129 mg/dl,I,0.00,0.00,0.00,XXX,33.4009
3050F,Ldl-c >= 130 mg/dl,I,0.00,0.00,0.00,XXX,33.4009
3051F,Hg a1c>equal 7.0%<8.0%,I,0.00,0.00,0.00,XXX,33.4009
3052F,Hg a1c>equal 8.0%<equal 9.0%,I,0.00,0.00,0.00,XXX,33.4009
30540,Rpr choanal atresia ntranasl,A,7.72,11.29,1.13,090,33.4009
30545,Rpr choanal atresia trsnpltn,A,11.33,14.03,1.65,090,33.4009
3055F,Lvef less than/equal to 35%,I,0.00,0.00,0.00,XXX,33.4009
30560,Lysis intranasal synechia,A,1.28,2.71,0.19,010,33.4009
3056F,Lvef greater than 35%,I,0.00,0.00,0.00,XXX,33.4009
30580,Repair upper jaw fistula,A,6.71,5.00,0.86,090,33.4009
30600,Repair mouth/nose fistula,A,6.01,4.67,0.86,090,33.4009
3060F,Pos microalbuminuria rev,I,0.00,0.00,0.00,XXX,33.4009
3061F,Neg microalbuminuria rev,I,0.00,0.00,0.00,XXX,33.4009
30620,Intranasal reconstruction,A,6.01,11.60,0.88,090,33.4009
3062F,Pos macroalbuminuria rev,I,0.00,0.00,0.00,XXX,33.4009
30630,Repair nasal septum defect,A,7.11,10.02,1.07,090,33.4009
3066F,Nephropathy doc tx,I,0.00,0.00,0.00,XXX,33.4009
3072F,Low risk for retinopathy,M,0.00,0.00,0.00,XXX,33.4009
3073F,Pre-surg eye measures docd,I,0.00,0.00,0.00,XXX,33.4009
3074F,Syst bp lt 130 mm hg,I,0.00,0.00,0.00,XXX,33.4009
3075F,Syst bp ge 130 - 139mm hg,I,0.00,0.00,0.00,XXX,33.4009
3077F,Syst bp >= 140 mm hg,I,0.00,0.00,0.00,XXX,33.4009
3078F,Diast bp <80 mm hg,I,0.00,0.00,0.00,XXX,33.4009
3079F,Diast bp 80-89 mm hg,I,0.00,0.00,0.00,XXX,33.4009
3080F,Diast bp >= 90 mm hg,I,0.00,0.00,0.00,XXX,33.4009
3082F,Kt/v <1.2,I,0.00,0.00,0.00,XXX,33.4009
3083F,Kt/v =/> 1.2 & <1.7,I,0.00,0.00,0.00,XXX,33.4009
3084F,Kt/v >= 1.7,I,0.00,0.00,0.00,XXX,33.4009
3085F,Suicide risk assessed,I,0.00,0.00,0.00,XXX,33.4009
3088F,Mdd mild,I,0.00,0.00,0.00,XXX,33.4009
3089F,Mdd moderate,I,0.00,0.00,0.00,XXX,33.4009
3090F,Mdd severe w/o psych,I,0.00,0.00,0.00,XXX,33.4009
30915,Ligation nasal sinus artery,A,7.25,7.87,1.07,090,33.4009
3091F,Mdd severe w/psych,I,0.00,0.00,0.00,XXX,33.4009
30920,Ligation upper jaw artery,A,10.86,10.79,1.58,090,33.4009
3092F,Mdd in remission,I,0.00,0.00,0.00,XXX,33.4009
30930,Ther fx nasal inf turbinate,A,1.28,1.80,0.18,010,33.4009
3093F,Doc new diag 1st/addl mdd,I,0.00,0.00,0.00,XXX,33.4009
3095F,Central dexa results docd,M,0.00,0.00,0.00,XXX,33.4009
3096F,Central dexa ordered,I,0.00,0.00,0.00,XXX,33.4009
30999,Unlisted procedure nose,C,0.00,0.00,0.00,YYY,33.4009
31000,Irrigation maxillary sinus,A,1.17,1.73,0.16,010,33.4009
31002,Irrigation sphenoid sinus,A,1.91,2.91,0.19,010,33.4009
3100F,Image test ref carot diam,I,0.00,0.00,0.00,XXX,33.4009
31020,Exploration maxillary sinus,A,2.99,6.43,0.37,090,33.4009
31030,Exploration maxillary sinus,A,5.86,7.56,0.78,090,33.4009
31032,Explore sinus remove polyps,A,6.52,9.07,0.93,090,33.4009
31040,Exploration behind upper jaw,A,9.53,10.65,1.43,090,33.4009
31050,Exploration sphenoid sinus,A,5.24,8.26,0.78,090,33.4009
31051,Sphenoid sinus surgery,A,7.07,10.90,1.05,090,33.4009
31070,Exploration of frontal sinus,A,4.29,8.35,0.62,090,33.4009
31075,Exploration of frontal sinus,A,9.27,11.83,1.34,090,33.4009
31080,Removal of frontal sinus,A,12.42,15.20,1.80,090,33.4009
31081,Removal of frontal sinus,A,13.84,15.54,2.02,090,33.4009
31084,Removal of frontal sinus,A,14.58,15.72,2.13,090,33.4009
31085,Removal of frontal sinus,A,15.25,15.89,2.21,090,33.4009
31086,Removal of frontal sinus,A,14.00,15.58,2.05,090,33.4009
31087,Removal of frontal sinus,A,14.21,13.68,2.07,090,33.4009
31090,Exploration of sinuses,A,10.89,17.80,1.59,090,33.4009
3110F,Pres/absn hmrhg/lesion docd,I,0.00,0.00,0.00,XXX,33.4009
3111F,Ct/mri brain done w/in 24hrs,I,0.00,0.00,0.00,XXX,33.4009
3112F,Ct/mri brain done 24 hrs,I,0.00,0.00,0.00,XXX,33.4009
3115F,Quant results activity &symp,I,0.00,0.00,0.00,XXX,33.4009
3117F,Hf assessment tool completed,I,0.00,0.00,0.00,XXX,33.4009
3118F,Ny heart assoc class docd,I,0.00,0.00,0.00,XXX,33.4009
3119F,No eval activity clin symp,I,0.00,0.00,0.00,XXX,33.4009
31200,Removal of ethmoid sinus,A,5.01,12.05,0.43,090,33.4009
31201,Removal of ethmoid sinus,A,8.39,11.62,1.23,090,33.4009
31205,Removal of ethmoid sinus,A,10.32,13.94,0.92,090,33.4009
3120F,12-lead ecg performed,I,0.00,0.00,0.00,XXX,33.4009
31225,Removal of upper jaw,A,26.03,17.40,3.80,090,33.4009
31230,Removal of upper jaw,A,30.05,17.80,4.38,090,33.4009
31241,Nsl/sns ndsc lig sphnptn art,A,7.80,2.23,1.14,000,33.4009
31242,Nsl/sinus ndsc rf abltj pnn,A,2.63,1.02,0.39,000,33.4009
31243,Nsl/sinus ndsc cryoabltj pnn,A,2.63,1.02,0.39,000,33.4009
3126F,Esoph bx rprt w/dyspl info,M,0.00,0.00,0.00,XXX,33.4009
31300,Removal of larynx lesion,A,15.51,15.81,2.26,090,33.4009
3130F,Upper gi endoscopy performed,I,0.00,0.00,0.00,XXX,33.4009
3132F,Doc ref upper gi endoscopy,I,0.00,0.00,0.00,XXX,33.4009
31360,Removal of larynx,A,29.16,20.60,4.30,090,33.4009
31365,Removal of larynx,A,37.84,22.82,5.69,090,33.4009
31367,Partial removal of larynx,A,29.81,23.39,4.34,090,33.4009
31368,Partial removal of larynx,A,33.34,25.22,4.87,090,33.4009
31370,Partial removal of larynx,A,26.88,23.47,3.92,090,33.4009
31375,Partial removal of larynx,A,25.42,22.56,3.70,090,33.4009
31380,Partial removal of larynx,A,24.93,22.44,3.63,090,33.4009
31382,Partial removal of larynx,A,27.86,23.71,4.06,090,33.4009
31390,Removal of larynx & pharynx,A,41.45,25.28,6.05,090,33.4009
31395,Reconstruct larynx & pharynx,A,42.71,27.52,6.24,090,33.4009
31400,Revision of larynx,A,11.31,15.00,1.65,090,33.4009
3140F,Upper gi endo shows barrtts,I,0.00,0.00,0.00,XXX,33.4009
3141F,Upper gi endo not barrtts,I,0.00,0.00,0.00,XXX,33.4009
31420,Epiglottidectomy,A,11.14,9.43,1.63,090,33.4009
3142F,Barium swallow test ordered,I,0.00,0.00,0.00,XXX,33.4009
3150F,Forceps esoph biopsy done,I,0.00,0.00,0.00,XXX,33.4009
31512,Removal of larynx lesion,A,2.02,1.06,0.29,000,33.4009
31513,Injection into vocal cord,A,2.05,1.06,0.29,000,33.4009
31527,Laryngoscopy for treatment,A,3.19,1.34,0.46,000,33.4009
31551,Laryngoplasty laryngeal sten,A,20.96,17.05,3.05,090,33.4009
31552,Laryngoplasty laryngeal sten,A,19.99,16.84,2.92,090,33.4009
31553,Laryngoplasty laryngeal sten,A,21.45,20.33,3.12,090,33.4009
31554,Laryngoplasty laryngeal sten,A,21.45,20.35,3.12,090,33.4009
3155F,Cytogen test marrow b/4 tx,I,0.00,0.00,0.00,XXX,33.4009
31561,Larynscop remve cart + scop,A,5.84,1.93,0.85,000,33.4009
31570,Laryngoscope w/vc inj,A,3.76,1.52,0.60,000,33.4009
31572,Largsc w/laser dstrj les,A,2.93,1.28,0.43,000,33.4009
31573,Largsc w/ther injection,A,2.37,1.13,0.36,000,33.4009
31574,Largsc w/njx augmentation,A,2.37,1.14,0.36,000,33.4009
31580,Laryngoplasty laryngeal web,A,14.24,18.58,2.08,090,33.4009
31584,Laryngoplasty fx rdctj fixj,A,17.14,18.28,2.50,090,33.4009
31587,Laryngoplasty cricoid split,A,14.89,15.59,2.17,090,33.4009
31590,Reinnervate larynx,A,7.65,17.64,1.12,090,33.4009
31591,Laryngoplasty medialization,A,13.22,14.78,1.93,090,33.4009
31592,Cricotracheal resection,A,24.38,17.90,3.56,090,33.4009
31599,Unlisted procedure larynx,C,0.00,0.00,0.00,YYY,33.4009
3160F,Doc fe+ stores b/4 epo thx,I,0.00,0.00,0.00,XXX,33.4009
31660,Bronch thermoplsty 1 lobe,A,3.90,0.84,0.34,000,33.4009
31661,Bronch thermoplsty 2/> lobes,A,4.14,0.85,0.36,000,33.4009
3170F,Baselin flo cytometry b/4 tx,I,0.00,0.00,0.00,XXX,33.4009
31717,Bronchial brush biopsy,A,2.07,0.64,0.18,000,33.4009
31720,Clearance of airways,A,1.03,0.24,0.09,000,33.4009
31725,Clearance of airways,A,1.67,0.30,0.14,000,33.4009
31730,Intro windpipe wire/tube,A,2.78,0.66,0.55,000,33.4009
31755,Trachplsty trchphryngl fstlj,A,17.10,28.11,2.50,090,33.4009
31760,Tracheoplasty intrathoracic,A,22.89,10.70,5.75,090,33.4009
31766,Carinal reconstruction,A,30.88,11.31,7.77,090,33.4009
31770,Repair/graft of bronchus,A,22.95,8.80,5.77,090,33.4009
31775,Reconstruct bronchus,A,23.98,9.57,6.04,090,33.4009
31780,Reconstruct windpipe,A,19.34,8.69,2.82,090,33.4009
31781,Reconstruct windpipe,A,24.23,8.91,3.54,090,33.4009
31785,Remove windpipe lesion,A,17.89,7.01,2.61,090,33.4009
31786,Remove windpipe lesion,A,24.78,9.72,6.24,090,33.4009
31800,Repair of windpipe injury,A,7.98,10.15,1.17,090,33.4009
31805,Repair of windpipe injury,A,13.08,7.43,3.29,090,33.4009
31820,Closure of windpipe lesion,A,4.52,3.78,0.69,090,33.4009
31825,Repair of windpipe defect,A,6.89,4.95,1.04,090,33.4009
31830,Revise windpipe scar,A,4.50,4.76,0.65,090,33.4009
31899,Unlisted px trachea bronchi,C,0.00,0.00,0.00,YYY,33.4009
3200F,Barium swallow test not req,I,0.00,0.00,0.00,XXX,33.4009
32035,Thoracostomy w/rib resection,A,11.01,8.01,2.76,090,33.4009
32036,Thoracostomy w/flap drainage,A,11.99,8.18,3.02,090,33.4009
32097,Open wedge/bx lung nodule,A,13.41,6.32,3.32,090,33.4009
32098,Open biopsy of lung pleura,A,12.59,5.95,3.06,090,33.4009
3210F,Grp a strep test performed,M,0.00,0.00,0.00,XXX,33.4009
32124,Explore chest free adhesions,A,15.06,8.12,3.74,090,33.4009
3215F,Pt immunity to hep a docd,I,0.00,0.00,0.00,XXX,33.4009
3216F,Pt immunity to hep b docd,I,0.00,0.00,0.00,XXX,33.4009
3218F,Rna tstng hep c docd done,I,0.00,0.00,0.00,XXX,33.4009
32200,Drain open lung lesion,A,18.21,10.41,4.58,090,33.4009
3220F,Hep c quant rna tstng docd,I,0.00,0.00,0.00,XXX,33.4009
32215,Treat chest lining,A,12.72,7.55,3.19,090,33.4009
32225,Partial release of lung,A,16.33,8.27,4.07,090,33.4009
3230F,Note hring tst w/in 6 mon,I,0.00,0.00,0.00,XXX,33.4009
32310,Removal of chest lining,A,14.90,7.98,3.75,090,33.4009
32320,Free/remove chest lining,A,26.57,12.72,6.60,090,33.4009
32400,Needle biopsy chest lining,A,1.72,0.27,0.18,000,33.4009
32408,Core ndl bx lng/med perq,A,3.10,0.47,0.34,000,33.4009
32445,Removal of lung extrapleural,A,62.24,20.72,15.69,090,33.4009
32491,Lung volume reduction,R,24.61,11.33,6.20,090,33.4009
32501,Repair bronchus add-on,A,4.56,0.90,1.15,ZZZ,33.4009
32503,Resect apical lung tumor,A,30.95,11.93,7.81,090,33.4009
32504,Resect apical lung tum/chest,A,35.63,12.85,8.99,090,33.4009
3250F,Nonprim loc anat bx site tum,M,0.00,0.00,0.00,XXX,33.4009
32540,Removal of lung lesion,A,29.59,11.87,7.45,090,33.4009
32550,Insert pleural cath,A,3.82,1.10,0.51,000,33.4009
32560,Treat pleurodesis w/agent,A,1.50,0.32,0.23,000,33.4009
32561,Lyse chest fibrin init day,A,1.36,0.29,0.15,000,33.4009
32562,Lyse chest fibrin subq day,A,1.21,0.27,0.13,000,33.4009
3260F,Pt cat/pn cat/hist grd docd,M,0.00,0.00,0.00,XXX,33.4009
32658,Thoracoscopy w/sac fb remove,A,11.42,6.53,2.87,090,33.4009
3265F,Rna tstng hepc vir ord/docd,I,0.00,0.00,0.00,XXX,33.4009
32661,Thoracoscopy w/pericard exc,A,13.00,6.84,3.26,090,33.4009
32664,Thoracoscopy w/ th nrv exc,A,13.92,7.02,3.50,090,33.4009
3266F,Hepc gn tstng docd b/4txmnt,I,0.00,0.00,0.00,XXX,33.4009
32672,Thoracoscopy for lvrs,A,26.33,9.78,6.62,090,33.4009
32673,Thoracoscopy w/thymus resect,A,20.60,8.70,5.16,090,33.4009
32674,Thoracoscopy lymph node exc,A,4.02,0.81,1.02,ZZZ,33.4009
3267F,Path rprt w/ pt pn cat et al,M,0.00,0.00,0.00,XXX,33.4009
3268F,Psa/t/glsc docd b/4 txmnt,I,0.00,0.00,0.00,XXX,33.4009
3269F,Bone scn b/4 txmnt/aftr dx,I,0.00,0.00,0.00,XXX,33.4009
32701,Thorax stereo rad targetw/tx,A,4.08,0.82,0.73,XXX,33.4009
3270F,No bone scn b/4 txmnt/aftrdx,M,0.00,0.00,0.00,XXX,33.4009
3271F,Low risk prostate cancer,I,0.00,0.00,0.00,XXX,33.4009
3272F,Med risk prostate cancer,I,0.00,0.00,0.00,XXX,33.4009
3273F,High risk prostate cancer,I,0.00,0.00,0.00,XXX,33.4009
3274F,Prost cncr rsk not lw/md/hgh,I,0.00,0.00,0.00,XXX,33.4009
3278F,Serum lvls ca/ipth/lpd ord,I,0.00,0.00,0.00,XXX,33.4009
3279F,Hgb lvl >= 13 g/dl,I,0.00,0.00,0.00,XXX,33.4009
32800,Repair lung hernia,A,15.32,8.35,3.79,090,33.4009
3280F,Hgb lvl 11-12.9 g/dl,I,0.00,0.00,0.00,XXX,33.4009
32810,Close chest after drainage,A,14.58,7.92,3.66,090,33.4009
32815,Close bronchial fistula,A,48.78,17.61,12.32,090,33.4009
3281F,Hgb lvl <11 g/dl,I,0.00,0.00,0.00,XXX,33.4009
32820,Reconstruct injured chest,A,21.95,11.90,5.49,090,33.4009
3284F,Iop red >=15% pre-ntrv lvl,I,0.00,0.00,0.00,XXX,33.4009
32850,Donor pneumonectomy,X,0.00,0.00,0.00,XXX,33.4009
32851,Lung transplant single,A,58.15,18.51,14.61,090,33.4009
32852,Lung transplant with bypass,A,63.86,20.44,15.33,090,33.4009
32853,Lung transplant double,A,82.37,23.94,20.60,090,33.4009
32854,Lung transplant with bypass,A,87.75,24.82,22.00,090,33.4009
32855,Prepare donor lung single,C,0.00,0.00,0.00,XXX,33.4009
32856,Prepare donor lung double,C,0.00,0.00,0.00,XXX,33.4009
3285F,Iop down <15% of pre-svc lvl,I,0.00,0.00,0.00,XXX,33.4009
3288F,Fall risk assessment docd,I,0.00,0.00,0.00,XXX,33.4009
32900,Removal of rib(s),A,23.21,9.62,5.85,090,33.4009
32905,Revise & repair chest wall,A,22.71,9.52,5.72,090,33.4009
32906,Revise & repair chest wall,A,28.57,10.67,7.21,090,33.4009
3290F,Pt=d(rh)- and unsensitized,I,0.00,0.00,0.00,XXX,33.4009
3291F,Pt=d(rh)+ or sensitized,I,0.00,0.00,0.00,XXX,33.4009
3292F,Hiv tstng asked/docd/revwd,I,0.00,0.00,0.00,XXX,33.4009
3293F,Abo rh blood typing docd,I,0.00,0.00,0.00,XXX,33.4009
32940,Revision of lung,A,20.81,9.14,5.23,090,33.4009
3294F,Grp b strep screening docd,I,0.00,0.00,0.00,XXX,33.4009
32960,Therapeutic pneumothorax,A,1.79,0.52,0.15,000,33.4009
32994,Ablate pulm tumor perq crybl,A,8.80,1.60,1.00,000,33.4009
32997,Total lung lavage,A,7.13,1.27,0.59,000,33.4009
32998,Ablate pulm tumor perq rf,A,8.80,1.58,1.02,000,33.4009
32999,Unlisted px lungs & pleura,C,0.00,0.00,0.00,YYY,33.4009
3300F,Ajcc stage docd b/4 thxpy,I,0.00,0.00,0.00,XXX,33.4009
33016,Pericardiocentesis w/imaging,A,4.29,0.83,0.99,000,33.4009
33017,Prcrd drg 6yr+ w/o cgen car,A,4.50,0.87,1.04,000,33.4009
33018,Prcrd drg 0-5yr or w/anomly,A,5.27,0.99,1.27,000,33.4009
33019,Perq prcrd drg insj cath ct,A,4.18,0.68,0.51,000,33.4009
3301F,Cancer stage docd metast,I,0.00,0.00,0.00,XXX,33.4009
33020,Incision of heart sac,A,13.95,6.10,3.41,090,33.4009
33030,Partial removal of heart sac,A,35.10,12.42,8.70,090,33.4009
33031,Partial removal of heart sac,A,43.88,14.45,10.88,090,33.4009
33050,Resect heart sac lesion,A,16.55,8.30,4.17,090,33.4009
33120,Exc icar tum resc w/card byp,A,37.49,11.70,9.24,090,33.4009
33130,Rescj external cardiac tumor,A,23.57,10.02,5.63,090,33.4009
33140,Heart revascularize (tmr),A,27.63,9.87,6.61,090,33.4009
33141,Heart tmr w/other procedure,A,2.48,0.48,0.62,ZZZ,33.4009
3315F,Er+ or pr+ breast cancer,I,0.00,0.00,0.00,XXX,33.4009
3316F,Er- or pr- breast cancer,I,0.00,0.00,0.00,XXX,33.4009
3317F,Path rpt malig cancer docd,I,0.00,0.00,0.00,XXX,33.4009
3318F,Path rpt malig cancer docd,I,0.00,0.00,0.00,XXX,33.4009
3319F,X-ray/ct/ultrsnd et al ord,M,0.00,0.00,0.00,XXX,33.4009
33202,Insert epicard eltrd open,A,12.87,6.15,3.17,090,33.4009
33203,Insert epicard eltrd endo,A,13.62,6.04,3.43,090,33.4009
3320F,No xray/ct/ et al ordd,M,0.00,0.00,0.00,XXX,33.4009
3321F,Ajcc cncr 0/ia melan docd,M,0.00,0.00,0.00,XXX,33.4009
3322F,Melanomaajcc stage 0 or ia,M,0.00,0.00,0.00,XXX,33.4009
3323F,Clin node stgng docdb/4 surg,I,0.00,0.00,0.00,XXX,33.4009
3324F,Mri ct scan ord rvwd rqstd,I,0.00,0.00,0.00,XXX,33.4009
3325F,Preop asses 4 cataract surg,I,0.00,0.00,0.00,XXX,33.4009
33265,Ablate atria lmtd endo,A,23.12,9.94,5.69,090,33.4009
33266,Ablate atria x10sv endo,A,32.21,11.93,7.98,090,33.4009
33267,Excl laa open any method,A,18.04,7.13,4.43,090,33.4009
33268,Excl laa opn oth px any meth,A,2.44,0.48,0.59,ZZZ,33.4009
33269,Excl laa thrscp any method,A,13.95,6.42,3.46,090,33.4009
33276,Insj phrnc nrv stim sys,A,9.26,3.76,2.11,090,33.4009
33277,Insj phrnc nrv stim transvns,A,5.29,1.09,1.27,ZZZ,33.4009
33278,Rmvl phrnc nrv stim sys,A,9.31,3.51,2.06,090,33.4009
33279,Rmvl phrnc nrv stim transvns,A,5.28,2.67,1.29,090,33.4009
33280,Rmvl phrnc nrv stim pg only,A,2.96,2.09,0.70,090,33.4009
33281,Reposg phrnc nrv stim trnsvn,A,5.85,2.89,1.40,090,33.4009
33286,Rmvl subq car rhythm mntr,A,1.46,0.42,0.36,000,33.4009
33287,Rmv&rplcmt phrnc nrv stim pg,A,5.90,2.97,1.34,090,33.4009
33288,Rmv&rplcmt phrnc nrv stim ld,A,8.30,3.52,1.84,090,33.4009
33289,Tcat impl wrls p-art prs snr,A,5.85,1.47,1.19,000,33.4009
3328F,Prfrmnc docd 2 wks b/4 surg,I,0.00,0.00,0.00,XXX,33.4009
3330F,Imaging study ordered (bkp),I,0.00,0.00,0.00,XXX,33.4009
33310,Exploratory heart surgery,A,19.83,9.25,4.75,090,33.4009
33315,Exploratory heart surgery,A,34.13,10.92,8.35,090,33.4009
3331F,Bk imaging tst not ordered,I,0.00,0.00,0.00,XXX,33.4009
33320,Repair major blood vessel(s),A,18.08,7.83,4.55,090,33.4009
33321,Repair major vessel,A,20.29,9.10,4.86,090,33.4009
33322,Repair major blood vessel(s),A,23.81,10.03,5.93,090,33.4009
33330,Insert major vessel graft,A,24.66,10.25,5.91,090,33.4009
33335,Insert major vessel graft,A,33.06,11.97,7.93,090,33.4009
33363,Replace aortic valve open,A,24.83,5.71,6.02,000,33.4009
33364,Replace aortic valve open,A,25.32,6.48,6.07,000,33.4009
33365,Replace aortic valve open,A,25.93,5.94,6.28,000,33.4009
33366,Trcath replace aortic valve,A,28.62,6.45,6.86,000,33.4009
33367,Replace aortic valve w/byp,A,11.58,2.38,2.76,ZZZ,33.4009
33368,Replace aortic valve w/byp,A,14.03,2.88,3.35,ZZZ,33.4009
33369,Replace aortic valve w/byp,A,18.53,3.80,4.44,ZZZ,33.4009
33370,Tcat plmt&rmvl cepd perq,A,2.44,0.46,0.57,ZZZ,33.4009
33390,Valvuloplasty aortic valve,A,34.13,10.62,8.31,090,33.4009
33391,Valvuloplasty aortic valve,A,40.46,13.28,9.71,090,33.4009
33404,Prepare heart-aorta conduit,A,30.59,11.92,7.33,090,33.4009
33406,Replacement aortic valve opn,A,51.36,15.89,12.97,090,33.4009
3340F,Mammo assess inc xray docd,I,0.00,0.00,0.00,XXX,33.4009
33410,Replacement aortic valve opn,A,45.25,14.84,11.28,090,33.4009
33411,Replacement of aortic valve,A,60.52,17.88,14.94,090,33.4009
33412,Replacement of aortic valve,A,57.53,16.47,13.82,090,33.4009
33413,Replacement of aortic valve,A,58.37,17.90,14.00,090,33.4009
33414,Repair of aortic valve,A,38.39,11.69,9.70,090,33.4009
33415,Revision subvalvular tissue,A,36.34,11.67,9.00,090,33.4009
33416,Revise ventricle muscle,A,35.65,12.53,8.77,090,33.4009
33417,Repair of aortic valve,A,28.60,11.49,7.22,090,33.4009
3341F,Mammo assess negative docd,I,0.00,0.00,0.00,XXX,33.4009
33422,Revision of mitral valve,A,28.99,11.60,6.96,090,33.4009
33425,Repair of mitral valve,A,48.71,15.64,11.99,090,33.4009
33426,Repair of mitral valve,A,42.20,14.19,10.43,090,33.4009
33427,Repair of mitral valve,A,43.71,13.84,10.51,090,33.4009
3342F,Mammo assess bengn docd,I,0.00,0.00,0.00,XXX,33.4009
3343F,Mammo probably bengn docd,I,0.00,0.00,0.00,XXX,33.4009
33440,Rplcmt a-valve tlcj autol pv,A,62.40,17.47,14.98,090,33.4009
3344F,Mammo assess susp docd,I,0.00,0.00,0.00,XXX,33.4009
3345F,Mammo assess hghlymalig doc,I,0.00,0.00,0.00,XXX,33.4009
33460,Revision of tricuspid valve,A,43.58,13.15,10.46,090,33.4009
33463,Valvuloplasty tricuspid,A,55.65,16.58,13.56,090,33.4009
33464,Valvuloplasty tricuspid,A,43.50,14.11,10.43,090,33.4009
33468,Revision of tricuspid valve,A,44.00,12.89,11.12,090,33.4009
33474,Revision of pulmonary valve,A,38.42,12.88,9.71,090,33.4009
33475,Replacement pulmonary valve,A,41.34,13.19,9.80,090,33.4009
33476,Revision of heart chamber,A,25.91,10.93,6.53,090,33.4009
33477,Implant tcat pulm vlv perq,A,24.38,5.11,4.23,000,33.4009
33478,Revision of heart chamber,A,26.85,11.11,6.75,090,33.4009
33496,Repair prosth valve clot,A,29.09,11.43,6.98,090,33.4009
33500,Repair heart vessel fistula,A,27.24,10.78,6.53,090,33.4009
33501,Repair heart vessel fistula,A,19.02,8.62,4.55,090,33.4009
33502,Coronary artery correction,A,21.30,10.02,5.36,090,33.4009
33503,Coronary artery graft,A,21.95,10.77,5.53,090,33.4009
33504,Coronary artery graft,A,24.82,10.75,6.25,090,33.4009
33505,Repair artery w/tunnel,A,37.44,9.96,9.43,090,33.4009
33506,Repair artery translocation,A,36.90,10.72,9.29,090,33.4009
33507,Repair art intramural,A,30.62,9.67,7.72,090,33.4009
33509,Ndsc hrv uxtr art 1 sgm cab,A,3.26,0.66,0.81,ZZZ,33.4009
3350F,Mammo bx proven malig docd,I,0.00,0.00,0.00,XXX,33.4009
33510,Cabg vein single,A,34.11,11.85,8.37,090,33.4009
33511,Cabg vein two,A,37.49,12.97,9.26,090,33.4009
33512,Cabg vein three,A,42.88,14.21,10.52,090,33.4009
33513,Cabg vein four,A,44.24,13.97,10.76,090,33.4009
33514,Cabg vein five,A,46.88,15.27,11.27,090,33.4009
33516,Cabg vein six or more,A,48.52,15.86,11.66,090,33.4009
33517,Cabg artery-vein single,A,3.52,0.71,0.87,ZZZ,33.4009
33518,Cabg artery-vein two,A,7.73,1.55,1.91,ZZZ,33.4009
33519,Cabg artery-vein three,A,10.23,2.04,2.52,ZZZ,33.4009
3351F,Neg scrn dep symp by deptool,I,0.00,0.00,0.00,XXX,33.4009
33521,Cabg artery-vein four,A,12.28,2.45,3.03,ZZZ,33.4009
33522,Cabg artery-vein five,A,13.79,2.74,3.39,ZZZ,33.4009
33523,Cabg art-vein six or more,A,15.68,3.22,3.75,ZZZ,33.4009
3352F,No sig dep symp by dep tool,I,0.00,0.00,0.00,XXX,33.4009
33530,Coronary artery bypass/reop,A,9.88,1.99,2.42,ZZZ,33.4009
3353F,Mild-mod dep symp by deptool,I,0.00,0.00,0.00,XXX,33.4009
33542,Removal of heart lesion,A,47.00,14.90,11.62,090,33.4009
33545,Repair of heart damage,A,55.63,16.88,13.36,090,33.4009
33548,Restore/remodel ventricle,A,52.79,17.63,12.68,090,33.4009
3354F,Clin sig dep sym by dep tool,I,0.00,0.00,0.00,XXX,33.4009
33572,Open coronary endarterectomy,A,4.33,0.87,1.07,ZZZ,33.4009
33600,Closure of valve,A,29.55,11.68,7.44,090,33.4009
33602,Closure of valve,A,28.61,11.49,7.22,090,33.4009
33606,Anastomosis/artery-aorta,A,30.74,11.74,7.74,090,33.4009
33608,Repair anomaly w/conduit,A,31.08,11.98,7.84,090,33.4009
33610,Repair by enlargement,A,30.62,11.88,7.72,090,33.4009
33611,Repair double ventricle,A,34.68,10.96,8.74,090,33.4009
33612,Repair double ventricle,A,35.66,11.15,9.00,090,33.4009
33615,Repair modified fontan,A,34.99,12.25,8.82,090,33.4009
33617,Repair single ventricle,A,38.11,12.86,9.62,090,33.4009
33619,Repair single ventricle,A,47.54,17.60,12.00,090,33.4009
33620,Apply r&l pulm art bands,A,29.25,9.40,7.38,090,33.4009
33621,Transthor cath for stent,A,15.78,6.75,3.97,090,33.4009
33622,Redo compl cardiac anomaly,A,62.40,16.44,15.74,090,33.4009
33641,Repair heart septum defect,A,28.84,9.81,7.28,090,33.4009
33645,Revision of heart veins,A,30.52,10.24,7.69,090,33.4009
33647,Repair heart septum defects,A,32.18,10.46,8.11,090,33.4009
33660,Repair of heart defects,A,31.03,10.25,7.83,090,33.4009
33665,Repair of heart defects,A,33.98,10.82,8.58,090,33.4009
33670,Repair of heart chambers,A,35.71,9.74,9.00,090,33.4009
33675,Close mult vsd,A,35.05,11.06,8.84,090,33.4009
33676,Close mult vsd w/resection,A,36.03,11.24,9.09,090,33.4009
33677,Cl mult vsd w/rem pul band,A,37.49,11.53,9.44,090,33.4009
33681,Closure 1 vsd w/wo patch,A,31.53,12.79,7.95,090,33.4009
33684,Clsr 1 vsd w/wo patch w/vlvt,A,33.51,10.73,8.46,090,33.4009
33688,Clsr 1vsd w/wo ptch rmvl bnd,A,33.88,9.74,8.55,090,33.4009
33690,Banding pulmonary artery,A,19.85,9.76,4.99,090,33.4009
33692,Comp rpr tof wo pulm atresia,A,35.25,10.01,8.90,090,33.4009
33694,Cmp rpr tof wo plm atrs ptch,A,34.68,10.96,8.74,090,33.4009
33697,Compl rpr tof w/pulm atresia,A,36.63,11.34,9.24,090,33.4009
33702,Repair of heart defects,A,26.56,10.58,6.68,090,33.4009
3370F,Ajcc brst cncr stage 0 docd,I,0.00,0.00,0.00,XXX,33.4009
33710,Repair of heart defects,A,36.56,11.33,9.22,090,33.4009
33720,Repair of heart defect,A,26.58,10.59,6.69,090,33.4009
33724,Repair venous anomaly,A,26.94,9.45,6.78,090,33.4009
33726,Repair pul venous stenosis,A,36.19,11.27,9.14,090,33.4009
3372F,Ajcc brst cncr stage 1 docd,I,0.00,0.00,0.00,XXX,33.4009
33730,Repair heart-vein defect(s),A,35.24,12.12,8.89,090,33.4009
33732,Repair heart-vein defect,A,28.24,11.42,7.11,090,33.4009
33735,Revision of heart chamber,A,21.65,10.12,5.45,090,33.4009
33736,Revision of heart chamber,A,23.71,10.53,5.98,090,33.4009
33741,Tas congenital car anomal,A,13.65,2.54,3.26,000,33.4009
33745,Tis cgen car anomal 1st shnt,A,19.50,3.64,4.68,000,33.4009
33746,Tis cgen car anomal ea addl,A,7.80,1.45,1.86,ZZZ,33.4009
3374F,Ajcc brst cncr stage 1 docd,I,0.00,0.00,0.00,XXX,33.4009
33750,Shunt subclavian to pulm art,A,21.66,8.62,5.45,090,33.4009
33755,Shunt as-aort to pulm art,A,22.04,10.20,5.55,090,33.4009
33762,Shunt desc aorta to pulm art,A,22.04,8.69,5.55,090,33.4009
33764,Shunt central w/prostc graft,A,22.04,10.20,5.55,090,33.4009
33766,Shunt supr v/c p-art 1 lung,A,22.98,8.88,5.78,090,33.4009
33767,Shunt supr v/c p-art bth lng,A,24.67,9.21,6.21,090,33.4009
33768,Anast cavopulm sec sup v/c,A,7.80,1.54,1.96,ZZZ,33.4009
3376F,Ajcc brstcncr stage 2 docd,I,0.00,0.00,0.00,XXX,33.4009
33770,Rpr tga w/o surg enlgmnt vsd,A,38.09,10.96,9.61,090,33.4009
33771,Rpr tga w/surg enlgmnt vsd,A,39.61,10.39,10.02,090,33.4009
33774,Rpr tga atrial baffle px,A,30.94,12.25,7.81,090,33.4009
33775,Rpr tga atr bfl rmvl plm bnd,A,32.17,12.02,8.11,090,33.4009
33776,Rpr tga atr bfl clsr vsd,A,33.88,12.95,8.55,090,33.4009
33777,Rpr tga bfl rpr sbpulm obstr,A,33.32,11.21,8.39,090,33.4009
33778,Rpr tga aortic pulm art rcns,A,41.68,13.39,10.52,090,33.4009
33779,Rpr tga rcnstj rmvl plm bnd,A,42.15,11.37,10.64,090,33.4009
33780,Rpr tga rcnstj clsr vsd,A,42.80,11.88,10.80,090,33.4009
33781,Rpr tga rcnstj rpr sbpl obst,A,42.13,10.89,10.63,090,33.4009
33782,Nikaidoh proc,A,58.58,15.69,14.79,090,33.4009
33783,Nikaidoh proc w/ostia implt,A,63.45,16.65,16.01,090,33.4009
33786,Repair arterial trunk,A,40.82,12.03,10.29,090,33.4009
33788,Revision of pulmonary artery,A,26.73,9.62,6.71,090,33.4009
3378F,Ajcc brstcncr stage 3 docd,I,0.00,0.00,0.00,XXX,33.4009
33800,Aortic suspension,A,16.85,6.94,4.24,090,33.4009
33802,Division aberrant vessel,A,17.91,8.88,4.51,090,33.4009
33803,Div aberrant vsl w/reanast,A,19.80,7.76,4.97,090,33.4009
3380F,Ajcc brstcncr stage 4 docd,I,0.00,0.00,0.00,XXX,33.4009
33814,Obltrj a-pulm sep def w/byp,A,25.91,10.96,6.53,090,33.4009
33820,Repair pda by ligation,A,16.27,7.34,4.09,090,33.4009
33822,Repair pda div<18 years,A,17.27,7.53,4.33,090,33.4009
33824,Repair pda div 18 yrs&older,A,19.72,9.20,4.95,090,33.4009
3382F,Ajcc cln cncr stage 0 docd,I,0.00,0.00,0.00,XXX,33.4009
33840,Exc coa w/direct anastomosis,A,20.81,9.45,5.23,090,33.4009
33845,Excision coa w/graft,A,22.36,10.26,5.62,090,33.4009
3384F,Ajcc cln cncr stage 1 docd,I,0.00,0.00,0.00,XXX,33.4009
33851,Exc coa rpr l subcl art/prst,A,21.43,9.58,5.39,090,33.4009
33852,Rpr hypopl a-arch wo byp,A,23.80,10.04,6.00,090,33.4009
33853,Rpr hypopl a-arch w/byp,A,31.70,12.10,7.99,090,33.4009
33858,As-aort grf f/aortic dsj,A,61.82,16.69,15.31,090,33.4009
33859,As-aort grf f/ds oth/thn dsj,A,44.00,12.86,10.86,090,33.4009
33863,Ascending aortic graft,A,57.32,15.54,14.14,090,33.4009
33864,Ascending aortic graft,A,58.58,15.81,14.42,090,33.4009
33866,Aortic hemiarch graft,A,17.31,3.47,4.27,ZZZ,33.4009
3386F,Ajcc cln cncr stage 2 docd,I,0.00,0.00,0.00,XXX,33.4009
33871,Transvrs a-arch grf hypthrm,A,59.36,15.84,14.72,090,33.4009
33875,Thoracic aortic graft,A,49.45,14.17,12.33,090,33.4009
33877,Thoracoabdominal graft,A,67.30,14.21,17.06,090,33.4009
33880,Evasc rpr ta ndgft cov lsa,A,26.33,5.63,6.58,090,33.4009
33881,Evasc rpr ta ndgft xcov lsa,A,21.97,4.90,5.49,090,33.4009
33882,Evasc rpr ta dplmt mltpc sys,A,35.00,9.71,8.07,090,33.4009
33883,Delayed plmt prox xtn prosth,A,19.41,4.60,4.78,090,33.4009
33886,Delayed plmt dstl xtn prosth,A,19.41,4.51,4.84,090,33.4009
3388F,Ajcc cln cncr stage 3 docd,I,0.00,0.00,0.00,XXX,33.4009
33894,Evasc st rpr thrc/aa acrs br,A,17.81,3.32,4.26,000,33.4009
33895,Evasc st rpr thrc/aa x crsg,A,14.18,2.64,3.39,000,33.4009
33897,Perq trluml angp nt/recr coa,A,10.54,1.96,2.52,000,33.4009
33900,Perq p-art revsc 1 nm nt uni,A,10.75,2.00,2.57,000,33.4009
33901,Perq p-art revsc 1 nm nt bi,A,14.14,2.63,3.38,000,33.4009
33902,Perq p-art revsc 1 abnor uni,A,13.65,2.54,3.26,000,33.4009
33903,Perq p-art revsc 1 abnor bi,A,16.09,3.00,3.86,000,33.4009
33904,Perq p-art revsc each addl,A,5.39,1.01,1.30,ZZZ,33.4009
3390F,Ajcc cln cncr stage 4 docd,I,0.00,0.00,0.00,XXX,33.4009
33910,Remove lung artery emboli,A,47.00,15.20,11.29,090,33.4009
33915,Remove lung artery emboli,A,24.33,8.86,5.83,090,33.4009
33916,Surgery of great vessel,A,76.05,20.45,18.87,090,33.4009
33917,Repair pulmonary artery,A,24.67,10.72,6.21,090,33.4009
33920,Repair pulmonary atresia,A,31.92,10.63,8.05,090,33.4009
33922,Transect pulmonary artery,A,23.61,10.00,5.96,090,33.4009
33924,Remove pulmonary shunt,A,5.35,1.06,1.33,ZZZ,33.4009
33925,Rpr pul art unifocal w/o cpb,A,30.52,9.65,7.69,090,33.4009
33926,Repr pul art unifocal w/cpb,A,43.61,12.23,11.01,090,33.4009
33927,Impltj tot rplcmt hrt sys,A,47.78,9.42,12.06,XXX,33.4009
33928,Rmvl & rplcmt tot hrt sys,C,0.00,0.00,0.00,XXX,33.4009
33929,Rmvl rplcmt hrt sys f/trnspl,C,0.00,0.00,0.00,ZZZ,33.4009
33930,Removal of donor heart/lung,X,0.00,0.00,0.00,XXX,33.4009
33933,Prepare donor heart/lung,C,0.00,0.00,0.00,XXX,33.4009
33935,Transplantation heart/lung,R,89.49,26.95,21.46,090,33.4009
33940,Removal of donor heart,X,0.00,0.00,0.00,XXX,33.4009
33944,Prepare donor heart,C,0.00,0.00,0.00,XXX,33.4009
33945,Transplantation of heart,R,87.26,26.39,21.58,090,33.4009
33948,Ecmo/ecls daily mgmt-venous,A,4.61,1.08,0.81,XXX,33.4009
33949,Ecmo/ecls daily mgmt artery,A,4.49,1.02,0.75,XXX,33.4009
3394F,Quant her2 ihc eval brst cx,M,0.00,0.00,0.00,XXX,33.4009
33951,Ecmo/ecls insj prph cannula,A,7.95,1.79,1.91,000,33.4009
33952,Ecmo/ecls insj prph cannula,A,7.95,1.75,1.82,000,33.4009
33953,Ecmo/ecls insj prph cannula,A,8.88,1.97,2.12,000,33.4009
33954,Ecmo/ecls insj prph cannula,A,8.88,1.95,2.10,000,33.4009
33955,Ecmo/ecls insj ctr cannula,A,15.60,3.35,3.74,000,33.4009
33956,Ecmo/ecls insj ctr cannula,A,15.60,3.28,3.76,000,33.4009
33957,Ecmo/ecls repos perph cnula,A,3.42,0.85,0.82,000,33.4009
33958,Ecmo/ecls repos perph cnula,A,3.42,0.85,0.82,000,33.4009
33959,Ecmo/ecls repos perph cnula,A,4.36,1.05,1.06,000,33.4009
3395F,Quant nonher2 ihc brst cx,M,0.00,0.00,0.00,XXX,33.4009
33962,Ecmo/ecls repos perph cnula,A,4.36,1.05,1.06,000,33.4009
33963,Ecmo/ecls repos perph cnula,A,8.78,1.95,2.10,000,33.4009
33964,Ecmo/ecls repos perph cnula,A,9.26,2.05,2.21,000,33.4009
33966,Ecmo/ecls rmvl prph cannula,A,4.39,1.04,1.03,000,33.4009
33969,Ecmo/ecls rmvl perph cannula,A,5.09,1.19,1.22,000,33.4009
33970,Aortic circulation assist,A,6.57,1.27,1.57,000,33.4009
33971,Aortic circulation assist,A,11.69,5.64,2.77,090,33.4009
33973,Insert balloon device,A,9.51,1.95,2.27,000,33.4009
33974,Remove intra-aortic balloon,A,14.65,7.95,3.50,090,33.4009
33975,Implant ventricular device,A,24.38,4.87,6.02,XXX,33.4009
33976,Implant ventricular device,A,29.98,6.15,7.20,XXX,33.4009
33977,Remove ventricular device,A,20.34,5.71,4.95,XXX,33.4009
33978,Remove ventricular device,A,24.38,6.81,5.84,XXX,33.4009
33979,Insert intracorporeal device,A,36.56,7.38,9.01,XXX,33.4009
33980,Remove intracorporeal device,A,32.66,8.26,8.07,XXX,33.4009
33981,Replace vad pump ext,A,15.71,3.23,3.75,XXX,33.4009
33982,Replace vad intra w/o bp,A,36.91,7.57,8.85,XXX,33.4009
33983,Replace vad intra w/bp,A,43.43,8.92,10.43,XXX,33.4009
33984,Ecmo/ecls rmvl prph cannula,A,5.32,1.11,1.31,000,33.4009
33985,Ecmo/ecls rmvl ctr cannula,A,9.64,2.13,2.32,000,33.4009
33986,Ecmo/ecls rmvl ctr cannula,A,9.75,2.13,2.41,000,33.4009
33987,Artery expos/graft artery,A,3.94,0.81,0.95,ZZZ,33.4009
33988,Insertion of left heart vent,A,14.63,3.16,3.49,000,33.4009
33989,Removal of left heart vent,A,9.26,2.05,2.21,000,33.4009
33991,Insj perq vad l hrt artl&ven,A,8.62,1.77,2.06,000,33.4009
33993,Reposg perq r/l hrt vad,A,3.02,0.66,0.58,000,33.4009
33995,Insj perq vad r hrt venous,A,6.58,1.28,1.50,000,33.4009
33997,Rmvl perq right heart vad,A,2.93,0.58,0.67,000,33.4009
33999,Unlisted px cardiac surgery,C,0.00,0.00,0.00,YYY,33.4009
34001,Removal of artery clot,A,17.43,3.11,4.46,090,33.4009
34051,Removal of artery clot,A,16.57,8.37,3.96,090,33.4009
34101,Removal of artery clot,A,10.66,2.90,2.72,090,33.4009
34111,Removal of arm artery clot,A,10.66,2.93,2.70,090,33.4009
34421,Removal of vein clot,A,13.04,2.66,3.32,090,33.4009
34451,Removal of vein clot,A,27.81,4.19,7.11,090,33.4009
34471,Removal of vein clot,A,20.58,3.62,5.25,090,33.4009
34501,Repair valve femoral vein,A,16.43,3.95,4.19,090,33.4009
34502,Reconstruct vena cava,A,27.37,8.62,6.42,090,33.4009
3450F,Dyspnea scrnd no-mild dysp,I,0.00,0.00,0.00,XXX,33.4009
34510,Transposition of vein valve,A,19.41,3.53,4.95,090,33.4009
3451F,Dyspnea scrnd mod-high dysp,I,0.00,0.00,0.00,XXX,33.4009
34520,Cross-over vein graft,A,18.70,3.57,4.77,090,33.4009
3452F,Dyspnea not screened,I,0.00,0.00,0.00,XXX,33.4009
34530,Leg vein fusion,A,17.48,3.83,4.46,090,33.4009
3455F,Tb scr pfrmd&interpd 6 mo,I,0.00,0.00,0.00,XXX,33.4009
34701,Evasc rpr a-ao ndgft,A,23.12,4.51,5.78,090,33.4009
34702,Evasc rpr a-ao ndgft rpt,A,35.10,4.64,8.99,090,33.4009
34703,Evasc rpr a-unilac ndgft,A,25.86,4.71,6.49,090,33.4009
34704,Evasc rpr a-unilac ndgft rpt,A,43.88,5.33,11.25,090,33.4009
34705,Evac rpr a-biiliac ndgft,A,28.84,5.10,7.22,090,33.4009
34706,Evasc rpr a-biiliac rpt,A,43.88,6.44,11.08,090,33.4009
34707,Evasc rpr ilio-iliac ndgft,A,21.72,4.31,5.43,090,33.4009
34708,Evasc rpr ilio-iliac rpt,A,35.59,4.67,9.12,090,33.4009
34709,Plmt xtn prosth evasc rpr,A,6.34,0.71,1.59,ZZZ,33.4009
3470F,Ra disease activity low,I,0.00,0.00,0.00,XXX,33.4009
34710,Dlyd plmt xtn prosth 1st vsl,A,14.63,3.35,3.65,090,33.4009
34711,Dlyd plmt xtn prosth ea addl,A,5.85,0.60,1.46,ZZZ,33.4009
34712,Tcat dlvr enhncd fixj dev,A,11.70,3.17,2.91,090,33.4009
34713,Perq access & clsr fem art,A,2.44,0.26,0.60,ZZZ,33.4009
34714,Opn fem art expos cndt crtj,A,5.12,0.94,1.28,ZZZ,33.4009
34715,Opn ax/subcla art expos,A,5.85,0.74,1.48,ZZZ,33.4009
34716,Opn ax/subcla art expos cndt,A,7.01,1.39,1.73,ZZZ,33.4009
34717,Evasc rpr a-iliac ndgft,A,8.78,0.89,2.21,ZZZ,33.4009
34718,Evasc rpr n/a a-iliac ndgft,A,23.40,4.02,5.89,090,33.4009
3471F,Ra disease activity mod,I,0.00,0.00,0.00,XXX,33.4009
3472F,Ra disease activity high,I,0.00,0.00,0.00,XXX,33.4009
3475F,Disease progn ra poor docd,I,0.00,0.00,0.00,XXX,33.4009
3476F,Disease progn ra good docd,I,0.00,0.00,0.00,XXX,33.4009
34808,Endovas iliac a device addon,A,4.02,0.39,1.03,ZZZ,33.4009
34813,Femoral endovas graft add-on,A,4.67,0.46,1.21,ZZZ,33.4009
34830,Open aortic tube prosth repr,A,34.35,4.80,8.79,090,33.4009
34831,Open aortoiliac prosth repr,A,37.03,6.07,9.42,090,33.4009
34832,Open aortofemor prosth repr,A,37.03,5.01,9.47,090,33.4009
34833,Opn ilac art expos cndt crtj,A,7.96,0.63,2.04,ZZZ,33.4009
34834,Opn brach art expos,A,2.58,0.26,0.65,ZZZ,33.4009
34839,Plnning pt spec fenest graft,B,0.00,0.00,0.00,YYY,33.4009
34841,Endovasc visc aorta 1 graft,C,0.00,0.00,0.00,YYY,33.4009
34842,Endovasc visc aorta 2 graft,C,0.00,0.00,0.00,YYY,33.4009
34843,Endovasc visc aorta 3 graft,C,0.00,0.00,0.00,YYY,33.4009
34844,Endovasc visc aorta 4 graft,C,0.00,0.00,0.00,YYY,33.4009
34845,Visc & infraren abd 1 prosth,C,0.00,0.00,0.00,YYY,33.4009
34846,Visc & infraren abd 2 prosth,C,0.00,0.00,0.00,YYY,33.4009
34847,Visc & infraren abd 3 prosth,C,0.00,0.00,0.00,YYY,33.4009
34848,Visc & infraren abd 4+ prost,C,0.00,0.00,0.00,YYY,33.4009
3490F,History aids-defining cond,I,0.00,0.00,0.00,XXX,33.4009
3491F,Hiv unsure baby of hiv+moms,I,0.00,0.00,0.00,XXX,33.4009
3492F,History cd4+ cell count <350,I,0.00,0.00,0.00,XXX,33.4009
3493F,No hist cd4+ cell count <350,I,0.00,0.00,0.00,XXX,33.4009
3494F,Cd4+cell count <200cells/mm3,I,0.00,0.00,0.00,XXX,33.4009
3495F,Cd4+cell cnt 200-499 cells,I,0.00,0.00,0.00,XXX,33.4009
3496F,Cd4+ cell count >= 500 cells,I,0.00,0.00,0.00,XXX,33.4009
3497F,Cd4+ cell percentage <15%,I,0.00,0.00,0.00,XXX,33.4009
3498F,Cd4+ cell >=15% (hiv),I,0.00,0.00,0.00,XXX,33.4009
35001,Repair defect of artery,A,20.29,4.72,5.13,090,33.4009
35002,Repair artery rupture neck,A,21.67,3.83,5.54,090,33.4009
35005,Repair defect of artery,A,18.81,3.60,4.80,090,33.4009
3500F,Cd4+cell cnt/% docd as done,I,0.00,0.00,0.00,XXX,33.4009
35011,Repair defect of artery,A,18.12,4.56,4.69,090,33.4009
35013,Repair artery rupture arm,A,22.65,3.88,5.78,090,33.4009
35021,Repair defect of artery,A,21.62,9.42,5.16,090,33.4009
35022,Repair artery rupture chest,A,25.06,10.12,6.01,090,33.4009
3502F,Hiv rna vrl ld <lmts quantif,I,0.00,0.00,0.00,XXX,33.4009
3503F,Hiv rna vrl ldnot<lmts quntf,I,0.00,0.00,0.00,XXX,33.4009
35091,Repair defect of artery,A,34.47,4.80,8.75,090,33.4009
35092,Repair artery rupture aorta,A,49.70,6.19,12.71,090,33.4009
35103,Repair artery rupture aorta,A,42.53,5.45,10.89,090,33.4009
3510F,Doc tb scrng-rslts interpd,I,0.00,0.00,0.00,XXX,33.4009
35111,Repair defect of artery,A,25.62,4.01,6.55,090,33.4009
35112,Repair artery rupture spleen,A,31.76,4.60,8.12,090,33.4009
3511F,Chlmyd/gonrh tsts docd done,I,0.00,0.00,0.00,XXX,33.4009
35121,Repair defect of artery,A,30.73,4.42,7.87,090,33.4009
35122,Repair artery rupture belly,A,36.94,5.01,9.44,090,33.4009
3512F,Syph scrng docd as done,I,0.00,0.00,0.00,XXX,33.4009
35131,Repair defect of artery,A,25.74,5.40,6.56,090,33.4009
35132,Repair artery rupture groin,A,31.76,4.60,8.12,090,33.4009
3513F,Hep b scrng docd as done,I,0.00,0.00,0.00,XXX,33.4009
35142,Repair artery rupture thigh,A,24.53,5.01,6.23,090,33.4009
3514F,Hep c scrng docd as done,I,0.00,0.00,0.00,XXX,33.4009
35151,Repair defect of artery,A,23.13,4.59,5.90,090,33.4009
35152,Repair ruptd popliteal art,A,26.97,4.21,6.87,090,33.4009
3515F,Pt has docd immun to hep c,I,0.00,0.00,0.00,XXX,33.4009
3517F,Hbv assess&results intrp 1yr,I,0.00,0.00,0.00,XXX,33.4009
35180,Rpr cgen av fistula head&nck,A,14.72,3.00,3.75,090,33.4009
35182,Rpr cgen av fistula thrx&abd,A,30.92,11.85,7.78,090,33.4009
35184,Rpr cgen av fistula xtr,A,18.35,3.30,4.69,090,33.4009
35188,Rpr acq av fistula head&neck,A,17.55,12.86,7.41,090,33.4009
35189,Rpr acq av fistula thrx&abd,A,29.23,4.40,7.46,090,33.4009
35190,Repair acq av fistula xtr,A,13.08,4.12,3.34,090,33.4009
35201,Repair blood vessel dir neck,A,16.51,4.79,4.02,090,33.4009
3520F,Cdifficile testing performed,I,0.00,0.00,0.00,XXX,33.4009
35211,Rpr blvsl dir ntrathrc w/byp,A,23.97,9.63,5.93,090,33.4009
35216,Rpr blvsl dir ntrthrc wo byp,A,35.69,12.82,8.60,090,33.4009
35221,Rpr bld vsl dir intra-abdl,A,25.95,7.58,6.54,090,33.4009
35226,Repair blood vessel dir lxtr,A,14.92,3.98,3.75,090,33.4009
35241,Rpr blvsl vn grf ntrthrc w/b,A,24.94,10.10,5.98,090,33.4009
35246,Rpr blvsl vn grf ntrthrc w/o,A,27.52,10.32,6.59,090,33.4009
35251,Rpr blvsl vn grf intra-abdl,A,31.11,7.91,7.85,090,33.4009
35256,Repair blvsl vn grf lxtr,A,18.58,4.67,4.52,090,33.4009
35261,Rpr blvsl grf oth/thn vn nck,A,18.49,3.65,4.73,090,33.4009
35271,Rpr blvs gr ot/th vn ntrth w,A,23.97,9.89,5.73,090,33.4009
35276,Rpr blvs gr ot/t vn ntrth wo,A,25.18,10.54,6.03,090,33.4009
35281,Rpr blvsl gr ot/th vn ntr-ab,A,29.31,7.70,7.47,090,33.4009
35286,Rpr blvsl grf oth/th vn lxtr,A,16.76,4.18,4.26,090,33.4009
35302,Rechanneling of artery,A,20.82,4.19,5.30,090,33.4009
35303,Rechanneling of artery,A,23.01,4.48,5.85,090,33.4009
35304,Rechanneling of artery,A,23.99,4.45,6.16,090,33.4009
35305,Rechanneling of artery,A,23.01,4.09,5.86,090,33.4009
35306,Rechanneling of artery,A,9.02,0.72,2.31,ZZZ,33.4009
35311,Rechanneling of artery,A,27.89,9.21,6.67,090,33.4009
35321,Rechanneling of artery,A,16.18,4.41,4.14,090,33.4009
35331,Rechanneling of artery,A,27.03,4.12,6.90,090,33.4009
35341,Rechanneling of artery,A,25.55,5.23,6.46,090,33.4009
35351,Rechanneling of artery,A,23.99,4.87,6.16,090,33.4009
35355,Rechanneling of artery,A,19.36,3.63,4.93,090,33.4009
35361,Rechanneling of artery,A,29.48,4.42,7.54,090,33.4009
35363,Rechanneling of artery,A,31.54,4.58,8.07,090,33.4009
35371,Rechanneling of artery,A,14.93,3.42,3.80,090,33.4009
35372,Rechanneling of artery,A,18.12,3.77,4.62,090,33.4009
35400,Angioscopy,A,2.93,0.24,0.75,ZZZ,33.4009
35500,Harvest vein for bypass,A,6.28,0.73,1.58,ZZZ,33.4009
35506,Art byp grft subclav-carotid,A,24.70,3.69,6.31,090,33.4009
35508,Art byp grft carotid-vertbrl,A,25.44,4.33,6.49,090,33.4009
35509,Art byp grft contral carotid,A,27.39,4.06,7.01,090,33.4009
3550F,Low rsk thromboembolism,I,0.00,0.00,0.00,XXX,33.4009
35510,Art byp grft carotid-brchial,A,23.78,3.63,6.08,090,33.4009
35511,Art byp grft subclav-subclav,A,21.65,3.35,5.53,090,33.4009
35512,Art byp grft subclav-brchial,A,23.29,3.60,5.96,090,33.4009
35515,Art byp grft subclav-vertbrl,A,25.44,4.33,6.49,090,33.4009
35516,Art byp grft subclav-axilary,A,23.60,3.60,6.03,090,33.4009
35518,Art byp grft axillary-axilry,A,22.08,3.38,5.63,090,33.4009
3551F,Intrmed rsk thromboembolism,I,0.00,0.00,0.00,XXX,33.4009
35521,Art byp grft axill-femoral,A,23.53,3.95,6.02,090,33.4009
35522,Art byp grft axill-brachial,A,22.57,3.54,5.76,090,33.4009
35523,Art byp grft brchl-ulnr-rdl,A,23.53,3.98,6.02,090,33.4009
35525,Art byp grft brachial-brchl,A,21.15,3.42,5.40,090,33.4009
35526,Art byp grft aor/carot/innom,A,30.76,10.80,7.38,090,33.4009
3552F,Hgh risk for thromboembolism,I,0.00,0.00,0.00,XXX,33.4009
35531,Art byp grft aorcel/aormesen,A,38.13,5.10,9.77,090,33.4009
35533,Art byp grft axill/fem/fem,A,29.17,4.39,7.45,090,33.4009
35535,Art byp grft hepatorenal,A,37.18,5.04,9.52,090,33.4009
35536,Art byp grft splenorenal,A,32.89,4.68,8.40,090,33.4009
35537,Art byp grft aortoiliac,A,40.83,5.35,10.46,090,33.4009
35538,Art byp grft aortobi-iliac,A,45.85,5.82,11.75,090,33.4009
35539,Art byp grft aortofemoral,A,43.01,5.52,11.01,090,33.4009
35540,Art byp grft aortbifemoral,A,48.10,5.93,12.33,090,33.4009
35558,Art byp grft fem-femoral,A,22.55,4.80,5.68,090,33.4009
3555F,Pt inr measurement performed,I,0.00,0.00,0.00,XXX,33.4009
35560,Art byp grft aortorenal,A,33.18,4.70,8.50,090,33.4009
35563,Art byp grft ilioiliac,A,25.47,4.09,6.50,090,33.4009
35565,Art byp grft iliofemoral,A,24.50,4.01,6.26,090,33.4009
35570,Art byp tibial-tib/peroneal,A,28.42,4.44,7.28,090,33.4009
35572,Harvest femoropopliteal vein,A,6.64,0.87,1.68,ZZZ,33.4009
35587,Vein byp pop-tibl peroneal,A,25.55,4.22,6.53,090,33.4009
35600,Open hrv uxtr art 1 sgm cab,A,3.50,0.70,0.86,ZZZ,33.4009
35601,Bpg com crtd-ipsi int crtd,A,26.41,4.80,6.79,090,33.4009
35602,Bpg crtd-clat crtd,A,23.53,5.13,5.95,090,33.4009
35606,Bpg carotid-subclavian,A,21.90,4.41,5.57,090,33.4009
35612,Bpg subclavian-subclavian,A,19.84,3.64,5.06,090,33.4009
35616,Bpg subclavian-axillary,A,21.27,3.32,5.43,090,33.4009
35621,Bpg axillary-femoral,A,20.50,3.93,5.22,090,33.4009
35623,Bpg axillary-pop/-tibial,A,25.27,4.08,6.45,090,33.4009
35626,Bpg aor-subcla/innom/carotid,A,28.41,8.89,7.05,090,33.4009
35631,Bpg aor-celiac-msn-renal,A,35.13,6.06,8.93,090,33.4009
35632,Bpg ilio-celiac,A,35.23,4.88,9.01,090,33.4009
35633,Bpg ilio-mesenteric,A,38.13,6.11,9.72,090,33.4009
35634,Bpg iliorenal,A,34.45,4.82,8.81,090,33.4009
35636,Bpg splenorenal,A,30.96,4.53,7.92,090,33.4009
35637,Bpg aortoiliac,A,32.22,4.67,8.25,090,33.4009
35638,Bpg aortobi-iliac,A,32.76,6.30,8.28,090,33.4009
35642,Bpg carotid-vertebral,A,18.47,3.90,4.72,090,33.4009
35645,Bpg subclavian-vertebral,A,17.97,3.31,4.60,090,33.4009
35647,Bpg aortofemoral,A,28.99,4.28,7.42,090,33.4009
35650,Bpg axillary-axillary,A,19.66,3.20,5.02,090,33.4009
35661,Bpg femoral-femoral,A,19.84,4.53,5.04,090,33.4009
35663,Bpg ilioiliac,A,23.33,3.93,5.97,090,33.4009
35665,Bpg iliofemoral,A,21.79,4.62,5.51,090,33.4009
35666,Bpg fem-ant tib pst tib/prnl,A,23.07,6.00,5.89,090,33.4009
35671,Bpg pop-tibl/-prnl artery,A,20.25,5.39,5.16,090,33.4009
35681,Composite byp grft pros&vein,A,1.56,0.19,0.40,ZZZ,33.4009
35682,Composite byp grft 2 veins,A,7.01,0.65,1.78,ZZZ,33.4009
35683,Composite byp grft 3/> segmt,A,8.28,0.66,2.11,ZZZ,33.4009
35685,Bypass graft patency/patch,A,3.94,0.39,1.02,ZZZ,33.4009
35686,Bypass graft/av fist patency,A,3.26,0.26,0.83,ZZZ,33.4009
35691,Art trnsposj vertbrl carotid,A,17.95,3.31,4.58,090,33.4009
35693,Art trnsposj subclavian,A,15.34,3.73,3.91,090,33.4009
35694,Art trnsposj subclav carotid,A,18.80,3.38,4.80,090,33.4009
35695,Art trnsposj carotid subclav,A,19.56,3.44,4.98,090,33.4009
35697,Reimplant artery each,A,2.93,0.29,0.73,ZZZ,33.4009
35700,Reoperation bypass graft,A,3.00,0.31,0.78,ZZZ,33.4009
35701,Expl n/flwd surg neck art,A,7.31,2.87,1.30,090,33.4009
35702,Expl n/flwd surg uxtr art,A,6.94,2.55,1.65,090,33.4009
35703,Expl n/flwd surg lxtr art,A,7.31,2.30,1.76,090,33.4009
3570F,Rprt bone scint xref w xray,I,0.00,0.00,0.00,XXX,33.4009
3572F,Pt consid poss risk fx,I,0.00,0.00,0.00,XXX,33.4009
3573F,Pt not consid poss risk fx,I,0.00,0.00,0.00,XXX,33.4009
35800,Explore neck vessels,A,11.70,5.76,2.34,090,33.4009
35820,Explore chest vessels,A,35.97,11.22,8.82,090,33.4009
35840,Explore abdominal vessels,A,20.23,8.38,5.02,090,33.4009
35860,Explore limb vessels,A,14.87,4.66,3.69,090,33.4009
35870,Repair vessel graft defect,A,23.89,4.00,6.11,090,33.4009
35875,Removal of clot in graft,A,10.45,3.03,2.64,090,33.4009
35876,Removal of clot in graft,A,17.37,3.94,4.33,090,33.4009
35879,Revise graft w/vein,A,16.97,3.89,4.32,090,33.4009
35881,Revise graft w/vein,A,18.87,4.35,4.76,090,33.4009
35883,Revj fem anast nonautog grf,A,22.57,4.13,5.74,090,33.4009
35884,Revj fem anast autog vn grf,A,24.03,3.57,6.15,090,33.4009
35901,Excision graft neck,A,8.17,2.89,2.08,090,33.4009
35903,Excision graft extremity,A,9.29,3.85,2.37,090,33.4009
35905,Excision graft thorax,A,32.68,4.67,8.35,090,33.4009
35907,Excision graft abdomen,A,36.34,6.01,9.24,090,33.4009
36000,Place needle in vein,B,0.18,0.04,0.02,XXX,33.4009
36002,Pseudoaneurysm injection trt,A,1.91,0.54,0.30,000,33.4009
36005,Injection ext venography,A,0.93,0.16,0.16,000,33.4009
36013,Place catheter in artery,A,2.46,0.50,0.40,XXX,33.4009
36014,Place catheter in artery,A,2.94,0.49,0.48,XXX,33.4009
36015,Place catheter in artery,A,3.42,0.55,0.49,XXX,33.4009
36140,Intro ndl icath upr/lxtr art,A,1.72,0.27,0.37,XXX,33.4009
36160,Establish access to aorta,A,2.46,0.38,0.36,XXX,33.4009
36215,Place catheter in artery,A,4.07,0.94,0.62,000,33.4009
36216,Place catheter in artery,A,5.14,1.02,1.13,000,33.4009
36217,Place catheter in artery,A,6.13,1.37,1.53,000,33.4009
36218,Place catheter in artery,A,0.98,0.20,0.21,ZZZ,33.4009
36221,Place cath thoracic aorta,A,3.82,0.61,0.90,000,33.4009
36222,Place cath carotid/inom art,A,5.15,1.10,1.31,000,33.4009
36223,Place cath carotid/inom art,A,5.61,1.58,1.71,000,33.4009
36224,Place cath carotd art,A,6.09,1.89,1.96,000,33.4009
36225,Place cath subclavian art,A,5.61,1.51,1.69,000,33.4009
36226,Place cath vertebral art,A,6.09,1.85,1.92,000,33.4009
36227,Place cath xtrnl carotid,A,2.04,0.55,0.65,ZZZ,33.4009
36228,Place cath intracranial art,A,4.14,1.16,1.43,ZZZ,33.4009
36248,Ins cath abd/l-ext art addl,A,0.98,0.14,0.12,ZZZ,33.4009
36251,Ins cath ren art 1st unilat,A,4.97,0.80,0.95,000,33.4009
36252,Ins cath ren art 1st bilat,A,6.57,1.22,1.48,000,33.4009
36253,Ins cath ren art 2nd+ unilat,A,7.12,1.13,0.88,000,33.4009
36254,Ins cath ren art 2nd+ bilat,A,7.70,1.42,1.73,000,33.4009
36260,Insertion of infusion pump,A,9.66,6.72,2.58,090,33.4009
36261,Revision of infusion pump,A,5.49,5.25,1.46,090,33.4009
36262,Removal of infusion pump,A,4.01,4.38,1.08,090,33.4009
36299,Unlisted px vascular njx,C,0.00,0.00,0.00,YYY,33.4009
36400,Vnpnxr<3yrs phy/qhp fem/jug,A,0.37,0.08,0.02,XXX,33.4009
36405,Vnpnxr<3yrs phy/qhp scalp vn,A,0.30,0.06,0.02,XXX,33.4009
36406,Vnpnxr<3yrs phy/qhp other vn,A,0.18,0.04,0.01,XXX,33.4009
36410,Vnpnxr 3yr/> phy/qhp dx/ther,A,0.18,0.04,0.02,XXX,33.4009
36415,Coll venous bld venipuncture,X,0.00,0.00,0.00,XXX,33.4009
36416,Collj capillary blood spec,B,0.00,0.00,0.00,XXX,33.4009
36420,Venipuncture cutdown < 1 yr,A,0.98,0.16,0.24,XXX,33.4009
36425,Venipuncture cutdown 1 yr/>,A,0.74,0.16,0.09,XXX,33.4009
36430,Transfusion bld/bld compnt,A,0.00,1.39,0.03,XXX,33.4009
36440,Bld push tfuj 2 yr/<,A,1.00,0.20,0.06,XXX,33.4009
36450,Bld exchange truj newborn,A,3.41,0.69,0.21,XXX,33.4009
36455,Bld exchange truj oth thn nb,A,2.37,0.46,0.59,XXX,33.4009
36456,Prtl exchange transfuse nb,A,1.95,0.39,0.12,XXX,33.4009
36460,Intrauterine transfusion ftl,A,6.42,1.36,1.13,XXX,33.4009
36465,Njx noncmpnd sclrsnt 1 vein,A,2.29,0.39,0.48,000,33.4009
36466,Njx noncmpnd sclrsnt mlt vn,A,2.93,0.47,0.59,000,33.4009
36468,Njx sclrsnt spider veins,R,0.00,0.00,0.00,000,33.4009
36470,Njx sclrsnt 1 incmptnt vein,A,0.73,0.13,0.15,000,33.4009
36471,Njx sclrsnt mlt incmptnt vn,A,1.46,0.25,0.29,000,33.4009
36473,Endovenous mchnchem 1st vein,A,3.41,0.58,0.75,000,33.4009
36474,Endovenous mchnchem add-on,A,1.71,0.25,0.38,ZZZ,33.4009
36476,Endovenous rf vein add-on,A,2.58,0.37,0.57,ZZZ,33.4009
36479,Endovenous laser vein addon,A,2.58,0.45,0.54,ZZZ,33.4009
36481,Insertion of catheter vein,A,6.56,1.11,0.75,000,33.4009
36482,Endoven ther chem adhes 1st,A,3.41,0.59,0.75,000,33.4009
36483,Endoven ther chem adhes sbsq,A,1.71,0.27,0.40,ZZZ,33.4009
36500,Insertion of catheter vein,A,3.42,0.71,0.67,000,33.4009
3650F,Eeg ordered rvwd reqstd,I,0.00,0.00,0.00,XXX,33.4009
36510,Insertion of catheter vein,A,1.06,0.22,0.07,000,33.4009
36511,Apheresis wbc,A,1.95,0.65,0.13,000,33.4009
36512,Apheresis rbc,A,1.95,0.50,0.12,000,33.4009
36513,Apheresis platelets,A,1.95,0.53,0.16,000,33.4009
36514,Apheresis plasma,A,1.76,0.42,0.16,000,33.4009
36516,Apheresis immunoads slctv,A,1.52,0.36,0.35,000,33.4009
36522,Photopheresis,A,1.71,0.50,0.13,000,33.4009
36555,Insert non-tunnel cv cath,A,1.88,0.33,0.16,000,33.4009
36557,Insert tunneled cv cath,A,4.77,3.18,1.28,010,33.4009
36560,Insert tunneled cv cath,A,5.89,3.45,1.57,010,33.4009
36563,Insert tunneled cv cath,A,5.84,3.00,1.41,010,33.4009
36565,Insert tunneled cv cath,A,5.65,2.50,1.22,010,33.4009
36566,Insert tunneled cv cath,A,6.13,2.68,1.19,010,33.4009
36570,Insert picvad cath,A,4.98,3.23,1.33,010,33.4009
36572,Insj picc rs&i <5 yr,A,1.77,0.21,0.22,000,33.4009
36573,Insj picc rs&i 5 yr+,A,1.66,0.32,0.18,000,33.4009
36575,Repair tunneled cv cath,A,0.65,0.17,0.07,000,33.4009
36576,Repair tunneled cv cath,A,2.92,1.62,0.57,010,33.4009
36578,Replace tunneled cv cath,A,3.21,1.80,0.65,010,33.4009
36580,Replace cvad cath,A,1.28,0.26,0.18,000,33.4009
36581,Replace tunneled cv cath,A,3.15,1.35,0.43,010,33.4009
36582,Replace tunneled cv cath,A,4.87,2.06,0.83,010,33.4009
36583,Replace tunneled cv cath,A,4.91,3.22,1.31,010,33.4009
36585,Replace picvad cath,A,4.48,3.11,1.21,010,33.4009
36591,Draw blood off venous device,T,0.00,0.90,0.01,XXX,33.4009
36592,Collect blood from picc,T,0.00,1.00,0.01,XXX,33.4009
36593,Declot vascular device,A,0.00,1.12,0.02,XXX,33.4009
36595,Mech remov tunneled cv cath,A,3.50,0.80,0.42,000,33.4009
36596,Mech remov tunneled cv cath,A,0.73,0.39,0.11,000,33.4009
36597,Reposition venous catheter,A,1.18,0.23,0.15,000,33.4009
36598,Inj w/fluor eval cv device,T,0.72,0.12,0.07,000,33.4009
36600,Withdrawal of arterial blood,A,0.31,0.06,0.02,XXX,33.4009
36660,Insertion catheter artery,A,1.37,0.28,0.07,000,33.4009
36680,Insert needle bone cavity,A,1.17,0.33,0.23,000,33.4009
36800,Insertion of cannula,A,2.37,0.58,0.27,000,33.4009
36810,Insertion of cannula,A,3.86,1.11,0.34,000,33.4009
36815,Insertion of cannula,A,2.55,0.50,0.64,000,33.4009
36820,Av fusion/forearm vein,A,12.74,3.89,3.24,090,33.4009
36823,Insertion of cannula(s),A,22.41,11.02,6.00,090,33.4009
36825,Artery-vein autograft,A,13.82,4.22,3.55,090,33.4009
36832,Av fistula revision open,A,13.16,4.13,3.32,090,33.4009
36833,Av fistula revision,A,14.14,4.30,3.61,090,33.4009
36835,Insertion thomas shunt,A,7.32,5.11,1.84,090,33.4009
36836,Prq av fstl crtj uxtr 1 acs,A,7.02,1.34,1.03,000,33.4009
36837,Prq av fstl crt uxtr sep acs,A,9.07,1.52,1.41,000,33.4009
36838,Dist revas ligation hemo,A,21.15,4.31,5.39,090,33.4009
36860,External cannula declotting,A,1.96,0.47,0.51,000,33.4009
36861,Cannula declotting,A,2.46,0.59,0.65,000,33.4009
36905,Thrmbc/nfs dialysis circuit,A,8.78,1.48,1.29,000,33.4009
36907,Balo angiop ctr dialysis seg,A,2.93,0.44,0.45,ZZZ,33.4009
36908,Stent plmt ctr dialysis seg,A,4.14,0.61,0.69,ZZZ,33.4009
36909,Dialysis circuit embolj,A,4.02,0.57,0.67,ZZZ,33.4009
3700F,Psych disorders assessed,I,0.00,0.00,0.00,XXX,33.4009
37140,Revision of circulation,A,39.00,14.55,10.45,090,33.4009
37145,Revision of circulation,A,36.08,13.70,9.67,090,33.4009
37160,Revision of circulation,A,37.05,14.07,9.93,090,33.4009
37180,Revision of circulation,A,35.59,13.59,9.54,090,33.4009
37181,Splice spleen/kidney veins,A,39.00,14.55,10.45,090,33.4009
37182,Insert hepatic shunt (tips),A,16.55,2.59,1.85,000,33.4009
37183,Revision tips,A,7.55,1.24,0.85,000,33.4009
37185,Prim art m-thrmbc sbsq vsl,A,3.20,0.44,0.59,ZZZ,33.4009
37186,Sec art thrombectomy add-on,A,4.80,0.66,1.06,ZZZ,33.4009
37188,Ven mechnl thrmbc repeat tx,A,5.32,1.12,1.06,000,33.4009
37195,Thrombolytic therapy stroke,C,0.00,0.00,0.00,XXX,33.4009
37200,Transcatheter biopsy,A,4.44,0.62,0.48,000,33.4009
3720F,Cognit impairment assessed,M,0.00,0.00,0.00,XXX,33.4009
37213,Thromblytic art/ven therapy,A,4.63,0.58,0.85,000,33.4009
37214,Cessj therapy cath removal,A,2.43,0.31,0.47,000,33.4009
37216,Transcath stent cca w/o eps,N,17.53,6.34,1.87,090,33.4009
37217,Stent placemt retro carotid,A,19.87,4.43,5.02,090,33.4009
37218,Stent placemt ante carotid,A,14.38,4.25,3.58,090,33.4009
37237,Open/perq place stent ea add,A,4.14,0.48,1.00,ZZZ,33.4009
37239,Open/perq place stent ea add,A,2.90,0.45,0.59,ZZZ,33.4009
37246,Trluml balo angiop 1st art,A,6.83,1.06,1.34,000,33.4009
37247,Trluml balo angiop addl art,A,3.41,0.52,0.62,ZZZ,33.4009
37248,Trluml balo angiop 1st vein,A,5.85,1.01,0.93,000,33.4009
37249,Trluml balo angiop addl vein,A,2.90,0.40,0.54,ZZZ,33.4009
37252,Intrvasc us noncoronary 1st,A,1.76,0.24,0.37,ZZZ,33.4009
37253,Intrvasc us noncoronary addl,A,1.40,0.19,0.28,ZZZ,33.4009
37254,Revsc evasc ivt angio sf 1st,A,7.30,1.04,1.71,000,33.4009
37255,Revsc evasc ivt angio sf ea,A,3.00,0.36,0.71,ZZZ,33.4009
37256,Revsc evasc ivt angio cplx 1,A,10.75,1.47,2.51,000,33.4009
37257,Revsc evsc ivt angio cplx ea,A,3.89,0.46,0.92,ZZZ,33.4009
37258,Revsc evasc ivt stent sf 1st,A,8.75,1.17,2.09,000,33.4009
37259,Revsc evasc ivt stent sf ea,A,4.00,0.45,0.98,ZZZ,33.4009
3725F,Screen depression performed,M,0.00,0.00,0.00,XXX,33.4009
37260,Revsc evasc ivt st cplx 1st,A,12.69,1.65,3.02,000,33.4009
37261,Revsc evasc ivt st cplx ea,A,4.25,0.48,1.04,ZZZ,33.4009
37262,Iv lithotrp ivt w/in sm art,A,3.00,0.47,0.60,ZZZ,33.4009
37263,Revsc evasc fpvt angio sf 1,A,7.75,1.08,1.83,000,33.4009
37264,Revsc evasc fpvt angio sf ea,A,3.00,0.38,0.70,ZZZ,33.4009
37265,Revsc evsc fpvt angio cplx 1,A,10.50,1.44,2.48,000,33.4009
37266,Rvsc evsc fpvt angio cplx ea,A,4.00,0.50,0.93,ZZZ,33.4009
37267,Revsc evsc fpvt stent sf 1st,A,8.75,1.18,2.09,000,33.4009
37268,Revsc evasc fpvt stent sf ea,A,3.73,0.46,0.89,ZZZ,33.4009
37269,Revsc evasc fpvt st cplx 1st,A,14.75,1.92,3.53,000,33.4009
37270,Revsc evasc fpvt st cplx ea,A,5.00,0.62,1.20,ZZZ,33.4009
37271,Revsc evsc fpvt athrc sf 1st,A,9.00,1.32,2.00,000,33.4009
37272,Revsc evsc fpvt athrc sf ea,A,4.00,0.54,0.89,ZZZ,33.4009
37273,Revsc evsc fpvt athrc cplx 1,A,12.63,1.81,2.81,000,33.4009
37274,Rvsc evsc fpvt athrc cplx ea,A,5.50,0.75,1.23,ZZZ,33.4009
37275,Rvsc evsc fpvt st athrc sf 1,A,11.00,1.50,2.51,000,33.4009
37276,Rvsc evsc fpvt st athr sf ea,A,4.25,0.54,0.98,ZZZ,33.4009
37277,Rvsc evsc fpvt st athr cpx 1,A,15.00,2.00,3.41,000,33.4009
37278,Rvsc evsc fpvt st ath cpx ea,A,6.00,0.76,1.35,ZZZ,33.4009
37279,Iv lithotrp fpvt w/in sm art,A,4.00,0.63,0.81,ZZZ,33.4009
37280,Revsc evsc tpvt angio sf 1st,A,9.80,1.29,2.31,000,33.4009
37281,Revsc evsc tpvt angio sf ea,A,3.00,0.37,0.66,ZZZ,33.4009
37282,Rvsc evsc tpvt angio cplx 1,A,12.31,1.60,2.90,000,33.4009
37283,Rvsc evsc tpvt angio cplx ea,A,4.26,0.53,0.95,ZZZ,33.4009
37284,Revsc evasc tpvt st sf 1st,A,10.00,1.52,2.30,000,33.4009
37285,Revsc evasc tpvt st sf ea,A,3.34,0.49,0.73,ZZZ,33.4009
37286,Revsc evasc tpvt st cplx 1st,A,13.46,2.00,3.07,000,33.4009
37287,Revsc evasc tpvt st cplx ea,A,5.00,0.74,1.12,ZZZ,33.4009
37288,Revsc evsc tpvt athrc sf 1st,A,13.50,1.91,2.84,000,33.4009
37289,Revsc evsc tpvt athrc sf ea,A,4.75,0.67,1.01,ZZZ,33.4009
37290,Revsc evsc tpvt athrc cplx 1,A,17.00,2.38,3.58,000,33.4009
37291,Revsc evsc tpvt athr cplx ea,A,6.50,0.92,1.35,ZZZ,33.4009
37292,Rvsc evsc tpvt st athrc sf 1,A,15.00,2.29,3.04,000,33.4009
37293,Rvsc evsc tpvt st athr sf ea,A,6.50,1.10,1.34,ZZZ,33.4009
37294,Rvsc evsc tpvt st athr cpx 1,A,18.00,2.72,3.65,000,33.4009
37295,Rvsc evsc tpvt st ath cpx ea,A,8.16,1.39,1.72,ZZZ,33.4009
37296,Revsc evasc imvt angio sf 1,A,11.00,1.44,2.57,000,33.4009
37297,Revsc evasc imvt angio sf ea,A,4.00,0.50,0.88,ZZZ,33.4009
37298,Revsc evsc imvt angio cplx 1,A,13.70,1.77,3.05,000,33.4009
37299,Revsc evsc imvt angio cpx ea,A,5.00,0.63,1.07,ZZZ,33.4009
37501,Unlisted vasc endoscopy px,C,0.00,0.00,0.00,YYY,33.4009
3750F,Ptnotrcvngsteroid>=10mg/day,I,0.00,0.00,0.00,XXX,33.4009
3751F,Electrodiag polyneuro 6 mn,I,0.00,0.00,0.00,XXX,33.4009
3752F,No electrodiag polyneuro 6mn,I,0.00,0.00,0.00,XXX,33.4009
3753F,Pt has symp&signs neuropathy,I,0.00,0.00,0.00,XXX,33.4009
3754F,Screening tests dm done,I,0.00,0.00,0.00,XXX,33.4009
3755F,Cog&behav imprmnt scrng done,I,0.00,0.00,0.00,XXX,33.4009
37565,Ligation int jugular vein,A,11.75,5.27,2.48,090,33.4009
3756F,Pt w/pseudobulb affect/als,I,0.00,0.00,0.00,XXX,33.4009
3757F,Pt w/o pseudobulbaffect/als,I,0.00,0.00,0.00,XXX,33.4009
3758F,Pt ref pulm fx test/peakflow,I,0.00,0.00,0.00,XXX,33.4009
3759F,Pt scrn dysphag/wt loss/nutr,I,0.00,0.00,0.00,XXX,33.4009
37600,Ligation xtrnl carotid art,A,12.11,5.59,2.13,090,33.4009
37605,Ligation int/com carotid art,A,13.92,2.74,3.56,090,33.4009
37606,Lig int/com carotid art occl,A,8.59,10.54,3.61,090,33.4009
37607,Lig/banding angioacs av fstl,A,6.09,2.79,1.48,090,33.4009
37609,Ligation/bx temporal artery,A,2.97,2.01,0.65,010,33.4009
3760F,Pt w/dysphag/wt loss/nutr,I,0.00,0.00,0.00,XXX,33.4009
37615,Ligation major artery neck,A,7.61,4.81,1.43,090,33.4009
37616,Ligation major artery chest,A,18.50,9.00,4.56,090,33.4009
37617,Ligation major artery abd,A,23.20,7.37,5.49,090,33.4009
37619,Ligation of inf vena cava,A,29.25,10.30,7.84,090,33.4009
3761F,Pt w/o dysphag/wt loss/nutr,I,0.00,0.00,0.00,XXX,33.4009
3762F,Patient is dysarthric,I,0.00,0.00,0.00,XXX,33.4009
3763F,Patient is not dysarthric,I,0.00,0.00,0.00,XXX,33.4009
37650,Ligation of femoral vein,A,8.28,2.29,2.11,090,33.4009
37660,Ligation common iliac vein,A,21.72,9.02,5.80,090,33.4009
37722,Lig div&strpg long saph vein,A,7.96,2.70,2.04,090,33.4009
37735,Lig&div&compl strpg saph vn,A,10.63,2.67,2.71,090,33.4009
3775F,Adenoma detected screening,I,0.00,0.00,0.00,XXX,33.4009
37760,Lig prfratr vn radical 1 leg,A,10.51,2.66,2.68,090,33.4009
37761,Ligate leg veins open,A,8.90,3.48,2.22,090,33.4009
37765,Stab phleb veins xtr 10-20,A,4.68,1.58,1.09,010,33.4009
37766,Phleb veins - extrem 20+,A,5.85,1.81,1.37,010,33.4009
3776F,Adenoma not detect screening,I,0.00,0.00,0.00,XXX,33.4009
37780,Revision of leg vein,A,3.83,1.79,0.99,090,33.4009
37785,Ligate/divide/excise vein,A,3.83,2.22,0.96,090,33.4009
37788,Revascularization penis,A,22.75,8.03,2.93,090,33.4009
37790,Penile venous occlusion,A,8.22,3.95,1.07,090,33.4009
38129,Unlisted laps px spleen,C,0.00,0.00,0.00,YYY,33.4009
38200,Injection for spleen x-ray,A,2.57,0.46,0.24,000,33.4009
38204,Bl donor search management,B,1.95,0.42,0.21,XXX,33.4009
38205,Harvest allogeneic stem cell,R,1.46,0.52,0.08,000,33.4009
38206,Harvest auto stem cells,R,1.46,0.47,0.09,000,33.4009
38207,Cryopreserve stem cells,I,0.87,0.19,0.08,XXX,33.4009
38208,Thaw preserved stem cells,I,0.55,0.12,0.06,XXX,33.4009
38209,Wash harvest stem cells,I,0.23,0.05,0.03,XXX,33.4009
38210,T-cell depletion of harvest,I,1.53,0.34,0.16,XXX,33.4009
38211,Tumor cell deplete of harvst,I,1.38,0.31,0.15,XXX,33.4009
38212,Rbc depletion of harvest,I,0.92,0.20,0.09,XXX,33.4009
38213,Platelet deplete of harvest,I,0.23,0.05,0.03,XXX,33.4009
38214,Volume deplete of harvest,I,0.79,0.18,0.07,XXX,33.4009
38215,Harvest stem cell concentrte,I,0.92,0.20,0.09,XXX,33.4009
38221,Dx bone marrow biopsies,A,1.25,0.37,0.11,XXX,33.4009
38222,Dx bone marrow bx & aspir,A,1.40,0.34,0.13,XXX,33.4009
38225,Car-t hrv bld-drv t lymphcyt,B,1.89,0.41,0.20,XXX,33.4009
38226,Car-t prep t lymphcyt f/trns,B,0.77,0.17,0.07,XXX,33.4009
38227,Car-t receipt&prepj admn,B,0.78,0.17,0.07,XXX,33.4009
38228,Car-t admn autologous,A,3.00,1.29,0.20,XXX,33.4009
38230,Bone marrow harvest allogen,A,3.41,1.08,0.72,000,33.4009
38232,Bone marrow harvest autolog,A,3.41,0.87,0.45,000,33.4009
38240,Transplt allo hct/donor,R,3.90,1.89,0.25,XXX,33.4009
38242,Transplt allo lymphocytes,A,2.06,0.97,0.14,000,33.4009
38243,Transplj hematopoietic boost,A,2.08,0.82,0.14,000,33.4009
38300,Drainage lymph node lesion,A,2.30,3.56,0.61,010,33.4009
38305,Drainage lymph node lesion,A,6.51,6.46,1.74,090,33.4009
38308,Incision of lymph channels,A,6.64,5.25,1.51,090,33.4009
38380,Thoracic duct procedure,A,8.25,5.94,1.33,090,33.4009
38381,Thoracic duct procedure,A,13.05,6.84,3.21,090,33.4009
38382,Thoracic duct procedure,A,10.38,7.16,2.61,090,33.4009
38520,Biopsy/removal lymph nodes,A,6.85,4.86,1.49,090,33.4009
38525,Biopsy/removal lymph nodes,A,6.27,5.01,1.61,090,33.4009
38530,Biopsy/removal lymph nodes,A,8.13,6.04,1.72,090,33.4009
38531,Open bx/exc inguinofem nodes,A,6.57,4.75,1.63,090,33.4009
38542,Explore deep node(s) neck,A,7.75,4.98,1.33,090,33.4009
38550,Removal neck/armpit lesion,A,6.93,6.72,1.85,090,33.4009
38555,Removal neck/armpit lesion,A,15.20,10.18,4.06,090,33.4009
38562,Removal pelvic lymph nodes,A,10.78,7.02,2.25,090,33.4009
38564,Removal abdomen lymph nodes,A,11.10,6.26,2.47,090,33.4009
38570,Laparoscopy lymph node biop,A,8.28,4.38,1.73,010,33.4009
38571,Laparoscopy lymphadenectomy,A,11.70,4.49,1.67,010,33.4009
38572,Laparoscopy lymphadenectomy,A,15.21,6.59,2.92,010,33.4009
38573,Laps pelvic lymphadec,A,19.50,8.64,4.22,010,33.4009
38589,Unlisted laps px lymphtc sys,C,0.00,0.00,0.00,YYY,33.4009
38746,Remove thoracic lymph nodes,A,4.02,0.81,1.02,ZZZ,33.4009
38747,Remove abdominal lymph nodes,A,4.76,1.22,1.19,ZZZ,33.4009
38765,Remove groin lymph nodes,A,21.36,10.50,4.83,090,33.4009
38770,Remove pelvis lymph nodes,A,13.71,6.11,2.31,090,33.4009
38780,Remove abdomen lymph nodes,A,17.26,8.48,3.57,090,33.4009
38790,Inject for lymphatic x-ray,A,1.26,0.81,0.20,000,33.4009
38792,Ra tracer id of sentinl node,A,0.63,0.12,0.07,000,33.4009
38794,Access thoracic lymph duct,A,4.50,2.71,0.53,090,33.4009
38900,Io map of sent lymph node,A,2.44,0.65,0.59,ZZZ,33.4009
38999,Unlistd px hemic/lymphtc sys,C,0.00,0.00,0.00,YYY,33.4009
39000,Exploration of chest,A,7.38,5.66,1.69,090,33.4009
39010,Exploration of chest,A,12.86,6.82,3.14,090,33.4009
39200,Resect mediastinal cyst,A,14.71,6.49,3.70,090,33.4009
39220,Resect mediastinal tumor,A,19.06,8.47,4.44,090,33.4009
39401,Mediastinoscpy w/medstnl bx,A,5.30,2.14,1.32,000,33.4009
39499,Unlisted px mediastinum,C,0.00,0.00,0.00,YYY,33.4009
39541,Repair of diaphragm hernia,A,15.36,7.25,3.98,090,33.4009
39545,Revision of diaphragm,A,14.30,8.24,3.59,090,33.4009
39561,Resect diaphragm complex,A,19.49,12.01,4.96,090,33.4009
39599,Unlisted px diaphragm,C,0.00,0.00,0.00,YYY,33.4009
4000F,Tobacco use txmnt counseling,I,0.00,0.00,0.00,XXX,33.4009
4001F,Tobacco use txmnt pharmacol,I,0.00,0.00,0.00,XXX,33.4009
4003F,Pt ed write/oral pts w/ hf,I,0.00,0.00,0.00,XXX,33.4009
4004F,Pt tobacco screen rcvd tlk,I,0.00,0.00,0.00,XXX,33.4009
4005F,Pharm thx for op rxd,I,0.00,0.00,0.00,XXX,33.4009
4008F,Beta-blocker therapy rxd/tkn,M,0.00,0.00,0.00,XXX,33.4009
4010F,Ace/arb therapy rxd/taken,I,0.00,0.00,0.00,XXX,33.4009
4011F,Oral antiplatelet therapy rx,I,0.00,0.00,0.00,XXX,33.4009
4012F,Warfarin therapy rx,I,0.00,0.00,0.00,XXX,33.4009
4013F,Statin therapy/currently tkn,I,0.00,0.00,0.00,XXX,33.4009
4014F,Written discharge instr prvd,I,0.00,0.00,0.00,XXX,33.4009
4015F,Persist asthma medicine ctrl,I,0.00,0.00,0.00,XXX,33.4009
4016F,Anti-inflm/anlgsc agent rx,I,0.00,0.00,0.00,XXX,33.4009
4017F,Gi prophylaxis for nsaid rx,I,0.00,0.00,0.00,XXX,33.4009
4018F,Therapy exercise joint rx,I,0.00,0.00,0.00,XXX,33.4009
4019F,Doc recpt counsl vit d/calc+,I,0.00,0.00,0.00,XXX,33.4009
4025F,Inhaled bronchodilator rx,I,0.00,0.00,0.00,XXX,33.4009
4030F,Oxygen therapy rx,I,0.00,0.00,0.00,XXX,33.4009
4033F,Pulmonary rehab rec,I,0.00,0.00,0.00,XXX,33.4009
4035F,Influenza imm rec,I,0.00,0.00,0.00,XXX,33.4009
4037F,Influenza imm order/admin,I,0.00,0.00,0.00,XXX,33.4009
4040F,Pneumoc vac/admin/rcvd,I,0.00,0.00,0.00,XXX,33.4009
4041F,Doc order cefazolin/cefurox,I,0.00,0.00,0.00,XXX,33.4009
4042F,Doc antibio not given,I,0.00,0.00,0.00,XXX,33.4009
4043F,Doc order given stop antibio,I,0.00,0.00,0.00,XXX,33.4009
4044F,Doc order given vte prophylx,I,0.00,0.00,0.00,XXX,33.4009
4045F,Empiric antibiotic rx,I,0.00,0.00,0.00,XXX,33.4009
4046F,Doc antibio given b/4 surg,I,0.00,0.00,0.00,XXX,33.4009
4047F,Doc antibio given b/4 surg,I,0.00,0.00,0.00,XXX,33.4009
4048F,Doc antibio given b/4 surg,I,0.00,0.00,0.00,XXX,33.4009
4049F,Doc order given stop antibio,I,0.00,0.00,0.00,XXX,33.4009
40500,Partial excision of lip,A,4.36,5.04,0.57,090,33.4009
4050F,Ht care plan doc,I,0.00,0.00,0.00,XXX,33.4009
40510,Partial excision of lip,A,4.70,4.11,0.69,090,33.4009
4051F,Referred for an av fistula,I,0.00,0.00,0.00,XXX,33.4009
40520,Partial excision of lip,A,4.67,4.40,0.72,090,33.4009
40525,Reconstruct lip with flap,A,7.53,6.18,1.20,090,33.4009
40527,Reconstruct lip with flap,A,9.09,6.16,1.32,090,33.4009
4052F,Hemodialysis via av fistula,I,0.00,0.00,0.00,XXX,33.4009
40530,Partial removal of lip,A,5.40,4.73,0.86,090,33.4009
4053F,Hemodialysis via av graft,I,0.00,0.00,0.00,XXX,33.4009
4054F,Hemodialysis via catheter,I,0.00,0.00,0.00,XXX,33.4009
4055F,Pt rcvng periton dialysis,I,0.00,0.00,0.00,XXX,33.4009
4056F,Approp oral rehyd recommd,I,0.00,0.00,0.00,XXX,33.4009
4058F,Ped gastro ed given caregvr,I,0.00,0.00,0.00,XXX,33.4009
4060F,Psych svcs provided,I,0.00,0.00,0.00,XXX,33.4009
4062F,Pt referral psych docd,I,0.00,0.00,0.00,XXX,33.4009
4063F,Antidepres rxthxpy not rxd,I,0.00,0.00,0.00,XXX,33.4009
4064F,Antidepressant rx,I,0.00,0.00,0.00,XXX,33.4009
40650,Rpr lip fth vermilion only,A,3.69,5.96,0.82,090,33.4009
40652,Rpr lip fth<half ver height,A,4.32,5.70,0.82,090,33.4009
40654,Rpr lip fth>1half ver ht/cpx,A,5.34,5.63,0.86,090,33.4009
4065F,Antipsychotic rx,I,0.00,0.00,0.00,XXX,33.4009
4066F,Ect provided,I,0.00,0.00,0.00,XXX,33.4009
4067F,Pt referral for ect docd,I,0.00,0.00,0.00,XXX,33.4009
4069F,Vte prophylaxis rcvd,I,0.00,0.00,0.00,XXX,33.4009
40700,Repair cleft lip/nasal,A,13.82,10.90,2.57,090,33.4009
40701,Repair cleft lip/nasal,A,16.80,11.98,3.11,090,33.4009
40702,Repair cleft lip/nasal,A,13.91,10.44,2.58,090,33.4009
4070F,Dvt prophylx recvd day 2,I,0.00,0.00,0.00,XXX,33.4009
40720,Repair cleft lip/nasal,A,14.35,10.60,2.67,090,33.4009
4073F,Oral antiplat thx rx dischrg,I,0.00,0.00,0.00,XXX,33.4009
4075F,Anticoag thx rx at dischrg,I,0.00,0.00,0.00,XXX,33.4009
40761,Repair cleft lip/nasal,A,15.44,10.51,2.87,090,33.4009
4077F,Doc t-pa admin considered,I,0.00,0.00,0.00,XXX,33.4009
40799,Unlisted procedure lips,C,0.00,0.00,0.00,YYY,33.4009
4079F,Doc rehab svcs considered,I,0.00,0.00,0.00,XXX,33.4009
40800,Drainage of mouth lesion,A,1.20,2.11,0.16,010,33.4009
40801,Drainage of mouth lesion,A,2.56,2.77,0.34,010,33.4009
40806,Incision of lip fold,A,0.30,0.50,0.06,000,33.4009
40808,Biopsy of mouth lesion,A,1.02,1.31,0.14,010,33.4009
40810,Excision of mouth lesion,A,1.33,1.93,0.18,010,33.4009
40812,Excise/repair mouth lesion,A,2.31,2.44,0.29,010,33.4009
40814,Excise/repair mouth lesion,A,3.43,4.05,0.44,090,33.4009
40816,Excision of mouth lesion,A,3.68,4.21,0.49,090,33.4009
40818,Excise oral mucosa for graft,A,2.76,4.27,0.35,090,33.4009
40819,Excise lip or cheek fold,A,2.45,2.93,0.27,090,33.4009
40820,Treatment of mouth lesion,A,1.31,3.13,0.15,010,33.4009
40830,Repair mouth laceration,A,1.77,2.15,0.23,010,33.4009
40831,Repair mouth laceration,A,2.51,2.94,0.34,010,33.4009
40840,Reconstruction of mouth,R,8.92,6.58,1.36,090,33.4009
40842,Reconstruction of mouth,R,8.92,6.05,1.33,090,33.4009
40843,Reconstruction of mouth,R,12.47,8.52,2.32,090,33.4009
40844,Reconstruction of mouth,R,16.38,12.31,3.04,090,33.4009
40845,Reconstruction of mouth,R,18.88,9.78,2.75,090,33.4009
4084F,Aspirin recvd w/in 24 hrs,I,0.00,0.00,0.00,XXX,33.4009
4086F,Aspirin/clopidogrel rxd,M,0.00,0.00,0.00,XXX,33.4009
40899,Unlisted px vestibule mouth,C,0.00,0.00,0.00,YYY,33.4009
4090F,Pt rcvng epo thxpy,I,0.00,0.00,0.00,XXX,33.4009
4095F,Pt not rcvng epo thxpy,I,0.00,0.00,0.00,XXX,33.4009
41000,Drainage of mouth lesion,A,1.32,1.58,0.18,010,33.4009
41005,Drainage of mouth lesion,A,1.28,1.91,0.16,010,33.4009
41006,Drainage of mouth lesion,A,3.26,2.81,0.38,090,33.4009
41007,Drainage of mouth lesion,A,3.12,2.70,0.36,090,33.4009
41008,Drainage of mouth lesion,A,3.37,3.47,0.49,090,33.4009
41009,Drainage of mouth lesion,A,3.62,3.81,0.48,090,33.4009
4100F,Biphos thxpy vein ord/recvd,I,0.00,0.00,0.00,XXX,33.4009
41010,Incision of tongue fold,A,1.08,1.83,0.16,010,33.4009
41015,Drainage of mouth lesion,A,3.98,3.95,0.45,090,33.4009
41016,Drainage of mouth lesion,A,4.09,5.09,0.56,090,33.4009
41017,Drainage of mouth lesion,A,4.09,4.98,0.55,090,33.4009
41018,Drainage of mouth lesion,A,5.09,5.42,0.71,090,33.4009
41019,Place needles h&n for rt,A,8.62,2.85,0.68,000,33.4009
41100,Biopsy of tongue,A,1.38,1.35,0.19,010,33.4009
41105,Biopsy of tongue,A,1.43,1.38,0.20,010,33.4009
41108,Biopsy of floor of mouth,A,1.07,1.30,0.15,010,33.4009
4110F,Int mam art used for cabg,M,0.00,0.00,0.00,XXX,33.4009
41110,Excision of tongue lesion,A,1.52,1.83,0.21,010,33.4009
41112,Excision of tongue lesion,A,2.76,3.62,0.38,090,33.4009
41113,Excision of tongue lesion,A,3.21,3.69,0.43,090,33.4009
41114,Excision of tongue lesion,A,8.60,6.56,1.26,090,33.4009
41115,Excision of tongue fold,A,1.75,1.99,0.25,010,33.4009
41116,Excision of mouth lesion,A,2.46,3.21,0.36,090,33.4009
41135,Tongue and neck surgery,A,29.39,23.64,4.36,090,33.4009
41140,Removal of tongue,A,28.42,25.14,4.14,090,33.4009
41145,Tongue removal neck surgery,A,36.98,29.96,5.40,090,33.4009
41150,Tongue mouth jaw surgery,A,29.11,24.73,4.31,090,33.4009
41153,Tongue mouth neck surgery,A,32.75,25.33,4.84,090,33.4009
41155,Tongue jaw & neck surgery,A,43.19,28.61,6.44,090,33.4009
4115F,Beta blckr admin w/in 24 hrs,I,0.00,0.00,0.00,XXX,33.4009
4120F,Antibiot rxd/given,M,0.00,0.00,0.00,XXX,33.4009
4124F,Antibiot not rxd/given,M,0.00,0.00,0.00,XXX,33.4009
41250,Repair tongue laceration,A,1.91,2.66,0.42,010,33.4009
41251,Repair tongue laceration,A,2.26,3.98,0.55,010,33.4009
41252,Repair tongue laceration,A,2.94,2.41,0.50,010,33.4009
4130F,Topical prep rx aoe,I,0.00,0.00,0.00,XXX,33.4009
4131F,Syst antimicrobial thx rx,I,0.00,0.00,0.00,XXX,33.4009
4132F,No syst antimicrobial thx rx,I,0.00,0.00,0.00,XXX,33.4009
4133F,Antihist/decong rx/recom,I,0.00,0.00,0.00,XXX,33.4009
4134F,No antihist/decong rx/recom,I,0.00,0.00,0.00,XXX,33.4009
4135F,Systemic corticosteroids rx,I,0.00,0.00,0.00,XXX,33.4009
4136F,Syst corticosteroids not rx,I,0.00,0.00,0.00,XXX,33.4009
4140F,Inhaled corticosteroids rxd,I,0.00,0.00,0.00,XXX,33.4009
4142F,Corticoster sparng thrpy rxd,I,0.00,0.00,0.00,XXX,33.4009
4144F,Alt long-term cntrl med rxd,I,0.00,0.00,0.00,XXX,33.4009
4145F,2+ anti-hyprtnsv agents tkn,I,0.00,0.00,0.00,XXX,33.4009
4148F,Hep a vac injxn admin/recvd,I,0.00,0.00,0.00,XXX,33.4009
4149F,Hep b vac injxn admin/recvd,I,0.00,0.00,0.00,XXX,33.4009
4150F,Pt recvng antivir txmnt hepc,I,0.00,0.00,0.00,XXX,33.4009
41510,Tongue to lip surgery,A,3.42,9.00,0.48,090,33.4009
41512,Tongue suspension,A,6.69,10.85,0.99,090,33.4009
4151F,Pt not recvng antiv hep c,I,0.00,0.00,0.00,XXX,33.4009
41520,Reconstruction tongue fold,A,2.76,3.74,0.40,090,33.4009
41530,Tongue base vol reduction,A,3.41,6.94,0.48,000,33.4009
4153F,Combo pegintf/rib rx,I,0.00,0.00,0.00,XXX,33.4009
4155F,Hep a vac series prev recvd,I,0.00,0.00,0.00,XXX,33.4009
4157F,Hep b vac series prev recvd,I,0.00,0.00,0.00,XXX,33.4009
4158F,Pt edu re alcoh drnkng done,I,0.00,0.00,0.00,XXX,33.4009
41599,Unlisted px tongue flr mouth,C,0.00,0.00,0.00,YYY,33.4009
4159F,Contrcp talk b/4 antiv txmnt,I,0.00,0.00,0.00,XXX,33.4009
4163F,Pt couns 4 txmnt opt prost,I,0.00,0.00,0.00,XXX,33.4009
4164F,Adjv hrmnl thxpy rxd,I,0.00,0.00,0.00,XXX,33.4009
4165F,3d-crt/imrt received,I,0.00,0.00,0.00,XXX,33.4009
4167F,Hd bed tilted 1st day vent,I,0.00,0.00,0.00,XXX,33.4009
4168F,Pt care icu&vent w/in 24hrs,I,0.00,0.00,0.00,XXX,33.4009
4169F,No pt care icu/vent in 24hrs,I,0.00,0.00,0.00,XXX,33.4009
4171F,Pt rcvng esa thxpy,I,0.00,0.00,0.00,XXX,33.4009
4172F,Pt not rcvng esa thxpy,I,0.00,0.00,0.00,XXX,33.4009
4174F,Couns potent glauc impct,I,0.00,0.00,0.00,XXX,33.4009
4175F,Vis 20/40/> w/in 90 days,M,0.00,0.00,0.00,XXX,33.4009
4176F,Talk re uv light pt/crgvr,I,0.00,0.00,0.00,XXX,33.4009
4177F,Talk pt/crgvr re areds prev,M,0.00,0.00,0.00,XXX,33.4009
4178F,Antid glbln rcvd w/in 26wks,I,0.00,0.00,0.00,XXX,33.4009
4179F,Tamoxifen/ai prescribed,I,0.00,0.00,0.00,XXX,33.4009
4180F,Adjv thxpyrxd/rcvd colon ca,I,0.00,0.00,0.00,XXX,33.4009
4181F,Conformal radn thxpy rcvd,I,0.00,0.00,0.00,XXX,33.4009
41820,Excision gum each quadrant,R,0.00,0.00,0.00,000,33.4009
41821,Excision of gum flap,R,0.00,0.00,0.00,000,33.4009
41822,Excision of gum lesion,R,2.35,2.86,0.43,010,33.4009
41823,Excision of gum lesion,R,3.68,6.32,0.68,090,33.4009
41825,Excision of gum lesion,A,1.37,1.77,0.18,010,33.4009
41826,Excision of gum lesion,A,2.35,2.72,0.29,010,33.4009
41827,Excision of gum lesion,A,3.73,3.71,0.47,090,33.4009
41828,Excision of gum lesion,R,3.06,2.38,0.56,010,33.4009
4182F,No conformal radn thxpy,I,0.00,0.00,0.00,XXX,33.4009
41830,Removal of gum tissue,R,3.36,4.85,0.62,010,33.4009
41850,Treatment of gum lesion,R,0.00,0.00,0.00,000,33.4009
4185F,Continuous ppi or h2ra rcvd,I,0.00,0.00,0.00,XXX,33.4009
4186F,No cont ppi or h2ra rcvd,I,0.00,0.00,0.00,XXX,33.4009
41870,Periodontal mucosal grafting,R,0.00,0.00,0.00,000,33.4009
41872,Gingivoplasty each quadrant,R,2.93,5.48,0.54,090,33.4009
41874,Alveoloplasty each quadrant,R,3.11,3.23,0.41,090,33.4009
4187F,Anti rheum drugthxpyrxd/gvn,I,0.00,0.00,0.00,XXX,33.4009
4188F,Approp ace/arb tstng done,I,0.00,0.00,0.00,XXX,33.4009
4189F,Approp digoxin tstng done,I,0.00,0.00,0.00,XXX,33.4009
4190F,Approp diuretic tstng done,I,0.00,0.00,0.00,XXX,33.4009
4191F,Approp anticonvuls tstng,I,0.00,0.00,0.00,XXX,33.4009
4192F,Pt not rcvng glucoco thxpy,M,0.00,0.00,0.00,XXX,33.4009
4193F,Pt rcv <10mg daily predniso,I,0.00,0.00,0.00,XXX,33.4009
4194F,Pt rcv >=10mg daily predniso,M,0.00,0.00,0.00,XXX,33.4009
4195F,Pt rcvng anti-rheum thxpy ra,I,0.00,0.00,0.00,XXX,33.4009
4196F,Ptnot rcvng anti-rhm thxpyra,M,0.00,0.00,0.00,XXX,33.4009
42000,Drainage mouth roof lesion,A,1.25,1.54,0.18,010,33.4009
4200F,External beam to prost only,I,0.00,0.00,0.00,XXX,33.4009
4201F,Extrnl beam other than prost,I,0.00,0.00,0.00,XXX,33.4009
42100,Biopsy roof of mouth,A,1.33,1.53,0.18,010,33.4009
42104,Excision lesion mouth roof,A,1.65,1.80,0.22,010,33.4009
42106,Excision lesion mouth roof,A,2.10,2.12,0.27,010,33.4009
42107,Excision lesion mouth roof,A,4.45,4.08,0.59,090,33.4009
4210F,Ace/arb thxpy for mos/>,I,0.00,0.00,0.00,XXX,33.4009
42120,Remove palate/lesion,A,11.56,14.06,1.69,090,33.4009
42140,Excision of uvula,A,1.66,2.66,0.23,090,33.4009
42145,Repair palate pharynx/uvula,A,9.54,7.29,1.39,090,33.4009
42160,Treatment mouth roof lesion,A,1.80,1.84,0.22,010,33.4009
42180,Repair lac palate<2 cm,A,2.49,2.20,0.36,010,33.4009
42182,Repair palate,A,3.77,2.51,0.54,010,33.4009
42200,Reconstruct cleft palate,A,12.22,10.74,2.27,090,33.4009
42205,Reconstruct cleft palate,A,13.32,10.19,2.48,090,33.4009
4220F,Digoxin thxpy for 6 mos/>,I,0.00,0.00,0.00,XXX,33.4009
42210,Reconstruct cleft palate,A,14.65,11.68,2.72,090,33.4009
42215,Reconstruct cleft palate,A,8.77,9.03,1.63,090,33.4009
4221F,Diuretic thxpy for 6 mos/>,I,0.00,0.00,0.00,XXX,33.4009
42220,Reconstruct cleft palate,A,6.98,7.87,1.30,090,33.4009
42225,Reconstruct cleft palate,A,9.53,17.73,1.76,090,33.4009
42226,Lengthening of palate,A,10.09,13.43,1.47,090,33.4009
42227,Lengthening of palate,A,9.65,12.15,1.40,090,33.4009
42235,Repair palate,A,7.81,11.70,1.14,090,33.4009
42260,Repair nose to lip fistula,A,9.96,6.17,1.45,090,33.4009
42280,Preparation palate mold,A,1.55,1.17,0.22,010,33.4009
42281,Insertion palate prosthesis,A,1.93,2.40,0.27,010,33.4009
42299,Unlisted px palate uvula,C,0.00,0.00,0.00,YYY,33.4009
4230F,Anticonv thxpy for 6 mos/>,I,0.00,0.00,0.00,XXX,33.4009
42320,Drainage of salivary gland,A,2.34,2.16,0.35,010,33.4009
42340,Removal of salivary stone,A,4.60,3.99,0.66,090,33.4009
42405,Biopsy of salivary gland,A,3.26,2.33,0.46,010,33.4009
42409,Drainage of salivary cyst,A,2.84,3.04,0.42,090,33.4009
4240F,Instr xrcz back pain 12 wks,I,0.00,0.00,0.00,XXX,33.4009
42426,Excise parotid gland/lesion,A,22.09,9.34,3.48,090,33.4009
4242F,Sprvsd xrcz back pn >12 wks,I,0.00,0.00,0.00,XXX,33.4009
4245F,Pt instr nrml activities,I,0.00,0.00,0.00,XXX,33.4009
4248F,Pt instr no bd rest 4 days/>,I,0.00,0.00,0.00,XXX,33.4009
42500,Repair salivary duct,A,4.31,4.45,0.62,090,33.4009
42505,Repair salivary duct,A,6.16,5.22,0.90,090,33.4009
42507,Parotid duct diversion,A,6.09,6.24,0.89,090,33.4009
42509,Parotid duct diversion,A,11.47,8.38,1.67,090,33.4009
4250F,Wrmng 4 surg normothermia,I,0.00,0.00,0.00,XXX,33.4009
42510,Parotid duct diversion,A,8.14,6.75,1.20,090,33.4009
42550,Injection for salivary x-ray,A,1.22,0.22,0.12,000,33.4009
4255F,Anesth 60 min/> as docd,M,0.00,0.00,0.00,XXX,33.4009
4256F,Anesthe <60 min as docd,I,0.00,0.00,0.00,XXX,33.4009
42600,Closure of salivary fistula,A,4.82,4.04,0.70,090,33.4009
4260F,Wound srfc culturetech used,I,0.00,0.00,0.00,XXX,33.4009
4261F,Tech other than surfc cultr,I,0.00,0.00,0.00,XXX,33.4009
42650,Dilation of salivary duct,A,0.75,0.74,0.11,000,33.4009
4265F,Wet-dry dressings rx recmd,I,0.00,0.00,0.00,XXX,33.4009
42660,Dilation of salivary duct,A,1.10,0.84,0.16,000,33.4009
42665,Ligation of salivary duct,A,2.56,2.97,0.38,090,33.4009
4266F,No wet-dry drssings rx recmd,I,0.00,0.00,0.00,XXX,33.4009
4267F,Comprssion thxpy prescribed,I,0.00,0.00,0.00,XXX,33.4009
4268F,Pt ed re comp thxpy rcvd,I,0.00,0.00,0.00,XXX,33.4009
42699,Unlisted px salivry glnd/dux,C,0.00,0.00,0.00,YYY,33.4009
4269F,Appropos mthd offloading rxd,I,0.00,0.00,0.00,XXX,33.4009
4270F,Pt rcvng anti r-viral thxpy,I,0.00,0.00,0.00,XXX,33.4009
4271F,Pt rcvng anti r-viral thxpy,I,0.00,0.00,0.00,XXX,33.4009
42720,I&d absc phrngl ntraorl appr,A,6.15,2.94,0.91,010,33.4009
42725,I&d absc phrngl xtrnl appr,A,12.10,7.18,1.92,090,33.4009
4274F,Flu immuno admind rcvd,I,0.00,0.00,0.00,XXX,33.4009
4276F,Potent antivir thxpy rxd,I,0.00,0.00,0.00,XXX,33.4009
4279F,Pcp prophylaxis rxd,I,0.00,0.00,0.00,XXX,33.4009
42800,Biopsy of throat,A,1.40,1.57,0.21,010,33.4009
42804,Biopsy of upper nose/throat,A,1.26,1.94,0.18,010,33.4009
42806,Biopsy of upper nose/throat,A,1.59,2.04,0.22,010,33.4009
42808,Excise pharynx lesion,A,2.29,1.80,0.35,010,33.4009
4280F,Pcp prophylax rxd 3mon low %,I,0.00,0.00,0.00,XXX,33.4009
42810,Excision of neck cyst,A,3.30,3.95,0.47,090,33.4009
42815,Excision of neck cyst,A,7.13,6.14,1.05,090,33.4009
42842,Extensive surgery of throat,A,11.92,13.58,1.77,090,33.4009
42844,Extensive surgery of throat,A,17.34,16.83,2.61,090,33.4009
42845,Extensive surgery of throat,A,31.75,21.39,4.64,090,33.4009
42860,Excision of tonsil tags,A,2.24,2.80,0.34,090,33.4009
42870,Excision of lingual tonsil,A,5.38,10.25,0.79,090,33.4009
42890,Limited pharyngectomy,A,18.65,16.17,2.76,090,33.4009
42892,Revision of pharyngeal walls,A,25.38,20.06,3.70,090,33.4009
42894,Revision of pharyngeal walls,A,33.07,24.14,4.84,090,33.4009
4290F,Pt scrned for inj drug use,I,0.00,0.00,0.00,XXX,33.4009
4293F,Pt scrnd hgh-risk sex behav,I,0.00,0.00,0.00,XXX,33.4009
42950,Reconstruction of throat,A,8.06,12.69,1.20,090,33.4009
42955,Surgical opening of throat,A,7.81,11.91,1.14,090,33.4009
42960,Control throat bleeding,A,2.32,1.67,0.37,010,33.4009
42961,Control throat bleeding,A,5.63,4.71,0.82,090,33.4009
42962,Control throat bleeding,A,7.22,5.43,1.06,090,33.4009
42970,Control nose/throat bleeding,A,5.67,4.41,0.83,090,33.4009
42971,Control nose/throat bleeding,A,6.44,4.60,0.93,090,33.4009
42972,Control nose/throat bleeding,A,7.40,4.83,1.08,090,33.4009
42975,Dise eval slp do brth flx dx,A,1.54,0.75,0.21,000,33.4009
42999,Unlisted px phrnx adnd/tnsl,C,0.00,0.00,0.00,YYY,33.4009
4300F,Pt rcvng warf thxpy,I,0.00,0.00,0.00,XXX,33.4009
4301F,Pt not rcvng warf thxpy,I,0.00,0.00,0.00,XXX,33.4009
4305F,Pt ed re ft care inspct rcvd,I,0.00,0.00,0.00,XXX,33.4009
4306F,Pt tlk psych & rx opd addic,I,0.00,0.00,0.00,XXX,33.4009
4320F,Pt talk psychsoc&rx oh dpnd,I,0.00,0.00,0.00,XXX,33.4009
4322F,Crgvr prov w/ ed addl rsrcs,M,0.00,0.00,0.00,XXX,33.4009
4324F,Pt queried prkns complic,I,0.00,0.00,0.00,XXX,33.4009
4325F,Med txmnt options rvwd w/pt,M,0.00,0.00,0.00,XXX,33.4009
43260,Ercp w/specimen collection,A,5.70,2.09,0.62,000,33.4009
43261,Endo cholangiopancreatograph,A,6.00,2.18,0.67,000,33.4009
43262,Endo cholangiopancreatograph,A,6.34,2.28,0.70,000,33.4009
43263,Ercp sphincter pressure meas,A,6.34,2.30,0.70,000,33.4009
43264,Ercp remove duct calculi,A,6.46,2.32,0.72,000,33.4009
43265,Ercp lithotripsy calculi,A,7.73,2.68,0.87,000,33.4009
4326F,Pt asked re symp auto dysfxn,I,0.00,0.00,0.00,XXX,33.4009
43270,Egd lesion ablation,A,3.91,1.57,0.44,000,33.4009
43273,Endoscopic pancreatoscopy,A,2.18,0.64,0.23,ZZZ,33.4009
43286,Esphg tot w/laps moblj,A,53.63,20.84,13.71,090,33.4009
43287,Esphg dstl 2/3 w/laps moblj,A,61.43,21.65,15.54,090,33.4009
43288,Esphg thrsc moblj,A,64.76,22.49,16.45,090,33.4009
43289,Unlisted laps px esoph,C,0.00,0.00,0.00,YYY,33.4009
4328F,Pt asked re sleep disturb,I,0.00,0.00,0.00,XXX,33.4009
43290,Egd flx trnsorl dplmnt balo,A,3.03,1.32,0.36,000,33.4009
43291,Egd flx trnsorl rmvl balo,A,2.73,1.23,0.30,000,33.4009
4330F,Cnslng epi spec sfty issues,I,0.00,0.00,0.00,XXX,33.4009
43334,Transthor diaphrag hern rpr,A,21.57,7.91,5.45,090,33.4009
43335,Transthor diaphrag hern rpr,A,23.37,8.26,5.88,090,33.4009
43336,Thorabd diaphr hern repair,A,25.16,9.34,6.34,090,33.4009
43337,Thorabd diaphr hern repair,A,26.96,9.70,6.78,090,33.4009
43360,Gastrointestinal repair,A,39.11,14.54,9.87,090,33.4009
43361,Gastrointestinal repair,A,44.54,18.60,11.94,090,33.4009
4340F,Cnslng chldbrng women epi,M,0.00,0.00,0.00,XXX,33.4009
43496,Free jejunum flap microvasc,C,0.00,0.00,0.00,090,33.4009
43499,Unlisted procedure esophagus,C,0.00,0.00,0.00,YYY,33.4009
4350F,Cnslng provided symp mngmnt,I,0.00,0.00,0.00,XXX,33.4009
43753,Tx gastro intub w/asp,A,0.44,0.09,0.08,000,33.4009
43754,Dx gastr intub w/asp spec,A,0.44,0.88,0.11,000,33.4009
43755,Dx gastr intub w/asp specs,A,0.92,0.64,0.09,000,33.4009
43756,Dx duod intub w/asp spec,A,0.75,0.59,0.07,000,33.4009
43757,Dx duod intub w/asp specs,A,1.23,0.73,0.14,000,33.4009
43761,Reposition gastrostomy tube,A,1.96,0.41,0.28,000,33.4009
43762,Rplc gtube no revj trc,A,0.73,0.15,0.15,000,33.4009
43763,Rplc gtube revj gstrst trc,A,1.37,0.84,0.28,000,33.4009
4400F,Rehab thxpy options w/pt,I,0.00,0.00,0.00,XXX,33.4009
44110,Excise intestine lesion(s),A,13.69,7.00,3.18,090,33.4009
44132,Enterectomy cadaver donor,R,0.00,0.00,0.00,XXX,33.4009
44133,Enterectomy live donor,R,0.00,0.00,0.00,XXX,33.4009
44135,Intestine transplnt cadaver,R,0.00,0.00,0.00,XXX,33.4009
44136,Intestine transplant live,R,0.00,0.00,0.00,XXX,33.4009
44137,Remove intestinal allograft,C,0.00,0.00,0.00,XXX,33.4009
44238,Unlisted laps px intestine,C,0.00,0.00,0.00,YYY,33.4009
44500,Intro gastrointestinal tube,A,0.38,0.07,0.04,000,33.4009
4450F,Self-care ed provided to pt,I,0.00,0.00,0.00,XXX,33.4009
44615,Intestinal stricturoplasty,A,17.71,7.94,4.14,090,33.4009
44680,Surgical revision intestine,A,17.51,8.02,4.69,090,33.4009
44705,Prepare fecal microbiota,I,1.38,0.31,0.15,XXX,33.4009
4470F,Icd counseling provided,I,0.00,0.00,0.00,XXX,33.4009
44715,Prepare donor intestine,C,0.00,0.00,0.00,XXX,33.4009
44720,Prep donor intestine/venous,A,4.88,1.18,1.31,XXX,33.4009
44721,Prep donor intestine/artery,A,6.83,1.66,1.82,XXX,33.4009
44799,Unlisted px small intestine,C,0.00,0.00,0.00,YYY,33.4009
4480F,Pt rcvng ace/arb b-blockertx,I,0.00,0.00,0.00,XXX,33.4009
4481F,Pt rcvng ace/arb blker <3mos,I,0.00,0.00,0.00,XXX,33.4009
44820,Excision of mesentery lesion,A,13.39,7.23,3.58,090,33.4009
44850,Repair of mesentery,A,11.81,6.52,2.91,090,33.4009
44899,Unlisted px meckel's dvrtclm,C,0.00,0.00,0.00,YYY,33.4009
4500F,Ref to outpt card rehab prog,M,0.00,0.00,0.00,XXX,33.4009
4510F,Prev cardrehab qualcardevent,M,0.00,0.00,0.00,XXX,33.4009
4525F,Neuropsychia interven order,I,0.00,0.00,0.00,XXX,33.4009
4526F,Neuropsychia interven rcvd,I,0.00,0.00,0.00,XXX,33.4009
45332,Sigmoidoscopy w/fb removal,A,1.72,0.93,0.22,000,33.4009
45333,Sigmoidoscopy & polypectomy,A,1.51,0.86,0.22,000,33.4009
45334,Sigmoidoscopy for bleeding,A,1.95,1.00,0.22,000,33.4009
45335,Sigmoidoscopy w/submuc inj,A,1.01,0.72,0.14,000,33.4009
45337,Sigmoidoscopy & decompress,A,2.05,0.70,0.24,000,33.4009
45338,Sigmoidoscopy w/tumr remove,A,2.00,1.01,0.25,000,33.4009
45340,Sig w/tndsc balloon dilation,A,1.22,0.78,0.17,000,33.4009
45341,Sigmoidoscopy w/ultrasound,A,2.07,1.04,0.23,000,33.4009
45342,Sigmoidoscopy w/us guide bx,A,2.91,1.27,0.36,000,33.4009
45346,Sigmoidoscopy w/ablation,A,2.74,1.21,0.34,000,33.4009
45347,Sigmoidoscopy w/plcmt stent,A,2.65,1.14,0.30,000,33.4009
45349,Sigmoidoscopy w/resection,A,3.43,1.43,0.39,000,33.4009
45350,Sgmdsc w/band ligation,A,1.64,0.90,0.21,000,33.4009
45399,Unlisted procedure colon,C,0.00,0.00,0.00,YYY,33.4009
45400,Laparoscopic proc,A,18.95,8.96,3.36,090,33.4009
4540F,Disease modif pharmacothxpy,I,0.00,0.00,0.00,XXX,33.4009
4541F,Pt offered tx for pseudobulb,I,0.00,0.00,0.00,XXX,33.4009
45499,Laparoscope proc rectum,C,0.00,0.00,0.00,YYY,33.4009
4550F,Noninvas resp support talk,I,0.00,0.00,0.00,XXX,33.4009
4551F,Nutritional support offered,I,0.00,0.00,0.00,XXX,33.4009
4552F,Pt ref for speech lang path,I,0.00,0.00,0.00,XXX,33.4009
4553F,Pt asst re end life issues,I,0.00,0.00,0.00,XXX,33.4009
4554F,Pt recvd inhal anesthetic,M,0.00,0.00,0.00,XXX,33.4009
4555F,Pt recvd no inhal anesthic,I,0.00,0.00,0.00,XXX,33.4009
4556F,Pt w/3+ post-op nausea&vom,M,0.00,0.00,0.00,XXX,33.4009
4557F,Pt w/o 3+ post-opnausea&vom,I,0.00,0.00,0.00,XXX,33.4009
4558F,Pt recvd 2 rx anti-emet agt,I,0.00,0.00,0.00,XXX,33.4009
4559F,1 bodytemp >=35.5cw/in 30min,I,0.00,0.00,0.00,XXX,33.4009
4560F,Anesth w/o gen/neurax anesth,I,0.00,0.00,0.00,XXX,33.4009
4561F,Pt w/ coronary artery stent,I,0.00,0.00,0.00,XXX,33.4009
4562F,Pt w/o coronary artery stent,I,0.00,0.00,0.00,XXX,33.4009
4563F,Pt recvd aspirin w/in 24 hrs,I,0.00,0.00,0.00,XXX,33.4009
45999,Unlisted procedure rectum,C,0.00,0.00,0.00,YYY,33.4009
46030,Removal anal seton oth mrk,A,1.44,0.73,0.24,000,33.4009
46045,I&d absc tranal under anes,A,5.72,6.43,1.25,090,33.4009
46070,Incision anal septum infant,A,2.72,5.23,0.72,090,33.4009
46230,Removal of anal tags,A,2.55,1.95,0.48,010,33.4009
46288,Repair anal fistula,A,7.61,7.50,1.43,090,33.4009
46320,Removal of hemorrhoid clot,A,1.60,1.36,0.28,010,33.4009
46500,Injection into hemorrhoid(s),A,1.70,3.85,0.27,010,33.4009
46505,Chemodenervation anal musc,A,3.10,3.73,0.55,010,33.4009
46600,Diagnostic anoscopy spx,A,0.54,0.59,0.08,000,33.4009
46601,Diagnostic anoscopy,A,1.56,0.79,0.21,000,33.4009
46604,Anoscopy and dilation,A,1.00,0.69,0.18,000,33.4009
46606,Anoscopy and biopsy,A,1.17,0.76,0.20,000,33.4009
46607,Diagnostic anoscopy & biopsy,A,2.15,0.94,0.30,000,33.4009
46608,Anoscopy remove for body,A,1.27,0.82,0.35,000,33.4009
46610,Anoscopy remove lesion,A,1.25,0.80,0.23,000,33.4009
46611,Anoscopy,A,1.27,0.77,0.20,000,33.4009
46612,Anoscopy remove lesions,A,1.46,0.86,0.39,000,33.4009
46614,Anoscopy control bleeding,A,0.98,0.70,0.16,000,33.4009
46615,Anoscopy,A,1.46,0.84,0.21,000,33.4009
46700,Repair of anal stricture,A,9.56,8.00,1.59,090,33.4009
46705,Repair of anal stricture,A,7.24,8.09,1.93,090,33.4009
46706,Repr of anal fistula w/glue,A,2.38,2.33,0.62,010,33.4009
46707,Repair anorectal fist w/plug,A,6.23,7.48,1.66,090,33.4009
46710,Repr per/vag pouch sngl proc,A,16.71,10.80,4.46,090,33.4009
46712,Repr per/vag pouch dbl proc,A,35.54,17.12,9.52,090,33.4009
46715,Rep perf anoper fistu,A,7.43,7.18,1.98,090,33.4009
46716,Rep perf anoper/vestib fistu,A,17.10,14.71,4.57,090,33.4009
46730,Construction of absent anus,A,29.88,19.23,8.00,090,33.4009
46735,Construction of absent anus,A,35.24,20.52,9.42,090,33.4009
46740,Construction of absent anus,A,33.05,20.14,8.85,090,33.4009
46742,Repair of imperforated anus,A,39.14,21.47,10.49,090,33.4009
46744,Repair of cloacal anomaly,A,57.47,26.06,15.39,090,33.4009
46746,Repair of cloacal anomaly,A,63.80,27.76,17.08,090,33.4009
46748,Repair of cloacal anomaly,A,69.63,29.17,18.65,090,33.4009
46750,Repair of anal sphincter,A,11.85,6.66,2.06,090,33.4009
46751,Repair of anal sphincter,A,9.07,8.39,2.42,090,33.4009
46753,Reconstruction of anus,A,8.67,7.40,2.33,090,33.4009
46754,Removal of suture from anus,A,2.93,3.83,0.42,010,33.4009
46760,Repair of anal sphincter,A,17.01,11.93,2.46,090,33.4009
46761,Repair of anal sphincter,A,14.91,7.36,2.58,090,33.4009
46900,Destruction anal lesion(s),A,1.86,1.84,0.26,010,33.4009
46910,Destruction anal lesion(s),A,1.86,1.73,0.30,010,33.4009
46916,Cryosurgery anal lesion(s),A,1.86,1.60,0.20,010,33.4009
46917,Laser surgery anal lesions,A,1.86,1.47,0.29,010,33.4009
46922,Excision of anal lesion(s),A,1.86,1.80,0.36,010,33.4009
46924,Destruction anal lesion(s),A,2.74,1.98,0.43,010,33.4009
46930,Destroy internal hemorrhoids,A,1.57,2.93,0.22,090,33.4009
46940,Treatment of anal fissure,A,2.29,1.45,0.35,010,33.4009
46942,Treatment of anal fissure,A,2.02,1.39,0.29,010,33.4009
46945,Int hrhc lig 1 hroid w/o img,A,3.60,6.27,0.62,090,33.4009
46946,Int hrhc lig 2+hroid w/o img,A,4.39,6.43,0.67,090,33.4009
46948,Int hrhc tranal dartlzj 2+,A,5.43,6.82,1.09,090,33.4009
46999,Unlisted procedure anus,C,0.00,0.00,0.00,YYY,33.4009
47143,Prep donor liver whole,C,0.00,0.00,0.00,XXX,33.4009
47144,Prep donor liver 3-segment,C,0.00,0.00,0.00,090,33.4009
47145,Prep donor liver lobe split,C,0.00,0.00,0.00,XXX,33.4009
47531,Injection for cholangiogram,A,1.27,0.44,0.14,000,33.4009
47532,Injection for cholangiogram,A,4.14,0.84,0.49,000,33.4009
47535,Conversion ext bil drg cath,A,3.85,0.79,0.43,000,33.4009
47541,Plmt access bil tree sm bwl,A,6.58,1.36,0.85,000,33.4009
48550,Donor pancreatectomy,X,0.00,0.00,0.00,XXX,33.4009
48551,Prep donor pancreas,C,0.00,0.00,0.00,XXX,33.4009
48554,Transpl allograft pancreas,R,36.86,30.08,9.73,090,33.4009
49010,Exploration behind abdomen,A,15.66,6.34,3.88,090,33.4009
49062,Drain to peritoneal cavity,A,11.91,6.87,3.18,090,33.4009
49084,Peritoneal lavage,A,1.95,0.46,0.46,000,33.4009
49180,Biopsy abdominal mass,A,1.69,0.26,0.18,000,33.4009
49185,Sclerotx fluid collection,A,2.29,0.56,0.30,000,33.4009
49186,Opn exc/dstr ntra-abd 5 cm/<,A,21.45,10.28,4.84,090,33.4009
49187,Opn exc/dstr ntra-abd 5.1-10,A,27.93,11.95,6.42,090,33.4009
49188,Opn exc/dst ntra-abd 10.1-20,A,33.15,14.67,7.64,090,33.4009
49189,Opn exc/dst ntra-abd 20.1-30,A,39.00,16.29,9.00,090,33.4009
49190,Opn exc/dstr ntra-abd >30 cm,A,48.75,19.26,11.04,090,33.4009
49215,Excise sacral spine tumor,A,36.86,15.04,8.08,090,33.4009
49250,Excision of umbilicus,A,8.78,6.13,2.10,090,33.4009
49320,Diag laparo separate proc,A,5.01,3.23,1.23,010,33.4009
49321,Laparoscopy biopsy,A,5.30,3.30,1.26,010,33.4009
49322,Laparoscopy aspiration,A,5.86,3.36,1.42,010,33.4009
49323,Laparo drain lymphocele,A,9.97,5.79,2.33,090,33.4009
49324,Lap insert tunnel ip cath,A,6.16,3.19,1.61,010,33.4009
49325,Lap revision perm ip cath,A,6.65,3.26,1.73,010,33.4009
49326,Lap w/omentopexy add-on,A,3.41,0.76,0.90,ZZZ,33.4009
49327,Lap ins device for rt,A,2.32,0.56,0.61,ZZZ,33.4009
49329,Unlstd laps px abd pertm&omn,C,0.00,0.00,0.00,YYY,33.4009
49400,Air injection into abdomen,A,1.83,0.31,0.21,000,33.4009
49411,Ins mark abd/pel for rt perq,A,3.48,0.90,0.36,000,33.4009
49412,Ins device for rt guide open,A,1.46,0.36,0.39,ZZZ,33.4009
49418,Insert tun ip cath perc,A,3.86,0.93,0.44,000,33.4009
49419,Insert tun ip cath w/port,A,6.90,3.23,1.59,090,33.4009
49421,Ins tun ip cath for dial opn,A,4.10,1.06,1.03,000,33.4009
49422,Remove tunneled ip cath,A,3.90,1.18,0.96,000,33.4009
49423,Exchange drainage catheter,A,1.42,0.24,0.16,000,33.4009
49424,Assess cyst contrast inject,A,0.74,0.15,0.07,000,33.4009
49425,Insert abdomen-venous drain,A,11.91,7.26,3.18,090,33.4009
49426,Revise abdomen-venous shunt,A,10.15,6.38,2.71,090,33.4009
49427,Injection abdominal shunt,A,0.87,0.08,0.11,000,33.4009
49428,Ligation of shunt,A,6.70,3.84,1.78,010,33.4009
49429,Removal of shunt,A,7.25,3.82,1.94,010,33.4009
49435,Insert subq exten to ip cath,A,2.19,0.41,0.57,ZZZ,33.4009
49436,Embedded ip cath exit-site,A,2.65,1.99,0.68,010,33.4009
49441,Place duod/jej tube perc,A,4.41,1.39,0.71,010,33.4009
49442,Place cecostomy tube perc,A,3.66,1.32,0.36,010,33.4009
49451,Replace duod/jej tube perc,A,1.79,0.28,0.21,000,33.4009
49452,Replace g-j tube perc,A,2.79,0.41,0.30,000,33.4009
49460,Fix g/colon tube w/device,A,0.94,0.22,0.12,000,33.4009
49465,Fluoro exam of g/colon tube,A,0.60,0.11,0.06,000,33.4009
49492,Rpr ing hern premie blocked,A,15.04,8.22,4.02,090,33.4009
49600,Repair umbilical lesion,A,11.26,6.80,3.01,090,33.4009
49605,Repair umbilical lesion,A,84.91,26.81,22.74,090,33.4009
49606,Repair umbilical lesion,A,18.53,8.27,4.94,090,33.4009
49610,Repair umbilical lesion,A,10.64,6.36,2.84,090,33.4009
49611,Repair umbilical lesion,A,9.11,6.13,2.43,090,33.4009
49623,Rmvl ninfct mesh hernia rpr,A,3.66,0.90,0.95,ZZZ,33.4009
49659,Unlstd laps px hrnap hrnrphy,C,0.00,0.00,0.00,YYY,33.4009
49904,Omental flap extra-abdom,A,21.79,11.77,5.01,090,33.4009
49906,Free omental flap microvasc,C,0.00,0.00,0.00,090,33.4009
50010,Renal exploration,A,11.97,5.70,1.53,090,33.4009
50020,Drg perirnl/renal absc open,A,17.63,7.53,2.27,090,33.4009
50040,Nfros nfrot w/drg,A,16.26,6.59,2.09,090,33.4009
50045,Nephrotomy w/exploration,A,16.40,6.62,2.11,090,33.4009
5005F,Pt counsld on exam for moles,I,0.00,0.00,0.00,XXX,33.4009
50060,Nl removal calculus,A,20.43,7.46,2.62,090,33.4009
50065,Nl sec surg operj calculus,A,21.76,7.73,2.79,090,33.4009
50070,Nl comp cgen kdn abnormality,A,21.30,7.63,2.74,090,33.4009
50075,Nl rmvl lg staghorn calculus,A,26.41,9.02,3.39,090,33.4009
50081,Perq nl/pl lithotrp cplx>2cm,A,20.39,6.99,2.61,090,33.4009
50100,Trnsxj/repos abrrnt rnl vsls,A,17.01,9.13,4.54,090,33.4009
5010F,Macul result phy/qhp mng dm,M,0.00,0.00,0.00,XXX,33.4009
50120,Pyelotomy w/exploration,A,16.78,6.61,2.16,090,33.4009
50125,Pyelotomy w/drg pyelostomy,A,17.37,6.82,2.22,090,33.4009
50130,Pyelotomy w/removal calculus,A,18.35,7.02,2.36,090,33.4009
5015F,Doc fx & test/txmnt for op,M,0.00,0.00,0.00,XXX,33.4009
50205,Renal bx surg exposure kdn,A,11.98,6.39,2.98,090,33.4009
5020F,Txmnts 2 phys/qhp by 1 mon,I,0.00,0.00,0.00,XXX,33.4009
50220,Remove kidney open,A,18.21,7.59,3.04,090,33.4009
50225,Removal kidney open complex,A,21.33,7.64,2.75,090,33.4009
50230,Removal kidney open radical,A,23.21,7.73,3.27,090,33.4009
50234,Removal of kidney & ureter,A,23.45,8.14,3.16,090,33.4009
50236,Removal of kidney & ureter,A,26.27,9.50,3.37,090,33.4009
50240,Nephrectomy partial,A,23.60,8.87,3.18,090,33.4009
50250,Opn abltj 1/> rnl mas crysrg,A,21.66,8.14,2.78,090,33.4009
50280,Exc/unroofing cyst kidney,A,16.66,6.67,2.14,090,33.4009
50290,Excision perinephric cyst,A,15.75,6.48,2.02,090,33.4009
50300,Remove cadaver donor kidney,X,0.00,0.00,0.00,XXX,33.4009
50320,Remove kidney living donor,A,21.87,16.68,5.85,090,33.4009
50323,Prep cadaver renal allograft,C,0.00,0.00,0.00,XXX,33.4009
50325,Prep donor renal graft,C,0.00,0.00,0.00,XXX,33.4009
50327,Prep renal graft/venous,A,3.90,0.93,1.00,XXX,33.4009
50328,Prep renal graft/arterial,A,3.41,0.82,0.86,XXX,33.4009
50329,Prep renal graft/ureteral,A,3.26,0.78,0.83,XXX,33.4009
50340,Recipient nephrectomy,A,13.69,10.74,3.65,090,33.4009
50360,Rnl altrnsplj w/o rcp nfrct,A,38.88,19.75,10.03,090,33.4009
50365,Rnl altrnsplj w/rcp nfrct,A,44.98,26.78,12.06,090,33.4009
50370,Rmvl transplanted rnl algrft,A,18.41,11.96,4.66,090,33.4009
50380,Rnl autotrnsplj rimpltj kdn,A,29.36,22.01,7.87,090,33.4009
50382,Change ureter stent percut,A,5.12,0.80,0.57,000,33.4009
50386,Remove stent via transureth,A,2.97,0.96,0.38,000,33.4009
50387,Change nephroureteral cath,A,1.71,0.25,0.19,000,33.4009
50389,Remove renal tube w/fluoro,A,1.07,0.18,0.12,000,33.4009
50390,Drainage of kidney lesion,A,1.91,0.30,0.21,000,33.4009
50391,Instll rx agnt into rnal tub,A,1.91,0.39,0.24,000,33.4009
50396,Measure kidney pressure,A,2.04,0.76,0.20,000,33.4009
50400,Revision of kidney/ureter,A,20.74,7.52,2.67,090,33.4009
50405,Revision of kidney/ureter,A,25.21,8.78,3.24,090,33.4009
50430,Njx px nfrosgrm &/urtrgrm,A,2.83,0.89,0.34,000,33.4009
50431,Njx px nfrosgrm &/urtrgrm,A,1.07,0.58,0.12,000,33.4009
50433,Plmt nephroureteral catheter,A,4.92,1.12,0.53,000,33.4009
50434,Convert nephrostomy catheter,A,3.66,0.92,0.41,000,33.4009
50436,Dilat xst trc ndurlgc px,A,2.71,1.02,0.35,000,33.4009
50437,Dilat xst trc new access rcs,A,4.73,1.41,0.57,000,33.4009
5050F,Plan 2 main dr by 1 month,I,0.00,0.00,0.00,XXX,33.4009
50520,Close kidney-skin fistula,A,18.41,9.47,4.91,090,33.4009
50525,Close nephrovisceral fistula,A,23.78,11.14,6.36,090,33.4009
50526,Close nephrovisceral fistula,A,25.65,11.60,6.85,090,33.4009
50540,Revision of horseshoe kidney,A,20.57,7.49,2.64,090,33.4009
50541,Laparo ablate renal cyst,A,16.44,5.99,2.15,090,33.4009
50542,Laparo ablate renal mass,A,20.83,7.73,2.72,090,33.4009
50544,Laparoscopy pyeloplasty,A,22.79,7.29,2.95,090,33.4009
50547,Laparo removal donor kidney,A,25.68,14.12,6.31,090,33.4009
50548,Laparo remove w/ureter,A,24.73,7.71,3.22,090,33.4009
50549,Unlisted laps px renal,C,0.00,0.00,0.00,YYY,33.4009
50551,Kidney endoscopy,A,5.45,1.62,0.70,000,33.4009
50553,Kidney endoscopy,A,5.83,1.70,0.75,000,33.4009
50555,Kidney endoscopy & biopsy,A,6.36,1.80,0.82,000,33.4009
50557,Kidney endoscopy & treatment,A,6.44,1.82,0.83,000,33.4009
50561,Kidney endoscopy & treatment,A,7.39,2.02,0.96,000,33.4009
50562,Renal scope w/tumor resect,A,10.63,3.36,1.35,090,33.4009
50570,Kidney endoscopy,A,9.29,2.38,1.21,000,33.4009
50572,Kidney endoscopy,A,10.07,2.53,1.30,000,33.4009
50574,Kidney endoscopy & biopsy,A,10.73,2.67,1.37,000,33.4009
50575,Kidney endoscopy,A,13.61,3.26,1.75,000,33.4009
50576,Kidney endoscopy & treatment,A,10.70,2.66,1.36,000,33.4009
50580,Kidney endoscopy & treatment,A,11.54,2.84,1.48,000,33.4009
50592,Perc rf ablate renal tumor,A,6.39,1.83,0.69,010,33.4009
50593,Perc cryo ablate renal tum,A,8.66,2.33,0.95,010,33.4009
50600,Exploration of ureter,A,16.74,6.27,2.15,090,33.4009
50605,Insert ureteral support,A,16.37,7.79,3.86,090,33.4009
50606,Endoluminal bx urtr rnl plvs,A,3.08,0.29,0.40,ZZZ,33.4009
5060F,Fndngs mammo 2pt w/in 3 days,I,0.00,0.00,0.00,XXX,33.4009
50610,Removal of ureter stone,A,16.82,6.37,2.16,090,33.4009
50620,Removal of ureter stone,A,16.02,6.21,2.06,090,33.4009
5062F,Mammo result com to pt 5 day,I,0.00,0.00,0.00,XXX,33.4009
50630,Removal of ureter stone,A,15.80,6.16,2.04,090,33.4009
50650,Removal of ureter,A,18.35,7.04,2.49,090,33.4009
50660,Removal of ureter,A,20.49,7.47,2.63,090,33.4009
50684,Injection for ureter x-ray,A,0.74,0.58,0.08,000,33.4009
50686,Measure ureter pressure,A,1.47,0.75,0.19,000,33.4009
50688,Change of ureter tube/stent,A,1.17,0.83,0.13,010,33.4009
50690,Injection for ureter x-ray,A,1.13,0.61,0.12,000,33.4009
50694,Plmt ureteral stent prq,A,5.12,1.19,0.55,000,33.4009
50695,Plmt ureteral stent prq,A,6.63,1.44,0.71,000,33.4009
50700,Revision of ureter,A,16.27,6.59,2.09,090,33.4009
50705,Ureteral embolization/occl,A,3.93,0.36,0.49,ZZZ,33.4009
50706,Balloon dilate urtrl strix,A,3.71,0.53,0.41,ZZZ,33.4009
50715,Release of ureter,A,20.12,9.14,4.26,090,33.4009
50722,Release of ureter,A,17.50,6.51,3.05,090,33.4009
50725,Release/revise ureter,A,19.70,7.30,2.53,090,33.4009
50727,Revise ureter,A,8.07,5.00,1.11,090,33.4009
50728,Revise ureter,A,11.88,5.68,1.51,090,33.4009
50740,Fusion of ureter & kidney,A,19.57,9.75,5.22,090,33.4009
50750,Fusion of ureter & kidney,A,20.69,7.51,2.65,090,33.4009
50760,Ureteroureterostomy,A,19.57,7.86,3.32,090,33.4009
50770,Splicing of ureters,A,20.69,7.51,2.65,090,33.4009
50780,Reimplant ureter in bladder,A,19.45,7.64,3.05,090,33.4009
50782,Reimplant ureter in bladder,A,19.17,7.19,2.48,090,33.4009
50783,Reimplant ureter in bladder,A,20.18,7.40,2.60,090,33.4009
50785,Reimplant ureter in bladder,A,21.67,7.84,2.97,090,33.4009
50800,Implant ureter in bowel,A,16.00,6.86,2.06,090,33.4009
50810,Fusion of ureter & bowel,A,22.04,11.88,5.89,090,33.4009
50815,Urine shunt to intestine,A,21.70,8.37,2.78,090,33.4009
50820,Construct bowel bladder,A,23.47,8.57,3.25,090,33.4009
50825,Construct bowel bladder,A,29.91,10.08,3.85,090,33.4009
50830,Revise urine flow,A,32.93,10.70,4.23,090,33.4009
50840,Replace ureter by bowel,A,21.83,8.40,2.81,090,33.4009
50845,Appendico-vesicostomy,A,21.90,9.07,2.82,090,33.4009
50860,Transplant ureter to skin,A,16.65,6.67,2.14,090,33.4009
50900,Repair of ureter,A,14.66,6.25,1.88,090,33.4009
50920,Closure ureter/skin fistula,A,15.41,6.41,1.98,090,33.4009
50930,Closure ureter/bowel fistula,A,19.69,7.30,2.53,090,33.4009
50940,Release of ureter,A,15.53,6.44,2.00,090,33.4009
50945,Laparoscopy ureterolithotomy,A,17.52,6.19,2.25,090,33.4009
50947,Laparo new ureter/bladder,A,25.14,8.48,3.32,090,33.4009
50948,Laparo new ureter/bladder,A,23.22,7.63,3.02,090,33.4009
50949,Unlisted laps px ureter,C,0.00,0.00,0.00,YYY,33.4009
50951,Endoscopy of ureter,A,5.68,1.66,0.72,000,33.4009
50953,Endoscopy of ureter,A,6.07,1.75,0.79,000,33.4009
50955,Ureter endoscopy & biopsy,A,6.57,1.85,0.85,000,33.4009
50957,Ureter endoscopy & treatment,A,6.61,1.86,0.85,000,33.4009
50961,Ureter endoscopy & treatment,A,5.89,1.71,0.76,000,33.4009
50970,Ureter endoscopy,A,6.95,1.88,0.90,000,33.4009
50972,Ureter endoscopy & catheter,A,6.71,1.83,0.87,000,33.4009
50974,Ureter endoscopy & biopsy,A,8.93,2.30,1.15,000,33.4009
50976,Ureter endoscopy & treatment,A,8.80,2.27,1.14,000,33.4009
50980,Ureter endoscopy & treatment,A,6.67,1.82,0.86,000,33.4009
5100F,Rsk fx ref w/n 24 hrs xray,I,0.00,0.00,0.00,XXX,33.4009
51020,Cystotomy/cystostomy w/fulg,A,7.50,4.56,0.98,090,33.4009
51045,Incise bladder/drain ureter,A,7.61,4.84,1.22,090,33.4009
51050,Removal of bladder stone,A,7.77,4.21,1.01,090,33.4009
51060,Removal of ureter stone,A,9.70,5.01,1.25,090,33.4009
51065,Remove ureter calculus,A,9.70,4.92,1.25,090,33.4009
51100,Drain bladder by needle,A,0.76,0.16,0.09,000,33.4009
51101,Drain bladder by trocar/cath,A,0.99,0.21,0.13,000,33.4009
51500,Removal of bladder cyst,A,10.77,5.23,1.37,090,33.4009
51520,Removal of bladder lesion,A,9.95,5.06,1.29,090,33.4009
51525,Removal of bladder lesion,A,15.03,6.12,2.00,090,33.4009
51530,Removal of bladder lesion,A,13.37,5.76,1.72,090,33.4009
51535,Repair of ureter lesion,A,13.55,5.80,1.74,090,33.4009
51550,Partial removal of bladder,A,16.80,6.80,2.49,090,33.4009
51555,Partial removal of bladder,A,22.60,8.10,3.11,090,33.4009
51565,Revise bladder & ureter(s),A,23.09,8.40,2.97,090,33.4009
51570,Removal of bladder,A,26.77,8.83,3.45,090,33.4009
51575,Removal of bladder & nodes,A,33.33,10.57,4.28,090,33.4009
51580,Remove bladder/revise tract,A,34.49,11.47,4.44,090,33.4009
51585,Removal of bladder & nodes,A,38.65,12.33,4.96,090,33.4009
51590,Remove bladder/revise tract,A,35.42,11.12,4.71,090,33.4009
51595,Remove bladder/revise tract,A,40.29,12.35,5.29,090,33.4009
51596,Remove bladder/create pouch,A,43.15,13.68,5.69,090,33.4009
51597,Removal of pelvic structures,A,41.79,13.56,5.73,090,33.4009
51600,Injection for bladder x-ray,A,0.86,0.17,0.09,000,33.4009
51605,Preparation for bladder xray,A,0.62,0.36,0.07,000,33.4009
51610,Injection for bladder x-ray,A,1.02,0.59,0.12,000,33.4009
51700,Irrigation of bladder,A,0.59,0.12,0.07,000,33.4009
51701,Insert bladder catheter,A,0.49,0.10,0.07,000,33.4009
51702,Insert temp bladder cath,A,0.49,0.12,0.07,000,33.4009
51703,Insert bladder cath complex,A,1.43,0.40,0.19,000,33.4009
51705,Change of bladder tube,A,0.88,0.41,0.12,000,33.4009
51710,Change of bladder tube,A,1.32,0.70,0.17,000,33.4009
51715,Endoscopic injection/implant,A,3.64,1.11,0.53,000,33.4009
51720,Treatment of bladder lesion,A,0.85,0.18,0.11,000,33.4009
51721,Ins trurl ablt trnsdc thr us,A,3.95,1.31,0.49,000,33.4009
51725,Simple cystometrogram,A,0.00,3.64,0.02,000,33.4009
51726,Complex cystometrogram,A,0.00,5.57,0.02,000,33.4009
51727,Cystometrogram w/up,A,0.00,6.72,0.02,000,33.4009
51728,Cystometrogram w/vp,A,0.00,6.94,0.02,000,33.4009
51729,Cystometrogram w/vp&up,A,0.00,6.80,0.03,000,33.4009
51736,Urine flow measurement,A,0.00,0.17,0.01,XXX,33.4009
51741,Electro-uroflowmetry first,A,0.00,0.19,0.01,XXX,33.4009
51784,Anal/urinary muscle study,A,0.00,0.87,0.01,XXX,33.4009
51785,Anal/urinary muscle study,A,0.00,8.92,0.03,XXX,33.4009
51792,Urinary reflex study,A,0.00,5.69,0.03,000,33.4009
51797,Intraabdominal pressure test,A,0.00,3.46,0.00,ZZZ,33.4009
51798,Us urine capacity measure,A,0.00,0.36,0.02,XXX,33.4009
51800,Revision of bladder/urethra,A,18.42,7.09,2.37,090,33.4009
51820,Revision of urinary tract,A,19.10,7.62,2.47,090,33.4009
51840,Attach bladder/urethra,A,11.08,5.92,1.63,090,33.4009
51841,Attach bladder/urethra,A,13.34,6.46,1.71,090,33.4009
51845,Repair bladder neck,A,9.90,4.70,1.28,090,33.4009
51880,Repair of bladder opening,A,7.67,4.08,1.11,090,33.4009
51900,Repair bladder/vagina lesion,A,14.26,6.22,1.83,090,33.4009
51920,Close bladder-uterus fistula,A,13.07,5.99,1.68,090,33.4009
51925,Hysterectomy/bladder repair,A,17.09,8.22,3.00,090,33.4009
51940,Correction of bladder defect,A,29.89,9.88,3.85,090,33.4009
51960,Revision of bladder & bowel,A,24.77,9.08,3.18,090,33.4009
51980,Construct bladder opening,A,12.26,5.54,1.57,090,33.4009
51990,Laparo urethral suspension,A,13.03,5.35,1.71,090,33.4009
51992,Laparo sling operation,A,14.50,5.47,2.38,090,33.4009
51999,Unlisted laps px bladder,C,0.00,0.00,0.00,YYY,33.4009
5200F,Eval appros surg thxpy epi,I,0.00,0.00,0.00,XXX,33.4009
52284,Cysto rx balo cath urtl strx,A,3.02,0.96,0.39,000,33.4009
52355,Cystouretero w/excise tumor,A,8.78,2.36,1.13,000,33.4009
52400,Cysto cgen post urtl valves,A,8.47,3.26,1.09,090,33.4009
52402,Cysto trurl rescj ejacul dux,A,5.14,1.12,0.65,000,33.4009
52441,Cysto insj trnsprstc 1 implt,A,3.90,1.13,0.48,000,33.4009
52442,Cysto ins trnsprstc implt ea,A,0.98,0.21,0.13,ZZZ,33.4009
52443,Cysto 1st trurl prst8 comis,A,3.62,1.08,0.46,000,33.4009
52450,Transurethral inc prostate,A,7.59,4.53,0.99,090,33.4009
52500,Trurl resection bladder neck,A,5.85,3.94,0.76,090,33.4009
5250F,Asthma discharge plan presnt,I,0.00,0.00,0.00,XXX,33.4009
52597,Trurl rbtc wtrjt rescj prst8,A,10.25,4.85,1.32,090,33.4009
53000,Incision of urethra,A,2.27,1.60,0.28,010,33.4009
53010,Incision of urethra,A,4.34,3.51,0.57,090,33.4009
53020,Incision of urethra,A,1.73,0.64,0.21,000,33.4009
53025,Incision of urethra,A,1.10,0.64,0.14,000,33.4009
53080,Drainage of urinary leakage,A,6.75,4.04,0.87,090,33.4009
53085,Drainage of urinary leakage,A,10.90,5.39,1.40,090,33.4009
53200,Biopsy of urethra,A,2.53,0.92,0.38,000,33.4009
53210,Removal of urethra,A,13.38,5.73,1.72,090,33.4009
53215,Removal of urethra,A,16.43,6.37,2.13,090,33.4009
53220,Treatment of urethra lesion,A,7.44,4.05,0.96,090,33.4009
53230,Removal of urethra lesion,A,10.18,4.94,1.47,090,33.4009
53235,Removal of urethra lesion,A,10.72,5.21,1.36,090,33.4009
53240,Surgery for urethra pouch,A,6.90,3.95,0.89,090,33.4009
53250,Removal of urethra gland,A,6.36,3.82,0.82,090,33.4009
53260,Treatment of urethra lesion,A,2.95,1.58,0.43,010,33.4009
53265,Treatment of urethra lesion,A,3.09,1.55,0.46,010,33.4009
53270,Removal of urethra gland,A,3.06,1.61,0.40,010,33.4009
53275,Repair of urethra defect,A,4.46,2.06,0.62,010,33.4009
53400,Revise urethra stage 1,A,13.78,6.06,1.83,090,33.4009
53405,Revise urethra stage 2,A,15.27,6.34,1.96,090,33.4009
53410,Reconstruction of urethra,A,17.24,6.87,2.22,090,33.4009
53415,Reconstruction of urethra,A,20.18,7.49,2.61,090,33.4009
53420,Reconstruct urethra stage 1,A,14.79,5.98,1.91,090,33.4009
53425,Reconstruct urethra stage 2,A,16.64,6.36,2.14,090,33.4009
53430,Reconstruction of urethra,A,16.99,6.71,2.44,090,33.4009
53431,Reconstruct urethra/bladder,A,20.65,7.55,2.65,090,33.4009
53440,Male sling procedure,A,13.03,5.70,1.67,090,33.4009
53442,Remove/revise male sling,A,13.15,6.61,1.69,090,33.4009
53444,Insert tandem cuff,A,13.84,5.85,1.77,090,33.4009
53445,Insert uro/ves nck sphincter,A,12.68,6.33,1.63,090,33.4009
53446,Remove uro sphincter,A,10.74,5.47,1.37,090,33.4009
53447,Remove/replace ur sphincter,A,13.92,6.18,1.78,090,33.4009
53448,Remov/replc ur sphinctr comp,A,22.85,8.43,2.94,090,33.4009
53449,Repair uro sphincter,A,10.30,5.12,1.33,090,33.4009
53450,Revision of urethra,A,6.60,3.89,0.86,090,33.4009
53451,Tprnl balo cntnc dev bi,C,0.00,0.00,0.00,010,33.4009
53452,Tprnl balo cntnc dev uni,C,0.00,0.00,0.00,010,33.4009
53453,Tprnl balo cntnc dev rmvl ea,C,0.00,0.00,0.00,000,33.4009
53454,Tprnl balo cntnc dev adjmt,C,0.00,0.00,0.00,000,33.4009
53460,Revision of urethra,A,7.56,4.07,0.99,090,33.4009
53500,Urethrlys transvag w/ scope,A,12.68,5.53,1.93,090,33.4009
53502,Repair of urethra injury,A,8.05,4.28,1.05,090,33.4009
53505,Repair of urethra injury,A,8.05,4.27,1.05,090,33.4009
53510,Repair of urethra injury,A,10.69,5.20,1.36,090,33.4009
53515,Repair of urethra injury,A,13.86,5.86,1.77,090,33.4009
53520,Repair of urethra defect,A,9.24,4.90,1.20,090,33.4009
53600,Dilate urethra stricture,A,1.18,0.35,0.15,000,33.4009
53601,Dilate urethra stricture,A,0.96,0.35,0.12,000,33.4009
53605,Dilate urethra stricture,A,1.25,0.26,0.16,000,33.4009
53620,Dilate urethra stricture,A,1.58,0.53,0.20,000,33.4009
53621,Dilate urethra stricture,A,1.32,0.42,0.17,000,33.4009
53660,Dilation of urethra,A,0.69,0.35,0.08,000,33.4009
53661,Dilation of urethra,A,0.70,0.30,0.08,000,33.4009
53665,Dilation of urethra,A,0.74,0.16,0.09,000,33.4009
53850,Prostatic microwave thermotx,A,5.28,3.96,0.67,090,33.4009
53852,Prostatic rf thermotx,A,5.78,4.06,0.75,090,33.4009
53854,Trurl dstrj prst8 tiss rf wv,A,5.78,4.07,0.75,090,33.4009
53855,Insert prost urethral stent,A,1.60,0.34,0.21,000,33.4009
53860,Transurethral rf treatment,A,3.87,1.69,0.48,090,33.4009
53865,Cysto insj dev ischmc rmdlg,A,3.02,0.95,0.39,000,33.4009
53866,Cathj rmvl dev ischmc rmdlg,A,1.44,0.58,0.19,000,33.4009
53899,Unlisted px urinary system,C,0.00,0.00,0.00,YYY,33.4009
54000,Slitting of prepuce,A,1.55,1.39,0.20,010,33.4009
54001,Slitting of prepuce,A,2.18,1.43,0.27,010,33.4009
54015,I&d penis deep,A,5.23,2.41,0.66,010,33.4009
54050,Destruction penis lesion(s),A,1.26,1.50,0.14,010,33.4009
54055,Destruction penis lesion(s),A,1.22,1.24,0.14,010,33.4009
54056,Cryosurgery penis lesion(s),A,1.26,1.58,0.13,010,33.4009
54057,Laser surg penis lesion(s),A,1.26,1.31,0.16,010,33.4009
54060,Excision of penis lesion(s),A,1.93,1.50,0.24,010,33.4009
54065,Destruction penis lesion(s),A,2.41,1.85,0.25,010,33.4009
54100,Biopsy of penis,A,1.85,1.06,0.20,000,33.4009
54105,Biopsy of penis,A,3.45,1.96,0.44,010,33.4009
54110,Treatment of penis lesion,A,10.65,5.01,1.36,090,33.4009
54111,Treat penis lesion graft,A,14.06,5.71,1.80,090,33.4009
54112,Treat penis lesion graft,A,16.56,6.56,2.13,090,33.4009
54115,Treatment of penis lesion,A,6.78,4.20,0.88,090,33.4009
54120,Partial removal of penis,A,10.73,5.14,1.39,090,33.4009
54125,Removal of penis,A,14.20,6.21,1.96,090,33.4009
54130,Remove penis & nodes,A,21.29,7.96,2.74,090,33.4009
54135,Remove penis & nodes,A,27.47,9.24,3.54,090,33.4009
54160,Circumcision neonate,A,2.47,1.16,0.33,010,33.4009
54162,Lysis penil circumic lesion,A,3.24,1.86,0.42,010,33.4009
54163,Repair of circumcision,A,3.24,2.54,0.42,010,33.4009
54164,Frenulotomy of penis,A,2.75,2.44,0.36,010,33.4009
54200,Injection px peyronie ds,A,1.08,1.28,0.14,010,33.4009
54205,Njx px peyronie ds exps plaq,A,8.75,4.74,1.13,090,33.4009
54220,Irrg crpra cavrnosa priapism,A,2.36,1.09,0.43,000,33.4009
54230,Njx corpora cavernosograpy,A,1.31,0.71,0.17,000,33.4009
54231,Dynamic cavernosometry,A,1.99,0.90,0.25,000,33.4009
54235,Njx corpora cavernosa rx agt,A,1.16,0.73,0.15,000,33.4009
54240,Penile plethysmography,A,0.00,1.38,0.02,000,33.4009
54250,Nctrnl pen tmscn&/rgdity tst,A,0.00,0.43,0.01,000,33.4009
54300,Revision of penis,A,10.92,5.27,1.43,090,33.4009
54304,Revision of penis,A,12.95,5.63,1.66,090,33.4009
54308,Reconstruction of urethra,A,12.30,5.55,1.58,090,33.4009
54312,Reconstruction of urethra,A,14.15,6.21,1.82,090,33.4009
54316,Reconstruction of urethra,A,17.60,6.87,2.26,090,33.4009
54318,Reconstruction of urethra,A,12.12,5.70,1.56,090,33.4009
54322,Reconstruction of urethra,A,13.63,5.72,1.75,090,33.4009
54324,Reconstruction of urethra,A,17.11,6.74,2.19,090,33.4009
54326,Reconstruction of urethra,A,16.59,6.66,2.13,090,33.4009
54328,Revise penis/urethra,A,16.47,6.64,2.12,090,33.4009
54332,Revise penis/urethra,A,17.91,6.93,2.31,090,33.4009
54336,Revise penis/urethra,A,21.08,8.08,2.71,090,33.4009
54340,Rpr hypspad comp simple,A,9.47,4.90,1.22,090,33.4009
54344,Rrp hypspad comp moblj&urtp,A,16.63,6.66,2.14,090,33.4009
54348,Rpr hypspad comp dsj & urtp,A,17.86,7.01,2.31,090,33.4009
54352,Revj prior hypspad repair,A,25.48,8.98,3.27,090,33.4009
54360,Penis plastic surgery,A,12.46,5.48,1.61,090,33.4009
54380,Repair penis,A,13.83,6.06,1.77,090,33.4009
54385,Repair penis,A,16.15,6.92,2.08,090,33.4009
54390,Repair penis and bladder,A,22.20,8.18,2.86,090,33.4009
54400,Insert semi-rigid prosthesis,A,8.94,4.43,1.15,090,33.4009
54401,Insert self-contd prosthesis,A,10.18,7.00,1.31,090,33.4009
54405,Insert multi-comp penis pros,A,14.16,5.84,1.82,090,33.4009
54406,Remove muti-comp penis pros,A,12.57,5.68,1.63,090,33.4009
54408,Repair multi-comp penis pros,A,13.56,6.19,1.75,090,33.4009
54410,Remove/replace penis prosth,A,14.80,6.71,1.91,090,33.4009
54411,Remov/replc penis pros comp,A,17.89,7.60,2.31,090,33.4009
54415,Remove self-contd penis pros,A,8.66,4.87,1.13,090,33.4009
54416,Remv/repl penis contain pros,A,11.78,6.33,1.50,090,33.4009
54417,Remv/replc penis pros compl,A,15.70,6.58,2.02,090,33.4009
54420,Revision of penis,A,12.08,5.43,1.54,090,33.4009
54430,Revision of penis,A,10.78,5.26,1.37,090,33.4009
54435,Revision of penis,A,6.64,3.99,0.86,090,33.4009
54437,Repair corporeal tear,A,11.21,5.90,1.44,090,33.4009
54440,Repair of penis,C,0.00,0.00,0.00,090,33.4009
54450,Preputial stretching,A,1.09,0.27,0.15,000,33.4009
54500,Biopsy of testis,A,1.28,0.57,0.16,000,33.4009
54505,Biopsy of testis,A,3.41,1.94,0.43,010,33.4009
54512,Excise lesion testis,A,9.10,4.39,1.19,090,33.4009
54522,Orchiectomy partial,A,9.99,4.74,1.29,090,33.4009
54535,Extensive testis surgery,A,12.86,5.66,1.65,090,33.4009
54550,Exploration for testis,A,8.20,4.25,1.07,090,33.4009
54560,Exploration for testis,A,11.80,5.36,1.50,090,33.4009
54600,Reduce testis torsion,A,7.45,4.08,0.96,090,33.4009
54620,Suspension of testis,A,5.08,2.43,0.65,010,33.4009
54660,Revision of testis,A,5.60,3.70,0.71,090,33.4009
54670,Repair testis injury,A,6.48,4.02,0.84,090,33.4009
54680,Relocation of testis(es),A,13.69,5.86,1.76,090,33.4009
54690,Laparoscopy orchiectomy,A,11.41,4.89,1.46,090,33.4009
54699,Unlisted laps px testis,C,0.00,0.00,0.00,YYY,33.4009
54700,I&d epdidyms tstis&/scrot sp,A,3.38,2.13,0.48,010,33.4009
54800,Biopsy of epididymis,A,2.27,0.78,0.28,000,33.4009
54830,Remove epididymis lesion,A,5.86,3.77,0.78,090,33.4009
54860,Removal of epididymis,A,6.78,3.95,0.88,090,33.4009
54861,Removal of epididymis,A,9.46,4.89,1.22,090,33.4009
54865,Explore epididymis,A,5.63,3.71,0.72,090,33.4009
54900,Fusion of spermatic ducts,A,13.85,6.08,1.77,090,33.4009
54901,Fusion of spermatic ducts,A,18.62,7.46,2.40,090,33.4009
55000,Drainage of hydrocele,A,1.39,0.74,0.18,000,33.4009
55040,Removal of hydrocele,A,5.31,3.41,0.71,090,33.4009
55041,Removal of hydroceles,A,8.33,4.67,1.10,090,33.4009
55110,Explore scrotum,A,6.17,3.84,0.86,090,33.4009
55120,Removal of scrotum lesion,A,5.58,3.63,0.71,090,33.4009
55150,Removal of scrotum,A,7.94,4.62,1.08,090,33.4009
55180,Revision of scrotum,A,11.49,5.69,1.50,090,33.4009
55200,Incision of sperm duct,A,4.44,2.73,0.56,090,33.4009
55300,Prepare sperm duct x-ray,A,3.41,1.10,0.43,000,33.4009
55500,Removal of hydrocele,A,6.06,4.02,0.93,090,33.4009
55520,Removal of sperm cord lesion,A,6.49,5.33,1.64,090,33.4009
55530,Revise spermatic cord veins,A,5.61,3.44,0.73,090,33.4009
55535,Revise spermatic cord veins,A,7.01,3.99,0.91,090,33.4009
55540,Revise hernia & sperm veins,A,8.09,5.92,2.16,090,33.4009
55550,Laparo ligate spermatic vein,A,7.02,3.95,0.91,090,33.4009
55559,Unlstd laps px sprmatic cord,C,0.00,0.00,0.00,YYY,33.4009
55600,Vesiculotomy,A,6.83,3.96,0.88,090,33.4009
55605,Vesiculotomy complicated,A,8.54,4.79,1.10,090,33.4009
55650,Remove sperm duct pouch,A,12.33,5.59,1.59,090,33.4009
55680,Remove sperm pouch lesion,A,5.53,3.41,0.70,090,33.4009
55707,Bx prst8 trct us guided,A,2.63,1.10,0.35,000,33.4009
55708,Bx prst8 trct us w/mri fus 1,A,3.39,1.26,0.43,000,33.4009
55709,Bx prst8 tprnl us guided,A,3.23,1.23,0.42,000,33.4009
55710,Bx prst8 tprn us w/mri fus 1,A,3.81,1.35,0.48,000,33.4009
55711,Bx prst8 trct mri-us 1st,A,2.61,1.10,0.35,000,33.4009
55712,Bx prst8 tprnl mri-us 1st,A,3.10,1.22,0.41,000,33.4009
55713,Bx prst8 in-bore ct/mri bx 1,A,4.00,1.06,0.50,000,33.4009
55714,Bx prst8 in-bore ct/mri 1,A,3.62,0.98,0.46,000,33.4009
55715,Bx prst8 ea add mri-us/ct/mr,A,1.05,0.22,0.14,ZZZ,33.4009
55867,Laps surg prst8ect smpl stot,A,19.04,6.82,2.46,090,33.4009
55868,Lap srg prst8ct lymph nod bx,A,22.46,7.79,2.91,090,33.4009
55869,Lap srg prst8ct bi pl lmphad,A,27.41,8.82,3.55,090,33.4009
55877,Abltj ire prst8 1+ tum perq,A,13.50,4.99,1.61,090,33.4009
55881,Ablt trurl prst8 tis thrm us,A,9.56,2.06,1.24,000,33.4009
55882,Ablt trurl prst8 tis trnsdcr,A,11.21,3.01,1.58,000,33.4009
55920,Place needles pelvic for rt,A,8.10,2.71,0.69,000,33.4009
55970,Sex transformation m to f,C,0.00,0.00,0.00,YYY,33.4009
55980,Sex transformation f to m,C,0.00,0.00,0.00,YYY,33.4009
56441,Lysis of labial adhesions,A,1.97,1.90,0.34,010,33.4009
56442,Hymenotomy,A,0.66,0.53,0.12,000,33.4009
56625,Vulvectomy simple complete,A,9.44,7.18,1.98,090,33.4009
56631,Vlvctmy rad prtl uni lymphad,A,18.52,10.65,4.05,090,33.4009
56632,Vlvctmy rad prtl bi lymphad,A,21.31,14.09,4.64,090,33.4009
56633,Vulvectomy radical complete,A,19.13,11.13,4.19,090,33.4009
56634,Vlvctmy rad comp uni lymphad,A,20.14,11.99,4.66,090,33.4009
56640,Vlvctmy rad comp w/lymphadec,A,24.16,13.13,5.59,090,33.4009
56700,Prtl hymnctmy/revj hymnl rng,A,2.77,2.19,0.48,010,33.4009
56740,Exc bartholins gland/cyst,A,4.76,2.84,0.87,010,33.4009
56805,Clitoroplasty intersex state,A,19.38,7.89,3.39,090,33.4009
56810,Perineoplasty rpr per nonob,A,4.18,2.33,0.71,010,33.4009
56820,Colposcopy vulva,A,1.46,0.53,0.27,000,33.4009
56821,Colposcopy vulva w/biopsy,A,2.00,0.65,0.38,000,33.4009
57000,Colpotomy w/exploration,A,2.94,1.90,0.50,010,33.4009
57020,Colpocentesis sep px,A,1.46,0.35,0.25,000,33.4009
57023,I&d vaginal hematoma non-ob,A,5.05,2.54,0.89,010,33.4009
57061,Destruction vag lesions smpl,A,1.27,1.67,0.22,010,33.4009
57065,Destruction vag lesion xtnsv,A,2.59,1.93,0.45,010,33.4009
57100,Biopsy vaginal mucosa simple,A,1.17,0.36,0.22,000,33.4009
57105,Biopsy vaginal mucosa xtnsv,A,1.70,2.03,0.33,010,33.4009
57150,Treat vagina infection,A,0.49,0.11,0.07,000,33.4009
57155,Insert uteri tandem/ovoids,A,5.02,1.66,0.46,000,33.4009
57156,Ins vag brachytx device,A,2.62,0.97,0.21,000,33.4009
57160,Insert pessary/other device,A,0.87,0.19,0.15,000,33.4009
57170,Fitting of diaphragm/cap,A,0.89,0.19,0.16,000,33.4009
57180,Treat vaginal bleeding,A,1.59,1.34,0.27,010,33.4009
57220,Revision of urethra,A,4.73,3.79,0.81,090,33.4009
57287,Revise/remove sling repair,A,10.87,7.17,1.72,090,33.4009
57289,Repair bladder & vagina,A,12.48,6.28,2.19,090,33.4009
57291,Construction of vagina,A,8.42,4.73,1.47,090,33.4009
57292,Construct vagina with graft,A,13.66,5.85,2.39,090,33.4009
57295,Revise vag graft via vagina,A,7.62,4.57,1.24,090,33.4009
57296,Revise vag graft open abd,A,16.15,6.26,2.83,090,33.4009
57307,Fistula repair & colostomy,A,16.74,10.74,2.41,090,33.4009
57308,Fistula repair transperine,A,10.33,7.07,1.48,090,33.4009
57310,Repair urethrovaginal lesion,A,7.46,5.02,0.96,090,33.4009
57311,Repair urethrovaginal lesion,A,8.69,5.28,1.12,090,33.4009
57320,Repair bladder-vagina lesion,A,8.66,4.86,1.50,090,33.4009
57330,Repair bladder-vagina lesion,A,12.88,6.09,1.65,090,33.4009
57335,Repair vagina,A,19.52,8.07,3.43,090,33.4009
57426,Revise prosth vag graft lap,A,13.94,6.96,2.33,090,33.4009
57455,Biopsy of cervix w/scope,A,1.94,0.59,0.36,000,33.4009
57456,Endocerv curettage w/scope,A,1.80,0.54,0.33,000,33.4009
57460,Bx of cervix w/scope leep,A,2.76,1.00,0.48,000,33.4009
57461,Conz of cervix w/scope leep,A,3.34,0.90,0.60,000,33.4009
57465,Cam cervix uteri drg colp,A,0.79,0.17,0.14,ZZZ,33.4009
57558,D&c of cervical stump,A,1.68,1.44,0.29,010,33.4009
57720,Revision of cervix,A,4.49,3.68,0.79,090,33.4009
57800,Dilation of cervical canal,A,0.75,0.41,0.14,000,33.4009
58110,Bx done w/colposcopy add-on,A,0.75,0.17,0.14,ZZZ,33.4009
58145,Myomectomy vag method,A,8.69,4.74,1.51,090,33.4009
58146,Myomectomy abdom complex,A,19.83,7.08,3.47,090,33.4009
58267,Vag hyst w/urinary repair,A,17.90,7.11,3.13,090,33.4009
58270,Vag hyst w/enterocele repair,A,14.92,6.19,2.65,090,33.4009
58275,Hysterectomy/revise vagina,A,16.60,6.70,2.92,090,33.4009
58280,Hysterectomy/revise vagina,A,17.87,6.92,3.13,090,33.4009
58285,Extensive hysterectomy,A,22.80,11.71,5.27,090,33.4009
58290,Vag hyst complex,A,19.76,7.06,3.46,090,33.4009
58291,Vag hyst incl t/o complex,A,21.51,7.43,3.77,090,33.4009
58292,Vag hyst t/o & repair compl,A,22.77,7.69,3.99,090,33.4009
58294,Vag hyst w/enterocele compl,A,21.01,7.33,3.68,090,33.4009
58300,Insert intrauterine device,N,0.98,0.22,0.11,XXX,33.4009
58301,Remove intrauterine device,A,1.24,0.28,0.21,000,33.4009
58321,Artificial insemination,A,0.90,0.19,0.16,000,33.4009
58322,Artificial insemination,A,1.07,0.23,0.19,000,33.4009
58323,Sperm washing,A,0.22,0.05,0.04,000,33.4009
58340,Catheter for hysterography,A,0.86,0.56,0.14,000,33.4009
58345,Reopen fallopian tube,A,4.58,2.25,0.81,010,33.4009
58346,Insert heyman uteri capsule,A,7.37,4.62,0.58,090,33.4009
58350,Reopen fallopian tube,A,1.03,1.30,0.18,010,33.4009
58353,Endometr ablate thermal,A,3.51,1.98,0.61,010,33.4009
58356,Endometrial cryoablation,A,6.25,1.80,1.10,010,33.4009
58400,Suspension of uterus,A,6.96,4.36,1.13,090,33.4009
58410,Suspension of uterus,A,13.46,5.75,2.36,090,33.4009
58520,Repair of ruptured uterus,A,13.14,5.68,2.31,090,33.4009
58540,Revision of uterus,A,15.32,6.22,2.69,090,33.4009
58543,Lsh uterus above 250 g,A,14.03,5.73,2.47,090,33.4009
58544,Lsh w/t/o uterus above 250 g,A,15.21,6.17,2.63,090,33.4009
58546,Laparo-myomectomy complex,A,19.44,6.49,3.40,090,33.4009
58553,Laparo-vag hyst complex,A,19.56,6.52,3.43,090,33.4009
58554,Laparo-vag hyst w/t/o compl,A,22.53,8.13,4.12,090,33.4009
58555,Hysteroscopy dx sep proc,A,2.58,1.00,0.45,000,33.4009
58559,Hysteroscopy lysis,A,5.07,1.50,0.89,000,33.4009
58560,Hysteroscopy resect septum,A,5.61,1.62,1.00,000,33.4009
58561,Hysteroscopy remove myoma,A,6.44,1.81,1.15,000,33.4009
58562,Hysteroscopy remove fb,A,3.90,1.26,0.68,000,33.4009
58570,Tlh uterus 250 g or less,A,13.03,6.26,2.48,090,33.4009
58573,Tlh w/t/o uterus over 250 g,A,20.27,8.74,4.09,090,33.4009
58575,Laps tot hyst resj mal,A,31.79,14.52,6.85,090,33.4009
58578,Unlisted laps px uterus,C,0.00,0.00,0.00,YYY,33.4009
58579,Unlisted hystsc px uterus,C,0.00,0.00,0.00,YYY,33.4009
58580,Transcrv abltj utrn fibrd rf,A,7.03,2.53,1.24,010,33.4009
58600,Division of fallopian tube,A,5.76,3.17,1.02,090,33.4009
58611,Ligate oviduct(s) add-on,A,1.41,0.30,0.24,ZZZ,33.4009
58615,Occlude fallopian tube(s),A,3.84,2.25,0.67,010,33.4009
58660,Laparoscopy lysis,A,11.30,5.12,2.37,090,33.4009
58671,Laparoscopy tubal block,A,5.76,3.19,1.02,090,33.4009
58672,Laparoscopy fimbrioplasty,A,12.59,4.51,2.20,090,33.4009
58673,Laparoscopy salpingostomy,A,13.69,4.86,2.40,090,33.4009
58674,Laps abltj uterine fibroids,A,13.73,5.43,2.41,090,33.4009
58679,Unlisted laps px ovidct ovry,C,0.00,0.00,0.00,YYY,33.4009
58740,Adhesiolysis tube ovary,A,14.53,7.25,2.92,090,33.4009
58750,Repair oviduct,A,15.25,6.09,2.67,090,33.4009
58752,Revise ovarian tube(s),A,15.25,6.01,2.67,090,33.4009
58760,Fimbrioplasty,A,13.58,5.73,2.38,090,33.4009
58770,Create new tubal opening,A,14.40,5.83,2.53,090,33.4009
58800,Drainage of ovarian cyst(s),A,4.50,3.14,0.79,090,33.4009
58805,Drainage of ovarian cyst(s),A,6.26,4.05,1.10,090,33.4009
58825,Transposition ovary(s),A,11.49,5.29,2.01,090,33.4009
58900,Biopsy of ovary(s),A,6.43,4.09,1.13,090,33.4009
58920,Partial removal of ovary(s),A,11.65,5.20,2.05,090,33.4009
58925,Removal of ovarian cyst(s),A,12.12,6.37,2.41,090,33.4009
58950,Resect ovarian malignancy,A,17.91,10.17,3.91,090,33.4009
58951,Resect ovarian malignancy,A,23.65,11.07,5.12,090,33.4009
58953,Tah rad dissect for debulk,A,33.28,14.73,7.24,090,33.4009
58954,Tah rad debulk/lymph remove,A,36.20,15.68,7.84,090,33.4009
58958,Resc recr ovr tbl pp utr mal,A,28.49,10.03,4.99,090,33.4009
58960,Exploration of abdomen,A,15.40,9.28,3.57,090,33.4009
58970,Retrieval of oocyte,A,3.43,1.15,0.59,000,33.4009
58974,Embryo transfer intrauterine,C,0.00,0.00,0.00,000,33.4009
58976,Transfer of embryo,A,3.72,1.21,0.65,000,33.4009
58999,Unlisted px fml genital sys,C,0.00,0.00,0.00,YYY,33.4009
59001,Amniocentesis therapeutic,A,2.93,0.92,0.93,000,33.4009
59015,Chorion biopsy,A,2.15,0.69,0.68,000,33.4009
59020,Fetal contract stress test,A,0.00,1.07,0.01,000,33.4009
59025,Fetal non-stress test,A,0.00,0.62,0.01,000,33.4009
59030,Fetal scalp blood sampling,A,1.94,0.41,0.61,000,33.4009
59050,Fetal monitor w/report,A,0.87,0.19,0.27,XXX,33.4009
59051,Fetal monitor/interpret only,A,0.72,0.15,0.22,XXX,33.4009
59070,Transabdom amnioinfus w/us,A,5.11,1.51,1.63,000,33.4009
59072,Umbilical cord occlud w/us,A,8.77,2.28,2.81,000,33.4009
59074,Fetal fluid drainage w/us,A,5.11,1.51,1.63,000,33.4009
59076,Fetal shunt placement w/us,A,8.77,2.28,2.81,000,33.4009
59100,Remove uterus lesion,A,13.04,5.85,4.18,090,33.4009
59120,Treat ectopic pregnancy,A,12.35,5.70,3.95,090,33.4009
59121,Treat ectopic pregnancy,A,12.42,5.61,3.98,090,33.4009
59130,Treat ectopic pregnancy,A,14.70,6.10,4.72,090,33.4009
59136,Treat ectopic pregnancy,A,13.89,5.84,4.46,090,33.4009
59140,Treat ectopic pregnancy,A,5.79,3.74,1.85,090,33.4009
59160,D & c after delivery,A,2.69,1.46,0.87,010,33.4009
59200,Insert cervical dilator,A,1.17,0.26,0.36,000,33.4009
59300,Episiotomy or vaginal repair,A,2.35,0.89,0.76,000,33.4009
59320,Revision of cervix,A,2.42,0.90,0.79,000,33.4009
59350,Repair of uterus,A,4.82,1.02,1.53,000,33.4009
59412,Antepartum manipulation,A,1.71,0.57,0.54,MMM,33.4009
59414,Deliver placenta,A,1.61,0.35,0.50,MMM,33.4009
59425,Antepartum care only,A,7.80,1.70,2.23,MMM,33.4009
59426,Antepartum care only,A,14.30,3.11,4.10,MMM,33.4009
59430,Care after delivery,A,3.22,0.70,0.92,MMM,33.4009
59614,Vbac care after delivery,A,20.48,4.88,6.57,MMM,33.4009
59618,Attempted vbac delivery,A,41.57,19.93,13.36,MMM,33.4009
59622,Attempted vbac after care,A,23.32,7.03,7.47,MMM,33.4009
59812,Treatment of miscarriage,A,4.33,2.67,1.37,090,33.4009
59830,Treat uterus infection,A,6.43,4.06,2.06,090,33.4009
59840,Induced abortion d&c,R,2.93,2.17,0.93,010,33.4009
59841,Induced abortion dilat&evac,R,5.51,2.80,1.76,010,33.4009
59850,Induced abortion 1+ njx,R,5.75,3.03,1.84,090,33.4009
59851,Induced abortion 1+njx d&c,R,5.77,3.96,1.85,090,33.4009
59852,Induced abortion 1+njx hyst,R,8.02,5.27,2.57,090,33.4009
59855,Induced abortion 1+vag supp,R,6.27,3.27,2.01,090,33.4009
59856,Induced ab 1+vag supp d&c,R,7.60,3.41,2.43,090,33.4009
59857,Induced ab 1+vag supp hyst,R,9.10,3.61,2.92,090,33.4009
59866,Abortion (mpr),R,3.89,1.25,1.25,000,33.4009
59870,Evacuate mole of uterus,A,6.41,5.99,2.05,090,33.4009
59871,Remove cerclage suture,A,2.08,0.87,0.66,000,33.4009
59897,Unlisted fetal invas px w/us,C,0.00,0.00,0.00,YYY,33.4009
59898,Unlstd laps px mat care&dlvr,C,0.00,0.00,0.00,YYY,33.4009
59899,Unlisted px mat care&dlvr,C,0.00,0.00,0.00,YYY,33.4009
60000,I&d thyroglssl dux cst infct,A,1.76,2.35,0.25,010,33.4009
6005F,Care level rationale doc,I,0.00,0.00,0.00,XXX,33.4009
6010F,Dysphag test done b/4 eating,I,0.00,0.00,0.00,XXX,33.4009
6015F,Dysphag test done b/4 eating,I,0.00,0.00,0.00,XXX,33.4009
6020F,Npo (nothing-mouth) ordered,I,0.00,0.00,0.00,XXX,33.4009
60300,Aspir/inj thyroid cyst,A,0.95,0.19,0.11,000,33.4009
6030F,Max sterile barriers flwd,I,0.00,0.00,0.00,XXX,33.4009
6040F,Appro rad ds dvcs techs docd,I,0.00,0.00,0.00,XXX,33.4009
6045F,Radxps in end rprt4fluro pxd,I,0.00,0.00,0.00,XXX,33.4009
60512,Autotransplant parathyroid,A,4.33,1.08,0.91,ZZZ,33.4009
60520,Removal of thymus gland,A,16.73,8.63,4.07,090,33.4009
60521,Removal of thymus gland,A,18.70,8.99,4.68,090,33.4009
60522,Removal of thymus gland,A,22.89,10.38,5.66,090,33.4009
60600,Remove carotid body lesion,A,24.46,6.59,5.60,090,33.4009
60605,Remove carotid body lesion,A,31.16,5.78,7.97,090,33.4009
60659,Unlisted laps px endoc sys,C,0.00,0.00,0.00,YYY,33.4009
60660,Abltj 1/+thyr ndul 1lobe prq,A,5.61,1.78,0.95,000,33.4009
60661,Abltj 1/+thyr ndul addl prq,A,4.14,0.87,0.69,ZZZ,33.4009
60699,Unlisted px endocrine system,C,0.00,0.00,0.00,YYY,33.4009
6070F,Pt asked/cnsld aed effects,I,0.00,0.00,0.00,XXX,33.4009
6080F,Pt/caregiver queried falls,I,0.00,0.00,0.00,XXX,33.4009
6090F,Pt/caregiver counsel safety,I,0.00,0.00,0.00,XXX,33.4009
61000,Remove cranial cavity fluid,A,1.54,1.15,0.64,000,33.4009
61001,Remove cranial cavity fluid,A,1.45,1.12,0.60,000,33.4009
6100F,Verify pt site pxd docd,I,0.00,0.00,0.00,XXX,33.4009
6101F,Safety counseling dementia,I,0.00,0.00,0.00,XXX,33.4009
61026,Injection into brain canal,A,1.65,1.01,0.48,000,33.4009
6102F,Safety counseling dem order,I,0.00,0.00,0.00,XXX,33.4009
61050,Remove brain canal fluid,A,1.47,0.46,0.14,000,33.4009
61055,Injection into brain canal,A,2.05,0.64,0.26,000,33.4009
61070,Brain canal shunt procedure,A,0.87,0.52,0.15,000,33.4009
61105,Tdh sdrl/ventr pnxr,A,5.31,7.38,2.23,090,33.4009
61108,Tdh pnxr evac&/drg sdrl hmta,A,11.35,11.88,4.58,090,33.4009
6110F,Counsel prov driving risks,I,0.00,0.00,0.00,XXX,33.4009
61120,Burr hole for ventr puncture,A,9.36,9.87,3.93,090,33.4009
61150,Bur hol/trph drg brn abs/cst,A,18.43,13.82,7.76,090,33.4009
61151,Burr hole/treph sbsq tapping,A,13.15,11.20,5.54,090,33.4009
61156,Burr hol aspir hmtm/cst icer,A,17.01,12.52,7.12,090,33.4009
61210,Burr hole implt ventr cath,A,5.68,1.99,2.38,000,33.4009
61215,Ins subq rsvr pmp/nfs sys,A,5.70,8.59,2.40,090,33.4009
61250,Burr hole/treph sttl expl,A,11.20,10.51,4.73,090,33.4009
61253,Burr hole treph ittl uni/bi,A,13.15,11.20,5.54,090,33.4009
61305,Crnec/crnot expl infratntorl,A,27.92,18.95,11.81,090,33.4009
61316,Inc&subq plmt crnl bone grf,A,1.36,0.47,0.56,ZZZ,33.4009
61320,Crnec/crnot drg icr abs sttl,A,26.73,17.13,11.14,090,33.4009
61321,Crnec/crnot drg icr abs ittl,A,29.77,19.60,12.58,090,33.4009
61323,Crnec/crnot dcmprv w/lobec,A,34.18,20.22,14.42,090,33.4009
61330,Dcmprn orbit only transcrnl,A,24.67,17.70,10.43,090,33.4009
61333,Expl orbit w/removal lesion,A,28.54,18.00,12.06,090,33.4009
61340,Subtemporal cranial dcmprn,A,19.61,14.86,8.28,090,33.4009
61343,Crnec sopl crv lam dcmprn,A,31.06,19.43,12.75,090,33.4009
61345,Oth cranial dcmprn pst fossa,A,28.50,19.03,12.04,090,33.4009
61450,Crnec stpl sctj cmprn/dcmprn,A,27.00,17.45,11.41,090,33.4009
61458,Crnec sopl xpl/dcmpr crl nrv,A,28.12,18.84,11.83,090,33.4009
61460,Crnec sopl sctj 1+crnl nrv,A,29.48,19.38,12.46,090,33.4009
61500,Crnec exc tum/bone les skull,A,18.70,11.62,5.57,090,33.4009
61501,Craniectomy f/osteomyelitis,A,15.94,10.99,4.69,090,33.4009
6150F,Pt notrcvng1st antitnf txmnt,I,0.00,0.00,0.00,XXX,33.4009
61512,Crnec treph exc mngioma sttl,A,36.21,22.34,15.21,090,33.4009
61514,Crnec treph exc brn abs sttl,A,26.55,18.01,11.05,090,33.4009
61516,Crnec treph exc cyst sttl,A,25.92,17.81,10.82,090,33.4009
61517,Implt brn intrcv chemotx agt,A,1.35,0.47,0.56,ZZZ,33.4009
61519,Remove brain lining lesion,A,42.34,24.43,17.73,090,33.4009
61520,Removal of brain lesion,A,55.66,27.93,21.17,090,33.4009
61521,Removal of brain lesion,A,45.82,25.49,18.83,090,33.4009
61524,Removal of brain lesion,A,29.14,19.26,12.32,090,33.4009
61526,Removal of brain lesion,A,52.73,22.42,15.53,090,33.4009
61530,Removal of brain lesion,A,44.42,24.63,18.76,090,33.4009
61531,Implant brain electrodes,A,16.00,14.29,6.74,090,33.4009
61533,Implant brain electrodes,A,20.92,15.31,8.83,090,33.4009
61534,Removal of brain lesion,A,22.43,16.90,9.47,090,33.4009
61535,Remove brain electrodes,A,12.82,12.47,5.40,090,33.4009
61536,Removal of brain lesion,A,36.78,21.94,15.53,090,33.4009
61537,Removal of brain tissue,A,35.54,19.96,15.01,090,33.4009
61538,Removal of brain tissue,A,38.46,21.47,16.24,090,33.4009
61539,Removal of brain tissue,A,33.42,20.76,14.12,090,33.4009
61540,Removal of brain tissue,A,30.64,19.70,12.95,090,33.4009
61541,Incision of brain tissue,A,30.17,19.62,12.74,090,33.4009
61543,Removal of brain tissue,A,30.53,19.75,12.89,090,33.4009
61544,Remove & treat brain lesion,A,26.68,17.33,11.28,090,33.4009
61545,Excision of brain tumor,A,45.27,27.50,19.10,090,33.4009
61546,Removal of pituitary gland,A,32.60,20.47,13.77,090,33.4009
61548,Removal of pituitary gland,A,22.79,13.62,8.11,090,33.4009
61550,Release of skull seams,A,15.20,14.87,6.41,090,33.4009
61552,Release of skull seams,A,19.89,16.01,8.38,090,33.4009
61556,Incise skull/sutures,A,23.49,16.82,9.92,090,33.4009
61557,Incise skull/sutures,A,22.73,17.76,9.60,090,33.4009
61558,Excision of skull/sutures,A,25.84,18.61,10.92,090,33.4009
61559,Excision of skull/sutures,A,33.17,23.00,14.00,090,33.4009
61563,Excision of skull tumor,A,27.73,18.31,11.72,090,33.4009
61564,Excision of skull tumor,A,33.87,21.68,14.30,090,33.4009
61566,Removal of brain tissue,A,31.64,20.04,13.37,090,33.4009
61567,Incision of brain tissue,A,36.08,22.75,15.23,090,33.4009
61575,Skull base/brainstem surgery,A,35.65,21.54,15.05,090,33.4009
61576,Skull base/brainstem surgery,A,53.93,48.90,22.75,090,33.4009
61580,Craniofacial approach skull,A,33.65,25.75,7.02,090,33.4009
61581,Craniofacial approach skull,A,38.15,26.93,5.57,090,33.4009
61582,Craniofacial approach skull,A,34.26,44.35,13.53,090,33.4009
61583,Craniofacial approach skull,A,37.54,34.62,15.37,090,33.4009
61584,Orbitocranial approach/skull,A,36.76,33.67,14.34,090,33.4009
61585,Orbitocranial approach/skull,A,41.51,38.43,17.52,090,33.4009
61586,Resect nasopharynx skull,A,26.79,40.91,11.32,090,33.4009
61590,Infratemporal approach/skull,A,45.86,24.78,9.17,090,33.4009
61591,Infratemporal approach/skull,A,45.84,26.12,11.25,090,33.4009
61592,Orbitocranial approach/skull,A,42.00,32.70,16.12,090,33.4009
61595,Transtemporal approach/skull,A,32.90,24.06,8.49,090,33.4009
61596,Transcochlear approach/skull,A,38.44,18.52,5.60,090,33.4009
61597,Transcondylar approach/skull,A,39.80,32.18,16.81,090,33.4009
61598,Transpetrosal approach/skull,A,35.62,34.60,15.04,090,33.4009
61600,Resect/excise cranial lesion,A,29.26,21.58,6.49,090,33.4009
61601,Resect/excise cranial lesion,A,30.36,29.56,11.95,090,33.4009
61605,Resect/excise cranial lesion,A,31.76,19.93,5.57,090,33.4009
61606,Resect/excise cranial lesion,A,41.00,26.61,14.07,090,33.4009
61607,Resect/excise cranial lesion,A,39.91,23.47,11.26,090,33.4009
61608,Resect/excise cranial lesion,A,44.40,32.16,18.09,090,33.4009
61611,Transect artery sinus,A,7.22,2.53,3.04,ZZZ,33.4009
61613,Remove aneurysm sinus,A,43.90,33.63,18.54,090,33.4009
61615,Resect/excise lesion skull,A,34.88,34.76,14.74,090,33.4009
61616,Resect/excise lesion skull,A,45.57,32.19,16.71,090,33.4009
61618,Repair dura,A,18.22,12.18,6.08,090,33.4009
61619,Repair dura,A,21.55,16.21,9.11,090,33.4009
61623,Evasc temp balo artl occ h/n,A,9.70,2.87,2.95,000,33.4009
61626,Tcat perm occls/embol noncns,A,14.93,3.60,4.05,000,33.4009
61635,Intracran angioplsty w/stent,R,23.67,9.66,7.28,XXX,33.4009
61640,Dilate ic vasospasm init,N,12.32,0.00,1.69,000,33.4009
61641,Dilat ic vspsm ea vsl sm ter,N,4.33,0.00,0.59,ZZZ,33.4009
61642,Dilat ic vspsm ea diff ter,N,8.66,0.00,1.18,ZZZ,33.4009
61645,Perq art m-thrombect &/nfs,A,14.63,3.69,4.31,000,33.4009
61650,Evasc prlng admn rx agnt 1st,A,9.75,2.73,3.19,000,33.4009
61651,Evasc prlng admn rx agnt add,A,4.14,1.19,1.37,ZZZ,33.4009
61682,Intracranial vessel surgery,A,61.82,28.89,25.54,090,33.4009
61684,Intracranial vessel surgery,A,40.60,24.04,17.13,090,33.4009
61686,Intracranial vessel surgery,A,65.81,33.61,27.78,090,33.4009
61690,Intracranial vessel surgery,A,30.56,20.12,12.90,090,33.4009
61692,Intracranial vessel surgery,A,53.23,28.09,22.47,090,33.4009
61697,Brain aneurysm repr complx,A,61.82,32.05,26.02,090,33.4009
61698,Brain aneurysm repr complx,A,67.89,34.34,28.66,090,33.4009
61702,Inner skull vessel surgery,A,58.54,31.06,24.72,090,33.4009
61703,Clamp neck artery,A,18.33,14.40,7.72,090,33.4009
61705,Revise circulation to head,A,37.15,22.07,15.67,090,33.4009
61708,Revise circulation to head,A,36.27,21.77,15.32,090,33.4009
61711,Fusion of skull arteries,A,37.27,21.94,15.48,090,33.4009
61715,Mrgfus strtctc ablt trgt icr,C,0.00,0.00,0.00,000,33.4009
61720,Incise skull/brain surgery,A,17.18,13.38,7.25,090,33.4009
61735,Incise skull/brain surgery,A,21.79,16.06,9.19,090,33.4009
61736,Litt icr 1 traj 1 smpl les,A,18.58,7.75,7.85,000,33.4009
61737,Litt icr mlt trj mlt/cplx ls,A,22.10,8.99,9.33,000,33.4009
61750,Incise skull/brain biopsy,A,19.33,14.03,8.12,090,33.4009
61751,Brain biopsy w/ct/mr guide,A,18.32,15.49,7.70,090,33.4009
61760,Implant brain electrodes,A,21.83,15.49,9.21,090,33.4009
61770,Incise skull for treatment,A,22.61,15.29,9.55,090,33.4009
61790,Treat trigeminal nerve,A,11.31,10.89,4.68,090,33.4009
61791,Treat trigeminal tract,A,15.02,12.38,6.33,090,33.4009
61796,Srs cranial lesion simple,A,13.58,11.06,5.68,090,33.4009
61797,Srs cran les simple addl,A,3.39,1.18,1.42,ZZZ,33.4009
61798,Srs cranial lesion complex,A,19.35,12.76,7.96,090,33.4009
61799,Srs cran les complex addl,A,4.69,1.63,1.93,ZZZ,33.4009
61800,Apply srs headframe add-on,A,2.19,1.25,0.92,ZZZ,33.4009
61850,Implant neuroelectrodes,A,13.01,11.15,5.48,090,33.4009
61860,Implant neuroelectrodes,A,21.70,14.97,9.17,090,33.4009
61863,Implant neuroelectrode,A,20.19,16.07,8.53,090,33.4009
61864,Implant neuroelectrde addl,A,4.38,1.54,1.84,ZZZ,33.4009
61867,Implant neuroelectrode,A,32.20,20.26,13.60,090,33.4009
61868,Implant neuroelectrde addl,A,7.71,2.70,3.24,ZZZ,33.4009
61880,Revise/remove neuroelectrode,A,6.78,8.93,2.84,090,33.4009
61885,Insrt/redo neurostim 1 array,A,5.90,8.42,2.37,090,33.4009
61886,Implant neurostim arrays,A,9.68,14.17,4.03,090,33.4009
61888,Revise/remove neuroreceiver,A,5.10,4.93,2.04,010,33.4009
61889,Ins sk-mnt crnl nstm pg/rcvr,A,25.11,16.68,10.61,090,33.4009
61891,Rev/rplcmt sk-mnt crnl nstm,A,10.97,9.84,4.26,090,33.4009
61892,Rmv sk-mnt crnl nstm pg/rcvr,A,14.63,12.03,6.16,090,33.4009
62000,Treat skull fracture,A,13.58,11.86,5.72,090,33.4009
62005,Treat skull fracture,A,17.19,13.38,7.26,090,33.4009
62010,Treatment of head injury,A,20.89,15.74,8.81,090,33.4009
62100,Repair brain fluid leakage,A,22.94,13.23,7.43,090,33.4009
62115,Reduction of skull defect,A,22.34,18.57,9.42,090,33.4009
62117,Reduction of skull defect,A,27.64,17.73,11.70,090,33.4009
62120,Repair skull cavity lesion,A,23.98,30.10,10.13,090,33.4009
62121,Incise skull repair,A,22.45,14.52,5.94,090,33.4009
62140,Crnop skull defect<5 cm diam,A,14.19,10.22,4.90,090,33.4009
62141,Crnop skull defect>5 cm diam,A,15.67,11.76,5.97,090,33.4009
62142,Rmvl b1 flp/prostc plate skl,A,11.53,10.81,4.64,090,33.4009
62143,Rpl b1 flp/prostc plate skl,A,13.80,11.79,5.63,090,33.4009
62145,Repair of skull & brain,A,19.59,13.57,7.74,090,33.4009
62146,Crnop w/autograft<5 cm diam,A,16.85,13.27,7.10,090,33.4009
62147,Crnop w/autograft>5 cm diam,A,20.15,12.79,7.85,090,33.4009
62148,Retr bone flap to fix skull,A,1.95,0.68,0.82,ZZZ,33.4009
62160,Neuroendoscopy add-on,A,2.93,1.02,1.21,ZZZ,33.4009
62161,Dissect brain w/scope,A,20.70,15.65,8.64,090,33.4009
62162,Remove colloid cyst w/scope,A,26.13,18.31,11.05,090,33.4009
62164,Remove brain tumor w/scope,A,28.69,20.85,12.13,090,33.4009
62165,Remove pituit tumor w/scope,A,22.65,12.66,6.62,090,33.4009
62180,Establish brain cavity shunt,A,22.02,15.79,9.28,090,33.4009
62190,Establish brain cavity shunt,A,11.87,11.51,4.99,090,33.4009
62192,Establish brain cavity shunt,A,13.02,11.91,5.48,090,33.4009
62194,Replace/irrigate catheter,A,5.64,7.78,2.35,010,33.4009
62200,Establish brain cavity shunt,A,18.81,13.96,7.93,090,33.4009
62201,Brain cavity shunt w/scope,A,15.64,14.53,6.55,090,33.4009
62220,Establish brain cavity shunt,A,13.75,9.96,5.32,090,33.4009
62252,Csf shunt reprogram,A,0.00,1.62,0.01,XXX,33.4009
62258,Replace brain cavity shunt,A,15.25,11.77,6.07,090,33.4009
62263,Epidural lysis mult sessions,A,4.88,3.59,0.46,010,33.4009
62264,Epidural lysis on single day,A,4.31,1.68,0.42,010,33.4009
62267,Interdiscal perq aspir dx,A,2.93,0.78,0.33,000,33.4009
62268,Drain spinal cord cyst,A,4.61,2.98,1.94,000,33.4009
62269,Needle biopsy spinal cord,A,4.88,1.31,0.46,000,33.4009
62272,Ther spi pnxr drg csf,A,1.54,0.53,0.47,000,33.4009
62273,Inject epidural patch,A,2.10,0.75,0.21,000,33.4009
62280,Treat spinal cord lesion,A,2.56,1.26,0.26,010,33.4009
62281,Treat spinal cord lesion,A,2.59,1.29,0.20,010,33.4009
62282,Treat spinal canal lesion,A,2.27,1.40,0.21,010,33.4009
62284,Injection for myelogram,A,1.50,0.49,0.16,000,33.4009
62287,Dcmprn pq nuc pul 1/mlt lmbr,A,9.03,6.02,0.93,090,33.4009
62290,Njx px discography lumbar,A,2.93,1.08,0.26,000,33.4009
62291,Njx px discography crv/thrc,A,2.84,0.92,0.24,000,33.4009
62292,Njx chemonucleolysis lmbr,A,9.24,5.07,0.96,090,33.4009
62294,Injection into spinal artery,A,12.55,10.76,5.29,090,33.4009
62302,Myelography lumbar injection,A,2.23,0.61,0.22,000,33.4009
62303,Myelography lumbar injection,A,2.23,0.61,0.21,000,33.4009
62304,Myelography lumbar injection,A,2.19,0.61,0.22,000,33.4009
62305,Myelography lumbar injection,A,2.29,0.63,0.22,000,33.4009
62328,Dx lmbr spi pnxr w/fluor/ct,A,1.69,0.33,0.18,000,33.4009
62329,Ther spi pnxr csf fluor/ct,A,1.98,0.45,0.35,000,33.4009
62330,Dcmprn prq rmv lig flv 1lmbr,A,8.00,5.64,0.71,090,33.4009
62331,Dcmprn prq rmv lig flv addl,A,4.25,1.03,0.38,ZZZ,33.4009
62380,Ndsc dcmprn 1 ntrspc lumbar,C,0.00,0.00,0.00,090,33.4009
63011,Remove spine lamina 1/2 scrl,A,15.51,10.72,4.03,090,33.4009
63015,Remove spine lamina >2 crvcl,A,20.33,15.08,7.84,090,33.4009
63016,Remove spine lamina >2 thrc,A,21.48,14.39,7.94,090,33.4009
63017,Remove spine lamina >2 lmbr,A,16.90,13.89,6.49,090,33.4009
63020,Lamot dcmprn nrv rt 1 cerv,A,14.54,12.56,4.76,090,33.4009
63032,Lamot rpr anulr dfct 1 lmbr,A,2.50,0.79,0.79,ZZZ,33.4009
63035,Lamot dcmprn nrv rt ea addl,A,3.76,1.25,1.17,ZZZ,33.4009
63040,Laminotomy single cervical,A,19.80,12.61,6.15,090,33.4009
63043,Laminotomy addl cervical,C,0.00,0.00,0.00,ZZZ,33.4009
63044,Laminotomy addl lumbar,C,0.00,0.00,0.00,ZZZ,33.4009
63046,Lam facetec & foramot thrc,A,16.82,12.90,5.74,090,33.4009
63050,Cervical laminoplsty 2/> seg,A,21.46,13.64,6.85,090,33.4009
63051,C-laminoplasty w/graft/plate,A,24.87,14.73,7.55,090,33.4009
63052,Lam facetc/frmt arthrd lum 1,A,4.14,1.39,1.35,ZZZ,33.4009
63053,Lam factc/frmt arthrd lum ea,A,3.69,1.23,1.21,ZZZ,33.4009
63055,Decompress spinal cord thrc,A,22.96,14.98,8.56,090,33.4009
63056,Decompress spinal cord lmbr,A,21.31,13.59,7.16,090,33.4009
63057,Decompress spine cord add-on,A,5.12,1.73,1.76,ZZZ,33.4009
63064,Decompress spinal cord thrc,A,25.56,15.66,9.25,090,33.4009
63066,Decompress spine cord add-on,A,3.18,1.11,1.33,ZZZ,33.4009
63076,Neck spine disk surgery,A,3.94,1.30,1.26,ZZZ,33.4009
63077,Spine disk surgery thorax,A,22.31,12.21,4.75,090,33.4009
63078,Spine disk surgery thorax,A,3.20,1.12,1.33,ZZZ,33.4009
63082,Remove vertebral body add-on,A,4.25,1.43,1.43,ZZZ,33.4009
63085,Remove vert body dcmprn thrc,A,28.73,16.13,9.63,090,33.4009
63086,Remove vertebral body add-on,A,3.11,0.98,1.03,ZZZ,33.4009
63087,Remov vertbr dcmprn thrclmbr,A,36.59,19.06,12.14,090,33.4009
63088,Remove vertebral body add-on,A,4.21,1.37,1.44,ZZZ,33.4009
63090,Remove vert body dcmprn lmbr,A,30.16,15.66,8.73,090,33.4009
63091,Remove vertebral body add-on,A,2.95,0.93,0.85,ZZZ,33.4009
63101,Remove vert body dcmprn thrc,A,33.25,20.92,12.22,090,33.4009
63102,Remove vert body dcmprn lmbr,A,33.25,20.28,11.56,090,33.4009
63103,Remove vertebral body add-on,A,4.70,1.58,1.59,ZZZ,33.4009
63170,Incise spinal cord tract(s),A,21.65,16.38,9.16,090,33.4009
63172,Drainage of spinal cyst,A,19.27,14.48,8.13,090,33.4009
63173,Drainage of spinal cyst,A,23.70,17.09,10.02,090,33.4009
63185,Incise spine nrv half segmnt,A,16.08,14.17,6.77,090,33.4009
63190,Incise spine nrv >2 segmnts,A,18.42,11.34,3.92,090,33.4009
63191,Incise spine accessory nerve,A,18.45,15.00,7.77,090,33.4009
63197,Lam w/cordotomy 1stg thrc,A,23.48,17.01,9.92,090,33.4009
63200,Release spinal cord lumbar,A,20.90,16.33,8.73,090,33.4009
63250,Revise spinal cord vsls crvl,A,42.76,24.05,18.05,090,33.4009
63251,Revise spinal cord vsls thrc,A,43.52,25.07,18.37,090,33.4009
63252,Revise spine cord vsl thrlmb,A,43.51,25.06,18.37,090,33.4009
63265,Excise intraspinl lesion crv,A,23.22,16.09,9.00,090,33.4009
63266,Excise intrspinl lesion thrc,A,24.06,16.33,9.25,090,33.4009
63267,Excise intrspinl lesion lmbr,A,18.96,13.93,6.71,090,33.4009
63268,Excise intrspinl lesion scrl,A,19.52,15.88,8.24,090,33.4009
63270,Excise intrspinl lesion crvl,A,29.06,19.23,12.28,090,33.4009
63271,Excise intrspinl lesion thrc,A,29.17,19.03,12.05,090,33.4009
63272,Excise intrspinl lesion lmbr,A,26.81,17.42,10.54,090,33.4009
63273,Excise intrspinl lesion scrl,A,25.81,18.09,10.90,090,33.4009
63275,Bx/exc xdrl spine lesn crvl,A,25.21,16.86,9.78,090,33.4009
63276,Bx/exc xdrl spine lesn thrc,A,25.05,16.84,9.82,090,33.4009
63277,Bx/exc xdrl spine lesn lmbr,A,21.83,15.06,8.09,090,33.4009
63278,Bx/exc xdrl spine lesn scrl,A,21.57,16.60,9.12,090,33.4009
63280,Bx/exc idrl spine lesn crvl,A,29.53,19.94,12.28,090,33.4009
63281,Bx/exc idrl spine lesn thrc,A,29.24,19.83,12.20,090,33.4009
63282,Bx/exc idrl spine lesn lmbr,A,27.45,19.16,11.41,090,33.4009
63283,Bx/exc idrl spine lesn scrl,A,26.09,18.95,11.02,090,33.4009
63285,Bx/exc idrl imed lesn cervl,A,37.10,22.81,15.66,090,33.4009
63286,Bx/exc idrl imed lesn thrc,A,36.68,22.61,15.39,090,33.4009
63287,Bx/exc idrl imed lesn thrlmb,A,39.08,23.50,16.49,090,33.4009
63290,Bx/exc xdrl/idrl lsn any lvl,A,39.80,23.76,16.81,090,33.4009
63295,Repair laminectomy defect,A,5.12,1.79,2.15,ZZZ,33.4009
63300,Remove vert xdrl body crvcl,A,26.13,16.47,9.53,090,33.4009
63301,Remove vert xdrl body thrc,A,30.78,20.59,12.99,090,33.4009
63302,Remove vert xdrl body thrlmb,A,30.37,20.45,12.83,090,33.4009
63303,Remov vert xdrl bdy lmbr/sac,A,32.71,20.51,13.82,090,33.4009
63304,Remove vert idrl body crvcl,A,33.00,21.37,13.93,090,33.4009
63305,Remove vert idrl body thrc,A,35.33,22.19,14.93,090,33.4009
63306,Remov vert idrl bdy thrclmbr,A,34.66,21.95,14.64,090,33.4009
63307,Remov vert idrl bdy lmbr/sac,A,34.09,21.14,14.39,090,33.4009
63308,Remove vertebral body add-on,A,5.11,1.71,1.83,ZZZ,33.4009
63600,Remove spinal cord lesion,A,14.74,11.53,6.21,090,33.4009
63610,Stimulation of spinal cord,A,8.50,4.35,3.58,000,33.4009
63620,Srs spinal lesion,A,15.21,11.72,6.40,090,33.4009
63621,Srs spinal lesion addl,A,3.90,1.37,1.64,ZZZ,33.4009
63700,Repair of spinal herniation,A,17.03,15.40,7.19,090,33.4009
63702,Repair of spinal herniation,A,18.92,16.06,7.98,090,33.4009
63704,Repair of spinal herniation,A,21.87,18.91,9.23,090,33.4009
63706,Repair of spinal herniation,A,24.72,19.91,10.44,090,33.4009
63707,Repair spinal fluid leakage,A,12.33,11.11,4.34,090,33.4009
63709,Repair spinal fluid leakage,A,15.26,11.99,5.23,090,33.4009
63710,Graft repair of spine defect,A,15.02,11.63,4.66,090,33.4009
63740,Install spinal shunt,A,12.31,12.73,5.17,090,33.4009
63741,Install spinal shunt,A,8.89,9.11,3.35,090,33.4009
63744,Revision of spinal shunt,A,8.72,9.65,3.67,090,33.4009
63746,Removal of spinal shunt,A,7.15,9.10,3.01,090,33.4009
64466,Thrc fascial pln blk uni njx,A,1.46,0.24,0.14,000,33.4009
64467,Thrc fascial pln blk uni nfs,A,1.70,0.27,0.16,000,33.4009
64468,Thrc fascial pln blk bi njx,A,1.63,0.26,0.15,000,33.4009
64469,Thrc fascial pln blk bi nfs,A,1.78,0.29,0.17,000,33.4009
64473,Lwr xtr fscl pln blk uni njx,A,1.31,0.21,0.12,000,33.4009
64474,Lwr xtr fscl pln blk uni nfs,A,1.63,0.26,0.15,000,33.4009
64479,Njx aa&/strd tfrm epi c/t 1,A,2.23,1.06,0.20,000,33.4009
64480,Njx aa&/strd tfrm epi c/t ea,A,1.17,0.31,0.11,ZZZ,33.4009
64486,Tap block unil by injection,A,1.17,0.19,0.09,000,33.4009
64487,Tap block uni by infusion,A,1.36,0.21,0.11,000,33.4009
64488,Tap block bi injection,A,1.37,0.21,0.12,000,33.4009
64489,Tap block bi by infusion,A,1.71,0.26,0.15,000,33.4009
64566,Neuroeltrd stim post tibial,A,0.59,0.12,0.07,000,33.4009
64567,Perq elec nrv field stimj cn,A,1.50,0.33,0.16,XXX,33.4009
64582,Opn mpltj hpglsl nstm ary pg,A,13.65,6.00,1.99,090,33.4009
64583,Rev/rplct hpglsl nstm ary pg,A,14.14,6.11,2.06,090,33.4009
64584,Rmvl hpglsl nstim ary pg,A,11.70,5.51,1.70,090,33.4009
64596,Ins/rplcmt prq eltrd ra pn 1,C,0.00,0.00,0.00,010,33.4009
64597,Ins/rplcm prq eltrd ra pn ea,C,0.00,0.00,0.00,ZZZ,33.4009
64598,Revj/rmvl nea pn w/int nstim,C,0.00,0.00,0.00,010,33.4009
64611,Chemodenerv saliv glands,A,1.00,1.85,0.39,010,33.4009
64612,Destroy nerve face muscle,A,1.37,1.58,0.29,010,33.4009
64615,Chemodenerv musc migraine,A,1.80,0.85,0.62,010,33.4009
64616,Chemodenerv musc neck dyston,A,1.49,0.99,0.50,010,33.4009
64617,Chemodener muscle larynx emg,A,1.85,0.64,0.26,010,33.4009
64632,N block inj common digit,A,1.20,0.56,0.09,010,33.4009
64642,Chemodenerv 1 extremity 1-4,A,1.61,0.88,0.39,000,33.4009
64643,Chemodenerv 1 extrem 1-4 ea,A,1.19,0.37,0.23,ZZZ,33.4009
64644,Chemodenerv 1 extrem 5/> mus,A,1.77,0.93,0.40,000,33.4009
64645,Chemodenerv 1 extrem 5/> ea,A,1.36,0.41,0.34,ZZZ,33.4009
64646,Chemodenerv trunk musc 1-5,A,1.76,0.87,0.48,000,33.4009
64647,Chemodenerv trunk musc 6/>,A,2.06,0.92,0.50,000,33.4009
64650,Chemodenerv eccrine glands,A,0.68,0.21,0.11,000,33.4009
64653,Chemodenerv eccrine glands,A,0.86,0.26,0.17,000,33.4009
64654,1st opn implt bat modulj sys,A,11.00,2.96,2.79,090,33.4009
64655,Revj/rplcmt bat mod sys lead,A,11.30,5.40,2.59,090,33.4009
64656,Revj/rplcmt bat mod sys pg,A,8.01,2.80,1.98,090,33.4009
64657,Rmvl bat modulj sys tot sys,A,12.13,3.76,3.04,090,33.4009
64658,Rmvl bat modul sys lead only,A,8.95,3.03,2.27,090,33.4009
64659,Rmvl bat modulj sys pg only,A,8.23,2.90,2.09,090,33.4009
64714,Revise low back nerve(s),A,10.29,8.73,2.41,090,33.4009
64716,Revision of cranial nerve,A,6.82,6.10,1.15,090,33.4009
64726,Dcmprn plantar digital nerve,A,4.16,3.14,0.43,090,33.4009
64727,Internal neurolysis,A,3.02,1.06,0.26,ZZZ,33.4009
64728,Dcmprn median nrv carpl tunl,A,2.70,0.73,0.24,000,33.4009
64732,Incision of brow nerve,A,4.77,8.02,2.01,090,33.4009
64734,Incision of cheek nerve,A,5.41,8.99,2.28,090,33.4009
64736,Incision of chin nerve,A,5.10,3.47,0.57,090,33.4009
64738,Incision of jaw nerve,A,6.20,5.36,0.90,090,33.4009
64740,Incision of tongue nerve,A,6.06,5.95,0.88,090,33.4009
64742,Incision of facial nerve,A,6.68,5.55,0.51,090,33.4009
64744,Incise nerve back of head,A,5.58,8.30,2.35,090,33.4009
64746,Incise diaphragm nerve,A,6.40,4.97,1.62,090,33.4009
64755,Incision of stomach nerves,A,14.67,7.46,3.92,090,33.4009
64760,Incision of vagus nerve,A,7.40,5.91,1.98,090,33.4009
64763,Incise hip/thigh nerve,A,7.37,5.76,1.97,090,33.4009
64766,Incise hip/thigh nerve,A,9.23,6.81,2.48,090,33.4009
64771,Sever cranial nerve,A,7.95,7.31,1.47,090,33.4009
64772,Incision of spinal nerve,A,7.64,6.39,1.43,090,33.4009
64786,Remove sciatic nerve lesion,A,15.84,8.41,4.23,090,33.4009
64802,Sympathectomy cervical,A,10.11,11.95,4.26,090,33.4009
64804,Sympathectomy cervicothorac,A,15.51,13.86,6.54,090,33.4009
64809,Sympathectomy thoracolumbar,A,14.34,12.38,6.04,090,33.4009
64818,Sympathectomy lumbar,A,11.06,8.11,2.36,090,33.4009
65093,Revise eye with implant,A,6.86,12.34,0.55,090,33.4009
65101,Removal of eye,A,8.09,14.01,0.64,090,33.4009
65103,Remove eye/insert implant,A,8.62,14.07,0.68,090,33.4009
65105,Remove eye/attach implant,A,9.68,14.91,0.79,090,33.4009
65110,Removal of eye,A,15.31,17.77,1.23,090,33.4009
65112,Remove eye/revise socket,A,18.05,19.63,1.44,090,33.4009
65114,Remove eye/revise socket,A,19.16,20.02,1.51,090,33.4009
65125,Revise ocular implant,A,3.19,4.37,0.25,090,33.4009
65130,Insert ocular implant,A,8.21,13.94,0.65,090,33.4009
65135,Insert ocular implant,A,8.39,14.01,0.66,090,33.4009
65140,Attach ocular implant,A,9.22,14.74,0.73,090,33.4009
65150,Revise ocular implant,A,6.27,12.11,0.48,090,33.4009
65155,Reinsert ocular implant,A,9.85,14.96,0.79,090,33.4009
65175,Removal of ocular implant,A,7.22,13.15,0.57,090,33.4009
65600,Revision of cornea,A,4.10,4.55,0.33,090,33.4009
65775,Correction of astigmatism,A,6.74,7.67,0.53,090,33.4009
65780,Ocular reconst transplant,A,6.85,8.06,0.54,090,33.4009
65781,Ocular reconst transplant,A,17.69,14.52,1.41,090,33.4009
65782,Ocular reconst transplant,A,15.04,12.90,1.21,090,33.4009
65785,Impltj ntrstrml crnl rng seg,A,5.26,5.88,0.42,090,33.4009
65900,Remove eye lesion,A,12.20,12.25,0.99,090,33.4009
65920,Remove implant of eye,A,9.74,9.86,0.79,090,33.4009
65930,Remove blood clot from eye,A,8.18,7.58,0.64,090,33.4009
66150,Glaucoma surgery,A,10.27,11.70,0.82,090,33.4009
66155,Glaucoma surgery,A,10.26,11.70,0.82,090,33.4009
66160,Glaucoma surgery,A,12.08,12.34,0.98,090,33.4009
66172,Incision of eye,A,14.47,15.18,1.16,090,33.4009
66174,Trluml dil aq o/f can w/o st,A,7.43,8.17,0.58,090,33.4009
66175,Trluml dil aq o/f can w/st,A,9.11,8.74,0.72,090,33.4009
66179,Aqueous shunt eye w/o graft,A,13.65,12.91,1.09,090,33.4009
66183,Insert ant drainage device,A,12.87,12.48,1.04,090,33.4009
66184,Revision of aqueous shunt,A,9.34,10.47,0.75,090,33.4009
66185,Revise aqueous shunt eye,A,10.32,10.81,0.83,090,33.4009
66225,Repair/graft eye lesion,A,12.31,10.44,1.00,090,33.4009
66250,Follow-up surgery of eye,A,6.92,6.84,0.55,090,33.4009
66500,Incision of iris,A,3.73,6.53,0.29,090,33.4009
66505,Incision of iris,A,4.11,7.01,0.34,090,33.4009
66600,Remove iris and lesion,A,9.87,13.03,0.79,090,33.4009
66605,Removal of iris,A,13.86,12.77,1.11,090,33.4009
66625,Removal of iris,A,5.17,5.52,0.41,090,33.4009
66630,Removal of iris,A,7.10,6.90,0.56,090,33.4009
66635,Removal of iris,A,7.19,6.93,0.57,090,33.4009
66680,Repair iris & ciliary body,A,7.77,6.81,0.61,090,33.4009
66682,Repair iris & ciliary body,A,8.52,7.77,0.67,090,33.4009
66683,Implantation iris prosthesis,A,10.40,8.56,0.83,090,33.4009
66700,Destruction ciliary body,A,5.01,4.63,0.40,090,33.4009
66710,Ciliary transsleral therapy,A,5.01,4.63,0.40,090,33.4009
66711,Ecp ciliary body destruction,A,5.48,7.45,0.43,090,33.4009
66720,Destruction ciliary body,A,4.63,5.83,0.37,090,33.4009
66740,Destruction ciliary body,A,5.01,4.63,0.40,090,33.4009
66761,Revision of iris,A,2.93,2.90,0.22,010,33.4009
66762,Revision of iris,A,5.25,5.32,0.42,090,33.4009
66770,Removal of inner eye lesion,A,5.98,5.99,0.47,090,33.4009
66820,Incision secondary cataract,A,3.91,8.41,0.29,090,33.4009
66825,Reposition intraocular lens,A,8.78,12.39,0.69,090,33.4009
66830,Removal of lens lesion,A,9.23,8.11,0.72,090,33.4009
66840,Removal of lens material,A,8.95,8.02,0.71,090,33.4009
66850,Removal of lens material,A,10.29,8.95,0.82,090,33.4009
66852,Removal of lens material,A,11.12,9.25,0.89,090,33.4009
66920,Extraction of lens,A,9.88,8.34,0.79,090,33.4009
66930,Extraction of lens,A,11.32,9.51,0.91,090,33.4009
66940,Extraction of lens,A,10.11,9.08,0.81,090,33.4009
66983,Cataract surg w/iol 1 stage,C,0.00,0.00,0.00,090,33.4009
66985,Insert lens prosthesis,A,9.73,9.20,0.79,090,33.4009
66986,Exchange lens prosthesis,A,11.95,9.98,0.95,090,33.4009
66987,Xcapsl ctrc rmvl cplx w/ecp,C,0.00,0.00,0.00,090,33.4009
66988,Xcapsl ctrc rmvl w/ecp,C,0.00,0.00,0.00,090,33.4009
66989,Xcpsl ctrc rmvl cplx insj 1+,A,11.83,8.77,0.92,090,33.4009
66990,Ophthalmic endoscope add-on,A,1.47,0.52,0.12,ZZZ,33.4009
66991,Xcapsl ctrc rmvl insj 1+,A,9.00,7.74,0.69,090,33.4009
66999,Unlisted px ant segment eye,C,0.00,0.00,0.00,YYY,33.4009
67005,Partial removal of eye fluid,A,5.74,6.19,0.45,090,33.4009
67010,Partial removal of eye fluid,A,6.88,6.60,0.54,090,33.4009
67015,Release of eye fluid,A,6.96,8.19,0.55,090,33.4009
67025,Replace eye fluid,A,7.91,7.64,0.62,090,33.4009
67027,Implant eye drug system,A,11.33,9.17,0.91,090,33.4009
67030,Incise inner eye strands,A,5.96,8.27,0.47,090,33.4009
67031,Laser surgery eye strands,A,4.36,4.44,0.35,090,33.4009
67039,Laser treatment of retina,A,12.87,10.32,1.04,090,33.4009
67105,Repair detached retina pc,A,3.31,3.54,0.25,010,33.4009
67113,Repair retinal detach cplx,A,18.53,13.24,1.47,090,33.4009
67115,Release encircling material,A,5.96,6.51,0.47,090,33.4009
67120,Remove eye implant material,A,6.92,6.79,0.54,090,33.4009
67121,Remove eye implant material,A,11.94,9.99,0.96,090,33.4009
67141,Proph rta dtchmnt crtx dthrm,A,2.47,2.98,0.20,010,33.4009
67145,Proph rta dtchmnt pc,A,2.47,2.98,0.20,010,33.4009
67208,Treatment of retinal lesion,A,7.46,6.67,0.59,090,33.4009
67210,Treatment of retinal lesion,A,6.20,6.13,0.49,090,33.4009
67218,Treatment of retinal lesion,A,19.85,13.15,1.58,090,33.4009
67220,Treatment of choroid lesion,A,6.20,6.13,0.48,090,33.4009
67221,Ocular photodynamic ther,R,3.36,1.42,0.26,000,33.4009
67225,Eye photodynamic ther add-on,A,0.46,0.16,0.04,ZZZ,33.4009
67227,Dstrj extensive retinopathy,A,3.41,2.77,0.26,010,33.4009
67228,Treatment x10sv retinopathy,A,4.28,2.97,0.35,010,33.4009
67229,Tr retinal les preterm inf,A,15.89,11.88,1.27,090,33.4009
67250,Reinforce eye wall,A,9.37,13.70,0.75,090,33.4009
67255,Reinforce/graft eye wall,A,8.17,9.04,0.65,090,33.4009
67299,Unlisted px posterior segmnt,C,0.00,0.00,0.00,YYY,33.4009
67311,Revise eye muscle,A,5.78,5.48,0.45,090,33.4009
67312,Revise two eye muscles,A,9.26,6.72,0.73,090,33.4009
67314,Revise eye muscle,A,5.78,5.48,0.45,090,33.4009
67316,Revise two eye muscles,A,10.05,6.99,0.81,090,33.4009
67318,Revise eye muscle(s),A,9.56,7.01,0.76,090,33.4009
67320,Revise eye muscle(s) add-on,A,2.93,1.03,0.22,ZZZ,33.4009
67331,Eye surgery follow-up add-on,A,1.95,0.91,0.16,ZZZ,33.4009
67332,Rerevise eye muscles add-on,A,3.41,1.19,0.26,ZZZ,33.4009
67334,Revise eye muscle w/suture,A,2.01,0.81,0.16,ZZZ,33.4009
67335,Eye suture during surgery,A,3.15,1.09,0.24,ZZZ,33.4009
67340,Revise eye muscle add-on,A,4.88,1.72,0.39,ZZZ,33.4009
67343,Release eye tissue,A,8.26,8.52,0.67,090,33.4009
67345,Destroy nerve of eye muscle,A,2.93,2.25,0.53,010,33.4009
67346,Biopsy eye muscle,A,2.80,1.81,0.21,000,33.4009
67399,Unlisted px extraocular musc,C,0.00,0.00,0.00,YYY,33.4009
67400,Explore/biopsy eye socket,A,10.92,15.47,0.89,090,33.4009
67405,Explore/drain eye socket,A,8.97,14.32,0.71,090,33.4009
67412,Explore/treat eye socket,A,10.04,15.28,0.84,090,33.4009
67413,Explore/treat eye socket,A,9.98,14.58,0.80,090,33.4009
67414,Explr/decompress eye socket,A,17.49,18.35,1.56,090,33.4009
67415,Aspiration orbital contents,A,1.72,0.60,0.14,000,33.4009
67420,Explore/treat eye socket,A,21.32,21.66,2.05,090,33.4009
67430,Explore/treat eye socket,A,14.91,20.20,1.20,090,33.4009
67440,Explore/drain eye socket,A,14.47,19.58,1.16,090,33.4009
67445,Explr/decompress eye socket,A,18.64,19.05,1.58,090,33.4009
67450,Explore/biopsy eye socket,A,15.02,20.24,1.21,090,33.4009
67500,Inject/treat eye socket,A,1.15,0.42,0.08,000,33.4009
67505,Inject/treat eye socket,A,1.15,0.51,0.08,000,33.4009
67515,Inject/treat eye socket,A,0.73,0.36,0.06,000,33.4009
67516,Sprchoroidal spc njx rx agt,A,1.49,0.78,0.12,000,33.4009
67550,Insert eye socket implant,A,11.48,16.16,0.98,090,33.4009
67560,Revise eye socket implant,A,11.88,16.27,1.06,090,33.4009
67570,Decompress optic nerve,A,14.04,18.02,1.12,090,33.4009
67599,Unlisted procedure orbit,C,0.00,0.00,0.00,YYY,33.4009
67700,Blepharotomy drg absc eyelid,A,1.37,1.59,0.11,010,33.4009
67710,Severing tarsorrhaphy,A,1.04,1.48,0.08,010,33.4009
67715,Canthotomy,A,1.24,1.64,0.18,010,33.4009
67800,Remove eyelid lesion,A,1.37,1.12,0.11,010,33.4009
67801,Remove eyelid lesions,A,1.86,1.29,0.15,010,33.4009
67805,Remove eyelid lesions,A,2.21,1.76,0.18,010,33.4009
67808,Remove eyelid lesion(s),A,4.49,4.70,0.37,090,33.4009
67810,Incal bx eyelid skn lid mrgn,A,1.15,0.39,0.11,000,33.4009
67820,Revise eyelashes,A,0.31,0.24,0.02,000,33.4009
67825,Revise eyelashes,A,1.39,1.72,0.11,010,33.4009
67830,Revise eyelashes,A,1.71,1.72,0.14,010,33.4009
67835,Revise eyelashes,A,5.56,5.37,0.43,090,33.4009
67840,Remove eyelid lesion,A,2.04,1.81,0.17,010,33.4009
67850,Dstrj lesion lid margin <1cm,A,1.70,1.52,0.15,010,33.4009
67875,Closure of eyelid by suture,A,1.32,1.00,0.11,000,33.4009
67880,Revision of eyelid,A,4.49,4.70,0.38,090,33.4009
67882,Revision of eyelid,A,5.87,5.82,0.46,090,33.4009
67900,Repair brow defect,A,6.65,5.71,0.60,090,33.4009
67901,Repair eyelid defect,A,7.40,7.02,0.62,090,33.4009
67902,Repair eyelid defect,A,9.57,8.07,0.78,090,33.4009
67903,Repair eyelid defect,A,6.35,5.38,0.50,090,33.4009
67904,Repair eyelid defect,A,7.77,6.79,0.65,090,33.4009
67906,Repair eyelid defect,A,6.76,5.51,0.53,090,33.4009
67908,Repair eyelid defect,A,5.17,5.64,0.42,090,33.4009
67909,Revise eyelid defect,A,5.43,5.43,0.48,090,33.4009
67911,Revise eyelid defect,A,7.31,6.38,0.60,090,33.4009
67912,Correction eyelid w/implant,A,6.20,5.81,0.68,090,33.4009
67914,Repair eyelid defect,A,3.66,4.73,0.34,090,33.4009
67915,Repair eyelid defect,A,1.98,3.25,0.16,090,33.4009
67916,Repair eyelid defect,A,5.34,5.34,0.45,090,33.4009
67917,Repair eyelid defect,A,5.78,5.48,0.48,090,33.4009
67921,Repair eyelid defect,A,3.38,4.64,0.26,090,33.4009
67922,Repair eyelid defect,A,1.98,3.25,0.16,090,33.4009
67923,Repair eyelid defect,A,5.34,5.34,0.43,090,33.4009
67924,Repair eyelid defect,A,5.78,5.49,0.47,090,33.4009
67950,Revision of eyelid,A,5.84,5.56,0.50,090,33.4009
67961,Revision of eyelid,A,5.71,5.51,0.47,090,33.4009
67966,Revision of eyelid,A,8.75,7.13,0.73,090,33.4009
67971,Reconstruction of eyelid,A,9.76,7.62,0.81,090,33.4009
67973,Reconstruction of eyelid,A,12.80,9.39,1.07,090,33.4009
67974,Reconstruction of eyelid,A,12.77,9.38,1.06,090,33.4009
67975,Reconstruction of eyelid,A,9.12,7.41,0.79,090,33.4009
67999,Unlisted procedure eyelids,C,0.00,0.00,0.00,YYY,33.4009
68020,Incise/drain eyelid lining,A,1.38,1.37,0.09,010,33.4009
68040,Treatment of eyelid lesions,A,0.83,0.32,0.04,000,33.4009
68100,Biopsy conjunctiva,A,1.32,1.00,0.11,000,33.4009
68110,Exc les conjunctiva <1 cm,A,1.77,1.95,0.14,010,33.4009
68115,Exc les conjunctiva >1 cm,A,2.35,2.16,0.19,010,33.4009
68130,Exc les conjunctiva adj scl,A,4.97,5.34,0.40,090,33.4009
68135,Destruction les conjunctiva,A,1.84,1.90,0.15,010,33.4009
68200,Treat eyelid by injection,A,0.48,0.35,0.04,000,33.4009
68320,Revise/graft eyelid lining,A,6.47,7.04,0.51,090,33.4009
68325,Revise/graft eyelid lining,A,8.41,7.71,0.66,090,33.4009
68326,Revise/graft eyelid lining,A,8.21,7.65,0.67,090,33.4009
68328,Revise/graft eyelid lining,A,9.21,7.99,0.73,090,33.4009
68330,Revise eyelid lining,A,5.64,5.82,0.44,090,33.4009
68335,Revise/graft eyelid lining,A,8.25,7.65,0.67,090,33.4009
68340,Separate eyelid adhesions,A,4.85,5.16,0.66,090,33.4009
68360,Revise eyelid lining,A,5.04,5.19,0.40,090,33.4009
68362,Revise eyelid lining,A,8.39,7.70,0.66,090,33.4009
68371,Harvest eye tissue alograft,A,4.96,5.38,0.40,010,33.4009
68399,Unlisted px conjunctiva,C,0.00,0.00,0.00,YYY,33.4009
68400,I&d lacrimal gland,A,1.70,1.54,0.14,010,33.4009
68420,I&d lacrimal sac,A,2.29,1.75,0.18,010,33.4009
68440,Snip inc lacrimal punctum,A,0.97,1.68,0.07,010,33.4009
68500,Removal of tear gland,A,12.45,14.12,1.01,090,33.4009
68505,Partial removal tear gland,A,12.37,14.10,1.00,090,33.4009
68510,Biopsy of tear gland,A,4.49,2.18,0.36,000,33.4009
68520,Removal of tear sac,A,8.56,10.00,0.71,090,33.4009
68525,Biopsy of tear sac,A,4.31,1.51,0.36,000,33.4009
68530,Clearance of tear duct,A,3.61,2.48,0.28,010,33.4009
68540,Remove tear gland lesion,A,11.88,12.54,0.95,090,33.4009
68550,Remove tear gland lesion,A,14.78,15.57,1.19,090,33.4009
68700,Repair tear ducts,A,7.67,7.17,0.62,090,33.4009
68705,Revise tear duct opening,A,2.06,2.06,0.17,010,33.4009
68720,Create tear sac drain,A,9.71,10.51,0.82,090,33.4009
68745,Create tear duct drain,A,9.65,10.71,0.78,090,33.4009
68750,Create tear duct drain,A,9.85,11.75,0.82,090,33.4009
68760,Close tear duct opening,A,1.74,1.94,0.14,010,33.4009
68761,Close tear duct opening,A,1.37,1.66,0.07,010,33.4009
68770,Close tear system fistula,A,8.08,7.31,0.64,090,33.4009
68801,Dilate tear duct opening,A,0.80,1.30,0.05,010,33.4009
68810,Probe nasolacrimal duct,A,1.50,1.74,0.12,010,33.4009
68811,Probe nasolacrimal duct,A,1.70,1.67,0.15,010,33.4009
68815,Probe nasolacrimal duct,A,2.63,2.94,0.21,010,33.4009
68816,Probe nl duct w/balloon,A,2.05,1.80,0.16,010,33.4009
68840,Explore/irrigate tear ducts,A,1.27,1.77,0.09,010,33.4009
68841,Insj rx elut implt lac canal,A,0.48,0.30,0.04,000,33.4009
68850,Injection for tear sac x-ray,A,0.78,0.52,0.07,000,33.4009
68899,Unlisted px lacrimal system,C,0.00,0.00,0.00,YYY,33.4009
69000,Drg xtrnl ear absc/hem smpl,A,1.46,1.83,0.23,010,33.4009
69005,Drg xtrnl ear absc/hem comp,A,2.11,1.94,0.33,010,33.4009
69090,Ear piercing,N,0.00,0.00,0.00,XXX,33.4009
69100,Biopsy of external ear,A,0.79,0.26,0.07,000,33.4009
69105,Biopsy of external ear canal,A,0.83,0.78,0.11,000,33.4009
69110,Remove external ear partial,A,3.44,5.06,0.50,090,33.4009
69120,Removal of external ear,A,4.04,6.19,0.57,090,33.4009
69140,Remove ear canal lesion(s),A,7.94,16.13,1.16,090,33.4009
69145,Remove ear canal lesion(s),A,2.63,4.08,0.39,090,33.4009
69150,Extensive ear canal surgery,A,13.27,11.62,2.06,090,33.4009
69155,Extensive ear/neck surgery,A,22.77,16.76,3.32,090,33.4009
69200,Clear outer ear canal,A,0.75,0.39,0.11,000,33.4009
69205,Clear outer ear canal,A,1.18,1.27,0.17,010,33.4009
69209,Remove impacted ear wax uni,A,0.00,0.50,0.01,000,33.4009
69220,Clean out mastoid cavity,A,0.81,0.40,0.12,000,33.4009
69222,Clean out mastoid cavity,A,1.41,2.15,0.21,010,33.4009
69300,Revise external ear,R,6.44,5.42,0.93,YYY,33.4009
69310,Rebuild outer ear canal,A,10.70,18.72,1.63,090,33.4009
69320,Rebuild outer ear canal,A,16.75,23.52,2.44,090,33.4009
69399,Unlisted px external ear,C,0.00,0.00,0.00,YYY,33.4009
69424,Remove ventilating tube,A,0.83,0.74,0.09,000,33.4009
69440,Exploration of middle ear,A,7.52,10.06,1.11,090,33.4009
69450,Eardrum revision,A,5.55,8.52,0.81,090,33.4009
69511,Extensive mastoid surgery,A,13.36,19.20,1.95,090,33.4009
69530,Extensive mastoid surgery,A,19.87,22.67,3.04,090,33.4009
69535,Remove part of temporal bone,A,36.48,28.98,5.31,090,33.4009
69550,Exc aurl glomus tum trnscanl,A,10.87,16.86,1.58,090,33.4009
69552,Exc aurl glomus tum trnsmstd,A,19.31,20.65,2.82,090,33.4009
69554,Exc aurl glomus tum extended,A,35.07,26.74,5.11,090,33.4009
69650,Stapes mobilization,A,9.56,10.53,1.39,090,33.4009
69660,Revise middle ear bone,A,11.73,11.07,1.72,090,33.4009
69661,Revise middle ear bone,A,15.52,14.09,2.26,090,33.4009
69662,Revise middle ear bone,A,15.21,13.02,2.32,090,33.4009
69666,Repair middle ear structures,A,9.64,10.55,1.40,090,33.4009
69667,Repair middle ear structures,A,9.65,10.58,1.44,090,33.4009
69670,Remove mastoid air cells,A,11.44,12.04,1.67,090,33.4009
69676,Remove middle ear nerve,A,9.45,11.55,1.36,090,33.4009
69700,Close mastoid fistula,A,8.16,8.54,1.21,090,33.4009
69705,Nps surg dilat eust tube uni,A,2.93,1.08,0.43,000,33.4009
69706,Nps surg dilat eust tube bi,A,4.16,1.39,0.60,000,33.4009
69710,Implant/replace hearing aid,N,0.00,0.00,0.00,XXX,33.4009
69711,Remove/repair hearing aid,A,10.35,10.60,1.50,090,33.4009
69714,Impl oi implt skull perq esp,A,6.51,5.63,0.96,090,33.4009
69716,Impl oi implt sk tc esp<100,A,8.80,6.19,1.31,090,33.4009
69717,Rplcmt oi implt skl prq esp,A,7.71,5.91,1.13,090,33.4009
69719,Rplcm oi implt sk tc esp<100,A,9.22,6.28,1.33,090,33.4009
69720,Release facial nerve,A,14.34,15.11,2.28,090,33.4009
69725,Release facial nerve,A,26.95,17.80,3.93,090,33.4009
69726,Rmv ntr oi implt skl prq esp,A,6.20,5.54,0.91,090,33.4009
69727,Rmv ntr oi imp sk tc esp<100,A,7.20,5.79,1.06,090,33.4009
69728,Rmv ntr oi imp sk tc>=100,A,8.29,6.06,1.21,090,33.4009
69729,Impl oi implt sk tc esp>=100,A,9.72,6.43,1.47,090,33.4009
69730,Rplc oi implt sk tc esp>=100,A,9.99,6.47,1.45,090,33.4009
69740,Repair facial nerve,A,15.86,12.33,2.32,090,33.4009
69745,Repair facial nerve,A,16.59,13.55,2.42,090,33.4009
69799,Unlisted px middle ear,C,0.00,0.00,0.00,YYY,33.4009
69801,Incise inner ear,A,2.01,0.92,0.29,000,33.4009
69805,Explore inner ear,A,14.34,10.72,2.09,090,33.4009
69806,Explore inner ear,A,12.31,10.33,1.78,090,33.4009
69905,Remove inner ear,A,10.98,11.92,1.61,090,33.4009
69910,Remove inner ear & mastoid,A,13.56,10.63,1.98,090,33.4009
69915,Incise inner ear nerve,A,22.20,13.75,3.23,090,33.4009
69930,Implant cochlear device,A,17.29,11.90,2.54,090,33.4009
69949,Unlisted px inner ear,C,0.00,0.00,0.00,YYY,33.4009
69950,Incise inner ear nerve,A,26.94,14.37,3.93,090,33.4009
69955,Release facial nerve,A,28.68,18.26,4.18,090,33.4009
69960,Release inner ear canal,A,28.68,16.02,4.18,090,33.4009
69970,Remove inner ear lesion,A,31.60,18.95,4.61,090,33.4009
69979,Unlisted px temporal bone,C,0.00,0.00,0.00,YYY,33.4009
69990,Microsurgery add-on,R,3.37,1.17,1.39,ZZZ,33.4009
70010,Contrast x-ray of brain,A,1.16,0.21,0.11,XXX,33.4009
70015,Contrast x-ray of brain,A,0.00,3.15,0.01,XXX,33.4009
7010F,Pt info into recall system,M,0.00,0.00,0.00,XXX,33.4009
7020F,Mammo assess cat in dbase,I,0.00,0.00,0.00,XXX,33.4009
7025F,Pt infosys alarm 4 nxt mammo,I,0.00,0.00,0.00,XXX,33.4009
70471,Cta h&n c+ w/noncontrast img,A,0.00,7.71,0.03,XXX,33.4009
70472,Ct cere prfu alys c+w/ct/cta,A,0.00,3.58,0.01,ZZZ,33.4009
70473,Ct cere prfu aly c+wo ct/cta,A,0.00,5.77,0.03,XXX,33.4009
70540,Mri orbit/face/neck w/o dye,A,0.00,4.85,0.02,XXX,33.4009
70543,Mri orbt/fac/nck w/o &w/dye,A,0.00,7.10,0.03,XXX,33.4009
70544,Mr angiography head w/o dye,A,0.00,4.75,0.03,XXX,33.4009
70545,Mr angiography head w/dye,A,0.00,5.10,0.03,XXX,33.4009
70546,Mr angiograph head w/o&w/dye,A,0.00,7.74,0.04,XXX,33.4009
70547,Mr angiography neck w/o dye,A,0.00,4.75,0.03,XXX,33.4009
70548,Mr angiography neck w/dye,A,0.00,5.26,0.03,XXX,33.4009
70549,Mr angiograph neck w/o&w/dye,A,0.00,7.77,0.04,XXX,33.4009
70552,Mri brain stem w/dye,A,0.00,5.57,0.03,XXX,33.4009
70554,Fmri brain by tech,A,0.00,8.34,0.04,XXX,33.4009
70555,Fmri brain by phys/psych,C,0.00,0.00,0.00,XXX,33.4009
70557,Mri brain w/o dye,C,0.00,0.00,0.00,XXX,33.4009
70558,Mri brain w/dye,C,0.00,0.00,0.00,XXX,33.4009
70559,Mri brain w/o & w/dye,C,0.00,0.00,0.00,XXX,33.4009
71100,X-ray exam ribs uni 2 views,A,0.00,0.76,0.01,XXX,33.4009
71101,X-ray exam unilat ribs/chest,A,0.00,0.86,0.01,XXX,33.4009
71110,X-ray exam ribs bil 3 views,A,0.00,0.87,0.01,XXX,33.4009
71111,X-ray exam ribs/chest4/> vws,A,0.00,1.08,0.01,XXX,33.4009
71120,X-ray exam breastbone 2/>vws,A,0.00,0.70,0.01,XXX,33.4009
71130,X-ray strenoclavic jt 3/>vws,A,0.00,0.92,0.01,XXX,33.4009
71550,Mri chest w/o dye,A,0.00,7.95,0.03,XXX,33.4009
71551,Mri chest w/dye,A,0.00,8.71,0.03,XXX,33.4009
71552,Mri chest w/o & w/dye,A,0.00,10.80,0.04,XXX,33.4009
71555,Mri angio chest w or w/o dye,R,0.00,7.50,0.04,XXX,33.4009
72142,Mri neck spine w/dye,A,0.00,5.69,0.03,XXX,33.4009
72147,Mri chest spine w/dye,A,0.00,5.63,0.03,XXX,33.4009
72149,Mri lumbar spine w/dye,A,0.00,5.58,0.03,XXX,33.4009
72159,Mr angio spine w/o&w/dye,R,0.00,7.59,0.04,XXX,33.4009
72191,Ct angiograph pelv w/o&w/dye,A,0.00,6.60,0.03,XXX,33.4009
72195,Mri pelvis w/o dye,A,0.00,4.79,0.02,XXX,33.4009
72196,Mri pelvis w/dye,A,0.00,5.62,0.03,XXX,33.4009
72198,Mr angio pelvis w/o & w/dye,A,0.00,7.57,0.04,XXX,33.4009
72240,Myelography neck spine,A,0.00,2.05,0.01,XXX,33.4009
72255,Myelography thoracic spine,A,0.00,1.85,0.01,XXX,33.4009
72265,Myelography l-s spine,A,0.00,2.09,0.01,XXX,33.4009
72270,Myelogphy 2/> spine regions,A,0.00,2.19,0.01,XXX,33.4009
72285,Discography cerv/thor spine,A,0.00,2.62,0.01,XXX,33.4009
72295,X-ray of lower spine disk,A,0.00,2.44,0.01,XXX,33.4009
73040,Contrast x-ray of shoulder,A,0.00,3.22,0.01,XXX,33.4009
73085,Contrast x-ray of elbow,A,0.00,2.12,0.01,XXX,33.4009
73115,Contrast x-ray of wrist,A,0.00,3.17,0.01,XXX,33.4009
73206,Ct angio upr extrm w/o&w/dye,A,0.00,6.35,0.03,XXX,33.4009
73218,Mri upper extremity w/o dye,A,0.00,7.17,0.03,XXX,33.4009
73219,Mri upper extremity w/dye,A,0.00,7.60,0.03,XXX,33.4009
73220,Mri uppr extremity w/o&w/dye,A,0.00,9.16,0.04,XXX,33.4009
73222,Mri joint upr extrem w/dye,A,0.00,7.08,0.03,XXX,33.4009
73223,Mri joint upr extr w/o&w/dye,A,0.00,8.46,0.03,XXX,33.4009
73225,Mr angio upr extr w/o&w/dye,R,0.00,7.31,0.04,XXX,33.4009
73525,Contrast x-ray of hip,A,0.00,3.13,0.01,XXX,33.4009
73615,Contrast x-ray of ankle,A,0.00,3.13,0.01,XXX,33.4009
73706,Ct angio lwr extr w/o&w/dye,A,0.00,6.99,0.04,XXX,33.4009
73718,Mri lower extremity w/o dye,A,0.00,4.78,0.02,XXX,33.4009
73719,Mri lower extremity w/dye,A,0.00,5.57,0.03,XXX,33.4009
73720,Mri lwr extremity w/o&w/dye,A,0.00,7.03,0.03,XXX,33.4009
73722,Mri joint of lwr extr w/dye,A,0.00,7.15,0.03,XXX,33.4009
73725,Mr ang lwr ext w or w/o dye,R,0.00,7.57,0.04,XXX,33.4009
74174,Cta abd&plvs w/contrast,A,0.00,8.27,0.04,XXX,33.4009
74175,Cta abdomen w/contrast,A,0.00,6.59,0.03,XXX,33.4009
74181,Mri abdomen w/o contrast,A,0.00,3.79,0.02,XXX,33.4009
74182,Mri abdomen w/contrast,A,0.00,6.59,0.03,XXX,33.4009
74185,Mra abd w or w/o cntrst,R,0.00,7.54,0.04,XXX,33.4009
74190,Peritoneogram rs&i,C,0.00,0.00,0.00,XXX,33.4009
74230,X-ray xm swlng funcj c+,A,0.00,2.85,0.01,XXX,33.4009
74235,Remove esophagus obstruction,C,0.00,0.00,0.00,XXX,33.4009
74240,X-ray xm upr gi trc 1cntrst,A,0.00,2.51,0.01,XXX,33.4009
74246,X-ray xm upr gi trc 2cntrst,A,0.00,2.77,0.01,XXX,33.4009
74248,X-ray sm int f-thru std,A,0.00,1.41,0.01,ZZZ,33.4009
74250,X-ray xm sm int 1cntrst std,A,0.00,2.41,0.01,XXX,33.4009
74251,X-ray xm sm int 2cntrst std,A,0.00,8.67,0.01,XXX,33.4009
74261,Ct colonography dx,A,0.00,8.90,0.03,XXX,33.4009
74262,Ct colonography dx w/dye,A,0.00,10.27,0.03,XXX,33.4009
74263,Ct colonography screening,A,0.00,21.37,0.03,XXX,33.4009
74270,X-ray xm colon 1cntrst std,A,0.00,3.01,0.01,XXX,33.4009
74280,X-ray xm colon 2cntrst std,A,0.00,4.58,0.02,XXX,33.4009
74283,Ther nma rdctj intus/obstrcj,A,0.00,5.30,0.01,XXX,33.4009
74290,Contrast x-ray gallbladder,A,0.00,1.98,0.01,XXX,33.4009
74300,X-ray bile ducts/pancreas,C,0.00,0.00,0.00,XXX,33.4009
74301,X-rays at surgery add-on,C,0.00,0.00,0.00,ZZZ,33.4009
74328,X-ray bile duct endoscopy,C,0.00,0.00,0.00,XXX,33.4009
74329,X-ray for pancreas endoscopy,C,0.00,0.00,0.00,XXX,33.4009
74330,X-ray bile/panc endoscopy,C,0.00,0.00,0.00,XXX,33.4009
74340,X-ray guide for gi tube,C,0.00,0.00,0.00,XXX,33.4009
74355,X-ray guide intestinal tube,C,0.00,0.00,0.00,XXX,33.4009
74360,X-ray guide gi dilation,C,0.00,0.00,0.00,XXX,33.4009
74363,X-ray bile duct dilation,C,0.00,0.00,0.00,XXX,33.4009
74400,Urography iv +-kub tomog,A,0.00,3.25,0.02,XXX,33.4009
74410,Urography nfs drip&/bolus,A,0.00,3.62,0.02,XXX,33.4009
74415,Urography nfs drip&/bls w/nf,A,0.00,3.84,0.02,XXX,33.4009
74420,Urography rtrgr +-kub,A,0.00,1.68,0.01,XXX,33.4009
74425,Urography antegrade rs&i,A,0.00,3.29,0.01,XXX,33.4009
74430,Contrast x-ray bladder,A,0.00,0.79,0.01,XXX,33.4009
74440,X-ray male genital tract,A,0.00,2.47,0.01,XXX,33.4009
74445,X-ray exam of penis,C,0.00,0.00,0.00,XXX,33.4009
74450,X-ray urethra/bladder,C,0.00,0.00,0.00,XXX,33.4009
74455,X-ray urethra/bladder,A,0.00,2.68,0.01,XXX,33.4009
74470,X-ray exam of kidney lesion,C,0.00,0.00,0.00,XXX,33.4009
74485,Dilation urtr/urt rs&i,A,0.00,2.51,0.01,XXX,33.4009
74712,Mri fetal sngl/1st gestation,A,0.00,7.97,0.03,XXX,33.4009
74713,Mri fetal ea addl gestation,A,0.00,3.33,0.01,ZZZ,33.4009
74740,X-ray female genital tract,A,0.00,2.16,0.01,XXX,33.4009
74742,X-ray fallopian tube,C,0.00,0.00,0.00,XXX,33.4009
74775,X-ray exam of perineum,C,0.00,0.00,0.00,XXX,33.4009
75557,Cardiac mri for morph,A,0.00,5.13,0.02,XXX,33.4009
75559,Cardiac mri w/stress img,A,0.00,7.31,0.02,XXX,33.4009
75561,Cardiac mri for morph w/dye,A,0.00,7.31,0.03,XXX,33.4009
75563,Card mri w/stress img & dye,A,0.00,8.71,0.03,XXX,33.4009
75565,Card mri veloc flow mapping,A,0.00,1.02,0.00,ZZZ,33.4009
75571,Ct hrt w/o dye w/ca test,A,0.00,2.16,0.02,XXX,33.4009
75572,Ct hrt w/3d image,A,0.00,4.44,0.03,XXX,33.4009
75573,Ct hrt c+ strux cgen hrt ds,A,0.00,5.68,0.04,XXX,33.4009
75574,Ct angio hrt w/3d image,A,0.00,6.40,0.04,XXX,33.4009
75577,Quan&char c athrosclrtc plaq,A,0.00,29.05,0.01,XXX,33.4009
75580,N-invas est c ffr sw aly cta,A,0.00,25.46,0.06,XXX,33.4009
75600,Contrast exam thoracic aorta,A,0.00,4.58,0.02,XXX,33.4009
75605,Contrast exam thoracic aorta,A,0.00,2.04,0.02,XXX,33.4009
75625,Contrast exam abdominl aorta,A,0.00,1.77,0.01,XXX,33.4009
75630,X-ray aorta leg arteries,A,0.00,1.91,0.02,XXX,33.4009
75635,Ct angio abdominal arteries,A,0.00,8.98,0.05,XXX,33.4009
75705,Artery x-rays spine,A,0.00,5.00,0.03,XXX,33.4009
75710,Artery x-rays arm/leg,A,0.00,2.04,0.02,XXX,33.4009
75716,Artery x-rays arms/legs,A,0.00,2.15,0.02,XXX,33.4009
75726,Artery x-rays abdomen,A,0.00,2.28,0.02,XXX,33.4009
75731,Artery x-rays adrenal gland,A,0.00,2.92,0.03,XXX,33.4009
75733,Artery x-rays adrenals,A,0.00,3.41,0.04,XXX,33.4009
75736,Artery x-rays pelvis,A,0.00,2.76,0.03,XXX,33.4009
75741,Artery x-rays lung,A,0.00,2.06,0.02,XXX,33.4009
75743,Artery x-rays lungs,A,0.00,2.12,0.02,XXX,33.4009
75746,Artery x-rays lung,A,0.00,2.47,0.02,XXX,33.4009
75756,Artery x-rays chest,A,0.00,3.36,0.03,XXX,33.4009
75774,Artery x-ray each vessel,A,0.00,1.51,0.01,ZZZ,33.4009
75801,Lymph vessel x-ray arm/leg,C,0.00,0.00,0.00,XXX,33.4009
75803,Lymph vessel x-ray arms/legs,C,0.00,0.00,0.00,XXX,33.4009
75805,Lymph vessel x-ray trunk,C,0.00,0.00,0.00,XXX,33.4009
75807,Lymph vessel x-ray trunk,C,0.00,0.00,0.00,XXX,33.4009
75809,Nonvascular shunt x-ray,A,0.00,1.84,0.01,XXX,33.4009
75810,Vein x-ray spleen/liver,C,0.00,0.00,0.00,XXX,33.4009
75820,Vein x-ray arm/leg,A,0.00,1.76,0.01,XXX,33.4009
75822,Vein x-ray arms/legs,A,0.00,1.96,0.01,XXX,33.4009
75825,Vein x-ray trunk,A,0.00,1.83,0.01,XXX,33.4009
75827,Vein x-ray chest,A,0.00,1.97,0.01,XXX,33.4009
75831,Vein x-ray kidney,A,0.00,2.04,0.02,XXX,33.4009
75833,Vein x-ray kidneys,A,0.00,2.52,0.02,XXX,33.4009
75840,Vein x-ray adrenal gland,A,0.00,2.17,0.02,XXX,33.4009
75860,Vein x-ray neck,A,0.00,2.26,0.02,XXX,33.4009
75870,Vein x-ray skull,A,0.00,3.62,0.02,XXX,33.4009
75872,Vein x-ray skull epidural,A,0.00,2.17,0.02,XXX,33.4009
75880,Vein x-ray eye socket,A,0.00,2.16,0.02,XXX,33.4009
75885,Vein x-ray liver w/hemodynam,A,0.00,2.13,0.02,XXX,33.4009
75887,Vein x-ray liver w/o hemodyn,A,0.00,2.14,0.02,XXX,33.4009
75889,Vein x-ray liver w/hemodynam,A,0.00,2.14,0.02,XXX,33.4009
75891,Vein x-ray liver,A,0.00,2.15,0.02,XXX,33.4009
75893,Venous sampling by catheter,A,0.00,2.51,0.02,XXX,33.4009
75894,X-rays transcath therapy,A,0.00,5.63,0.03,XXX,33.4009
75898,Follow-up angiography,A,0.00,4.97,0.02,XXX,33.4009
75901,Remove cva device obstruct,A,0.00,6.13,0.02,XXX,33.4009
75902,Remove cva lumen obstruct,A,0.00,2.03,0.01,XXX,33.4009
75970,Vascular biopsy,C,0.00,0.00,0.00,XXX,33.4009
75984,Xray control catheter change,A,0.00,1.69,0.01,XXX,33.4009
76014,Mr sfty implt&/fb asmt stf 1,A,0.00,0.32,0.01,XXX,33.4009
76015,Mr sfty mplt&/fb asmt stf ea,A,0.00,1.53,0.06,ZZZ,33.4009
76016,Mr safety deter phys/qhp,A,0.00,1.30,0.02,XXX,33.4009
76017,Mr sfty med physics xm cstmz,A,0.00,5.53,0.07,XXX,33.4009
76018,Mr safety implant elec prepj,A,0.00,2.40,0.01,XXX,33.4009
76019,Mr safety implt pos&/immoblj,A,0.00,3.74,0.01,XXX,33.4009
76145,Med physic dos eval rad exps,A,0.00,30.60,0.51,XXX,33.4009
76391,Mr elastography,A,0.00,4.39,0.02,XXX,33.4009
76496,Unlisted fluoroscopic px,C,0.00,0.00,0.00,XXX,33.4009
76497,Unlisted ct procedure,C,0.00,0.00,0.00,XXX,33.4009
76498,Unlisted mr procedure,C,0.00,0.00,0.00,XXX,33.4009
76499,Unlisted dx radiographic px,C,0.00,0.00,0.00,XXX,33.4009
76873,Echograp trans r pros study,A,0.00,3.05,0.02,XXX,33.4009
76883,Us nrv&acc strux 1xtr compre,A,0.00,0.48,0.01,XXX,33.4009
76932,Echo guide for heart biopsy,C,0.00,0.00,0.00,YYY,33.4009
76936,Echo guide for artery repair,A,0.00,5.12,0.03,XXX,33.4009
76937,Us guide vascular access,A,0.00,0.79,0.01,ZZZ,33.4009
76940,Us guide tissue ablation,C,0.00,0.00,0.00,YYY,33.4009
76941,Echo guide for transfusion,C,0.00,0.00,0.00,XXX,33.4009
76945,Echo guide villus sampling,C,0.00,0.00,0.00,XXX,33.4009
76946,Echo guide for amniocentesis,A,0.00,0.46,0.01,XXX,33.4009
76948,Echo guide ova aspiration,A,0.00,1.49,0.01,XXX,33.4009
76965,Echo guidance radiotherapy,A,0.00,0.85,0.01,XXX,33.4009
76975,Gi endoscopic ultrasound,C,0.00,0.00,0.00,XXX,33.4009
76977,Us bone density measure,A,0.00,0.14,0.01,XXX,33.4009
76978,Us trgt dyn mbubb 1st les,A,0.00,2.88,0.02,XXX,33.4009
76979,Us trgt dyn mbubb ea addl,A,0.00,2.01,0.01,ZZZ,33.4009
76981,Use parenchyma,A,0.00,2.49,0.01,XXX,33.4009
76982,Use 1st target lesion,A,0.00,1.92,0.01,XXX,33.4009
76983,Use ea addl target lesion,A,0.00,1.09,0.01,ZZZ,33.4009
76984,Dx intraop thoracic aorta us,C,0.00,0.00,0.00,XXX,33.4009
76987,Dx intraop epicar car us chd,C,0.00,0.00,0.00,XXX,33.4009
76988,Dx ntrop epcr us chd img acq,C,0.00,0.00,0.00,XXX,33.4009
76989,Dx intraop epcar us chd i&r,C,0.00,0.00,0.00,XXX,33.4009
76998,Us guide intraop,C,0.00,0.00,0.00,XXX,33.4009
76999,Echo examination procedure,C,0.00,0.00,0.00,XXX,33.4009
77011,Ct scan for localization,A,0.00,4.82,0.01,XXX,33.4009
77046,Mri breast c- unilateral,A,0.00,4.38,0.02,XXX,33.4009
77047,Mri breast c- bilateral,A,0.00,4.27,0.02,XXX,33.4009
77048,Mri breast c-+ w/cad uni,A,0.00,7.07,0.03,XXX,33.4009
77049,Mri breast c-+ w/cad bi,A,0.00,6.97,0.03,XXX,33.4009
77053,X-ray of mammary duct,A,0.00,1.08,0.01,XXX,33.4009
77054,X-ray of mammary ducts,A,0.00,1.41,0.01,XXX,33.4009
77061,Breast tomosynthesis uni,I,0.00,0.00,0.00,XXX,33.4009
77062,Breast tomosynthesis bi,I,0.00,0.00,0.00,XXX,33.4009
77063,Breast tomosynthesis bi,A,0.00,0.70,0.00,ZZZ,33.4009
77071,Mnl appl strs jt radiography,A,0.40,1.28,0.07,XXX,33.4009
77072,Bone age studies,A,0.00,0.48,0.01,XXX,33.4009
77073,Bone length studies,A,0.00,0.99,0.01,XXX,33.4009
77074,Radex osseous survey lmtd,A,0.00,1.31,0.01,XXX,33.4009
77075,Radex osseous survey compl,A,0.00,2.14,0.02,XXX,33.4009
77076,Radex osseous survey infant,A,0.00,2.15,0.02,XXX,33.4009
77077,Joint survey single view,A,0.00,0.92,0.01,XXX,33.4009
77078,Ct bone density axial,A,0.00,2.61,0.01,XXX,33.4009
77084,Mri bone marrow blood supply,A,0.00,7.16,0.03,XXX,33.4009
77089,Tbs dxa cal w/i&r fx risk,A,0.20,0.96,0.03,XXX,33.4009
77090,Tbs techl prep&transmis data,A,0.00,0.08,0.01,XXX,33.4009
77091,Tbs techl calculation only,A,0.00,0.79,0.01,XXX,33.4009
77092,Tbs i&r fx rsk qhp,A,0.20,0.09,0.01,XXX,33.4009
77293,Respirator motion mgmt simul,A,0.00,8.88,0.03,ZZZ,33.4009
77399,Unlisted px med radj physics,C,0.00,0.00,0.00,XXX,33.4009
77423,Neutron beam tx complex,C,0.00,0.00,0.00,XXX,33.4009
77424,Io rad tx delivery by x-ray,X,0.00,0.00,0.00,XXX,33.4009
77425,Io rad tx deliver by elctrns,X,0.00,0.00,0.00,XXX,33.4009
77436,Surf radj ther tx planning,A,0.00,1.09,0.01,XXX,33.4009
77437,Surf radj ther supfc<=150kv,A,0.00,3.27,0.01,XXX,33.4009
77438,Surf rad thr orthvlt>150-500,A,0.00,3.30,0.01,XXX,33.4009
77439,Surf rad thr img gdn us plmt,B,0.00,0.00,0.00,ZZZ,33.4009
77469,Io radiation tx management,A,5.61,1.93,0.44,XXX,33.4009
77470,Special radiation treatment,A,0.00,1.14,0.02,XXX,33.4009
77499,Unlisted px ther rad tx mgmt,C,0.00,0.00,0.00,XXX,33.4009
77778,Apply interstit radiat compl,A,0.00,14.00,0.16,000,33.4009
78012,Thyroid uptake measurement,A,0.00,2.11,0.03,XXX,33.4009
78013,Thyroid imaging w/blood flow,A,0.00,4.44,0.03,XXX,33.4009
78014,Thyroid imaging w/blood flow,A,0.00,5.59,0.04,XXX,33.4009
78015,Thyroid met imaging,A,0.00,5.14,0.04,XXX,33.4009
78016,Thyroid met imaging/studies,A,0.00,6.51,0.06,XXX,33.4009
78018,Thyroid met imaging body,A,0.00,7.06,0.05,XXX,33.4009
78020,Thyroid met uptake,A,0.00,1.57,0.02,ZZZ,33.4009
78070,Parathyroid planar imaging,A,0.00,6.68,0.04,XXX,33.4009
78071,Parathyrd planar w/wo subtrj,A,0.00,7.60,0.05,XXX,33.4009
78072,Parathyrd planar w/spect&ct,A,0.00,9.30,0.05,XXX,33.4009
78075,Adrenal cortex & medulla img,A,0.00,10.51,0.07,XXX,33.4009
78099,Unlisted endocrine px dx nuc,C,0.00,0.00,0.00,XXX,33.4009
78102,Bone marrow imaging ltd,A,0.00,3.93,0.04,XXX,33.4009
78103,Bone marrow imaging mult,A,0.00,4.19,0.04,XXX,33.4009
78104,Bone marrow imaging body,A,0.00,5.51,0.04,XXX,33.4009
78110,Plasma volume single,A,0.00,1.86,0.04,XXX,33.4009
78111,Plasma volume multiple,A,0.00,2.55,0.04,XXX,33.4009
78120,Red cell mass single,A,0.00,1.86,0.04,XXX,33.4009
78121,Red cell mass multiple,A,0.00,2.44,0.04,XXX,33.4009
78122,Whl bld volume determination,A,0.00,2.37,0.04,XXX,33.4009
78130,Red cell survival study,A,0.00,3.03,0.06,XXX,33.4009
78140,Red cell sequestration,A,0.00,2.54,0.04,XXX,33.4009
78185,Spleen imaging,A,0.00,4.11,0.04,XXX,33.4009
78191,Platelet survival study,A,0.00,3.03,0.06,XXX,33.4009
78195,Lymph system imaging,A,0.00,7.68,0.05,XXX,33.4009
78199,Unlstd hematop ret/endo lymp,C,0.00,0.00,0.00,XXX,33.4009
78201,Liver imaging static only,A,0.00,4.51,0.04,XXX,33.4009
78202,Liver imaging with vasc flow,A,0.00,5.02,0.04,XXX,33.4009
78215,Lvr&spleen img static only,A,0.00,4.62,0.04,XXX,33.4009
78216,Lvr&spleen img w/vasc flow,A,0.00,3.12,0.04,XXX,33.4009
78226,Hepatobiliary system imaging,A,0.00,7.47,0.05,XXX,33.4009
78227,Hepatobil syst image w/drug,A,0.00,10.16,0.07,XXX,33.4009
78230,Salivary gland imaging,A,0.00,4.06,0.04,XXX,33.4009
78231,Salivary glnd img serial img,A,0.00,2.49,0.04,XXX,33.4009
78232,Salivary gland function std,A,0.00,2.50,0.04,XXX,33.4009
78261,Gastric mucosa imaging,A,0.00,4.66,0.04,XXX,33.4009
78264,Gastric emptying img study,A,0.00,7.56,0.05,XXX,33.4009
78265,Gstr emptg img sm bwl trnst,A,0.00,9.01,0.06,XXX,33.4009
78266,Gstr empt img sm bwl&colon,A,0.00,10.33,0.07,XXX,33.4009
78267,Urea breath tst c-14 acquisj,X,0.00,0.00,0.00,XXX,33.4009
78268,Urea breath test c-14 alys,X,0.00,0.00,0.00,XXX,33.4009
78278,Acute gi blood loss imaging,A,0.00,7.75,0.05,XXX,33.4009
78282,Gi protein loss,C,0.00,0.00,0.00,XXX,33.4009
78290,Intestine imaging,A,0.00,7.73,0.05,XXX,33.4009
78291,Pertl-ven shunt patency test,A,0.00,5.71,0.04,XXX,33.4009
78299,Unlisted gi px dx nuc med,C,0.00,0.00,0.00,XXX,33.4009
78305,Bone imaging multiple areas,A,0.00,6.09,0.04,XXX,33.4009
78315,Bone imaging 3 phase,A,0.00,7.65,0.05,XXX,33.4009
78350,Bone mineral single photon,N,0.00,0.66,0.01,XXX,33.4009
78351,Bone mineral dual photon,N,0.29,0.06,0.02,XXX,33.4009
78399,Unlisted muscskel px dx nuc,C,0.00,0.00,0.00,XXX,33.4009
78414,Non-imaging heart function,C,0.00,0.00,0.00,XXX,33.4009
78428,Cardiac shunt imaging,A,0.00,4.03,0.04,XXX,33.4009
78429,Myocrd img pet 1 std w/ct,C,0.00,0.00,0.00,XXX,33.4009
78430,Myocrd img pet rst/strs w/ct,C,0.00,0.00,0.00,XXX,33.4009
78431,Myocrd img pet rst&strs ct,C,0.00,0.00,0.00,XXX,33.4009
78432,Myocrd img pet 2rtracer,C,0.00,0.00,0.00,XXX,33.4009
78433,Myocrd img pet 2rtracer ct,C,0.00,0.00,0.00,XXX,33.4009
78434,Aqmbf pet rest & rx stress,C,0.00,0.00,0.00,ZZZ,33.4009
78445,Vascular flow imaging,A,0.00,4.28,0.04,XXX,33.4009
78453,Ht muscle image planar sing,A,0.00,6.46,0.05,XXX,33.4009
78454,Ht musc image planar mult,A,0.00,9.54,0.07,XXX,33.4009
78456,Acute venous thrombus image,A,0.00,7.09,0.05,XXX,33.4009
78457,Venous thrombosis imaging,A,0.00,3.91,0.04,XXX,33.4009
78458,Ven thrombosis images bilat,A,0.00,4.28,0.04,XXX,33.4009
78459,Myocrd img pet single study,C,0.00,0.00,0.00,XXX,33.4009
78466,Heart infarct image,A,0.00,3.78,0.04,XXX,33.4009
78468,Heart infarct image (ef),A,0.00,4.34,0.04,XXX,33.4009
78469,Heart infarct image (3d),A,0.00,4.79,0.04,XXX,33.4009
78473,Gated heart multiple,A,0.00,5.91,0.05,XXX,33.4009
78481,Heart first pass single,A,0.00,3.50,0.03,XXX,33.4009
78483,Heart first pass multiple,A,0.00,4.53,0.03,XXX,33.4009
78491,Myocrd img pet 1std rst/strs,C,0.00,0.00,0.00,XXX,33.4009
78492,Myocrd img pet mlt rst&strs,C,0.00,0.00,0.00,XXX,33.4009
78494,Heart image spect,A,0.00,4.65,0.04,XXX,33.4009
78496,Heart first pass add-on,A,0.00,0.57,0.01,ZZZ,33.4009
78499,Unlisted cv px dx nuc med,C,0.00,0.00,0.00,XXX,33.4009
78582,Lung ventilat&perfus imaging,A,0.00,7.20,0.05,XXX,33.4009
78597,Lung perfusion differential,A,0.00,4.37,0.03,XXX,33.4009
78598,Lung perf&ventilat diferentl,A,0.00,6.75,0.05,XXX,33.4009
78599,Unlisted resp px dx nuc med,C,0.00,0.00,0.00,XXX,33.4009
78600,Brain image < 4 views,A,0.00,4.35,0.04,XXX,33.4009
78601,Brain image w/flow < 4 views,A,0.00,5.03,0.04,XXX,33.4009
78605,Brain image 4+ views,A,0.00,4.59,0.04,XXX,33.4009
78606,Brain image w/flow 4 + views,A,0.00,7.71,0.05,XXX,33.4009
78608,Brain imaging (pet),C,0.00,0.00,0.00,XXX,33.4009
78609,Brain imaging (pet),N,0.00,0.00,0.00,XXX,33.4009
78610,Brain flow imaging only,A,0.00,4.24,0.04,XXX,33.4009
78630,Cerebrospinal fluid scan,A,0.00,7.84,0.06,XXX,33.4009
78635,Csf ventriculography,A,0.00,7.93,0.05,XXX,33.4009
78645,Csf shunt evaluation,A,0.00,7.72,0.05,XXX,33.4009
78650,Csf leakage imaging,A,0.00,6.57,0.06,XXX,33.4009
78660,Nuclear exam of tear flow,A,0.00,3.31,0.04,XXX,33.4009
78699,Unlisted nrvs sys px dx nuc,C,0.00,0.00,0.00,XXX,33.4009
78700,Kidney imaging morphol,A,0.00,3.95,0.04,XXX,33.4009
78701,Kidney imaging with flow,A,0.00,5.35,0.04,XXX,33.4009
78707,K flow/funct image w/o drug,A,0.00,4.93,0.04,XXX,33.4009
78708,K flow/funct image w/drug,A,0.00,3.49,0.05,XXX,33.4009
78709,K flow/funct image multiple,A,0.00,7.82,0.06,XXX,33.4009
78725,Kidney function study,A,0.00,2.43,0.04,XXX,33.4009
78730,Urinary bladder retention,A,0.00,1.95,0.01,ZZZ,33.4009
78740,Ureteral reflux study,A,0.00,5.76,0.04,XXX,33.4009
78761,Testicular imaging w/flow,A,0.00,4.67,0.04,XXX,33.4009
78799,Unlisted gu px dx nuc med,C,0.00,0.00,0.00,XXX,33.4009
78800,Rp loclzj tum 1 area 1 d img,A,0.00,5.99,0.03,XXX,33.4009
78801,Rp loclzj tum 2+area 1+d img,A,0.00,6.16,0.04,XXX,33.4009
78802,Rp loclzj tum whbdy 1 d img,A,0.00,6.98,0.04,XXX,33.4009
78803,Rp loclzj tum spect 1 area,A,0.00,8.53,0.05,XXX,33.4009
78804,Rp loclzj tum whbdy 2+d img,A,0.00,15.37,0.08,XXX,33.4009
78808,Iv inj ra drug dx study,A,0.18,1.02,0.03,XXX,33.4009
78811,Pet image ltd area,C,0.00,0.00,0.00,XXX,33.4009
78812,Pet image skull-thigh,C,0.00,0.00,0.00,XXX,33.4009
78813,Pet image full body,C,0.00,0.00,0.00,XXX,33.4009
78814,Pet image w/ct lmtd,C,0.00,0.00,0.00,XXX,33.4009
78830,Rp loclzj tum spect w/ct 1,A,0.00,10.59,0.06,XXX,33.4009
78831,Rp loclzj tum spect 2 areas,A,0.00,16.15,0.08,XXX,33.4009
78832,Rp loclzj tum spect w/ct 2,A,0.00,20.78,0.09,XXX,33.4009
78835,Rp quan meas single area,A,0.00,2.04,0.01,ZZZ,33.4009
78999,Unlisted misc px dx nuc med,C,0.00,0.00,0.00,XXX,33.4009
79005,Nuclear rx oral admin,A,0.00,1.50,0.02,XXX,33.4009
79101,Nuclear rx iv admin,A,0.00,1.57,0.02,XXX,33.4009
79200,Nuclear rx intracav admin,A,0.00,1.57,0.02,XXX,33.4009
79300,Nuclr rx interstit colloid,C,0.00,0.00,0.00,XXX,33.4009
79403,Hematopoietic nuclear tx,A,0.00,2.04,0.04,XXX,33.4009
79440,Nuclear rx intra-articular,A,0.00,1.17,0.02,XXX,33.4009
79445,Nuclear rx intra-arterial,C,0.00,0.00,0.00,XXX,33.4009
79999,Rp therapy unlisted px,C,0.00,0.00,0.00,XXX,33.4009
80047,Basic metablc pnl ionized ca,X,0.00,0.00,0.00,XXX,33.4009
80051,Electrolyte panel,X,0.00,0.00,0.00,XXX,33.4009
80055,Obstetric panel,X,0.00,0.00,0.00,XXX,33.4009
80069,Renal function panel,X,0.00,0.00,0.00,XXX,33.4009
80074,Acute hepatitis panel,X,0.00,0.00,0.00,XXX,33.4009
80081,Obstetric panel inc hiv tstg,X,0.00,0.00,0.00,XXX,33.4009
80143,Drug assay acetaminophen,X,0.00,0.00,0.00,XXX,33.4009
80145,Drug assay adalimumab,X,0.00,0.00,0.00,XXX,33.4009
80150,Assay of amikacin,X,0.00,0.00,0.00,XXX,33.4009
80151,Drug assay amiodarone,X,0.00,0.00,0.00,XXX,33.4009
80155,Drug assay caffeine,X,0.00,0.00,0.00,XXX,33.4009
80156,Assay carbamazepine total,X,0.00,0.00,0.00,XXX,33.4009
80157,Assay carbamazepine free,X,0.00,0.00,0.00,XXX,33.4009
80158,Drug assay cyclosporine,X,0.00,0.00,0.00,XXX,33.4009
80159,Drug assay clozapine,X,0.00,0.00,0.00,XXX,33.4009
80161,"Asy carbamazepin 10,11-epxid",X,0.00,0.00,0.00,XXX,33.4009
80162,Assay of digoxin total,X,0.00,0.00,0.00,XXX,33.4009
80163,Assay of digoxin free,X,0.00,0.00,0.00,XXX,33.4009
80164,Assay dipropylacetic acd tot,X,0.00,0.00,0.00,XXX,33.4009
80165,Dipropylacetic acid free,X,0.00,0.00,0.00,XXX,33.4009
80167,Drug assay felbamate,X,0.00,0.00,0.00,XXX,33.4009
80168,Assay of ethosuximide,X,0.00,0.00,0.00,XXX,33.4009
80169,Drug assay everolimus,X,0.00,0.00,0.00,XXX,33.4009
80170,Assay of gentamicin,X,0.00,0.00,0.00,XXX,33.4009
80171,Drug screen quant gabapentin,X,0.00,0.00,0.00,XXX,33.4009
80173,Assay of haloperidol,X,0.00,0.00,0.00,XXX,33.4009
80175,Drug screen quan lamotrigine,X,0.00,0.00,0.00,XXX,33.4009
80176,Assay of lidocaine,X,0.00,0.00,0.00,XXX,33.4009
80177,Drug scrn quan levetiracetam,X,0.00,0.00,0.00,XXX,33.4009
80178,Assay of lithium,X,0.00,0.00,0.00,XXX,33.4009
80179,Drug assay salicylate,X,0.00,0.00,0.00,XXX,33.4009
80180,Drug scrn quan mycophenolate,X,0.00,0.00,0.00,XXX,33.4009
80181,Drug assay flecainide,X,0.00,0.00,0.00,XXX,33.4009
80183,Drug scrn quant oxcarbazepin,X,0.00,0.00,0.00,XXX,33.4009
80184,Assay of phenobarbital,X,0.00,0.00,0.00,XXX,33.4009
80185,Assay of phenytoin total,X,0.00,0.00,0.00,XXX,33.4009
80186,Assay of phenytoin free,X,0.00,0.00,0.00,XXX,33.4009
80187,Drug assay posaconazole,X,0.00,0.00,0.00,XXX,33.4009
80188,Assay of primidone,X,0.00,0.00,0.00,XXX,33.4009
80189,Drug assay itraconazole,X,0.00,0.00,0.00,XXX,33.4009
80190,Assay of procainamide,X,0.00,0.00,0.00,XXX,33.4009
80192,Assay of procainamide,X,0.00,0.00,0.00,XXX,33.4009
80193,Drug assay leflunomide,X,0.00,0.00,0.00,XXX,33.4009
80194,Assay of quinidine,X,0.00,0.00,0.00,XXX,33.4009
80195,Assay of sirolimus,X,0.00,0.00,0.00,XXX,33.4009
80197,Assay of tacrolimus,X,0.00,0.00,0.00,XXX,33.4009
80198,Assay of theophylline,X,0.00,0.00,0.00,XXX,33.4009
80199,Drug screen quant tiagabine,X,0.00,0.00,0.00,XXX,33.4009
80200,Assay of tobramycin,X,0.00,0.00,0.00,XXX,33.4009
80201,Assay of topiramate,X,0.00,0.00,0.00,XXX,33.4009
80202,Assay of vancomycin,X,0.00,0.00,0.00,XXX,33.4009
80203,Drug screen quant zonisamide,X,0.00,0.00,0.00,XXX,33.4009
80204,Drug assay methotrexate,X,0.00,0.00,0.00,XXX,33.4009
80210,Drug assay rufinamide,X,0.00,0.00,0.00,XXX,33.4009
80220,Drug asy hydroxychloroquine,X,0.00,0.00,0.00,XXX,33.4009
80230,Drug assay infliximab,X,0.00,0.00,0.00,XXX,33.4009
80235,Drug assay lacosamide,X,0.00,0.00,0.00,XXX,33.4009
80280,Drug assay vedolizumab,X,0.00,0.00,0.00,XXX,33.4009
80285,Drug assay voriconazole,X,0.00,0.00,0.00,XXX,33.4009
80299,Quantitative assay drug,X,0.00,0.00,0.00,XXX,33.4009
80305,Drug test prsmv dir opt obs,X,0.00,0.00,0.00,XXX,33.4009
80306,Drug test prsmv instrmnt,X,0.00,0.00,0.00,XXX,33.4009
80307,Drug test prsmv chem anlyzr,X,0.00,0.00,0.00,XXX,33.4009
80320,Drug screen quantalcohols,I,0.00,0.00,0.00,XXX,33.4009
80321,Alcohols biomarkers 1or 2,I,0.00,0.00,0.00,XXX,33.4009
80322,Alcohols biomarkers 3/more,I,0.00,0.00,0.00,XXX,33.4009
80323,Alkaloids nos,I,0.00,0.00,0.00,XXX,33.4009
80324,Drug screen amphetamines 1/2,I,0.00,0.00,0.00,XXX,33.4009
80325,Amphetamines 3or 4,I,0.00,0.00,0.00,XXX,33.4009
80326,Amphetamines 5 or more,I,0.00,0.00,0.00,XXX,33.4009
80327,Anabolic steroid 1 or 2,I,0.00,0.00,0.00,XXX,33.4009
80328,Anabolic steroid 3 or more,I,0.00,0.00,0.00,XXX,33.4009
80329,Analgesics non-opioid 1 or 2,I,0.00,0.00,0.00,XXX,33.4009
80330,Analgesics non-opioid 3-5,I,0.00,0.00,0.00,XXX,33.4009
80331,Analgesics non-opioid 6/more,I,0.00,0.00,0.00,XXX,33.4009
80332,Antidepressants class 1 or 2,I,0.00,0.00,0.00,XXX,33.4009
80333,Antidepressants class 3-5,I,0.00,0.00,0.00,XXX,33.4009
80334,Antidepressants class 6/more,I,0.00,0.00,0.00,XXX,33.4009
80335,Antidepressant tricyclic 1/2,I,0.00,0.00,0.00,XXX,33.4009
80336,Antidepressant tricyclic 3-5,I,0.00,0.00,0.00,XXX,33.4009
80337,Tricyclic & cyclicals 6/more,I,0.00,0.00,0.00,XXX,33.4009
80338,Antidepressant not specified,I,0.00,0.00,0.00,XXX,33.4009
80339,Antiepileptics nos 1-3,I,0.00,0.00,0.00,XXX,33.4009
80340,Antiepileptics nos 4-6,I,0.00,0.00,0.00,XXX,33.4009
80341,Antiepileptics nos 7/more,I,0.00,0.00,0.00,XXX,33.4009
80342,Antipsychotics nos 1-3,I,0.00,0.00,0.00,XXX,33.4009
80343,Antipsychotics nos 4-6,I,0.00,0.00,0.00,XXX,33.4009
80344,Antipsychotics nos 7/more,I,0.00,0.00,0.00,XXX,33.4009
80345,Drug screening barbiturates,I,0.00,0.00,0.00,XXX,33.4009
80346,Benzodiazepines1-12,I,0.00,0.00,0.00,XXX,33.4009
80347,Benzodiazepines 13 or more,I,0.00,0.00,0.00,XXX,33.4009
80348,Drug screening buprenorphine,I,0.00,0.00,0.00,XXX,33.4009
80349,Cannabinoids natural,I,0.00,0.00,0.00,XXX,33.4009
80350,Cannabinoids synthetic 1-3,I,0.00,0.00,0.00,XXX,33.4009
80351,Cannabinoids synthetic 4-6,I,0.00,0.00,0.00,XXX,33.4009
80352,Cannabinoid synthetic 7/more,I,0.00,0.00,0.00,XXX,33.4009
80353,Drug screening cocaine,I,0.00,0.00,0.00,XXX,33.4009
80354,Drug screening fentanyl,I,0.00,0.00,0.00,XXX,33.4009
80355,Gabapentin non-blood,I,0.00,0.00,0.00,XXX,33.4009
80356,Heroin metabolite,I,0.00,0.00,0.00,XXX,33.4009
80357,Ketamine and norketamine,I,0.00,0.00,0.00,XXX,33.4009
80358,Drug screening methadone,I,0.00,0.00,0.00,XXX,33.4009
80359,Methylenedioxyamphetamines,I,0.00,0.00,0.00,XXX,33.4009
80360,Methylphenidate,I,0.00,0.00,0.00,XXX,33.4009
80361,Opiates 1 or more,I,0.00,0.00,0.00,XXX,33.4009
80362,Opioids & opiate analogs 1/2,I,0.00,0.00,0.00,XXX,33.4009
80363,Opioids & opiate analogs 3/4,I,0.00,0.00,0.00,XXX,33.4009
80364,Opioid &opiate analog 5/more,I,0.00,0.00,0.00,XXX,33.4009
80365,Drug screening oxycodone,I,0.00,0.00,0.00,XXX,33.4009
80366,Drug screening pregabalin,I,0.00,0.00,0.00,XXX,33.4009
80367,Drug screening propoxyphene,I,0.00,0.00,0.00,XXX,33.4009
80368,Sedative hypnotics,I,0.00,0.00,0.00,XXX,33.4009
80369,Skeletal muscle relaxant 1/2,I,0.00,0.00,0.00,XXX,33.4009
80370,Skel musc relaxant 3 or more,I,0.00,0.00,0.00,XXX,33.4009
80371,Stimulants synthetic,I,0.00,0.00,0.00,XXX,33.4009
80372,Drug screening tapentadol,I,0.00,0.00,0.00,XXX,33.4009
80373,Drug screening tramadol,I,0.00,0.00,0.00,XXX,33.4009
80374,Stereoisomer analysis,I,0.00,0.00,0.00,XXX,33.4009
80375,Drug/substance nos 1-3,I,0.00,0.00,0.00,XXX,33.4009
80376,Drug/substance nos 4-6,I,0.00,0.00,0.00,XXX,33.4009
80377,Drug/substance nos 7/more,I,0.00,0.00,0.00,XXX,33.4009
80400,Acth stimulation panel,X,0.00,0.00,0.00,XXX,33.4009
80402,Acth stimulation panel,X,0.00,0.00,0.00,XXX,33.4009
80406,Acth stimulation panel,X,0.00,0.00,0.00,XXX,33.4009
80408,Aldosterone suppression eval,X,0.00,0.00,0.00,XXX,33.4009
80410,Calcitonin stimul panel,X,0.00,0.00,0.00,XXX,33.4009
80412,Crh stimulation panel,X,0.00,0.00,0.00,XXX,33.4009
80414,Testosterone response panel,X,0.00,0.00,0.00,XXX,33.4009
80415,Tot estradiol response panel,X,0.00,0.00,0.00,XXX,33.4009
80416,Renin stimulation panel,X,0.00,0.00,0.00,XXX,33.4009
80417,Renin stimulation panel,X,0.00,0.00,0.00,XXX,33.4009
80418,Pituitary evaluation panel,X,0.00,0.00,0.00,XXX,33.4009
80420,Dexamethasone panel,X,0.00,0.00,0.00,XXX,33.4009
80422,Glucagon tolerance panel,X,0.00,0.00,0.00,XXX,33.4009
80424,Glucagon tolerance panel,X,0.00,0.00,0.00,XXX,33.4009
80426,Gonadotropin hormone panel,X,0.00,0.00,0.00,XXX,33.4009
80428,Growth hormone panel,X,0.00,0.00,0.00,XXX,33.4009
80430,Growth hormone panel,X,0.00,0.00,0.00,XXX,33.4009
80432,Insulin suppression panel,X,0.00,0.00,0.00,XXX,33.4009
80434,Insulin tolerance panel,X,0.00,0.00,0.00,XXX,33.4009
80435,Insulin tolerance panel,X,0.00,0.00,0.00,XXX,33.4009
80436,Metyrapone panel,X,0.00,0.00,0.00,XXX,33.4009
80438,Trh stimulation panel,X,0.00,0.00,0.00,XXX,33.4009
80439,Trh stimulation panel,X,0.00,0.00,0.00,XXX,33.4009
80503,Path clin consltj sf 5-20,A,0.43,0.10,0.02,XXX,33.4009
80504,Path clin consltj mod 21-40,A,0.91,0.20,0.05,XXX,33.4009
80505,Path clin consltj high 41-60,A,1.71,0.40,0.09,XXX,33.4009
80506,Path clin consltj prolng svc,A,0.80,0.40,0.05,ZZZ,33.4009
81000,Urinalysis nonauto w/scope,X,0.00,0.00,0.00,XXX,33.4009
81002,Urinalysis nonauto w/o scope,X,0.00,0.00,0.00,XXX,33.4009
81005,Urinalysis,X,0.00,0.00,0.00,XXX,33.4009
81007,Urine screen for bacteria,X,0.00,0.00,0.00,XXX,33.4009
81015,Microscopic exam of urine,X,0.00,0.00,0.00,XXX,33.4009
81020,Urinalysis glass test,X,0.00,0.00,0.00,XXX,33.4009
81025,Urine pregnancy test,X,0.00,0.00,0.00,XXX,33.4009
81050,Urinalysis volume measure,X,0.00,0.00,0.00,XXX,33.4009
81099,Unlisted urinalysis px,X,0.00,0.00,0.00,XXX,33.4009
81105,Hpa-1 genotyping,X,0.00,0.00,0.00,XXX,33.4009
81106,Hpa-2 genotyping,X,0.00,0.00,0.00,XXX,33.4009
81107,Hpa-3 genotyping,X,0.00,0.00,0.00,XXX,33.4009
81108,Hpa-4 genotyping,X,0.00,0.00,0.00,XXX,33.4009
81109,Hpa-5 genotyping,X,0.00,0.00,0.00,XXX,33.4009
81110,Hpa-6 genotyping,X,0.00,0.00,0.00,XXX,33.4009
81111,Hpa-9 genotyping,X,0.00,0.00,0.00,XXX,33.4009
81112,Hpa-15 genotyping,X,0.00,0.00,0.00,XXX,33.4009
81120,Idh1 common variants,X,0.00,0.00,0.00,XXX,33.4009
81121,Idh2 common variants,X,0.00,0.00,0.00,XXX,33.4009
81161,Dmd dup/delet analysis,X,0.00,0.00,0.00,XXX,33.4009
81162,Brca1&2 gen full seq dup/del,X,0.00,0.00,0.00,XXX,33.4009
81163,Brca1&2 gene full seq alys,X,0.00,0.00,0.00,XXX,33.4009
81164,Brca1&2 gen ful dup/del alys,X,0.00,0.00,0.00,XXX,33.4009
81165,Brca1 gene full seq alys,X,0.00,0.00,0.00,XXX,33.4009
81166,Brca1 gene full dup/del alys,X,0.00,0.00,0.00,XXX,33.4009
81167,Brca2 gene full dup/del alys,X,0.00,0.00,0.00,XXX,33.4009
81168,Ccnd1/igh translocation alys,X,0.00,0.00,0.00,XXX,33.4009
81170,Abl1 gene,X,0.00,0.00,0.00,XXX,33.4009
81171,Aff2 gen aly detc abnl allel,X,0.00,0.00,0.00,XXX,33.4009
81172,Aff2 gen alys charac alleles,X,0.00,0.00,0.00,XXX,33.4009
81173,Ar gene full gene sequence,X,0.00,0.00,0.00,XXX,33.4009
81174,Ar gene known famil variant,X,0.00,0.00,0.00,XXX,33.4009
81175,Asxl1 full gene sequence,X,0.00,0.00,0.00,XXX,33.4009
81176,Asxl1 gene target seq alys,X,0.00,0.00,0.00,XXX,33.4009
81177,Atn1 gene detc abnor alleles,X,0.00,0.00,0.00,XXX,33.4009
81178,Atxn1 gene detc abnor allele,X,0.00,0.00,0.00,XXX,33.4009
81179,Atxn2 gene detc abnor allele,X,0.00,0.00,0.00,XXX,33.4009
81180,Atxn3 gene detc abnor allele,X,0.00,0.00,0.00,XXX,33.4009
81181,Atxn7 gene detc abnor allele,X,0.00,0.00,0.00,XXX,33.4009
81182,Atxn8os gen detc abnor allel,X,0.00,0.00,0.00,XXX,33.4009
81183,Atxn10 gene detc abnor allel,X,0.00,0.00,0.00,XXX,33.4009
81184,Cacna1a gen detc abnor allel,X,0.00,0.00,0.00,XXX,33.4009
81185,Cacna1a gene full gene seq,X,0.00,0.00,0.00,XXX,33.4009
81186,Cacna1a gen known famil vrnt,X,0.00,0.00,0.00,XXX,33.4009
81187,Cnbp gene detc abnor allele,X,0.00,0.00,0.00,XXX,33.4009
81188,Cstb gene detc abnor allele,X,0.00,0.00,0.00,XXX,33.4009
81189,Cstb gene full gene sequence,X,0.00,0.00,0.00,XXX,33.4009
81190,Cstb gene known famil vrnt,X,0.00,0.00,0.00,XXX,33.4009
81191,Ntrk1 translocation analysis,X,0.00,0.00,0.00,XXX,33.4009
81192,Ntrk2 translocation analysis,X,0.00,0.00,0.00,XXX,33.4009
81193,Ntrk3 translocation analysis,X,0.00,0.00,0.00,XXX,33.4009
81194,Ntrk translocation analysis,X,0.00,0.00,0.00,XXX,33.4009
81195,Cytog genom-wid alys hem mal,X,0.00,0.00,0.00,XXX,33.4009
81200,Aspa gene,X,0.00,0.00,0.00,XXX,33.4009
81201,Apc gene full sequence,X,0.00,0.00,0.00,XXX,33.4009
81202,Apc gene known fam variants,X,0.00,0.00,0.00,XXX,33.4009
81203,Apc gene dup/delet variants,X,0.00,0.00,0.00,XXX,33.4009
81204,Ar gene charac alleles,X,0.00,0.00,0.00,XXX,33.4009
81205,Bckdhb gene,X,0.00,0.00,0.00,XXX,33.4009
81206,Bcr/abl1 gene major bp,X,0.00,0.00,0.00,XXX,33.4009
81207,Bcr/abl1 gene minor bp,X,0.00,0.00,0.00,XXX,33.4009
81208,Bcr/abl1 gene other bp,X,0.00,0.00,0.00,XXX,33.4009
81209,Blm gene,X,0.00,0.00,0.00,XXX,33.4009
81210,Braf gene,X,0.00,0.00,0.00,XXX,33.4009
81212,Brca1&2 185&5385&6174 vrnt,X,0.00,0.00,0.00,XXX,33.4009
81215,Brca1 gene known famil vrnt,X,0.00,0.00,0.00,XXX,33.4009
81216,Brca2 gene full seq alys,X,0.00,0.00,0.00,XXX,33.4009
81217,Brca2 gene known famil vrnt,X,0.00,0.00,0.00,XXX,33.4009
81218,Cebpa gene full sequence,X,0.00,0.00,0.00,XXX,33.4009
81219,Calr gene com variants,X,0.00,0.00,0.00,XXX,33.4009
81220,Cftr gene com variants,X,0.00,0.00,0.00,XXX,33.4009
81221,Cftr gene known fam variants,X,0.00,0.00,0.00,XXX,33.4009
81222,Cftr gene dup/delet variants,X,0.00,0.00,0.00,XXX,33.4009
81223,Cftr gene full sequence,X,0.00,0.00,0.00,XXX,33.4009
81224,Cftr gene intron poly t,X,0.00,0.00,0.00,XXX,33.4009
81225,Cyp2c19 gene com variants,X,0.00,0.00,0.00,XXX,33.4009
81226,Cyp2d6 gene com variants,X,0.00,0.00,0.00,XXX,33.4009
81227,Cyp2c9 gene com variants,X,0.00,0.00,0.00,XXX,33.4009
81228,Cytog alys chrml abnr cgh,X,0.00,0.00,0.00,XXX,33.4009
81229,Cytog alys chrml abnr snpcgh,X,0.00,0.00,0.00,XXX,33.4009
81230,Cyp3a4 gene common variants,X,0.00,0.00,0.00,XXX,33.4009
81231,Cyp3a5 gene common variants,X,0.00,0.00,0.00,XXX,33.4009
81232,Dpyd gene common variants,X,0.00,0.00,0.00,XXX,33.4009
81233,Btk gene common variants,X,0.00,0.00,0.00,XXX,33.4009
81234,Dmpk gene detc abnor allele,X,0.00,0.00,0.00,XXX,33.4009
81235,Egfr gene com variants,X,0.00,0.00,0.00,XXX,33.4009
81236,Ezh2 gene full gene sequence,X,0.00,0.00,0.00,XXX,33.4009
81237,Ezh2 gene common variants,X,0.00,0.00,0.00,XXX,33.4009
81238,F9 full gene sequence,X,0.00,0.00,0.00,XXX,33.4009
81239,Dmpk gene charac alleles,X,0.00,0.00,0.00,XXX,33.4009
81240,F2 gene,X,0.00,0.00,0.00,XXX,33.4009
81241,F5 gene,X,0.00,0.00,0.00,XXX,33.4009
81242,Fancc gene,X,0.00,0.00,0.00,XXX,33.4009
81243,Fmr1 gen aly detc abnl allel,X,0.00,0.00,0.00,XXX,33.4009
81244,Fmr1 gen alys charac alleles,X,0.00,0.00,0.00,XXX,33.4009
81245,Flt3 gene,X,0.00,0.00,0.00,XXX,33.4009
81246,Flt3 gene analysis,X,0.00,0.00,0.00,XXX,33.4009
81247,G6pd gene alys cmn variant,X,0.00,0.00,0.00,XXX,33.4009
81248,G6pd known familial variant,X,0.00,0.00,0.00,XXX,33.4009
81249,G6pd full gene sequence,X,0.00,0.00,0.00,XXX,33.4009
81250,G6pc gene,X,0.00,0.00,0.00,XXX,33.4009
81251,Gba gene,X,0.00,0.00,0.00,XXX,33.4009
81252,Gjb2 gene full sequence,X,0.00,0.00,0.00,XXX,33.4009
81253,Gjb2 gene known fam variants,X,0.00,0.00,0.00,XXX,33.4009
81254,Gjb6 gene com variants,X,0.00,0.00,0.00,XXX,33.4009
81255,Hexa gene,X,0.00,0.00,0.00,XXX,33.4009
81256,Hfe gene,X,0.00,0.00,0.00,XXX,33.4009
81257,Hba1/hba2 gene,X,0.00,0.00,0.00,XXX,33.4009
81258,Hba1/hba2 gene fam vrnt,X,0.00,0.00,0.00,XXX,33.4009
81259,Hba1/hba2 full gene sequence,X,0.00,0.00,0.00,XXX,33.4009
81260,Ikbkap gene,X,0.00,0.00,0.00,XXX,33.4009
81261,Igh gene rearrange amp meth,X,0.00,0.00,0.00,XXX,33.4009
81262,Igh gene rearrang dir probe,X,0.00,0.00,0.00,XXX,33.4009
81263,Igh vari regional mutation,X,0.00,0.00,0.00,XXX,33.4009
81264,Igk rearrangeabn clonal pop,X,0.00,0.00,0.00,XXX,33.4009
81265,Str markers specimen anal,X,0.00,0.00,0.00,XXX,33.4009
81266,Str markers spec anal addl,X,0.00,0.00,0.00,XXX,33.4009
81267,Chimerism anal no cell selec,X,0.00,0.00,0.00,XXX,33.4009
81268,Chimerism anal w/cell select,X,0.00,0.00,0.00,XXX,33.4009
81269,Hba1/hba2 gene dup/del vrnts,X,0.00,0.00,0.00,XXX,33.4009
81270,Jak2 gene,X,0.00,0.00,0.00,XXX,33.4009
81271,Htt gene detc abnor alleles,X,0.00,0.00,0.00,XXX,33.4009
81272,Kit gene targeted seq analys,X,0.00,0.00,0.00,XXX,33.4009
81273,Kit gene analys d816 variant,X,0.00,0.00,0.00,XXX,33.4009
81274,Htt gene charac alleles,X,0.00,0.00,0.00,XXX,33.4009
81275,Kras gene variants exon 2,X,0.00,0.00,0.00,XXX,33.4009
81276,Kras gene addl variants,X,0.00,0.00,0.00,XXX,33.4009
81277,Cytogenomic neo microra alys,X,0.00,0.00,0.00,XXX,33.4009
81278,Igh@/bcl2 translocation alys,X,0.00,0.00,0.00,XXX,33.4009
81279,Jak2 gene trgt sequence alys,X,0.00,0.00,0.00,XXX,33.4009
81283,Ifnl3 gene,X,0.00,0.00,0.00,XXX,33.4009
81284,Fxn gene detc abnor alleles,X,0.00,0.00,0.00,XXX,33.4009
81285,Fxn gene charac alleles,X,0.00,0.00,0.00,XXX,33.4009
81286,Fxn gene full gene sequence,X,0.00,0.00,0.00,XXX,33.4009
81287,Mgmt gene prmtr mthyltn alys,X,0.00,0.00,0.00,XXX,33.4009
81288,Mlh1 gene,X,0.00,0.00,0.00,XXX,33.4009
81289,Fxn gene known famil variant,X,0.00,0.00,0.00,XXX,33.4009
81290,Mcoln1 gene,X,0.00,0.00,0.00,XXX,33.4009
81291,Mthfr gene,X,0.00,0.00,0.00,XXX,33.4009
81292,Mlh1 gene full seq,X,0.00,0.00,0.00,XXX,33.4009
81293,Mlh1 gene known variants,X,0.00,0.00,0.00,XXX,33.4009
81294,Mlh1 gene dup/delete variant,X,0.00,0.00,0.00,XXX,33.4009
81295,Msh2 gene full seq,X,0.00,0.00,0.00,XXX,33.4009
81296,Msh2 gene known variants,X,0.00,0.00,0.00,XXX,33.4009
81297,Msh2 gene dup/delete variant,X,0.00,0.00,0.00,XXX,33.4009
81298,Msh6 gene full seq,X,0.00,0.00,0.00,XXX,33.4009
81299,Msh6 gene known variants,X,0.00,0.00,0.00,XXX,33.4009
81300,Msh6 gene dup/delete variant,X,0.00,0.00,0.00,XXX,33.4009
81301,Microsatellite instability,X,0.00,0.00,0.00,XXX,33.4009
81302,Mecp2 gene full seq,X,0.00,0.00,0.00,XXX,33.4009
81303,Mecp2 gene known variant,X,0.00,0.00,0.00,XXX,33.4009
81304,Mecp2 gene dup/delet variant,X,0.00,0.00,0.00,XXX,33.4009
81305,Myd88 gene p.leu265pro vrnt,X,0.00,0.00,0.00,XXX,33.4009
81306,Nudt15 gene common variants,X,0.00,0.00,0.00,XXX,33.4009
81307,Palb2 gene full gene seq,X,0.00,0.00,0.00,XXX,33.4009
81308,Palb2 gene known famil vrnt,X,0.00,0.00,0.00,XXX,33.4009
81309,Pik3ca gene trgt seq alys,X,0.00,0.00,0.00,XXX,33.4009
81310,Npm1 gene,X,0.00,0.00,0.00,XXX,33.4009
81311,Nras gene variants exon 2&3,X,0.00,0.00,0.00,XXX,33.4009
81312,Pabpn1 gene detc abnor allel,X,0.00,0.00,0.00,XXX,33.4009
81313,Pca3/klk3 antigen,X,0.00,0.00,0.00,XXX,33.4009
81314,Pdgfra gene,X,0.00,0.00,0.00,XXX,33.4009
81315,Pml/raralpha com breakpoints,X,0.00,0.00,0.00,XXX,33.4009
81316,Pml/raralpha 1 breakpoint,X,0.00,0.00,0.00,XXX,33.4009
81317,Pms2 gene full seq analysis,X,0.00,0.00,0.00,XXX,33.4009
81318,Pms2 known familial variants,X,0.00,0.00,0.00,XXX,33.4009
81319,Pms2 gene dup/delet variants,X,0.00,0.00,0.00,XXX,33.4009
81320,Plcg2 gene common variants,X,0.00,0.00,0.00,XXX,33.4009
81321,Pten gene full sequence,X,0.00,0.00,0.00,XXX,33.4009
81322,Pten gene known fam variant,X,0.00,0.00,0.00,XXX,33.4009
81323,Pten gene dup/delet variant,X,0.00,0.00,0.00,XXX,33.4009
81324,Pmp22 gene dup/delet,X,0.00,0.00,0.00,XXX,33.4009
81325,Pmp22 gene full sequence,X,0.00,0.00,0.00,XXX,33.4009
81326,Pmp22 gene known fam variant,X,0.00,0.00,0.00,XXX,33.4009
81327,Sept9 gen prmtr mthyltn alys,X,0.00,0.00,0.00,XXX,33.4009
81328,Slco1b1 gene com variants,X,0.00,0.00,0.00,XXX,33.4009
81329,Smn1 gene dos/deletion alys,X,0.00,0.00,0.00,XXX,33.4009
81330,Smpd1 gene common variants,X,0.00,0.00,0.00,XXX,33.4009
81331,Snrpn/ube3a gene,X,0.00,0.00,0.00,XXX,33.4009
81332,Serpina1 gene,X,0.00,0.00,0.00,XXX,33.4009
81333,Tgfbi gene common variants,X,0.00,0.00,0.00,XXX,33.4009
81334,Runx1 gene targeted seq alys,X,0.00,0.00,0.00,XXX,33.4009
81335,Tpmt gene com variants,X,0.00,0.00,0.00,XXX,33.4009
81336,Smn1 gene full gene sequence,X,0.00,0.00,0.00,XXX,33.4009
81337,Smn1 gen nown famil seq vrnt,X,0.00,0.00,0.00,XXX,33.4009
81338,Mpl gene common variants,X,0.00,0.00,0.00,XXX,33.4009
81339,Mpl gene seq alys exon 10,X,0.00,0.00,0.00,XXX,33.4009
81340,Trb@ gene rearrange amplify,X,0.00,0.00,0.00,XXX,33.4009
81341,Trb@ gene rearrange dirprobe,X,0.00,0.00,0.00,XXX,33.4009
81342,Trg gene rearrangement anal,X,0.00,0.00,0.00,XXX,33.4009
81343,Ppp2r2b gen detc abnor allel,X,0.00,0.00,0.00,XXX,33.4009
81344,Tbp gene detc abnor alleles,X,0.00,0.00,0.00,XXX,33.4009
81345,Tert gene targeted seq alys,X,0.00,0.00,0.00,XXX,33.4009
81346,Tyms gene com variants,X,0.00,0.00,0.00,XXX,33.4009
81347,Sf3b1 gene common variants,X,0.00,0.00,0.00,XXX,33.4009
81348,Srsf2 gene common variants,X,0.00,0.00,0.00,XXX,33.4009
81349,Cytog alys chrml abnr lw-ps,X,0.00,0.00,0.00,XXX,33.4009
81350,Ugt1a1 gene common variants,X,0.00,0.00,0.00,XXX,33.4009
81351,Tp53 gene full gene sequence,X,0.00,0.00,0.00,XXX,33.4009
81352,Tp53 gene trgt sequence alys,X,0.00,0.00,0.00,XXX,33.4009
81353,Tp53 gene known famil vrnt,X,0.00,0.00,0.00,XXX,33.4009
81354,Cytog alys chrml abnor ogm,X,0.00,0.00,0.00,XXX,33.4009
81355,Vkorc1 gene,X,0.00,0.00,0.00,XXX,33.4009
81357,U2af1 gene common variants,X,0.00,0.00,0.00,XXX,33.4009
81360,Zrsr2 gene common variants,X,0.00,0.00,0.00,XXX,33.4009
81361,Hbb gene com variants,X,0.00,0.00,0.00,XXX,33.4009
81362,Hbb gene known fam variant,X,0.00,0.00,0.00,XXX,33.4009
81363,Hbb gene dup/del variants,X,0.00,0.00,0.00,XXX,33.4009
81364,Hbb full gene sequence,X,0.00,0.00,0.00,XXX,33.4009
81370,Hla i & ii typing lr,X,0.00,0.00,0.00,XXX,33.4009
81371,Hla i & ii type verify lr,X,0.00,0.00,0.00,XXX,33.4009
81372,Hla i typing complete lr,X,0.00,0.00,0.00,XXX,33.4009
81373,Hla i typing 1 locus lr,X,0.00,0.00,0.00,XXX,33.4009
81374,Hla i typing 1 antigen lr,X,0.00,0.00,0.00,XXX,33.4009
81375,Hla ii typing ag equiv lr,X,0.00,0.00,0.00,XXX,33.4009
81376,Hla ii typing 1 locus lr,X,0.00,0.00,0.00,XXX,33.4009
81377,Hla ii type 1 ag equiv lr,X,0.00,0.00,0.00,XXX,33.4009
81378,Hla i & ii typing hr,X,0.00,0.00,0.00,XXX,33.4009
81379,Hla i typing complete hr,X,0.00,0.00,0.00,XXX,33.4009
81380,Hla i typing 1 locus hr,X,0.00,0.00,0.00,XXX,33.4009
81381,Hla i typing 1 allele hr,X,0.00,0.00,0.00,XXX,33.4009
81382,Hla ii typing 1 loc hr,X,0.00,0.00,0.00,XXX,33.4009
81383,Hla ii typing 1 allele hr,X,0.00,0.00,0.00,XXX,33.4009
81400,Mopath procedure level 1,X,0.00,0.00,0.00,XXX,33.4009
81401,Mopath procedure level 2,X,0.00,0.00,0.00,XXX,33.4009
81402,Mopath procedure level 3,X,0.00,0.00,0.00,XXX,33.4009
81403,Mopath procedure level 4,X,0.00,0.00,0.00,XXX,33.4009
81404,Mopath procedure level 5,X,0.00,0.00,0.00,XXX,33.4009
81405,Mopath procedure level 6,X,0.00,0.00,0.00,XXX,33.4009
81406,Mopath procedure level 7,X,0.00,0.00,0.00,XXX,33.4009
81407,Mopath procedure level 8,X,0.00,0.00,0.00,XXX,33.4009
81408,Mopath procedure level 9,X,0.00,0.00,0.00,XXX,33.4009
81410,Aortic dysfunction/dilation,X,0.00,0.00,0.00,XXX,33.4009
81411,Aortic dysfunction/dilation,X,0.00,0.00,0.00,XXX,33.4009
81412,Ashkenazi jewish assoc dis,X,0.00,0.00,0.00,XXX,33.4009
81413,Car ion chnnlpath inc 10 gns,X,0.00,0.00,0.00,XXX,33.4009
81414,Car ion chnnlpath inc 2 gns,X,0.00,0.00,0.00,XXX,33.4009
81415,Exome sequence analysis,X,0.00,0.00,0.00,XXX,33.4009
81416,Exome sequence analysis,X,0.00,0.00,0.00,XXX,33.4009
81417,Exome re-evaluation,X,0.00,0.00,0.00,XXX,33.4009
81418,Rx metab gen seq alys pnl 6,X,0.00,0.00,0.00,XXX,33.4009
81419,Epilepsy gen seq alys panel,X,0.00,0.00,0.00,XXX,33.4009
81420,Fetal chrmoml aneuploidy,X,0.00,0.00,0.00,XXX,33.4009
81422,Fetal chrmoml microdeltj,X,0.00,0.00,0.00,XXX,33.4009
81425,Genome sequence analysis,X,0.00,0.00,0.00,XXX,33.4009
81426,Genome sequence analysis,X,0.00,0.00,0.00,XXX,33.4009
81427,Genome re-evaluation,X,0.00,0.00,0.00,XXX,33.4009
81430,Hearing loss sequence analys,X,0.00,0.00,0.00,XXX,33.4009
81431,Hearing loss dup/del analys,X,0.00,0.00,0.00,XXX,33.4009
81432,Hrdtry brst ca-rlatd do 5+,X,0.00,0.00,0.00,XXX,33.4009
81434,Hered rta do gen seq 15,X,0.00,0.00,0.00,XXX,33.4009
81435,Hered colon ca-rlatd do 5+,X,0.00,0.00,0.00,XXX,33.4009
81437,Hered neuroend tum-rlt do 5+,X,0.00,0.00,0.00,XXX,33.4009
81439,Hrdtry cardmypy gene panel,X,0.00,0.00,0.00,XXX,33.4009
81440,Mitochondrial gene,X,0.00,0.00,0.00,XXX,33.4009
81441,Ibmfs seq alys pnl 30 genes,X,0.00,0.00,0.00,XXX,33.4009
81442,Noonan spectrum disorders,X,0.00,0.00,0.00,XXX,33.4009
81443,Genetic tstg severe inh cond,X,0.00,0.00,0.00,XXX,33.4009
81445,So neo gsap 5-50dna/dna&rna,X,0.00,0.00,0.00,XXX,33.4009
81448,Hrdtry perph neurphy panel,X,0.00,0.00,0.00,XXX,33.4009
81449,So neo gsap 5-50 rna alys,X,0.00,0.00,0.00,XXX,33.4009
81450,Hl neo gsap 5-50dna/dna&rna,X,0.00,0.00,0.00,XXX,33.4009
81451,Hl neo gsap 5-50 rna alys,X,0.00,0.00,0.00,XXX,33.4009
81455,So/hl 51/>gsap dna/dna&rna,X,0.00,0.00,0.00,XXX,33.4009
81456,So/hl 51/>gsap rna alys,X,0.00,0.00,0.00,XXX,33.4009
81457,So neo gsap dna mcrstl ins,X,0.00,0.00,0.00,XXX,33.4009
81458,So gsap dna cpy nmbr&mcrstl,X,0.00,0.00,0.00,XXX,33.4009
81459,So neo gsap dna/dna&rna,X,0.00,0.00,0.00,XXX,33.4009
81460,Whole mitochondrial genome,X,0.00,0.00,0.00,XXX,33.4009
81462,So gsap cll fr dna/dna&rna,X,0.00,0.00,0.00,XXX,33.4009
81463,So gsap cl fr cpy nmbr&mcrst,X,0.00,0.00,0.00,XXX,33.4009
81464,So gsap cll fr mcrstl ins,X,0.00,0.00,0.00,XXX,33.4009
81465,Whole mitochondrial genome,X,0.00,0.00,0.00,XXX,33.4009
81470,X-linked intellectual dblt,X,0.00,0.00,0.00,XXX,33.4009
81471,X-linked intellectual dblt,X,0.00,0.00,0.00,XXX,33.4009
81479,Unlisted molecular pathology,X,0.00,0.00,0.00,XXX,33.4009
81490,Autoimmune ra alys 12 bmrk,X,0.00,0.00,0.00,XXX,33.4009
81493,Cor artery disease mrna,X,0.00,0.00,0.00,XXX,33.4009
81500,Onco (ovar) two proteins,X,0.00,0.00,0.00,XXX,33.4009
81503,Onco (ovar) five proteins,X,0.00,0.00,0.00,XXX,33.4009
81504,Oncology tissue of origin,X,0.00,0.00,0.00,XXX,33.4009
81506,Endo assay seven anal,X,0.00,0.00,0.00,XXX,33.4009
81507,Fetal aneuploidy trisom risk,X,0.00,0.00,0.00,XXX,33.4009
81508,Ftl cgen abnor two proteins,X,0.00,0.00,0.00,XXX,33.4009
81509,Ftl cgen abnor 3 proteins,X,0.00,0.00,0.00,XXX,33.4009
81510,Ftl cgen abnor three anal,X,0.00,0.00,0.00,XXX,33.4009
81511,Ftl cgen abnor four anal,X,0.00,0.00,0.00,XXX,33.4009
81512,Ftl cgen abnor five anal,X,0.00,0.00,0.00,XXX,33.4009
81513,Nfct ds bv rna vag flu alg,X,0.00,0.00,0.00,XXX,33.4009
81514,Nfct ds bv&vaginitis dna alg,X,0.00,0.00,0.00,XXX,33.4009
81515,Nfct ds bv&vaginitis dna alg,X,0.00,0.00,0.00,XXX,33.4009
81517,Liver ds alys 3 bmrk srm alg,X,0.00,0.00,0.00,XXX,33.4009
81518,Onc brst mrna 11 genes,X,0.00,0.00,0.00,XXX,33.4009
81519,Oncology breast mrna,X,0.00,0.00,0.00,XXX,33.4009
81520,Onc breast mrna 58 genes,X,0.00,0.00,0.00,XXX,33.4009
81521,Onc breast mrna 70 genes,X,0.00,0.00,0.00,XXX,33.4009
81522,Onc breast mrna 12 genes,X,0.00,0.00,0.00,XXX,33.4009
81523,Onc brst mrna 70 cnt 31 gene,X,0.00,0.00,0.00,XXX,33.4009
81524,"Onc cns tum dna mthyl 10,000",X,0.00,0.00,0.00,XXX,33.4009
81525,Oncology colon mrna,X,0.00,0.00,0.00,XXX,33.4009
81528,Oncology colorectal scr,X,0.00,0.00,0.00,XXX,33.4009
81529,Onc cutan mlnma mrna 31 gene,X,0.00,0.00,0.00,XXX,33.4009
81535,Oncology gynecologic,X,0.00,0.00,0.00,XXX,33.4009
81536,Oncology gynecologic,X,0.00,0.00,0.00,XXX,33.4009
81538,Oncology lung,X,0.00,0.00,0.00,XXX,33.4009
81539,Oncology prostate prob score,X,0.00,0.00,0.00,XXX,33.4009
81540,Oncology tum unknown origin,X,0.00,0.00,0.00,XXX,33.4009
81541,Onc prostate mrna 46 genes,X,0.00,0.00,0.00,XXX,33.4009
81542,Onc prostate mrna 22 cnt gen,X,0.00,0.00,0.00,XXX,33.4009
81546,"Onc thyr mrna 10,196 gen alg",X,0.00,0.00,0.00,XXX,33.4009
81551,Onc prostate 3 genes,X,0.00,0.00,0.00,XXX,33.4009
81552,Onc uveal mlnma mrna 15 gene,X,0.00,0.00,0.00,XXX,33.4009
81554,Pulm ds ipf mrna 190 gen alg,X,0.00,0.00,0.00,XXX,33.4009
81558,Trnspl rej kdn mrna qpcr 139,X,0.00,0.00,0.00,XXX,33.4009
81560,Trnsplj pd lvr&bwl cd154+cll,X,0.00,0.00,0.00,XXX,33.4009
81595,Cardiology hrt trnspl mrna,X,0.00,0.00,0.00,XXX,33.4009
81596,Nfct ds chrnc hcv 6 assays,X,0.00,0.00,0.00,XXX,33.4009
81599,Unlisted maaa,X,0.00,0.00,0.00,XXX,33.4009
82009,Ketone bodys qual,X,0.00,0.00,0.00,XXX,33.4009
82010,Ketone bodys quan,X,0.00,0.00,0.00,XXX,33.4009
82013,Acetylcholinesterase assay,X,0.00,0.00,0.00,XXX,33.4009
82016,Acylcarnitines qual,X,0.00,0.00,0.00,XXX,33.4009
82017,Acylcarnitines quant,X,0.00,0.00,0.00,XXX,33.4009
82024,Assay of acth,X,0.00,0.00,0.00,XXX,33.4009
82030,Assay of adp & amp,X,0.00,0.00,0.00,XXX,33.4009
82042,Other source albumin quan ea,X,0.00,0.00,0.00,XXX,33.4009
82043,Ur albumin quantitative,X,0.00,0.00,0.00,XXX,33.4009
82044,Ur albumin semiquantitative,X,0.00,0.00,0.00,XXX,33.4009
82045,Albumin ischemia modified,X,0.00,0.00,0.00,XXX,33.4009
82075,Assay of breath ethanol,X,0.00,0.00,0.00,XXX,33.4009
82077,Assay spec xcp ur&breath ia,X,0.00,0.00,0.00,XXX,33.4009
82085,Assay of aldolase,X,0.00,0.00,0.00,XXX,33.4009
82088,Assay of aldosterone,X,0.00,0.00,0.00,XXX,33.4009
82103,Alpha-1-antitrypsin total,X,0.00,0.00,0.00,XXX,33.4009
82104,Alpha-1-antitrypsin pheno,X,0.00,0.00,0.00,XXX,33.4009
82105,Alpha-fetoprotein serum,X,0.00,0.00,0.00,XXX,33.4009
82106,Alpha-fetoprotein amniotic,X,0.00,0.00,0.00,XXX,33.4009
82107,Alpha-fetoprotein l3,X,0.00,0.00,0.00,XXX,33.4009
82108,Assay of aluminum,X,0.00,0.00,0.00,XXX,33.4009
82120,Amines vaginal fluid qual,X,0.00,0.00,0.00,XXX,33.4009
82127,Amino acid single qual,X,0.00,0.00,0.00,XXX,33.4009
82128,Amino acids mult qual,X,0.00,0.00,0.00,XXX,33.4009
82131,Amino acids single quant,X,0.00,0.00,0.00,XXX,33.4009
82135,Assay aminolevulinic acid,X,0.00,0.00,0.00,XXX,33.4009
82136,Amino acids quant 2-5,X,0.00,0.00,0.00,XXX,33.4009
82139,Amino acids quan 6 or more,X,0.00,0.00,0.00,XXX,33.4009
82140,Assay of ammonia,X,0.00,0.00,0.00,XXX,33.4009
82143,Amniotic fluid scan,X,0.00,0.00,0.00,XXX,33.4009
82150,Assay of amylase,X,0.00,0.00,0.00,XXX,33.4009
82154,Androstanediol glucuronide,X,0.00,0.00,0.00,XXX,33.4009
82157,Assay of androstenedione,X,0.00,0.00,0.00,XXX,33.4009
82160,Assay of androsterone,X,0.00,0.00,0.00,XXX,33.4009
82163,Assay of angiotensin ii,X,0.00,0.00,0.00,XXX,33.4009
82164,Angiotensin i enzyme test,X,0.00,0.00,0.00,XXX,33.4009
82166,Assay anti-mullerian horm,X,0.00,0.00,0.00,XXX,33.4009
82172,Assay of apolipoprotein,X,0.00,0.00,0.00,XXX,33.4009
82175,Assay of arsenic,X,0.00,0.00,0.00,XXX,33.4009
82180,Assay of ascorbic acid,X,0.00,0.00,0.00,XXX,33.4009
82190,Atomic absorption,X,0.00,0.00,0.00,XXX,33.4009
82232,Assay of beta-2 protein,X,0.00,0.00,0.00,XXX,33.4009
82233,Beta-amyloid 1-40 (abeta 40),X,0.00,0.00,0.00,XXX,33.4009
82234,Beta-amyloid 1-42 (abeta 42),X,0.00,0.00,0.00,XXX,33.4009
82239,Bile acids total,X,0.00,0.00,0.00,XXX,33.4009
82240,Bile acids cholylglycine,X,0.00,0.00,0.00,XXX,33.4009
82252,Fecal bilirubin test,X,0.00,0.00,0.00,XXX,33.4009
82261,Assay of biotinidase,X,0.00,0.00,0.00,XXX,33.4009
82270,Occult blood feces,X,0.00,0.00,0.00,XXX,33.4009
82271,Occult blood other sources,X,0.00,0.00,0.00,XXX,33.4009
82272,Occult bld feces 1-3 tests,X,0.00,0.00,0.00,XXX,33.4009
82274,Assay test for blood fecal,X,0.00,0.00,0.00,XXX,33.4009
82286,Assay of bradykinin,X,0.00,0.00,0.00,XXX,33.4009
82300,Assay of cadmium,X,0.00,0.00,0.00,XXX,33.4009
82308,Assay of calcitonin,X,0.00,0.00,0.00,XXX,33.4009
82330,Assay of calcium,X,0.00,0.00,0.00,XXX,33.4009
82331,Calcium infusion test,X,0.00,0.00,0.00,XXX,33.4009
82340,Assay of calcium in urine,X,0.00,0.00,0.00,XXX,33.4009
82355,Calculus analysis qual,X,0.00,0.00,0.00,XXX,33.4009
82360,Calculus assay quant,X,0.00,0.00,0.00,XXX,33.4009
82365,Calculus spectroscopy,X,0.00,0.00,0.00,XXX,33.4009
82370,X-ray assay calculus,X,0.00,0.00,0.00,XXX,33.4009
82373,Assay c-d transfer measure,X,0.00,0.00,0.00,XXX,33.4009
82375,Assay carboxyhb quant,X,0.00,0.00,0.00,XXX,33.4009
82376,Assay carboxyhb qual,X,0.00,0.00,0.00,XXX,33.4009
82378,Carcinoembryonic antigen,X,0.00,0.00,0.00,XXX,33.4009
82379,Assay of carnitine,X,0.00,0.00,0.00,XXX,33.4009
82380,Assay of carotene,X,0.00,0.00,0.00,XXX,33.4009
82382,Assay urine catecholamines,X,0.00,0.00,0.00,XXX,33.4009
82383,Assay blood catecholamines,X,0.00,0.00,0.00,XXX,33.4009
82384,Assay three catecholamines,X,0.00,0.00,0.00,XXX,33.4009
82387,Assay of cathepsin-d,X,0.00,0.00,0.00,XXX,33.4009
82390,Assay of ceruloplasmin,X,0.00,0.00,0.00,XXX,33.4009
82397,Chemiluminescent assay,X,0.00,0.00,0.00,XXX,33.4009
82415,Assay of chloramphenicol,X,0.00,0.00,0.00,XXX,33.4009
82436,Assay of urine chloride,X,0.00,0.00,0.00,XXX,33.4009
82438,Assay other fluid chlorides,X,0.00,0.00,0.00,XXX,33.4009
82441,Test for chlorohydrocarbons,X,0.00,0.00,0.00,XXX,33.4009
82465,Assay bld/serum cholesterol,X,0.00,0.00,0.00,XXX,33.4009
82480,Assay serum cholinesterase,X,0.00,0.00,0.00,XXX,33.4009
82482,Assay rbc cholinesterase,X,0.00,0.00,0.00,XXX,33.4009
82485,Assay chondroitin sulfate,X,0.00,0.00,0.00,XXX,33.4009
82495,Assay of chromium,X,0.00,0.00,0.00,XXX,33.4009
82507,Assay of citrate,X,0.00,0.00,0.00,XXX,33.4009
82523,Collagen crosslinks,X,0.00,0.00,0.00,XXX,33.4009
82525,Assay of copper,X,0.00,0.00,0.00,XXX,33.4009
82528,Assay of corticosterone,X,0.00,0.00,0.00,XXX,33.4009
82530,Cortisol free,X,0.00,0.00,0.00,XXX,33.4009
82533,Total cortisol,X,0.00,0.00,0.00,XXX,33.4009
82540,Assay of creatine,X,0.00,0.00,0.00,XXX,33.4009
82542,Col chromotography qual/quan,X,0.00,0.00,0.00,XXX,33.4009
82552,Assay of cpk in blood,X,0.00,0.00,0.00,XXX,33.4009
82553,Creatine mb fraction,X,0.00,0.00,0.00,XXX,33.4009
82554,Creatine isoforms,X,0.00,0.00,0.00,XXX,33.4009
82570,Assay of urine creatinine,X,0.00,0.00,0.00,XXX,33.4009
82575,Creatinine clearance test,X,0.00,0.00,0.00,XXX,33.4009
82585,Assay of cryofibrinogen,X,0.00,0.00,0.00,XXX,33.4009
82595,Assay of cryoglobulin,X,0.00,0.00,0.00,XXX,33.4009
82600,Assay of cyanide,X,0.00,0.00,0.00,XXX,33.4009
82607,Vitamin b-12,X,0.00,0.00,0.00,XXX,33.4009
82608,B-12 binding capacity,X,0.00,0.00,0.00,XXX,33.4009
82610,Cystatin c,X,0.00,0.00,0.00,XXX,33.4009
82615,Test for urine cystines,X,0.00,0.00,0.00,XXX,33.4009
82626,Dehydroepiandrosterone,X,0.00,0.00,0.00,XXX,33.4009
82627,Dehydroepiandrosterone,X,0.00,0.00,0.00,XXX,33.4009
82633,Desoxycorticosterone,X,0.00,0.00,0.00,XXX,33.4009
82634,Deoxycortisol,X,0.00,0.00,0.00,XXX,33.4009
82638,Assay of dibucaine number,X,0.00,0.00,0.00,XXX,33.4009
82642,Dihydrotestosterone,X,0.00,0.00,0.00,XXX,33.4009
82652,Vit d 1 25-dihydroxy,X,0.00,0.00,0.00,XXX,33.4009
82653,El-1 fecal quantitative,X,0.00,0.00,0.00,XXX,33.4009
82656,El-1 fecal qual/semiq,X,0.00,0.00,0.00,XXX,33.4009
82657,Enzyme cell activity,X,0.00,0.00,0.00,XXX,33.4009
82658,Enzyme cell activity ra,X,0.00,0.00,0.00,XXX,33.4009
82664,Electrophoretic test,X,0.00,0.00,0.00,XXX,33.4009
82668,Assay of erythropoietin,X,0.00,0.00,0.00,XXX,33.4009
82670,Assay of total estradiol,X,0.00,0.00,0.00,XXX,33.4009
82671,Assay of estrogens,X,0.00,0.00,0.00,XXX,33.4009
82672,Assay of estrogen,X,0.00,0.00,0.00,XXX,33.4009
82677,Assay of estriol,X,0.00,0.00,0.00,XXX,33.4009
82679,Assay of estrone,X,0.00,0.00,0.00,XXX,33.4009
82681,Assay dir meas fr estradiol,X,0.00,0.00,0.00,XXX,33.4009
82693,Assay of ethylene glycol,X,0.00,0.00,0.00,XXX,33.4009
82696,Assay of etiocholanolone,X,0.00,0.00,0.00,XXX,33.4009
82705,Fats/lipids feces qual,X,0.00,0.00,0.00,XXX,33.4009
82710,Fats/lipids feces quant,X,0.00,0.00,0.00,XXX,33.4009
82715,Assay of fecal fat,X,0.00,0.00,0.00,XXX,33.4009
82725,Assay of blood fatty acids,X,0.00,0.00,0.00,XXX,33.4009
82726,Long chain fatty acids,X,0.00,0.00,0.00,XXX,33.4009
82731,Assay of fetal fibronectin,X,0.00,0.00,0.00,XXX,33.4009
82735,Assay of fluoride,X,0.00,0.00,0.00,XXX,33.4009
82746,Assay of folic acid serum,X,0.00,0.00,0.00,XXX,33.4009
82747,Assay of folic acid rbc,X,0.00,0.00,0.00,XXX,33.4009
82757,Assay of semen fructose,X,0.00,0.00,0.00,XXX,33.4009
82759,Assay of rbc galactokinase,X,0.00,0.00,0.00,XXX,33.4009
82760,Assay of galactose,X,0.00,0.00,0.00,XXX,33.4009
82775,Assay galactose transferase,X,0.00,0.00,0.00,XXX,33.4009
82776,Galactose transferase test,X,0.00,0.00,0.00,XXX,33.4009
82777,Galectin-3,X,0.00,0.00,0.00,XXX,33.4009
82785,Assay of ige,X,0.00,0.00,0.00,XXX,33.4009
82787,Igg 1 2 3 or 4 each,X,0.00,0.00,0.00,XXX,33.4009
82800,Blood ph,X,0.00,0.00,0.00,XXX,33.4009
82803,Blood gases any combination,X,0.00,0.00,0.00,XXX,33.4009
82805,Blood gases w/o2 saturation,X,0.00,0.00,0.00,XXX,33.4009
82810,Blood gases o2 sat only,X,0.00,0.00,0.00,XXX,33.4009
82820,Hemoglobin-oxygen affinity,X,0.00,0.00,0.00,XXX,33.4009
82930,Gastric analy w/ph ea spec,X,0.00,0.00,0.00,XXX,33.4009
82938,Gastrin test,X,0.00,0.00,0.00,XXX,33.4009
82941,Assay of gastrin,X,0.00,0.00,0.00,XXX,33.4009
82943,Assay of glucagon,X,0.00,0.00,0.00,XXX,33.4009
82945,Glucose other fluid,X,0.00,0.00,0.00,XXX,33.4009
82946,Glucagon tolerance test,X,0.00,0.00,0.00,XXX,33.4009
82948,Reagent strip/blood glucose,X,0.00,0.00,0.00,XXX,33.4009
82950,Glucose test,X,0.00,0.00,0.00,XXX,33.4009
82951,Glucose tolerance test (gtt),X,0.00,0.00,0.00,XXX,33.4009
82952,Gtt-added samples,X,0.00,0.00,0.00,XXX,33.4009
82955,Assay of g6pd enzyme,X,0.00,0.00,0.00,XXX,33.4009
82960,Test for g6pd enzyme,X,0.00,0.00,0.00,XXX,33.4009
82962,Glucose blood test,X,0.00,0.00,0.00,XXX,33.4009
82963,Assay of glucosidase,X,0.00,0.00,0.00,XXX,33.4009
82965,Assay of gdh enzyme,X,0.00,0.00,0.00,XXX,33.4009
82977,Assay of ggt,X,0.00,0.00,0.00,XXX,33.4009
82978,Assay of glutathione,X,0.00,0.00,0.00,XXX,33.4009
82979,Assay rbc glutathione,X,0.00,0.00,0.00,XXX,33.4009
82985,Assay of glycated protein,X,0.00,0.00,0.00,XXX,33.4009
83001,Assay of gonadotropin (fsh),X,0.00,0.00,0.00,XXX,33.4009
83002,Assay of gonadotropin (lh),X,0.00,0.00,0.00,XXX,33.4009
83003,Assay growth hormone (hgh),X,0.00,0.00,0.00,XXX,33.4009
83006,Growth stimulation gene 2,X,0.00,0.00,0.00,XXX,33.4009
83009,H pylori (c-13) blood,X,0.00,0.00,0.00,XXX,33.4009
83010,Assay of haptoglobin quant,X,0.00,0.00,0.00,XXX,33.4009
83012,Assay of haptoglobins,X,0.00,0.00,0.00,XXX,33.4009
83013,H pylori (c-13) breath,X,0.00,0.00,0.00,XXX,33.4009
83014,H pylori drug admin,X,0.00,0.00,0.00,XXX,33.4009
83015,Heavy metal qual any number,X,0.00,0.00,0.00,XXX,33.4009
83018,Heavy metal quan each nes,X,0.00,0.00,0.00,XXX,33.4009
83020,Hemoglobin electrophoresis,A,0.36,0.16,0.01,XXX,33.4009
83021,Hemoglobin chromotography,X,0.00,0.00,0.00,XXX,33.4009
83026,Hemoglobin copper sulfate,X,0.00,0.00,0.00,XXX,33.4009
83030,Hemoglobin f fetal chemical,X,0.00,0.00,0.00,XXX,33.4009
83033,Hemoglobin ftl f assay qual,X,0.00,0.00,0.00,XXX,33.4009
83037,Hb glycosylated a1c home dev,X,0.00,0.00,0.00,XXX,33.4009
83045,Hgb methemoglobin qual,X,0.00,0.00,0.00,XXX,33.4009
83050,Hgb methemoglobin quan,X,0.00,0.00,0.00,XXX,33.4009
83051,Hemoglobin plasma,X,0.00,0.00,0.00,XXX,33.4009
83060,Hgb sulfhemoglobin quan,X,0.00,0.00,0.00,XXX,33.4009
83065,Hemoglobin thermolabile,X,0.00,0.00,0.00,XXX,33.4009
83068,Hemoglobin unstable screen,X,0.00,0.00,0.00,XXX,33.4009
83069,Hemoglobin urine,X,0.00,0.00,0.00,XXX,33.4009
83070,Assay of hemosiderin qual,X,0.00,0.00,0.00,XXX,33.4009
83080,Assay of b hexosaminidase ea,X,0.00,0.00,0.00,XXX,33.4009
83088,Assay of histamine,X,0.00,0.00,0.00,XXX,33.4009
83090,Assay of homocysteine,X,0.00,0.00,0.00,XXX,33.4009
83150,Assay of homovanillic acid,X,0.00,0.00,0.00,XXX,33.4009
83491,Asy hydroxycorticosteroids17,X,0.00,0.00,0.00,XXX,33.4009
83497,Assay of 5-hiaa,X,0.00,0.00,0.00,XXX,33.4009
83498,Asy hydroxyprogesterone 17-d,X,0.00,0.00,0.00,XXX,33.4009
83500,Assay free hydroxyproline,X,0.00,0.00,0.00,XXX,33.4009
83505,Assay total hydroxyproline,X,0.00,0.00,0.00,XXX,33.4009
83516,Immunoassay nonantibody,X,0.00,0.00,0.00,XXX,33.4009
83518,Immunoassay dipstick,X,0.00,0.00,0.00,XXX,33.4009
83519,Ria nonantibody,X,0.00,0.00,0.00,XXX,33.4009
83520,Immunoassay quant nos nonab,X,0.00,0.00,0.00,XXX,33.4009
83521,Ig light chains free each,X,0.00,0.00,0.00,XXX,33.4009
83525,Assay of insulin,X,0.00,0.00,0.00,XXX,33.4009
83527,Assay of insulin,X,0.00,0.00,0.00,XXX,33.4009
83528,Assay of intrinsic factor,X,0.00,0.00,0.00,XXX,33.4009
83529,Asay of interleukin-6 (il-6),X,0.00,0.00,0.00,XXX,33.4009
83570,Assay of idh enzyme,X,0.00,0.00,0.00,XXX,33.4009
83582,Assay of ketogenic steroids,X,0.00,0.00,0.00,XXX,33.4009
83586,Assay 17- ketosteroids,X,0.00,0.00,0.00,XXX,33.4009
83593,Fractionation ketosteroids,X,0.00,0.00,0.00,XXX,33.4009
83605,Assay of lactic acid,X,0.00,0.00,0.00,XXX,33.4009
83625,Assay of ldh enzymes,X,0.00,0.00,0.00,XXX,33.4009
83630,Lactoferrin fecal (qual),X,0.00,0.00,0.00,XXX,33.4009
83631,Lactoferrin fecal (quant),X,0.00,0.00,0.00,XXX,33.4009
83632,Placental lactogen,X,0.00,0.00,0.00,XXX,33.4009
83633,Test urine for lactose,X,0.00,0.00,0.00,XXX,33.4009
83655,Assay of lead,X,0.00,0.00,0.00,XXX,33.4009
83661,L/s ratio fetal lung,X,0.00,0.00,0.00,XXX,33.4009
83662,Foam stability fetal lung,X,0.00,0.00,0.00,XXX,33.4009
83663,Fluoro polarize fetal lung,X,0.00,0.00,0.00,XXX,33.4009
83664,Lamellar bdy fetal lung,X,0.00,0.00,0.00,XXX,33.4009
83670,Assay of lap enzyme,X,0.00,0.00,0.00,XXX,33.4009
83690,Assay of lipase,X,0.00,0.00,0.00,XXX,33.4009
83695,Assay of lipoprotein(a),X,0.00,0.00,0.00,XXX,33.4009
83698,Assay lipoprotein pla2,X,0.00,0.00,0.00,XXX,33.4009
83700,Lipopro bld electrophoretic,X,0.00,0.00,0.00,XXX,33.4009
83701,Lipoprotein bld hr fraction,X,0.00,0.00,0.00,XXX,33.4009
83704,Lipoprotein bld quan part,X,0.00,0.00,0.00,XXX,33.4009
83718,Assay of lipoprotein,X,0.00,0.00,0.00,XXX,33.4009
83719,Assay of blood lipoprotein,X,0.00,0.00,0.00,XXX,33.4009
83721,Assay of blood lipoprotein,X,0.00,0.00,0.00,XXX,33.4009
83722,Lipoprtn dir meas sd ldl chl,X,0.00,0.00,0.00,XXX,33.4009
83727,Assay of lrh hormone,X,0.00,0.00,0.00,XXX,33.4009
83735,Assay of magnesium,X,0.00,0.00,0.00,XXX,33.4009
83775,Assay malate dehydrogenase,X,0.00,0.00,0.00,XXX,33.4009
83785,Assay of manganese,X,0.00,0.00,0.00,XXX,33.4009
83789,Mass spectrometry qual/quan,X,0.00,0.00,0.00,XXX,33.4009
83825,Assay of mercury,X,0.00,0.00,0.00,XXX,33.4009
83835,Assay of metanephrines,X,0.00,0.00,0.00,XXX,33.4009
83857,Assay of methemalbumin,X,0.00,0.00,0.00,XXX,33.4009
83861,Microfluid analy tears,X,0.00,0.00,0.00,XXX,33.4009
83864,Mucopolysaccharides,X,0.00,0.00,0.00,XXX,33.4009
83872,Assay synovial fluid mucin,X,0.00,0.00,0.00,XXX,33.4009
83873,Assay of csf protein,X,0.00,0.00,0.00,XXX,33.4009
83874,Assay of myoglobin,X,0.00,0.00,0.00,XXX,33.4009
83876,Assay myeloperoxidase,X,0.00,0.00,0.00,XXX,33.4009
83880,Assay of natriuretic peptide,X,0.00,0.00,0.00,XXX,33.4009
83883,Assay nephelometry not spec,X,0.00,0.00,0.00,XXX,33.4009
83884,Assay neurflmnt light chain,X,0.00,0.00,0.00,XXX,33.4009
83885,Assay of nickel,X,0.00,0.00,0.00,XXX,33.4009
83915,Assay of nucleotidase,X,0.00,0.00,0.00,XXX,33.4009
83916,Oligoclonal bands,X,0.00,0.00,0.00,XXX,33.4009
83918,Organic acids total quant,X,0.00,0.00,0.00,XXX,33.4009
83919,Organic acids qual each,X,0.00,0.00,0.00,XXX,33.4009
83921,Organic acid single quant,X,0.00,0.00,0.00,XXX,33.4009
83930,Assay of blood osmolality,X,0.00,0.00,0.00,XXX,33.4009
83935,Assay of urine osmolality,X,0.00,0.00,0.00,XXX,33.4009
83937,Assay of osteocalcin,X,0.00,0.00,0.00,XXX,33.4009
83945,Assay of oxalate,X,0.00,0.00,0.00,XXX,33.4009
83950,Oncoprotein her-2/neu,X,0.00,0.00,0.00,XXX,33.4009
83951,Oncoprotein dcp,X,0.00,0.00,0.00,XXX,33.4009
83970,Assay of parathormone,X,0.00,0.00,0.00,XXX,33.4009
83986,Assay ph body fluid nos,X,0.00,0.00,0.00,XXX,33.4009
83987,Exhaled breath condensate,X,0.00,0.00,0.00,XXX,33.4009
83992,Assay for phencyclidine,I,0.00,0.00,0.00,XXX,33.4009
83993,Assay for calprotectin fecal,X,0.00,0.00,0.00,XXX,33.4009
84030,Assay of blood pku,X,0.00,0.00,0.00,XXX,33.4009
84035,Assay of phenylketones,X,0.00,0.00,0.00,XXX,33.4009
84060,Assay acid phosphatase,X,0.00,0.00,0.00,XXX,33.4009
84066,Assay prostate phosphatase,X,0.00,0.00,0.00,XXX,33.4009
84078,Assay alkaline phosphatase,X,0.00,0.00,0.00,XXX,33.4009
84080,Assay alkaline phosphatases,X,0.00,0.00,0.00,XXX,33.4009
84081,Assay phosphatidylglycerol,X,0.00,0.00,0.00,XXX,33.4009
84085,Assay of rbc pg6d enzyme,X,0.00,0.00,0.00,XXX,33.4009
84087,Assay phosphohexose enzymes,X,0.00,0.00,0.00,XXX,33.4009
84105,Assay of urine phosphorus,X,0.00,0.00,0.00,XXX,33.4009
84106,Test for porphobilinogen,X,0.00,0.00,0.00,XXX,33.4009
84110,Assay of porphobilinogen,X,0.00,0.00,0.00,XXX,33.4009
84112,Eval amniotic fluid protein,X,0.00,0.00,0.00,XXX,33.4009
84119,Test urine for porphyrins,X,0.00,0.00,0.00,XXX,33.4009
84120,Assay of urine porphyrins,X,0.00,0.00,0.00,XXX,33.4009
84126,Assay of feces porphyrins,X,0.00,0.00,0.00,XXX,33.4009
84133,Assay of urine potassium,X,0.00,0.00,0.00,XXX,33.4009
84134,Assay of prealbumin,X,0.00,0.00,0.00,XXX,33.4009
84135,Assay of pregnanediol,X,0.00,0.00,0.00,XXX,33.4009
84138,Assay of pregnanetriol,X,0.00,0.00,0.00,XXX,33.4009
84140,Assay of pregnenolone,X,0.00,0.00,0.00,XXX,33.4009
84143,Assay of 17-hydroxypregneno,X,0.00,0.00,0.00,XXX,33.4009
84144,Assay of progesterone,X,0.00,0.00,0.00,XXX,33.4009
84145,Procalcitonin (pct),X,0.00,0.00,0.00,XXX,33.4009
84146,Assay of prolactin,X,0.00,0.00,0.00,XXX,33.4009
84150,Assay of prostaglandin,X,0.00,0.00,0.00,XXX,33.4009
84152,Assay of psa complexed,X,0.00,0.00,0.00,XXX,33.4009
84154,Assay of psa free,X,0.00,0.00,0.00,XXX,33.4009
84155,Assay of protein serum,X,0.00,0.00,0.00,XXX,33.4009
84156,Assay of protein urine,X,0.00,0.00,0.00,XXX,33.4009
84157,Assay of protein other,X,0.00,0.00,0.00,XXX,33.4009
84160,Assay of protein any source,X,0.00,0.00,0.00,XXX,33.4009
84163,Pappa serum,X,0.00,0.00,0.00,XXX,33.4009
84165,Protein e-phoresis serum,A,0.36,0.16,0.01,XXX,33.4009
84166,Protein e-phoresis/urine/csf,A,0.36,0.16,0.01,XXX,33.4009
84181,Western blot test,A,0.36,0.16,0.01,XXX,33.4009
84182,Protein western blot test,A,0.36,0.16,0.01,XXX,33.4009
84202,Assay rbc protoporphyrin,X,0.00,0.00,0.00,XXX,33.4009
84203,Test rbc protoporphyrin,X,0.00,0.00,0.00,XXX,33.4009
84206,Assay of proinsulin,X,0.00,0.00,0.00,XXX,33.4009
84207,Assay of vitamin b-6,X,0.00,0.00,0.00,XXX,33.4009
84210,Assay of pyruvate,X,0.00,0.00,0.00,XXX,33.4009
84220,Assay of pyruvate kinase,X,0.00,0.00,0.00,XXX,33.4009
84228,Assay of quinine,X,0.00,0.00,0.00,XXX,33.4009
84233,Assay of estrogen,X,0.00,0.00,0.00,XXX,33.4009
84234,Assay of progesterone,X,0.00,0.00,0.00,XXX,33.4009
84235,Assay of endocrine hormone,X,0.00,0.00,0.00,XXX,33.4009
84238,Assay nonendocrine receptor,X,0.00,0.00,0.00,XXX,33.4009
84244,Assay of renin,X,0.00,0.00,0.00,XXX,33.4009
84252,Assay of vitamin b-2,X,0.00,0.00,0.00,XXX,33.4009
84255,Assay of selenium,X,0.00,0.00,0.00,XXX,33.4009
84260,Assay of serotonin,X,0.00,0.00,0.00,XXX,33.4009
84270,Assay of sex hormone globul,X,0.00,0.00,0.00,XXX,33.4009
84275,Assay of sialic acid,X,0.00,0.00,0.00,XXX,33.4009
84285,Assay of silica,X,0.00,0.00,0.00,XXX,33.4009
84300,Assay of urine sodium,X,0.00,0.00,0.00,XXX,33.4009
84302,Assay of sweat sodium,X,0.00,0.00,0.00,XXX,33.4009
84305,Assay of somatomedin,X,0.00,0.00,0.00,XXX,33.4009
84307,Assay of somatostatin,X,0.00,0.00,0.00,XXX,33.4009
84311,Spectrophotometry,X,0.00,0.00,0.00,XXX,33.4009
84315,Body fluid specific gravity,X,0.00,0.00,0.00,XXX,33.4009
84375,Chromatogram assay sugars,X,0.00,0.00,0.00,XXX,33.4009
84376,Sugars single qual,X,0.00,0.00,0.00,XXX,33.4009
84377,Sugars multiple qual,X,0.00,0.00,0.00,XXX,33.4009
84378,Sugars single quant,X,0.00,0.00,0.00,XXX,33.4009
84379,Sugars multiple quant,X,0.00,0.00,0.00,XXX,33.4009
84392,Assay of urine sulfate,X,0.00,0.00,0.00,XXX,33.4009
84393,Tau phosphorylated ea,X,0.00,0.00,0.00,XXX,33.4009
84394,Total tau,X,0.00,0.00,0.00,XXX,33.4009
84402,Assay of free testosterone,X,0.00,0.00,0.00,XXX,33.4009
84403,Assay of total testosterone,X,0.00,0.00,0.00,XXX,33.4009
84410,Testosterone bioavailable,X,0.00,0.00,0.00,XXX,33.4009
84425,Assay of vitamin b-1,X,0.00,0.00,0.00,XXX,33.4009
84430,Assay of thiocyanate,X,0.00,0.00,0.00,XXX,33.4009
84431,Thromboxane urine,X,0.00,0.00,0.00,XXX,33.4009
84432,Assay of thyroglobulin,X,0.00,0.00,0.00,XXX,33.4009
84433,Asy thiopurin s-mthyltrnsfrs,X,0.00,0.00,0.00,XXX,33.4009
84436,Assay of total thyroxine,X,0.00,0.00,0.00,XXX,33.4009
84437,Assay of neonatal thyroxine,X,0.00,0.00,0.00,XXX,33.4009
84442,Assay of thyroid activity,X,0.00,0.00,0.00,XXX,33.4009
84445,Assay of tsi globulin,X,0.00,0.00,0.00,XXX,33.4009
84446,Assay of vitamin e,X,0.00,0.00,0.00,XXX,33.4009
84449,Assay of transcortin,X,0.00,0.00,0.00,XXX,33.4009
84466,Assay of transferrin,X,0.00,0.00,0.00,XXX,33.4009
84478,Assay of triglycerides,X,0.00,0.00,0.00,XXX,33.4009
84479,Assay of thyroid (t3 or t4),X,0.00,0.00,0.00,XXX,33.4009
84480,Assay triiodothyronine (t3),X,0.00,0.00,0.00,XXX,33.4009
84481,Free assay (ft-3),X,0.00,0.00,0.00,XXX,33.4009
84482,T3 reverse,X,0.00,0.00,0.00,XXX,33.4009
84484,Assay of troponin quant,X,0.00,0.00,0.00,XXX,33.4009
84485,Assay duodenal fluid trypsin,X,0.00,0.00,0.00,XXX,33.4009
84488,Test feces for trypsin,X,0.00,0.00,0.00,XXX,33.4009
84490,Assay of feces for trypsin,X,0.00,0.00,0.00,XXX,33.4009
84510,Assay of tyrosine,X,0.00,0.00,0.00,XXX,33.4009
84512,Assay of troponin qual,X,0.00,0.00,0.00,XXX,33.4009
84525,Urea nitrogen semi-quant,X,0.00,0.00,0.00,XXX,33.4009
84540,Assay of urine/urea-n,X,0.00,0.00,0.00,XXX,33.4009
84545,Urea-n clearance test,X,0.00,0.00,0.00,XXX,33.4009
84550,Assay of blood/uric acid,X,0.00,0.00,0.00,XXX,33.4009
84560,Assay of urine/uric acid,X,0.00,0.00,0.00,XXX,33.4009
84577,Assay of feces/urobilinogen,X,0.00,0.00,0.00,XXX,33.4009
84578,Test urine urobilinogen,X,0.00,0.00,0.00,XXX,33.4009
84580,Assay of urine urobilinogen,X,0.00,0.00,0.00,XXX,33.4009
84583,Assay of urine urobilinogen,X,0.00,0.00,0.00,XXX,33.4009
84585,Assay of urine vma,X,0.00,0.00,0.00,XXX,33.4009
84586,Assay of vip,X,0.00,0.00,0.00,XXX,33.4009
84588,Assay of vasopressin,X,0.00,0.00,0.00,XXX,33.4009
84590,Assay of vitamin a,X,0.00,0.00,0.00,XXX,33.4009
84591,Assay of nos vitamin,X,0.00,0.00,0.00,XXX,33.4009
84597,Assay of vitamin k,X,0.00,0.00,0.00,XXX,33.4009
84600,Assay of volatiles,X,0.00,0.00,0.00,XXX,33.4009
84620,Xylose tolerance test,X,0.00,0.00,0.00,XXX,33.4009
84630,Assay of zinc,X,0.00,0.00,0.00,XXX,33.4009
84681,Assay of c-peptide,X,0.00,0.00,0.00,XXX,33.4009
84702,Chorionic gonadotropin test,X,0.00,0.00,0.00,XXX,33.4009
84703,Chorionic gonadotropin assay,X,0.00,0.00,0.00,XXX,33.4009
84704,Hcg free betachain test,X,0.00,0.00,0.00,XXX,33.4009
84830,Ovulation tests,X,0.00,0.00,0.00,XXX,33.4009
84999,Unlisted chemistry procedure,X,0.00,0.00,0.00,XXX,33.4009
85002,Bleeding time test,X,0.00,0.00,0.00,XXX,33.4009
85004,Automated diff wbc count,X,0.00,0.00,0.00,XXX,33.4009
85007,Bl smear w/diff wbc count,X,0.00,0.00,0.00,XXX,33.4009
85008,Bl smear w/o diff wbc count,X,0.00,0.00,0.00,XXX,33.4009
85009,Manual diff wbc count b-coat,X,0.00,0.00,0.00,XXX,33.4009
85013,Spun microhematocrit,X,0.00,0.00,0.00,XXX,33.4009
85014,Hematocrit,X,0.00,0.00,0.00,XXX,33.4009
85018,Hemoglobin,X,0.00,0.00,0.00,XXX,33.4009
85032,Manual cell count each,X,0.00,0.00,0.00,XXX,33.4009
85041,Automated rbc count,X,0.00,0.00,0.00,XXX,33.4009
85044,Manual reticulocyte count,X,0.00,0.00,0.00,XXX,33.4009
85045,Automated reticulocyte count,X,0.00,0.00,0.00,XXX,33.4009
85046,Reticyte/hgb concentrate,X,0.00,0.00,0.00,XXX,33.4009
85048,Automated leukocyte count,X,0.00,0.00,0.00,XXX,33.4009
85049,Automated platelet count,X,0.00,0.00,0.00,XXX,33.4009
85055,Reticulated platelet assay,X,0.00,0.00,0.00,XXX,33.4009
85060,Blood smear interpretation,A,0.44,0.11,0.02,XXX,33.4009
85097,Bone marrow interpretation,A,0.92,0.20,0.05,XXX,33.4009
85130,Chromogenic substrate assay,X,0.00,0.00,0.00,XXX,33.4009
85170,Blood clot retraction,X,0.00,0.00,0.00,XXX,33.4009
85175,Blood clot lysis time,X,0.00,0.00,0.00,XXX,33.4009
85210,Clot factor ii prothrom spec,X,0.00,0.00,0.00,XXX,33.4009
85220,Blooc clot factor v test,X,0.00,0.00,0.00,XXX,33.4009
85230,Clot factor vii proconvertin,X,0.00,0.00,0.00,XXX,33.4009
85240,Clot factor viii ahg 1 stage,X,0.00,0.00,0.00,XXX,33.4009
85244,Clot factor viii reltd antgn,X,0.00,0.00,0.00,XXX,33.4009
85245,Clot factor viii vw ristoctn,X,0.00,0.00,0.00,XXX,33.4009
85246,Clot factor viii vw antigen,X,0.00,0.00,0.00,XXX,33.4009
85247,Clot factor viii multimetric,X,0.00,0.00,0.00,XXX,33.4009
85250,Clot factor ix ptc/chrstmas,X,0.00,0.00,0.00,XXX,33.4009
85260,Clot factor x stuart-power,X,0.00,0.00,0.00,XXX,33.4009
85270,Clot factor xi pta,X,0.00,0.00,0.00,XXX,33.4009
85280,Clot factor xii hageman,X,0.00,0.00,0.00,XXX,33.4009
85290,Clot factor xiii fibrin stab,X,0.00,0.00,0.00,XXX,33.4009
85291,Clot factor xiii fibrin scrn,X,0.00,0.00,0.00,XXX,33.4009
85292,Clot factor fletcher fact,X,0.00,0.00,0.00,XXX,33.4009
85293,Clot factor wght kininogen,X,0.00,0.00,0.00,XXX,33.4009
85300,Antithrombin iii activity,X,0.00,0.00,0.00,XXX,33.4009
85301,Antithrombin iii antigen,X,0.00,0.00,0.00,XXX,33.4009
85302,Clot inhibit prot c antigen,X,0.00,0.00,0.00,XXX,33.4009
85303,Clot inhibit prot c activity,X,0.00,0.00,0.00,XXX,33.4009
85305,Clot inhibit prot s total,X,0.00,0.00,0.00,XXX,33.4009
85306,Clot inhibit prot s free,X,0.00,0.00,0.00,XXX,33.4009
85307,Assay activated protein c,X,0.00,0.00,0.00,XXX,33.4009
85335,Factor inhibitor test,X,0.00,0.00,0.00,XXX,33.4009
85337,Thrombomodulin,X,0.00,0.00,0.00,XXX,33.4009
85345,Coagulation time lee & white,X,0.00,0.00,0.00,XXX,33.4009
85347,Coagulation time activated,X,0.00,0.00,0.00,XXX,33.4009
85348,Coagulation time otr method,X,0.00,0.00,0.00,XXX,33.4009
85360,Euglobulin lysis,X,0.00,0.00,0.00,XXX,33.4009
85362,Fibrin degradation products,X,0.00,0.00,0.00,XXX,33.4009
85366,Fibrinogen test,X,0.00,0.00,0.00,XXX,33.4009
85370,Fibrinogen test,X,0.00,0.00,0.00,XXX,33.4009
85378,Fibrin degrade semiquant,X,0.00,0.00,0.00,XXX,33.4009
85379,Fibrin degradation quant,X,0.00,0.00,0.00,XXX,33.4009
85380,Fibrin degradj d-dimer,X,0.00,0.00,0.00,XXX,33.4009
85384,Fibrinogen activity,X,0.00,0.00,0.00,XXX,33.4009
85385,Fibrinogen antigen,X,0.00,0.00,0.00,XXX,33.4009
85390,Fibrinolysins screen i&r,A,0.73,0.32,0.02,XXX,33.4009
85396,Clotting assay whole blood,A,0.36,0.09,0.02,XXX,33.4009
85397,Clotting funct activity,X,0.00,0.00,0.00,XXX,33.4009
85400,Fibrinolytic plasmin,X,0.00,0.00,0.00,XXX,33.4009
85410,Fibrinolytic antiplasmin,X,0.00,0.00,0.00,XXX,33.4009
85415,Fibrinolytic plasminogen,X,0.00,0.00,0.00,XXX,33.4009
85420,Fibrinolytic plasminogen,X,0.00,0.00,0.00,XXX,33.4009
85421,Fibrinolytic plasminogen,X,0.00,0.00,0.00,XXX,33.4009
85441,Heinz bodies direct,X,0.00,0.00,0.00,XXX,33.4009
85445,Heinz bodies induced,X,0.00,0.00,0.00,XXX,33.4009
85460,Hemoglobin fetal,X,0.00,0.00,0.00,XXX,33.4009
85461,Hemoglobin fetal,X,0.00,0.00,0.00,XXX,33.4009
85475,Hemolysin acid,X,0.00,0.00,0.00,XXX,33.4009
85520,Heparin assay,X,0.00,0.00,0.00,XXX,33.4009
85525,Heparin neutralization,X,0.00,0.00,0.00,XXX,33.4009
85530,Heparin-protamine tolerance,X,0.00,0.00,0.00,XXX,33.4009
85536,Iron stain peripheral blood,X,0.00,0.00,0.00,XXX,33.4009
85540,Wbc alkaline phosphatase,X,0.00,0.00,0.00,XXX,33.4009
85547,Rbc mechanical fragility,X,0.00,0.00,0.00,XXX,33.4009
85549,Muramidase,X,0.00,0.00,0.00,XXX,33.4009
85555,Rbc osmotic fragility,X,0.00,0.00,0.00,XXX,33.4009
85557,Rbc osmotic fragility,X,0.00,0.00,0.00,XXX,33.4009
85576,Blood platelet aggregation,A,0.36,0.16,0.01,XXX,33.4009
85597,Phospholipid pltlt neutraliz,X,0.00,0.00,0.00,XXX,33.4009
85598,Hexagnal phosph pltlt neutrl,X,0.00,0.00,0.00,XXX,33.4009
85611,Prothrombin test,X,0.00,0.00,0.00,XXX,33.4009
85612,Viper venom prothrombin time,X,0.00,0.00,0.00,XXX,33.4009
85613,Russell viper venom diluted,X,0.00,0.00,0.00,XXX,33.4009
85635,Reptilase test,X,0.00,0.00,0.00,XXX,33.4009
85651,Rbc sed rate nonautomated,X,0.00,0.00,0.00,XXX,33.4009
85652,Rbc sed rate automated,X,0.00,0.00,0.00,XXX,33.4009
85660,Rbc sickle cell test,X,0.00,0.00,0.00,XXX,33.4009
85670,Thrombin time plasma,X,0.00,0.00,0.00,XXX,33.4009
85675,Thrombin time titer,X,0.00,0.00,0.00,XXX,33.4009
85705,Thromboplastin inhibition,X,0.00,0.00,0.00,XXX,33.4009
85732,Thromboplastin time partial,X,0.00,0.00,0.00,XXX,33.4009
85810,Blood viscosity examination,X,0.00,0.00,0.00,XXX,33.4009
85999,Unlisted hematology&coagj px,X,0.00,0.00,0.00,XXX,33.4009
86000,Agglutinins febrile antigen,X,0.00,0.00,0.00,XXX,33.4009
86001,Allergen specific igg,X,0.00,0.00,0.00,XXX,33.4009
86005,Allg spec ige multiallg scr,X,0.00,0.00,0.00,XXX,33.4009
86008,Allg spec ige recomb ea,X,0.00,0.00,0.00,XXX,33.4009
86015,Actin antibody each,X,0.00,0.00,0.00,XXX,33.4009
86021,Wbc antibody identification,X,0.00,0.00,0.00,XXX,33.4009
86022,Platelet antibodies,X,0.00,0.00,0.00,XXX,33.4009
86023,Immunoglobulin assay,X,0.00,0.00,0.00,XXX,33.4009
86036,Anca screen each antibody,X,0.00,0.00,0.00,XXX,33.4009
86037,Anca titer each antibody,X,0.00,0.00,0.00,XXX,33.4009
86038,Antinuclear antibodies,X,0.00,0.00,0.00,XXX,33.4009
86039,Antinuclear antibodies (ana),X,0.00,0.00,0.00,XXX,33.4009
86041,Acetylcholn rcptr bndng antb,X,0.00,0.00,0.00,XXX,33.4009
86042,Acetylcholn rcptr blckg antb,X,0.00,0.00,0.00,XXX,33.4009
86043,Acetylcholn rcptr modlg antb,X,0.00,0.00,0.00,XXX,33.4009
86051,Aquaporin-4 antb elisa,X,0.00,0.00,0.00,XXX,33.4009
86052,Aquaporin-4 antb cba each,X,0.00,0.00,0.00,XXX,33.4009
86053,Aqaprn-4 antb flo cytmtry ea,X,0.00,0.00,0.00,XXX,33.4009
86060,Antistreptolysin o titer,X,0.00,0.00,0.00,XXX,33.4009
86063,Antistreptolysin o screen,X,0.00,0.00,0.00,XXX,33.4009
86077,Phys blood bank serv xmatch,A,0.92,0.22,0.05,XXX,33.4009
86078,Phys blood bank serv reactj,A,0.92,0.22,0.05,XXX,33.4009
86079,Phys blood bank serv authrj,A,0.92,0.21,0.05,XXX,33.4009
86140,C-reactive protein,X,0.00,0.00,0.00,XXX,33.4009
86141,C-reactive protein hs,X,0.00,0.00,0.00,XXX,33.4009
86146,Beta-2 glycoprotein antibody,X,0.00,0.00,0.00,XXX,33.4009
86147,Cardiolipin antibody ea ig,X,0.00,0.00,0.00,XXX,33.4009
86148,Anti-phospholipid antibody,X,0.00,0.00,0.00,XXX,33.4009
86152,Cell enumeration & id,X,0.00,0.00,0.00,XXX,33.4009
86153,Cell enumeration phys interp,A,0.67,0.30,0.02,XXX,33.4009
86155,Chemotaxis assay,X,0.00,0.00,0.00,XXX,33.4009
86156,Cold agglutinin screen,X,0.00,0.00,0.00,XXX,33.4009
86157,Cold agglutinin titer,X,0.00,0.00,0.00,XXX,33.4009
86160,Complement antigen,X,0.00,0.00,0.00,XXX,33.4009
86161,Complement/function activity,X,0.00,0.00,0.00,XXX,33.4009
86162,Complement total (ch50),X,0.00,0.00,0.00,XXX,33.4009
86171,Complement fixation each,X,0.00,0.00,0.00,XXX,33.4009
86215,Deoxyribonuclease antibody,X,0.00,0.00,0.00,XXX,33.4009
86225,Dna antibody native,X,0.00,0.00,0.00,XXX,33.4009
86226,Dna antibody single strand,X,0.00,0.00,0.00,XXX,33.4009
86231,Ema each ig class,X,0.00,0.00,0.00,XXX,33.4009
86255,Fluorescent antibody screen,A,0.36,0.16,0.01,XXX,33.4009
86256,Fluorescent antibody titer,A,0.36,0.16,0.01,XXX,33.4009
86258,Dgp antibody each ig class,X,0.00,0.00,0.00,XXX,33.4009
86277,Growth hormone antibody,X,0.00,0.00,0.00,XXX,33.4009
86280,Hemagglutination inhibition,X,0.00,0.00,0.00,XXX,33.4009
86294,Immunoassay tumor qual,X,0.00,0.00,0.00,XXX,33.4009
86300,Immunoassay tumor ca 15-3,X,0.00,0.00,0.00,XXX,33.4009
86301,Immunoassay tumor ca 19-9,X,0.00,0.00,0.00,XXX,33.4009
86304,Immunoassay tumor ca 125,X,0.00,0.00,0.00,XXX,33.4009
86305,Human epididymis protein 4,X,0.00,0.00,0.00,XXX,33.4009
86308,Heterophile antibody screen,X,0.00,0.00,0.00,XXX,33.4009
86309,Heterophile antibody titer,X,0.00,0.00,0.00,XXX,33.4009
86310,Heterophile antibody absrbj,X,0.00,0.00,0.00,XXX,33.4009
86316,Immunoassay tumor other,X,0.00,0.00,0.00,XXX,33.4009
86317,Immunoassay infectious agent,X,0.00,0.00,0.00,XXX,33.4009
86318,Ia infectious agent antibody,X,0.00,0.00,0.00,XXX,33.4009
86320,Serum immunoelectrophoresis,A,0.36,0.16,0.01,XXX,33.4009
86325,Other immunoelectrophoresis,A,0.36,0.16,0.01,XXX,33.4009
86328,Ia nfct ab sarscov2 covid19,X,0.00,0.00,0.00,XXX,33.4009
86329,Immunodiffusion nes,X,0.00,0.00,0.00,XXX,33.4009
86331,Immunodiffusion ouchterlony,X,0.00,0.00,0.00,XXX,33.4009
86332,Immune complex assay,X,0.00,0.00,0.00,XXX,33.4009
86334,Immunofix e-phoresis serum,A,0.36,0.16,0.01,XXX,33.4009
86335,Immunfix e-phorsis/urine/csf,A,0.36,0.16,0.01,XXX,33.4009
86336,Inhibin a,X,0.00,0.00,0.00,XXX,33.4009
86337,Insulin antibodies,X,0.00,0.00,0.00,XXX,33.4009
86340,Intrinsic factor antibody,X,0.00,0.00,0.00,XXX,33.4009
86341,Islet cell antibody,X,0.00,0.00,0.00,XXX,33.4009
86343,Leukocyte histamine release,X,0.00,0.00,0.00,XXX,33.4009
86344,Leukocyte phagocytosis,X,0.00,0.00,0.00,XXX,33.4009
86352,Cell function assay w/stim,X,0.00,0.00,0.00,XXX,33.4009
86353,Lymphocyte transformation,X,0.00,0.00,0.00,XXX,33.4009
86355,B cells total count,X,0.00,0.00,0.00,XXX,33.4009
86356,Mononuclear cell antigen,X,0.00,0.00,0.00,XXX,33.4009
86357,Nk cells total count,X,0.00,0.00,0.00,XXX,33.4009
86359,T cells total count,X,0.00,0.00,0.00,XXX,33.4009
86360,T cell absolute count/ratio,X,0.00,0.00,0.00,XXX,33.4009
86361,T cell absolute count,X,0.00,0.00,0.00,XXX,33.4009
86362,Mog-igg1 antb cba each,X,0.00,0.00,0.00,XXX,33.4009
86363,Mog-igg1 antb flo cytmtry ea,X,0.00,0.00,0.00,XXX,33.4009
86364,Tiss trnsgltmnase ea ig clas,X,0.00,0.00,0.00,XXX,33.4009
86366,Muscle-specific kinase antb,X,0.00,0.00,0.00,XXX,33.4009
86367,Stem cells total count,X,0.00,0.00,0.00,XXX,33.4009
86376,Microsomal antibody each,X,0.00,0.00,0.00,XXX,33.4009
86381,Mitochondrial antibody each,X,0.00,0.00,0.00,XXX,33.4009
86382,Neutralization test viral,X,0.00,0.00,0.00,XXX,33.4009
86384,Nitroblue tetrazolium dye,X,0.00,0.00,0.00,XXX,33.4009
86386,Nuclear matrix protein 22,X,0.00,0.00,0.00,XXX,33.4009
86403,Particle agglut antbdy scrn,X,0.00,0.00,0.00,XXX,33.4009
86406,Particle agglut antbdy titr,X,0.00,0.00,0.00,XXX,33.4009
86408,Neutrlzg antb sarscov2 scr,X,0.00,0.00,0.00,XXX,33.4009
86409,Neutrlzg antb sarscov2 titer,X,0.00,0.00,0.00,XXX,33.4009
86413,Sars-cov-2 antb quantitative,X,0.00,0.00,0.00,XXX,33.4009
86430,Rheumatoid factor test qual,X,0.00,0.00,0.00,XXX,33.4009
86431,Rheumatoid factor quant,X,0.00,0.00,0.00,XXX,33.4009
86480,Tb test cell immun measure,X,0.00,0.00,0.00,XXX,33.4009
86481,Tb ag response t-cell susp,X,0.00,0.00,0.00,XXX,33.4009
86485,Skin test candida,C,0.00,0.00,0.00,XXX,33.4009
86486,Skin test unlisted antign ea,A,0.00,0.19,0.01,XXX,33.4009
86510,Histoplasmosis skin test,A,0.00,0.24,0.01,XXX,33.4009
86580,Tb intradermal test,A,0.00,0.32,0.01,XXX,33.4009
86581,Strptcs pneum antb serot ia,X,0.00,0.00,0.00,XXX,33.4009
86590,Streptokinase antibody,X,0.00,0.00,0.00,XXX,33.4009
86592,Syphilis test non-trep qual,X,0.00,0.00,0.00,XXX,33.4009
86593,Syphilis test non-trep quant,X,0.00,0.00,0.00,XXX,33.4009
86596,Voltage-gtd ca chnl antb ea,X,0.00,0.00,0.00,XXX,33.4009
86602,Antinomyces antibody,X,0.00,0.00,0.00,XXX,33.4009
86603,Adenovirus antibody,X,0.00,0.00,0.00,XXX,33.4009
86606,Aspergillus antibody,X,0.00,0.00,0.00,XXX,33.4009
86609,Bacterium antibody,X,0.00,0.00,0.00,XXX,33.4009
86611,Bartonella antibody,X,0.00,0.00,0.00,XXX,33.4009
86612,Blastomyces antibody,X,0.00,0.00,0.00,XXX,33.4009
86615,Bordetella antibody,X,0.00,0.00,0.00,XXX,33.4009
86617,Lyme disease antibody,X,0.00,0.00,0.00,XXX,33.4009
86618,Lyme disease antibody,X,0.00,0.00,0.00,XXX,33.4009
86619,Borrelia antibody,X,0.00,0.00,0.00,XXX,33.4009
86622,Brucella antibody,X,0.00,0.00,0.00,XXX,33.4009
86625,Campylobacter antibody,X,0.00,0.00,0.00,XXX,33.4009
86628,Candida antibody,X,0.00,0.00,0.00,XXX,33.4009
86631,Chlamydia antibody,X,0.00,0.00,0.00,XXX,33.4009
86632,Chlamydia igm antibody,X,0.00,0.00,0.00,XXX,33.4009
86635,Coccidioides antibody,X,0.00,0.00,0.00,XXX,33.4009
86638,Q fever antibody,X,0.00,0.00,0.00,XXX,33.4009
86641,Cryptococcus antibody,X,0.00,0.00,0.00,XXX,33.4009
86644,Cmv antibody,X,0.00,0.00,0.00,XXX,33.4009
86645,Cmv antibody igm,X,0.00,0.00,0.00,XXX,33.4009
86648,Diphtheria antibody,X,0.00,0.00,0.00,XXX,33.4009
86651,Encephalitis californ antbdy,X,0.00,0.00,0.00,XXX,33.4009
86652,Encephaltis east eqne anbdy,X,0.00,0.00,0.00,XXX,33.4009
86653,Encephaltis st louis antbody,X,0.00,0.00,0.00,XXX,33.4009
86654,Encephaltis west eqne antbdy,X,0.00,0.00,0.00,XXX,33.4009
86658,Enterovirus antibody,X,0.00,0.00,0.00,XXX,33.4009
86663,Epstein-barr antibody,X,0.00,0.00,0.00,XXX,33.4009
86664,Epstein-barr nuclear antigen,X,0.00,0.00,0.00,XXX,33.4009
86665,Epstein-barr capsid vca,X,0.00,0.00,0.00,XXX,33.4009
86666,Ehrlichia antibody,X,0.00,0.00,0.00,XXX,33.4009
86668,Francisella tularensis,X,0.00,0.00,0.00,XXX,33.4009
86671,Fungus nes antibody,X,0.00,0.00,0.00,XXX,33.4009
86674,Giardia lamblia antibody,X,0.00,0.00,0.00,XXX,33.4009
86677,Helicobacter pylori antibody,X,0.00,0.00,0.00,XXX,33.4009
86682,Helminth antibody,X,0.00,0.00,0.00,XXX,33.4009
86684,Hemophilus influenza antibdy,X,0.00,0.00,0.00,XXX,33.4009
86687,Htlv-i antibody,X,0.00,0.00,0.00,XXX,33.4009
86688,Htlv-ii antibody,X,0.00,0.00,0.00,XXX,33.4009
86689,Htlv/hiv confirmj antibody,X,0.00,0.00,0.00,XXX,33.4009
86692,Hepatitis delta agent antbdy,X,0.00,0.00,0.00,XXX,33.4009
86694,Herpes simplex nes antbdy,X,0.00,0.00,0.00,XXX,33.4009
86695,Herpes simplex type 1 test,X,0.00,0.00,0.00,XXX,33.4009
86696,Herpes simplex type 2 test,X,0.00,0.00,0.00,XXX,33.4009
86698,Histoplasma antibody,X,0.00,0.00,0.00,XXX,33.4009
86701,Hiv-1antibody,X,0.00,0.00,0.00,XXX,33.4009
86702,Hiv-2 antibody,X,0.00,0.00,0.00,XXX,33.4009
86703,Hiv-1/hiv-2 1 result antbdy,X,0.00,0.00,0.00,XXX,33.4009
86704,Hep b core antibody total,X,0.00,0.00,0.00,XXX,33.4009
86705,Hep b core antibody igm,X,0.00,0.00,0.00,XXX,33.4009
86706,Hep b surface antibody,X,0.00,0.00,0.00,XXX,33.4009
86707,Hepatitis be antibody,X,0.00,0.00,0.00,XXX,33.4009
86708,Hepatitis a antibody,X,0.00,0.00,0.00,XXX,33.4009
86709,Hepatitis a igm antibody,X,0.00,0.00,0.00,XXX,33.4009
86710,Influenza virus antibody,X,0.00,0.00,0.00,XXX,33.4009
86711,John cunningham antibody,X,0.00,0.00,0.00,XXX,33.4009
86713,Legionella antibody,X,0.00,0.00,0.00,XXX,33.4009
86717,Leishmania antibody,X,0.00,0.00,0.00,XXX,33.4009
86720,Leptospira antibody,X,0.00,0.00,0.00,XXX,33.4009
86723,Listeria monocytogenes,X,0.00,0.00,0.00,XXX,33.4009
86727,Lymph choriomeningitis ab,X,0.00,0.00,0.00,XXX,33.4009
86732,Mucormycosis antibody,X,0.00,0.00,0.00,XXX,33.4009
86735,Mumps antibody,X,0.00,0.00,0.00,XXX,33.4009
86738,Mycoplasma antibody,X,0.00,0.00,0.00,XXX,33.4009
86741,Neisseria meningitidis,X,0.00,0.00,0.00,XXX,33.4009
86744,Nocardia antibody,X,0.00,0.00,0.00,XXX,33.4009
86747,Parvovirus antibody,X,0.00,0.00,0.00,XXX,33.4009
86750,Malaria antibody,X,0.00,0.00,0.00,XXX,33.4009
86753,Protozoa antibody nos,X,0.00,0.00,0.00,XXX,33.4009
86756,Respiratory virus antibody,X,0.00,0.00,0.00,XXX,33.4009
86757,Rickettsia antibody,X,0.00,0.00,0.00,XXX,33.4009
86759,Rotavirus antibody,X,0.00,0.00,0.00,XXX,33.4009
86762,Rubella antibody,X,0.00,0.00,0.00,XXX,33.4009
86765,Rubeola antibody,X,0.00,0.00,0.00,XXX,33.4009
86768,Salmonella antibody,X,0.00,0.00,0.00,XXX,33.4009
86769,Sars-cov-2 covid-19 antibody,X,0.00,0.00,0.00,XXX,33.4009
86771,Shigella antibody,X,0.00,0.00,0.00,XXX,33.4009
86774,Tetanus antibody,X,0.00,0.00,0.00,XXX,33.4009
86777,Toxoplasma antibody,X,0.00,0.00,0.00,XXX,33.4009
86778,Toxoplasma antibody igm,X,0.00,0.00,0.00,XXX,33.4009
86784,Trichinella antibody,X,0.00,0.00,0.00,XXX,33.4009
86787,Varicella-zoster antibody,X,0.00,0.00,0.00,XXX,33.4009
86788,West nile virus ab igm,X,0.00,0.00,0.00,XXX,33.4009
86789,West nile virus antibody,X,0.00,0.00,0.00,XXX,33.4009
86790,Virus antibody nos,X,0.00,0.00,0.00,XXX,33.4009
86793,Yersinia antibody,X,0.00,0.00,0.00,XXX,33.4009
86794,Zika virus igm antibody,X,0.00,0.00,0.00,XXX,33.4009
86800,Thyroglobulin antibody,X,0.00,0.00,0.00,XXX,33.4009
86804,Hep c ab test confirm,X,0.00,0.00,0.00,XXX,33.4009
86805,Lymphocytotoxicity assay,X,0.00,0.00,0.00,XXX,33.4009
86806,Lymphocytotoxicity assay,X,0.00,0.00,0.00,XXX,33.4009
86807,Cytotoxic antibody screening,X,0.00,0.00,0.00,XXX,33.4009
86808,Cytotoxic antibody screening,X,0.00,0.00,0.00,XXX,33.4009
86812,Hla typing a b or c,X,0.00,0.00,0.00,XXX,33.4009
86813,Hla typing a b or c,X,0.00,0.00,0.00,XXX,33.4009
86816,Hla typing dr/dq,X,0.00,0.00,0.00,XXX,33.4009
86817,Hla typing dr/dq,X,0.00,0.00,0.00,XXX,33.4009
86821,Lymphocyte culture mixed,X,0.00,0.00,0.00,XXX,33.4009
86825,Hla x-math non-cytotoxic,X,0.00,0.00,0.00,XXX,33.4009
86826,Hla x-match noncytotoxc addl,X,0.00,0.00,0.00,XXX,33.4009
86828,Hla class i&ii antibody qual,X,0.00,0.00,0.00,XXX,33.4009
86829,Hla class i/ii antibody qual,X,0.00,0.00,0.00,XXX,33.4009
86830,Hla class i phenotype qual,X,0.00,0.00,0.00,XXX,33.4009
86831,Hla class ii phenotype qual,X,0.00,0.00,0.00,XXX,33.4009
86832,Hla class i high defin qual,X,0.00,0.00,0.00,XXX,33.4009
86833,Hla class ii high defin qual,X,0.00,0.00,0.00,XXX,33.4009
86834,Hla class i semiquant panel,X,0.00,0.00,0.00,XXX,33.4009
86835,Hla class ii semiquant panel,X,0.00,0.00,0.00,XXX,33.4009
86849,Immunology procedure,X,0.00,0.00,0.00,XXX,33.4009
86860,Rbc antibody elution,X,0.00,0.00,0.00,XXX,33.4009
86870,Rbc antibody identification,X,0.00,0.00,0.00,XXX,33.4009
86880,Coombs test direct,X,0.00,0.00,0.00,XXX,33.4009
86885,Coombs test indirect qual,X,0.00,0.00,0.00,XXX,33.4009
86886,Coombs test indirect titer,X,0.00,0.00,0.00,XXX,33.4009
86890,Autologous blood process,X,0.00,0.00,0.00,XXX,33.4009
86891,Autologous blood op salvage,X,0.00,0.00,0.00,XXX,33.4009
86902,Blood type antigen donor ea,X,0.00,0.00,0.00,XXX,33.4009
86904,Blood typing patient serum,X,0.00,0.00,0.00,XXX,33.4009
86905,Blood typing rbc antigens,X,0.00,0.00,0.00,XXX,33.4009
86906,Bld typing serologic rh phnt,X,0.00,0.00,0.00,XXX,33.4009
86910,Blood typing paternity test,N,0.00,0.00,0.00,XXX,33.4009
86911,Blood typing antigen system,N,0.00,0.00,0.00,XXX,33.4009
86920,Compatibility test spin,X,0.00,0.00,0.00,XXX,33.4009
86921,Compatibility test incubate,X,0.00,0.00,0.00,XXX,33.4009
86922,Compatibility test antiglob,X,0.00,0.00,0.00,XXX,33.4009
86923,Compatibility test electric,X,0.00,0.00,0.00,XXX,33.4009
86927,Plasma fresh frozen,X,0.00,0.00,0.00,XXX,33.4009
86930,Frozen blood prep,X,0.00,0.00,0.00,XXX,33.4009
86931,Frozen blood thaw,X,0.00,0.00,0.00,XXX,33.4009
86932,Frozen blood freeze/thaw,X,0.00,0.00,0.00,XXX,33.4009
86940,Hemolysins/agglutinins auto,X,0.00,0.00,0.00,XXX,33.4009
86941,Hemolysins/agglutinins,X,0.00,0.00,0.00,XXX,33.4009
86945,Blood product/irradiation,X,0.00,0.00,0.00,XXX,33.4009
86950,Leukacyte transfusion,X,0.00,0.00,0.00,XXX,33.4009
86960,Vol reduction of blood/prod,X,0.00,0.00,0.00,XXX,33.4009
86965,Pooling blood platelets,X,0.00,0.00,0.00,XXX,33.4009
86970,Rbc pretx incubatj w/chemicl,X,0.00,0.00,0.00,XXX,33.4009
86971,Rbc pretx incubatj w/enzymes,X,0.00,0.00,0.00,XXX,33.4009
86972,Rbc pretx incubatj w/density,X,0.00,0.00,0.00,XXX,33.4009
86975,Rbc serum pretx incubj drugs,X,0.00,0.00,0.00,XXX,33.4009
86976,Rbc serum pretx id dilution,X,0.00,0.00,0.00,XXX,33.4009
86977,Rbc serum pretx incubj/inhib,X,0.00,0.00,0.00,XXX,33.4009
86978,Rbc pretreatment serum,X,0.00,0.00,0.00,XXX,33.4009
86985,Split blood or products,X,0.00,0.00,0.00,XXX,33.4009
86999,Unlisted transfusion med px,X,0.00,0.00,0.00,XXX,33.4009
87003,Small animal inoculation,X,0.00,0.00,0.00,XXX,33.4009
87015,Specimen infect agnt concntj,X,0.00,0.00,0.00,XXX,33.4009
87040,Blood culture for bacteria,X,0.00,0.00,0.00,XXX,33.4009
87045,Feces culture aerobic bact,X,0.00,0.00,0.00,XXX,33.4009
87046,Stool cultr aerobic bact ea,X,0.00,0.00,0.00,XXX,33.4009
87071,Culture aerobic quant other,X,0.00,0.00,0.00,XXX,33.4009
87073,Culture bacteria anaerobic,X,0.00,0.00,0.00,XXX,33.4009
87075,Cultr bacteria except blood,X,0.00,0.00,0.00,XXX,33.4009
87076,Culture anaerobe ident each,X,0.00,0.00,0.00,XXX,33.4009
87077,Culture aerobic identify,X,0.00,0.00,0.00,XXX,33.4009
87084,Culture of specimen by kit,X,0.00,0.00,0.00,XXX,33.4009
87088,Urine bacteria culture,X,0.00,0.00,0.00,XXX,33.4009
87101,Skin fungi culture,X,0.00,0.00,0.00,XXX,33.4009
87102,Fungus isolation culture,X,0.00,0.00,0.00,XXX,33.4009
87103,Blood fungus culture,X,0.00,0.00,0.00,XXX,33.4009
87106,Fungi identification yeast,X,0.00,0.00,0.00,XXX,33.4009
87107,Fungi identification mold,X,0.00,0.00,0.00,XXX,33.4009
87109,Mycoplasma,X,0.00,0.00,0.00,XXX,33.4009
87110,Chlamydia culture,X,0.00,0.00,0.00,XXX,33.4009
87116,Mycobacteria culture,X,0.00,0.00,0.00,XXX,33.4009
87118,Mycobacteric identification,X,0.00,0.00,0.00,XXX,33.4009
87140,Culture type immunofluoresc,X,0.00,0.00,0.00,XXX,33.4009
87143,Culture typing glc/hplc,X,0.00,0.00,0.00,XXX,33.4009
87147,Culture type immunologic,X,0.00,0.00,0.00,XXX,33.4009
87149,Dna/rna direct probe,X,0.00,0.00,0.00,XXX,33.4009
87150,Dna/rna amplified probe,X,0.00,0.00,0.00,XXX,33.4009
87152,Culture type pulse field gel,X,0.00,0.00,0.00,XXX,33.4009
87153,Dna/rna sequencing,X,0.00,0.00,0.00,XXX,33.4009
87154,Cul typ id bld pthgn 6+ trgt,X,0.00,0.00,0.00,XXX,33.4009
87158,Culture typing added method,X,0.00,0.00,0.00,XXX,33.4009
87164,Dark field exam spec collj,A,0.36,0.17,0.01,XXX,33.4009
87166,Dark field exam w/o collj,X,0.00,0.00,0.00,XXX,33.4009
87168,Macroscopic exam arthropod,X,0.00,0.00,0.00,XXX,33.4009
87169,Macroscopic exam parasite,X,0.00,0.00,0.00,XXX,33.4009
87172,Pinworm exam,X,0.00,0.00,0.00,XXX,33.4009
87176,Tissue homogenization cultr,X,0.00,0.00,0.00,XXX,33.4009
87177,Ova and parasites smears,X,0.00,0.00,0.00,XXX,33.4009
87181,Sc std agar dilution per agt,X,0.00,0.00,0.00,XXX,33.4009
87182,Sc std carbapenemase nzm det,X,0.00,0.00,0.00,XXX,33.4009
87183,Sc std carbapenem resist gen,X,0.00,0.00,0.00,XXX,33.4009
87184,Sc std disk method per plate,X,0.00,0.00,0.00,XXX,33.4009
87185,Sc std enzyme detcj per nzm,X,0.00,0.00,0.00,XXX,33.4009
87186,Sc std microdil/agar dil,X,0.00,0.00,0.00,XXX,33.4009
87187,Sc std microdil/agar mlc,X,0.00,0.00,0.00,XXX,33.4009
87188,Sc std macrobroth dil meth,X,0.00,0.00,0.00,XXX,33.4009
87190,Sc std myobacteria prop meth,X,0.00,0.00,0.00,XXX,33.4009
87197,Serum bactericidal titer,X,0.00,0.00,0.00,XXX,33.4009
87205,Smear gram stain,X,0.00,0.00,0.00,XXX,33.4009
87206,Smear fluorescent/acid stai,X,0.00,0.00,0.00,XXX,33.4009
87207,Smear special stain,A,0.36,0.16,0.01,XXX,33.4009
87209,Smear complex stain,X,0.00,0.00,0.00,XXX,33.4009
87210,Smear wet mount saline/ink,X,0.00,0.00,0.00,XXX,33.4009
87220,Tissue exam for fungi,X,0.00,0.00,0.00,XXX,33.4009
87230,Toxin/antitoxin asy tiss cul,X,0.00,0.00,0.00,XXX,33.4009
87250,Virus inoculate eggs/animal,X,0.00,0.00,0.00,XXX,33.4009
87252,Virus inoculation tissue,X,0.00,0.00,0.00,XXX,33.4009
87253,Virus inoculate tissue addl,X,0.00,0.00,0.00,XXX,33.4009
87254,Virus inoculation shell via,X,0.00,0.00,0.00,XXX,33.4009
87255,Genet virus isolate hsv,X,0.00,0.00,0.00,XXX,33.4009
87260,Adenovirus ag if,X,0.00,0.00,0.00,XXX,33.4009
87265,Pertussis ag if,X,0.00,0.00,0.00,XXX,33.4009
87267,Enterovirus antibody dfa,X,0.00,0.00,0.00,XXX,33.4009
87269,Giardia ag if,X,0.00,0.00,0.00,XXX,33.4009
87270,Chlamydia trachomatis ag if,X,0.00,0.00,0.00,XXX,33.4009
87271,Cytomegalovirus dfa,X,0.00,0.00,0.00,XXX,33.4009
87272,Cryptosporidium ag if,X,0.00,0.00,0.00,XXX,33.4009
87273,Herpes simplex 2 ag if,X,0.00,0.00,0.00,XXX,33.4009
87274,Herpes simplex 1 ag if,X,0.00,0.00,0.00,XXX,33.4009
87275,Influenza b ag if,X,0.00,0.00,0.00,XXX,33.4009
87276,Influenza a ag if,X,0.00,0.00,0.00,XXX,33.4009
87278,Legion pneumophilia ag if,X,0.00,0.00,0.00,XXX,33.4009
87279,Parainfluenza ag if,X,0.00,0.00,0.00,XXX,33.4009
87280,Respiratory syncytial ag if,X,0.00,0.00,0.00,XXX,33.4009
87281,Pneumocystis carinii ag if,X,0.00,0.00,0.00,XXX,33.4009
87283,Rubeola ag if,X,0.00,0.00,0.00,XXX,33.4009
87285,Treponema pallidum ag if,X,0.00,0.00,0.00,XXX,33.4009
87290,Varicella zoster ag if,X,0.00,0.00,0.00,XXX,33.4009
87299,Antibody detection nos if,X,0.00,0.00,0.00,XXX,33.4009
87300,Ag detection polyval if,X,0.00,0.00,0.00,XXX,33.4009
87301,Adenovirus ag ia,X,0.00,0.00,0.00,XXX,33.4009
87305,Aspergillus ag ia,X,0.00,0.00,0.00,XXX,33.4009
87320,Chlmyd trach ag ia,X,0.00,0.00,0.00,XXX,33.4009
87324,Clostridium ag ia,X,0.00,0.00,0.00,XXX,33.4009
87327,Cryptococcus neoform ag ia,X,0.00,0.00,0.00,XXX,33.4009
87328,Cryptosporidium ag ia,X,0.00,0.00,0.00,XXX,33.4009
87329,Giardia ag ia,X,0.00,0.00,0.00,XXX,33.4009
87332,Cytomegalovirus ag ia,X,0.00,0.00,0.00,XXX,33.4009
87335,E coli 0157 ag ia,X,0.00,0.00,0.00,XXX,33.4009
87336,Entamoeb hist dispr ag ia,X,0.00,0.00,0.00,XXX,33.4009
87337,Entamoeb hist group ag ia,X,0.00,0.00,0.00,XXX,33.4009
87338,Hpylori stool ag ia,X,0.00,0.00,0.00,XXX,33.4009
87339,H pylori ag ia,X,0.00,0.00,0.00,XXX,33.4009
87341,Hep b surface ag neutrlzj ia,X,0.00,0.00,0.00,XXX,33.4009
87350,Hepatitis be ag ia,X,0.00,0.00,0.00,XXX,33.4009
87380,Hepatitis delta agent ag ia,X,0.00,0.00,0.00,XXX,33.4009
87385,Histoplasma capsul ag ia,X,0.00,0.00,0.00,XXX,33.4009
87390,Hiv-1 ag ia,X,0.00,0.00,0.00,XXX,33.4009
87391,Hiv-2 ag ia,X,0.00,0.00,0.00,XXX,33.4009
87400,Influenza a/b each ag ia,X,0.00,0.00,0.00,XXX,33.4009
87420,Resp syncytial virus ag ia,X,0.00,0.00,0.00,XXX,33.4009
87425,Rotavirus ag ia,X,0.00,0.00,0.00,XXX,33.4009
87426,Sarscov coronavirus ag ia,X,0.00,0.00,0.00,XXX,33.4009
87427,Shiga-like toxin ag ia,X,0.00,0.00,0.00,XXX,33.4009
87428,Sarscov & inf vir a&b ag ia,X,0.00,0.00,0.00,XXX,33.4009
87430,Strep a ag ia,X,0.00,0.00,0.00,XXX,33.4009
87449,Nos each organism ag ia,X,0.00,0.00,0.00,XXX,33.4009
87451,Polyvalent mult org ea ag ia,X,0.00,0.00,0.00,XXX,33.4009
87467,Hepatitis b surface ag quan,X,0.00,0.00,0.00,XXX,33.4009
87468,Anaplsma phgcytophlm amp prb,X,0.00,0.00,0.00,XXX,33.4009
87469,Babesia microti amp prb,X,0.00,0.00,0.00,XXX,33.4009
87471,Bartonella dna amp probe,X,0.00,0.00,0.00,XXX,33.4009
87472,Bartonella dna quant,X,0.00,0.00,0.00,XXX,33.4009
87475,Lyme dis dna dir probe,X,0.00,0.00,0.00,XXX,33.4009
87476,Lyme dis dna amp probe,X,0.00,0.00,0.00,XXX,33.4009
87478,Borrelia miyamotoi amp prb,X,0.00,0.00,0.00,XXX,33.4009
87480,Candida dna dir probe,X,0.00,0.00,0.00,XXX,33.4009
87481,Candida dna amp probe,X,0.00,0.00,0.00,XXX,33.4009
87482,Candida dna quant,X,0.00,0.00,0.00,XXX,33.4009
87483,Cns dna amp probe type 12-25,X,0.00,0.00,0.00,XXX,33.4009
87484,Ehrlicha chaffeensis amp prb,X,0.00,0.00,0.00,XXX,33.4009
87485,Chlmyd pneum dna dir probe,X,0.00,0.00,0.00,XXX,33.4009
87486,Chlmyd pneum dna amp probe,X,0.00,0.00,0.00,XXX,33.4009
87487,Chlmyd pneum dna quant,X,0.00,0.00,0.00,XXX,33.4009
87490,Chlmyd trach dna dir probe,X,0.00,0.00,0.00,XXX,33.4009
87492,Chlmyd trach dna quant,X,0.00,0.00,0.00,XXX,33.4009
87493,C diff amplified probe,X,0.00,0.00,0.00,XXX,33.4009
87494,Chlmy trch&neisra gonor mult,X,0.00,0.00,0.00,XXX,33.4009
87495,Cytomeg dna dir probe,X,0.00,0.00,0.00,XXX,33.4009
87496,Cytomeg dna amp probe,X,0.00,0.00,0.00,XXX,33.4009
87497,Cytomeg dna quant,X,0.00,0.00,0.00,XXX,33.4009
87498,Enterovirus probe&revrs trns,X,0.00,0.00,0.00,XXX,33.4009
87500,Vanomycin dna amp probe,X,0.00,0.00,0.00,XXX,33.4009
87501,Influenza dna amp prob 1+,X,0.00,0.00,0.00,XXX,33.4009
87502,Influenza dna amp probe,X,0.00,0.00,0.00,XXX,33.4009
87503,Influenza dna amp prob addl,X,0.00,0.00,0.00,XXX,33.4009
87505,Nfct agent detection gi,X,0.00,0.00,0.00,XXX,33.4009
87506,Iadna-dna/rna probe tq 6-11,X,0.00,0.00,0.00,XXX,33.4009
87507,Iadna-dna/rna probe tq 12-25,X,0.00,0.00,0.00,XXX,33.4009
87510,Gardner vag dna dir probe,X,0.00,0.00,0.00,XXX,33.4009
87511,Gardner vag dna amp probe,X,0.00,0.00,0.00,XXX,33.4009
87512,Gardner vag dna quant,X,0.00,0.00,0.00,XXX,33.4009
87513,H pylri clrthmcn rst amp prb,X,0.00,0.00,0.00,XXX,33.4009
87516,Hepatitis b dna amp probe,X,0.00,0.00,0.00,XXX,33.4009
87517,Hepatitis b dna quant,X,0.00,0.00,0.00,XXX,33.4009
87520,Hepatitis c rna dir probe,X,0.00,0.00,0.00,XXX,33.4009
87521,Hepatitis c probe&rvrs trnsc,X,0.00,0.00,0.00,XXX,33.4009
87522,Hepatitis c revrs trnscrpj,X,0.00,0.00,0.00,XXX,33.4009
87523,Hepatitis d quantification,X,0.00,0.00,0.00,XXX,33.4009
87525,Hepatitis g dna dir probe,X,0.00,0.00,0.00,XXX,33.4009
87526,Hepatitis g dna amp probe,X,0.00,0.00,0.00,XXX,33.4009
87527,Hepatitis g dna quant,X,0.00,0.00,0.00,XXX,33.4009
87528,Hsv dna dir probe,X,0.00,0.00,0.00,XXX,33.4009
87529,Hsv dna amp probe,X,0.00,0.00,0.00,XXX,33.4009
87530,Hsv dna quant,X,0.00,0.00,0.00,XXX,33.4009
87531,Hhv-6 dna dir probe,X,0.00,0.00,0.00,XXX,33.4009
87532,Hhv-6 dna amp probe,X,0.00,0.00,0.00,XXX,33.4009
87533,Hhv-6 dna quant,X,0.00,0.00,0.00,XXX,33.4009
87534,Hiv-1 dna dir probe,X,0.00,0.00,0.00,XXX,33.4009
87535,Hiv-1 probe&reverse trnscrpj,X,0.00,0.00,0.00,XXX,33.4009
87536,Hiv-1 quant&revrse trnscrpj,X,0.00,0.00,0.00,XXX,33.4009
87537,Hiv-2 dna dir probe,X,0.00,0.00,0.00,XXX,33.4009
87538,Hiv-2 probe&revrse trnscripj,X,0.00,0.00,0.00,XXX,33.4009
87539,Hiv-2 quant&revrse trnscripj,X,0.00,0.00,0.00,XXX,33.4009
87540,Legion pneumo dna dir prob,X,0.00,0.00,0.00,XXX,33.4009
87541,Legion pneumo dna amp prob,X,0.00,0.00,0.00,XXX,33.4009
87542,Legion pneumo dna quant,X,0.00,0.00,0.00,XXX,33.4009
87550,Mycobacteria dna dir probe,X,0.00,0.00,0.00,XXX,33.4009
87551,Mycobacteria dna amp probe,X,0.00,0.00,0.00,XXX,33.4009
87552,Mycobacteria dna quant,X,0.00,0.00,0.00,XXX,33.4009
87555,M.tuberculo dna dir probe,X,0.00,0.00,0.00,XXX,33.4009
87556,M.tuberculo dna amp probe,X,0.00,0.00,0.00,XXX,33.4009
87557,M.tuberculo dna quant,X,0.00,0.00,0.00,XXX,33.4009
87560,M.avium-intra dna dir prob,X,0.00,0.00,0.00,XXX,33.4009
87561,M.avium-intra dna amp prob,X,0.00,0.00,0.00,XXX,33.4009
87562,M.avium-intra dna quant,X,0.00,0.00,0.00,XXX,33.4009
87563,M. genitalium amp probe,X,0.00,0.00,0.00,XXX,33.4009
87564,Mtb rifampin rst amp prb tq,X,0.00,0.00,0.00,XXX,33.4009
87580,M.pneumon dna dir probe,X,0.00,0.00,0.00,XXX,33.4009
87581,M.pneumon dna amp probe,X,0.00,0.00,0.00,XXX,33.4009
87582,M.pneumon dna quant,X,0.00,0.00,0.00,XXX,33.4009
87590,N.gonorrhoeae dna dir prob,X,0.00,0.00,0.00,XXX,33.4009
87592,N.gonorrhoeae dna quant,X,0.00,0.00,0.00,XXX,33.4009
87593,Orthopoxvirus amp prb each,X,0.00,0.00,0.00,XXX,33.4009
87594,Pneumcysts jirovecii amp prb,X,0.00,0.00,0.00,XXX,33.4009
87623,Hpv low-risk types,X,0.00,0.00,0.00,XXX,33.4009
87624,Hpv hi-risk typ pooled rslt,X,0.00,0.00,0.00,XXX,33.4009
87625,Hpv types 16 & 18 only,X,0.00,0.00,0.00,XXX,33.4009
87626,Hpv sep hi-rsk typ&pool rslt,X,0.00,0.00,0.00,XXX,33.4009
87627,Jt spc pthgn&rx rsist gen26+,X,0.00,0.00,0.00,XXX,33.4009
87631,Resp virus 3-5 targets,X,0.00,0.00,0.00,XXX,33.4009
87632,Resp virus 6-11 targets,X,0.00,0.00,0.00,XXX,33.4009
87633,Resp virus 12-25 targets,X,0.00,0.00,0.00,XXX,33.4009
87634,Rsv dna/rna amp probe,X,0.00,0.00,0.00,XXX,33.4009
87635,Sars-cov-2 covid-19 amp prb,X,0.00,0.00,0.00,XXX,33.4009
87636,Sarscov2 & inf a&b amp prb,X,0.00,0.00,0.00,XXX,33.4009
87637,Sarscov2&inf a&b&rsv amp prb,X,0.00,0.00,0.00,XXX,33.4009
87640,Staph a dna amp probe,X,0.00,0.00,0.00,XXX,33.4009
87641,Mr-staph dna amp probe,X,0.00,0.00,0.00,XXX,33.4009
87650,Strep a dna dir probe,X,0.00,0.00,0.00,XXX,33.4009
87651,Strep a dna amp probe,X,0.00,0.00,0.00,XXX,33.4009
87652,Strep a dna quant,X,0.00,0.00,0.00,XXX,33.4009
87653,Strep b dna amp probe,X,0.00,0.00,0.00,XXX,33.4009
87660,Trichomonas vagin dir probe,X,0.00,0.00,0.00,XXX,33.4009
87661,Trichomonas vaginalis amplif,X,0.00,0.00,0.00,XXX,33.4009
87662,Zika virus dna/rna amp probe,X,0.00,0.00,0.00,XXX,33.4009
87797,Detect agent nos dna dir,X,0.00,0.00,0.00,XXX,33.4009
87798,Detect agent nos dna amp,X,0.00,0.00,0.00,XXX,33.4009
87799,Detect agent nos dna quant,X,0.00,0.00,0.00,XXX,33.4009
87800,Detect agnt mult dna direc,X,0.00,0.00,0.00,XXX,33.4009
87801,Detect agnt mult dna ampli,X,0.00,0.00,0.00,XXX,33.4009
87802,Strep b assay w/optic,X,0.00,0.00,0.00,XXX,33.4009
87803,Clostridium toxin a w/optic,X,0.00,0.00,0.00,XXX,33.4009
87804,Influenza assay w/optic,X,0.00,0.00,0.00,XXX,33.4009
87806,Hiv ag w/hiv1&2 antb w/optic,X,0.00,0.00,0.00,XXX,33.4009
87807,Rsv assay w/optic,X,0.00,0.00,0.00,XXX,33.4009
87808,Trichomonas assay w/optic,X,0.00,0.00,0.00,XXX,33.4009
87809,Adenovirus assay w/optic,X,0.00,0.00,0.00,XXX,33.4009
87810,Chlmyd trach assay w/optic,X,0.00,0.00,0.00,XXX,33.4009
87811,Sars-cov-2 covid19 w/optic,X,0.00,0.00,0.00,XXX,33.4009
87812,Sarscov2&inf typ a&b w/optic,X,0.00,0.00,0.00,XXX,33.4009
87850,N. gonorrhoeae assay w/optic,X,0.00,0.00,0.00,XXX,33.4009
87880,Strep a assay w/optic,X,0.00,0.00,0.00,XXX,33.4009
87899,Agent nos assay w/optic,X,0.00,0.00,0.00,XXX,33.4009
87900,Phenotype infect agent drug,X,0.00,0.00,0.00,XXX,33.4009
87901,Nfct agt gntyp alys hiv1 rev,X,0.00,0.00,0.00,XXX,33.4009
87902,Nfct agt gntyp alys hep c,X,0.00,0.00,0.00,XXX,33.4009
87903,Phenotype dna hiv w/culture,X,0.00,0.00,0.00,XXX,33.4009
87904,Phenotype dna hiv w/clt add,X,0.00,0.00,0.00,XXX,33.4009
87905,Ia nzmtc actv oth/thn virus,X,0.00,0.00,0.00,XXX,33.4009
87906,Nfct agt gntyp alys hiv1,X,0.00,0.00,0.00,XXX,33.4009
87910,Nfct agt gntyp alys cmv,X,0.00,0.00,0.00,XXX,33.4009
87912,Nfct agt gntyp alys hep b,X,0.00,0.00,0.00,XXX,33.4009
87913,Nfct agt gntyp alys sarscov2,X,0.00,0.00,0.00,XXX,33.4009
87999,Unlisted microbiology px,X,0.00,0.00,0.00,XXX,33.4009
88000,Autopsy (necropsy) gross,N,0.00,0.00,0.00,XXX,33.4009
88005,Autopsy (necropsy) gross,N,0.00,0.00,0.00,XXX,33.4009
88007,Autopsy (necropsy) gross,N,0.00,0.00,0.00,XXX,33.4009
88012,Autopsy (necropsy) gross,N,0.00,0.00,0.00,XXX,33.4009
88014,Autopsy (necropsy) gross,N,0.00,0.00,0.00,XXX,33.4009
88016,Autopsy (necropsy) gross,N,0.00,0.00,0.00,XXX,33.4009
88020,Autopsy (necropsy) complete,N,0.00,0.00,0.00,XXX,33.4009
88025,Autopsy (necropsy) complete,N,0.00,0.00,0.00,XXX,33.4009
88027,Autopsy (necropsy) complete,N,0.00,0.00,0.00,XXX,33.4009
88028,Autopsy (necropsy) complete,N,0.00,0.00,0.00,XXX,33.4009
88029,Autopsy (necropsy) complete,N,0.00,0.00,0.00,XXX,33.4009
88036,Limited autopsy,N,0.00,0.00,0.00,XXX,33.4009
88037,Limited autopsy,N,0.00,0.00,0.00,XXX,33.4009
88040,Forensic autopsy (necropsy),N,0.00,0.00,0.00,XXX,33.4009
88045,Coroners autopsy (necropsy),N,0.00,0.00,0.00,XXX,33.4009
88099,Unlisted necropsy (autopsy),N,0.00,0.00,0.00,XXX,33.4009
88104,Cytopath fl nongyn smears,A,0.00,1.70,0.02,XXX,33.4009
88106,Cytopath fl nongyn filter,A,0.00,1.47,0.02,XXX,33.4009
88108,Cytopath concentrate tech,A,0.00,1.41,0.01,XXX,33.4009
88112,Cytopath cell enhance tech,A,0.00,1.17,0.01,XXX,33.4009
88120,Cytp urne 3-5 probes ea spec,A,0.00,14.57,0.03,XXX,33.4009
88121,Cytp urine 3-5 probes cmptr,A,0.00,10.41,0.02,XXX,33.4009
88125,Forensic cytopathology,A,0.00,0.44,0.01,XXX,33.4009
88130,Sex chromatin identification,X,0.00,0.00,0.00,XXX,33.4009
88140,Sex chromatin identification,X,0.00,0.00,0.00,XXX,33.4009
88141,Cytopath c/v interpret,A,0.25,0.46,0.01,XXX,33.4009
88142,Cytopath c/v thin layer,X,0.00,0.00,0.00,XXX,33.4009
88143,Cytopath c/v thin layer redo,X,0.00,0.00,0.00,XXX,33.4009
88147,Cytopath c/v automated,X,0.00,0.00,0.00,XXX,33.4009
88148,Cytopath c/v auto rescreen,X,0.00,0.00,0.00,XXX,33.4009
88150,Cytopath c/v manual,X,0.00,0.00,0.00,XXX,33.4009
88152,Cytopath c/v auto redo,X,0.00,0.00,0.00,XXX,33.4009
88153,Cytopath c/v redo,X,0.00,0.00,0.00,XXX,33.4009
88155,Cytopath c/v index add-on,X,0.00,0.00,0.00,XXX,33.4009
88160,Cytopath smear other source,A,0.00,1.70,0.02,XXX,33.4009
88161,Cytopath smear other source,A,0.00,1.74,0.02,XXX,33.4009
88162,Cytopath smear other source,A,0.00,2.69,0.03,XXX,33.4009
88164,Cytopath tbs c/v manual,X,0.00,0.00,0.00,XXX,33.4009
88165,Cytopath tbs c/v redo,X,0.00,0.00,0.00,XXX,33.4009
88166,Cytopath tbs c/v auto redo,X,0.00,0.00,0.00,XXX,33.4009
88167,Cytopath tbs c/v select,X,0.00,0.00,0.00,XXX,33.4009
88172,Cytp dx eval fna 1st ea site,A,0.00,0.62,0.01,XXX,33.4009
88173,Cytopath eval fna report,A,0.00,3.00,0.03,XXX,33.4009
88174,Cytopath c/v auto in fluid,X,0.00,0.00,0.00,XXX,33.4009
88175,Cytopath c/v auto fluid redo,X,0.00,0.00,0.00,XXX,33.4009
88177,Cytp fna eval ea addl,A,0.00,0.26,0.00,ZZZ,33.4009
88182,Cell marker study,A,0.00,3.36,0.05,XXX,33.4009
88184,Flowcytometry/ tc 1 marker,A,0.00,2.41,0.02,XXX,33.4009
88185,Flowcytometry/tc add-on,A,0.00,0.69,0.00,ZZZ,33.4009
88187,Flowcytometry/read 2-8,A,0.72,0.30,0.03,XXX,33.4009
88188,Flowcytometry/read 9-15,A,1.17,0.52,0.06,XXX,33.4009
88189,Flowcytometry/read 16 & >,A,1.66,0.64,0.07,XXX,33.4009
88199,Unlisted cytopathology px,C,0.00,0.00,0.00,XXX,33.4009
88230,Tissue culture lymphocyte,X,0.00,0.00,0.00,XXX,33.4009
88233,Tissue culture skin/biopsy,X,0.00,0.00,0.00,XXX,33.4009
88235,Tissue culture placenta,X,0.00,0.00,0.00,XXX,33.4009
88237,Tissue culture bone marrow,X,0.00,0.00,0.00,XXX,33.4009
88239,Tissue culture tumor,X,0.00,0.00,0.00,XXX,33.4009
88240,Cell cryopreserve/storage,X,0.00,0.00,0.00,XXX,33.4009
88241,Frozen cell preparation,X,0.00,0.00,0.00,XXX,33.4009
88245,Chromosome analysis 20-25,X,0.00,0.00,0.00,XXX,33.4009
88248,Chromosome analysis 50-100,X,0.00,0.00,0.00,XXX,33.4009
88249,Chromosome analysis 100,X,0.00,0.00,0.00,XXX,33.4009
88261,Chromosome analysis 5,X,0.00,0.00,0.00,XXX,33.4009
88262,Chromosome analysis 15-20,X,0.00,0.00,0.00,XXX,33.4009
88263,Chromosome analysis 45,X,0.00,0.00,0.00,XXX,33.4009
88264,Chromosome analysis 20-25,X,0.00,0.00,0.00,XXX,33.4009
88267,Chromosome analys placenta,X,0.00,0.00,0.00,XXX,33.4009
88269,Chromosome analys amniotic,X,0.00,0.00,0.00,XXX,33.4009
88271,Cytogenetics dna probe,X,0.00,0.00,0.00,XXX,33.4009
88272,Cytogenetics 3-5,X,0.00,0.00,0.00,XXX,33.4009
88273,Cytogenetics 10-30,X,0.00,0.00,0.00,XXX,33.4009
88274,Cytogenetics 25-99,X,0.00,0.00,0.00,XXX,33.4009
88275,Cytogenetics 100-300,X,0.00,0.00,0.00,XXX,33.4009
88280,Chromosome karyotype study,X,0.00,0.00,0.00,XXX,33.4009
88283,Chromosome banding study,X,0.00,0.00,0.00,XXX,33.4009
88285,Chromosome count additional,X,0.00,0.00,0.00,XXX,33.4009
88289,Chromosome study additional,X,0.00,0.00,0.00,XXX,33.4009
88291,Cyto/molecular report,A,0.51,0.46,0.02,XXX,33.4009
88299,Unlisted cytogenetic study,C,0.00,0.00,0.00,XXX,33.4009
88300,Surgical path gross,A,0.00,0.35,0.01,XXX,33.4009
88314,Histochemical stains add-on,A,0.00,1.87,0.02,XXX,33.4009
88319,Enzyme histochemistry,A,0.00,3.17,0.02,XXX,33.4009
88323,Consltj&reprt matrl prep sld,A,0.00,0.88,0.01,XXX,33.4009
88329,Path consltj drg surg,A,0.65,0.15,0.04,XXX,33.4009
88333,Path consltj surg cyto xm 1,A,0.00,0.91,0.01,XXX,33.4009
88334,Path consltj surg cyto xm ea,A,0.00,0.56,0.00,ZZZ,33.4009
88344,Imhchem/imcytchm ea mlt antb,A,0.00,4.10,0.01,XXX,33.4009
88346,Imfluor 1st 1antb stain px,A,0.00,3.08,0.02,XXX,33.4009
88348,Electron microscopy dx,A,0.00,12.06,0.09,XXX,33.4009
88350,Imfluor ea addl 1antb stn px,A,0.00,2.37,0.01,ZZZ,33.4009
88355,M/phmtrc alys skeletal musc,A,0.00,1.83,0.02,XXX,33.4009
88356,Analysis nerve,A,0.00,3.27,0.06,XXX,33.4009
88358,Analysis tumor,A,0.00,2.51,0.01,XXX,33.4009
88362,Nerve teasing preparations,A,0.00,3.36,0.03,XXX,33.4009
88363,Xm archive tissue molec anal,A,0.36,0.08,0.02,XXX,33.4009
88364,Insitu hybridization (fish),A,0.00,2.83,0.01,ZZZ,33.4009
88366,Insitu hybridization (fish),A,0.00,6.19,0.02,XXX,33.4009
88367,Insitu hybridization auto,A,0.00,2.20,0.01,XXX,33.4009
88368,Insitu hybridization manual,A,0.00,3.15,0.02,XXX,33.4009
88369,M/phmtrc alysishquant/semiq,A,0.00,2.89,0.01,ZZZ,33.4009
88371,Protein western blot tissue,A,0.36,0.17,0.01,XXX,33.4009
88372,Protein analysis w/probe,A,0.36,0.16,0.01,XXX,33.4009
88373,M/phmtrc alys ishquant/semiq,A,0.00,1.18,0.01,ZZZ,33.4009
88374,M/phmtrc alys ishquant/semiq,A,0.00,6.78,0.01,XXX,33.4009
88375,Optical endomicroscpy interp,A,0.89,0.41,0.05,XXX,33.4009
88380,Microdissection laser,A,0.00,2.04,0.03,XXX,33.4009
88381,Microdissection manual,A,0.00,4.92,0.04,XXX,33.4009
88387,Macroscopic xm dsj&prep tiss,A,0.00,0.21,0.01,XXX,33.4009
88399,Unlisted surgical path px,C,0.00,0.00,0.00,XXX,33.4009
88720,Bilirubin total transcut,X,0.00,0.00,0.00,XXX,33.4009
88738,Hgb quant transcutaneous,X,0.00,0.00,0.00,XXX,33.4009
88740,Transcutaneous carboxyhb,X,0.00,0.00,0.00,XXX,33.4009
88741,Transcutaneous methb,X,0.00,0.00,0.00,XXX,33.4009
88749,Unlisted in vivo lab service,X,0.00,0.00,0.00,XXX,33.4009
89049,Chct for mal hyperthermia,A,1.37,0.20,0.18,XXX,33.4009
89050,Body fluid cell count,X,0.00,0.00,0.00,XXX,33.4009
89051,Body fluid cell count,X,0.00,0.00,0.00,XXX,33.4009
89055,Leukocyte assessment fecal,X,0.00,0.00,0.00,XXX,33.4009
89060,Exam synovial fluid crystals,A,0.36,0.16,0.01,XXX,33.4009
89125,Specimen fat stain,X,0.00,0.00,0.00,XXX,33.4009
89160,Exam feces for meat fibers,X,0.00,0.00,0.00,XXX,33.4009
89190,Nasal smear for eosinophils,X,0.00,0.00,0.00,XXX,33.4009
89220,Sputum specimen collection,A,0.00,0.62,0.01,XXX,33.4009
89230,Collect sweat for test,A,0.00,0.08,0.01,XXX,33.4009
89240,Unlisted misc path test,C,0.00,0.00,0.00,XXX,33.4009
89250,Cultr oocyte/embryo <4 days,X,0.00,0.00,0.00,XXX,33.4009
89251,Cultr oocyte/embryo <4 days,X,0.00,0.00,0.00,XXX,33.4009
89253,Embryo hatching,X,0.00,0.00,0.00,XXX,33.4009
89254,Oocyte identification,X,0.00,0.00,0.00,XXX,33.4009
89255,Prepare embryo for transfer,X,0.00,0.00,0.00,XXX,33.4009
89257,Sperm identification,X,0.00,0.00,0.00,XXX,33.4009
89258,Cryopreservation embryo(s),X,0.00,0.00,0.00,XXX,33.4009
89259,Cryopreservation sperm,X,0.00,0.00,0.00,XXX,33.4009
89260,Sperm isolation simple,X,0.00,0.00,0.00,XXX,33.4009
89261,Sperm isolation complex,X,0.00,0.00,0.00,XXX,33.4009
89264,Identify sperm tissue,X,0.00,0.00,0.00,XXX,33.4009
89268,Insemination of oocytes,X,0.00,0.00,0.00,XXX,33.4009
89272,Extended culture of oocytes,X,0.00,0.00,0.00,XXX,33.4009
89280,Assist oocyte fertilization,X,0.00,0.00,0.00,XXX,33.4009
89281,Assist oocyte fertilization,X,0.00,0.00,0.00,XXX,33.4009
89290,Biopsy oocyte polar body <=5,X,0.00,0.00,0.00,XXX,33.4009
89291,Biopsy oocyte polar body,X,0.00,0.00,0.00,XXX,33.4009
89300,Semen analysis w/huhner,X,0.00,0.00,0.00,XXX,33.4009
89310,Semen analysis w/count,X,0.00,0.00,0.00,XXX,33.4009
89320,Semen anal vol/count/mot,X,0.00,0.00,0.00,XXX,33.4009
89321,Semen anal sperm detection,X,0.00,0.00,0.00,XXX,33.4009
89322,Semen anal strict criteria,X,0.00,0.00,0.00,XXX,33.4009
89325,Sperm antibody test,X,0.00,0.00,0.00,XXX,33.4009
89329,Sperm evaluation test,X,0.00,0.00,0.00,XXX,33.4009
89330,Evaluation cervical mucus,X,0.00,0.00,0.00,XXX,33.4009
89331,Retrograde ejaculation anal,X,0.00,0.00,0.00,XXX,33.4009
89335,Cryopreserve testicular tiss,X,0.00,0.00,0.00,XXX,33.4009
89337,Cryopreservation oocyte(s),X,0.00,0.00,0.00,XXX,33.4009
89342,Storage/year embryo(s),X,0.00,0.00,0.00,XXX,33.4009
89343,Storage/year sperm/semen,X,0.00,0.00,0.00,XXX,33.4009
89344,Storage/year reprod tissue,X,0.00,0.00,0.00,XXX,33.4009
89346,Storage/year oocyte(s),X,0.00,0.00,0.00,XXX,33.4009
89352,Thawing cryopresrved embryo,X,0.00,0.00,0.00,XXX,33.4009
89353,Thawing cryopresrved sperm,X,0.00,0.00,0.00,XXX,33.4009
89354,Thaw cryoprsvrd reprod tiss,X,0.00,0.00,0.00,XXX,33.4009
89356,Thawing cryopresrved oocyte,X,0.00,0.00,0.00,XXX,33.4009
89398,Unlisted reprod med lab proc,X,0.00,0.00,0.00,XXX,33.4009
9001F,Aortic aneurysm<5cm diam ct,I,0.00,0.00,0.00,XXX,33.4009
9002F,Aortic aneurysm 5-5.4cm diam,I,0.00,0.00,0.00,XXX,33.4009
9003F,Aortic anrysm5.5-5.9cm diam,M,0.00,0.00,0.00,XXX,33.4009
9004F,Aortic anrysm 6/> cm diam,M,0.00,0.00,0.00,XXX,33.4009
9005F,Asympt carot/vrtbrbas sten,I,0.00,0.00,0.00,XXX,33.4009
9006F,Sympt sten-tia/strk<120days,M,0.00,0.00,0.00,XXX,33.4009
9007F,Other carot sten 120 days/>,M,0.00,0.00,0.00,XXX,33.4009
90281,Human ig im,I,0.00,0.00,0.00,XXX,33.4009
90283,Human ig iv,I,0.00,0.00,0.00,XXX,33.4009
90284,Human ig sc,X,0.00,0.00,0.00,XXX,33.4009
90287,Botulinum antitoxin,I,0.00,0.00,0.00,XXX,33.4009
90288,Botulism ig iv,I,0.00,0.00,0.00,XXX,33.4009
90291,Cmv ig iv,I,0.00,0.00,0.00,XXX,33.4009
90296,Diphtheria antitoxin,E,0.00,0.00,0.00,XXX,33.4009
90371,Hep b ig im,E,0.00,0.00,0.00,XXX,33.4009
90375,Rabies ig im/sc,E,0.00,0.00,0.00,XXX,33.4009
90376,Rabies ig heat treated,E,0.00,0.00,0.00,XXX,33.4009
90377,Rabies ig ht&sol human im/sc,E,0.00,0.00,0.00,XXX,33.4009
90378,Rsv mab im 50mg,X,0.00,0.00,0.00,XXX,33.4009
90380,Rsv monoc antb seasn .5ml im,N,0.00,0.00,0.00,XXX,33.4009
90381,Rsv monoc antb seasn 1 ml im,N,0.00,0.00,0.00,XXX,33.4009
90382,Rsv monoc antb seasn .7ml im,N,0.00,0.00,0.00,XXX,33.4009
90384,Rh ig full-dose im,I,0.00,0.00,0.00,XXX,33.4009
90385,Rh ig minidose im,E,0.00,0.00,0.00,XXX,33.4009
90386,Rh ig iv,I,0.00,0.00,0.00,XXX,33.4009
90389,Tetanus ig im,I,0.00,0.00,0.00,XXX,33.4009
90393,Vaccina ig im,E,0.00,0.00,0.00,XXX,33.4009
90396,Varicella-zoster ig im,E,0.00,0.00,0.00,XXX,33.4009
90399,Unlisted immune globulin,I,0.00,0.00,0.00,XXX,33.4009
90473,Immune admin oral/nasal,A,0.17,0.34,0.01,XXX,33.4009
90474,Immune admin oral/nasal addl,A,0.15,0.21,0.01,ZZZ,33.4009
90476,Adenovirus vaccine type 4,E,0.00,0.00,0.00,XXX,33.4009
90477,Adenovirus vaccine type 7,E,0.00,0.00,0.00,XXX,33.4009
90480,Admn sarscov2 vac 1/only cmp,X,0.24,0.05,0.02,XXX,33.4009
90481,Admn sarscov2 vac ea add cmp,X,0.00,0.00,0.00,ZZZ,33.4009
90482,Imm cnsl not admn sm 3<10,I,0.24,0.06,0.02,XXX,33.4009
90483,Imm cnsl not admn sm>10<20,I,0.50,0.12,0.04,XXX,33.4009
90484,Imm cnsl not admn sm>20,I,0.75,0.18,0.06,XXX,33.4009
90581,Anthrax vaccine sc or im,E,0.00,0.00,0.00,XXX,33.4009
90584,Dengue vacc quad 2 dose subq,X,0.00,0.00,0.00,XXX,33.4009
90585,Bcg vaccine percut,E,0.00,0.00,0.00,XXX,33.4009
90586,Bcg vaccine intravesical,E,0.00,0.00,0.00,XXX,33.4009
90587,Dengue vacc quad 3 dose subq,N,0.00,0.00,0.00,XXX,33.4009
90589,Chikungunya vaccine live im,N,0.00,0.00,0.00,XXX,33.4009
90593,Chikungunya vacc recomb im,N,0.00,0.00,0.00,XXX,33.4009
90611,Smallpox&monkeypox vac 0.5ml,X,0.00,0.00,0.00,XXX,33.4009
90612,Inf&sarscov2 vacc 31.7/.32im,X,0.00,0.00,0.00,XXX,33.4009
90613,Inf&sarscov2 vacc 40/0.4 im,X,0.00,0.00,0.00,XXX,33.4009
90616,Tirv vacc mrna 37.5/0.38 im,X,0.00,0.00,0.00,XXX,33.4009
90619,Menacwy-tt vaccine im,N,0.00,0.00,0.00,XXX,33.4009
90620,Menb-4c vaccine im,E,0.00,0.00,0.00,XXX,33.4009
90621,Menb-fhbp vacc 2/3 dose im,E,0.00,0.00,0.00,XXX,33.4009
90622,Vaccinia vrs vac 0.3 ml perq,X,0.00,0.00,0.00,XXX,33.4009
90623,Menacwy-tt menb-fhbp vacc im,N,0.00,0.00,0.00,XXX,33.4009
90624,Menb-4c&menacwy vacc im,X,0.00,0.00,0.00,XXX,33.4009
90625,Cholera vaccine live oral,X,0.00,0.00,0.00,XXX,33.4009
90626,Tic-brn enceph vac 0.25ml im,N,0.00,0.00,0.00,XXX,33.4009
90627,Tic-brn enceph vac 0.5ml im,N,0.00,0.00,0.00,XXX,33.4009
90631,H5 vaccine pandemic im use,X,0.00,0.00,0.00,XXX,33.4009
90632,Hepa vaccine adult im,E,0.00,0.00,0.00,XXX,33.4009
90633,Hepa vacc ped/adol 2 dose im,E,0.00,0.00,0.00,XXX,33.4009
90634,Hepa vacc ped/adol 3 dose,E,0.00,0.00,0.00,XXX,33.4009
90635,H5n1 vacc drv cll cul adj im,X,0.00,0.00,0.00,XXX,33.4009
90636,Hep a/hep b vacc adult im,E,0.00,0.00,0.00,XXX,33.4009
90637,Vacc qirv mrna 30mcg/.5ml im,X,0.00,0.00,0.00,XXX,33.4009
90638,Vacc qirv mrna 60mcg/.5ml im,X,0.00,0.00,0.00,XXX,33.4009
90639,Vacc qirv mrna 50mcg/.5ml im,X,0.00,0.00,0.00,XXX,33.4009
90644,Hib-mency vacc 6wk-18m0 im,X,0.00,0.00,0.00,XXX,33.4009
90647,Hib prp-omp vacc 3 dose im,E,0.00,0.00,0.00,XXX,33.4009
90648,Hib prp-t vaccine 4 dose im,E,0.00,0.00,0.00,XXX,33.4009
90649,4vhpv vaccine 3 dose im,E,0.00,0.00,0.00,XXX,33.4009
90650,2vhpv vaccine 3 dose im,E,0.00,0.00,0.00,XXX,33.4009
90651,9vhpv vaccine 2/3 dose im,X,0.00,0.00,0.00,XXX,33.4009
90653,Iiv adjuvant vaccine im,X,0.00,0.00,0.00,XXX,33.4009
90655,Iiv3 vacc no prsv 0.25 ml im,X,0.00,0.00,0.00,XXX,33.4009
90656,Iiv3 vacc no prsv 0.5 ml im,X,0.00,0.00,0.00,XXX,33.4009
90657,Iiv3 vaccine splt 0.25 ml im,X,0.00,0.00,0.00,XXX,33.4009
90660,Laiv3 vaccine intranasal,X,0.00,0.00,0.00,XXX,33.4009
90661,Cciiv3 vac abx fr 0.5 ml im,X,0.00,0.00,0.00,XXX,33.4009
90664,Laiv vacc pandemic intranasl,X,0.00,0.00,0.00,XXX,33.4009
90666,Flu vac pandem prsrv free im,X,0.00,0.00,0.00,XXX,33.4009
90667,Iiv vacc pandemic adjuvt im,X,0.00,0.00,0.00,XXX,33.4009
90668,Iiv vaccine pandemic im,X,0.00,0.00,0.00,XXX,33.4009
90671,Pcv15 vaccine im,X,0.00,0.00,0.00,XXX,33.4009
90672,Laiv4 vaccine intranasal,X,0.00,0.00,0.00,XXX,33.4009
90673,Riv3 vaccine no preserv im,X,0.00,0.00,0.00,XXX,33.4009
90674,Cciiv4 vac no prsv 0.5 ml im,X,0.00,0.00,0.00,XXX,33.4009
90675,Rabies vaccine im,E,0.00,0.00,0.00,XXX,33.4009
90676,Rabies vaccine id,E,0.00,0.00,0.00,XXX,33.4009
90677,Pcv20 vaccine im,X,0.00,0.00,0.00,XXX,33.4009
90678,Rsv vacc pref bivalent im,N,0.00,0.00,0.00,XXX,33.4009
90679,Rsv vacc pref recomb adjt im,N,0.00,0.00,0.00,XXX,33.4009
90680,Rv5 vacc 3 dose live oral,E,0.00,0.00,0.00,XXX,33.4009
90681,Rv1 vacc 2 dose live oral,E,0.00,0.00,0.00,XXX,33.4009
90682,Riv4 vacc recombinant dna im,X,0.00,0.00,0.00,XXX,33.4009
90683,Rsv vacc mrna lipid nano im,N,0.00,0.00,0.00,XXX,33.4009
90684,Pcv21 vaccine im,X,0.00,0.00,0.00,XXX,33.4009
90685,Iiv4 vacc no prsv 0.25 ml im,X,0.00,0.00,0.00,XXX,33.4009
90687,Iiv4 vaccine splt 0.25 ml im,X,0.00,0.00,0.00,XXX,33.4009
90688,Iiv4 vaccine splt 0.5 ml im,X,0.00,0.00,0.00,XXX,33.4009
90689,Vacc iiv4 no prsrv 0.25ml im,X,0.00,0.00,0.00,XXX,33.4009
90690,Typhoid vaccine oral,E,0.00,0.00,0.00,XXX,33.4009
90691,Typhoid vaccine im,E,0.00,0.00,0.00,XXX,33.4009
90694,Vacc aiiv4 no prsrv 0.5ml im,X,0.00,0.00,0.00,XXX,33.4009
90695,H5n8 vacc drv cll cul adj im,X,0.00,0.00,0.00,XXX,33.4009
90696,Dtap-ipv vaccine 4-6 yrs im,E,0.00,0.00,0.00,XXX,33.4009
90697,Dtap-ipv-hib-hepb vaccine im,E,0.00,0.00,0.00,XXX,33.4009
90698,Dtap-ipv/hib vaccine im,E,0.00,0.00,0.00,XXX,33.4009
90700,Dtap vaccine < 7 yrs im,E,0.00,0.00,0.00,XXX,33.4009
90702,Dt vaccine under 7 yrs im,E,0.00,0.00,0.00,XXX,33.4009
90707,Mmr vaccine sc,E,0.00,0.00,0.00,XXX,33.4009
90710,Mmrv vaccine sc,E,0.00,0.00,0.00,XXX,33.4009
90713,Poliovirus ipv sc/im,E,0.00,0.00,0.00,XXX,33.4009
90716,Var vaccine live subq,E,0.00,0.00,0.00,XXX,33.4009
90717,Yellow fever vaccine subq,E,0.00,0.00,0.00,XXX,33.4009
90723,Dtap-hep b-ipv vaccine im,I,0.00,0.00,0.00,XXX,33.4009
90733,Mpsv4 vaccine subq,E,0.00,0.00,0.00,XXX,33.4009
90734,Menacwyd/menacwycrm vacc im,E,0.00,0.00,0.00,XXX,33.4009
90736,Hzv vaccine live subq,E,0.00,0.00,0.00,XXX,33.4009
90738,Inactivated je vacc im,I,0.00,0.00,0.00,XXX,33.4009
90739,Hepb vacc 2/4 dose adult im,X,0.00,0.00,0.00,XXX,33.4009
90740,Hepb vacc 3 dose immunsup im,X,0.00,0.00,0.00,XXX,33.4009
90743,Hepb vacc 2 dose adolesc im,X,0.00,0.00,0.00,XXX,33.4009
90744,Hepb vacc 3 dose ped/adol im,X,0.00,0.00,0.00,XXX,33.4009
90746,Hepb vaccine 3 dose adult im,X,0.00,0.00,0.00,XXX,33.4009
90747,Hepb vacc 4 dose immunsup im,X,0.00,0.00,0.00,XXX,33.4009
90748,Hib-hepb vaccine im,I,0.00,0.00,0.00,XXX,33.4009
90749,Unlisted vaccine/toxoid,E,0.00,0.00,0.00,XXX,33.4009
90756,Cciiv4 vacc abx free im,X,0.00,0.00,0.00,XXX,33.4009
90758,Zaire ebolavirus vac live im,N,0.00,0.00,0.00,XXX,33.4009
90759,Hep b vac 3ag 10mcg 3 dos im,X,0.00,0.00,0.00,XXX,33.4009
90899,Unlisted psyc svc/therapy,C,0.00,0.00,0.00,XXX,33.4009
90935,Hemodialysis one evaluation,A,1.44,0.32,0.08,000,33.4009
90937,Hemodialysis repeated eval,A,2.06,0.46,0.13,000,33.4009
90940,Hemodialysis access study,X,0.00,0.00,0.00,XXX,33.4009
90945,Dialysis one evaluation,A,1.52,0.70,0.09,000,33.4009
90947,Dialysis repeated eval,A,2.46,0.55,0.17,000,33.4009
90951,Esrd serv 4 visits p mo <2yr,A,23.92,10.06,1.46,XXX,33.4009
90952,Esrd serv 2-3 vsts p mo <2yr,C,0.00,0.00,0.00,XXX,33.4009
90953,Esrd serv 1 visit p mo <2yrs,C,0.00,0.00,0.00,XXX,33.4009
90954,Esrd serv 4 vsts p mo 2-11,A,20.86,8.80,1.31,XXX,33.4009
90955,Esrd srv 2-3 vsts p mo 2-11,A,10.32,5.16,0.64,XXX,33.4009
90956,Esrd srv 1 visit p mo 2-11,A,6.64,3.93,0.41,XXX,33.4009
90957,Esrd srv 4 vsts p mo 12-19,A,15.46,7.42,0.98,XXX,33.4009
90958,Esrd srv 2-3 vsts p mo 12-19,A,9.87,5.05,0.61,XXX,33.4009
90959,Esrd serv 1 vst p mo 12-19,A,6.19,3.57,0.39,XXX,33.4009
90960,Esrd srv 4 visits p mo 20+,A,6.77,3.96,0.43,XXX,33.4009
90961,Esrd srv 2-3 vsts p mo 20+,A,5.52,3.42,0.36,XXX,33.4009
90962,Esrd serv 1 visit p mo 20+,A,3.57,2.65,0.22,XXX,33.4009
90963,Esrd home pt serv p mo <2yrs,A,12.09,5.91,0.75,XXX,33.4009
90964,Esrd home pt serv p mo 2-11,A,10.25,5.12,0.62,XXX,33.4009
90965,Esrd home pt serv p mo 12-19,A,9.80,5.05,0.60,XXX,33.4009
90966,Esrd home pt serv p mo 20+,A,5.52,3.41,0.36,XXX,33.4009
90967,Esrd svc pr day pt <2,A,0.35,0.18,0.02,XXX,33.4009
90968,Esrd svc pr day pt 2-11,A,0.34,0.17,0.02,XXX,33.4009
90969,Esrd svc pr day pt 12-19,A,0.33,0.17,0.02,XXX,33.4009
90970,Esrd svc pr day pt 20+,A,0.18,0.11,0.01,XXX,33.4009
90989,Dialysis training complete,X,0.00,0.00,0.00,XXX,33.4009
90993,Dialysis training incompl,X,0.00,0.00,0.00,XXX,33.4009
90997,Hemoperfusion,A,1.79,0.38,0.11,000,33.4009
90999,Unlisted dialysis procedure,C,0.00,0.00,0.00,XXX,33.4009
91020,Gastric motility studies,A,0.00,6.93,0.03,000,33.4009
91022,Duodenal motility study,A,0.00,3.51,0.02,000,33.4009
91065,Breath hydrogen/methane test,A,0.00,1.63,0.01,000,33.4009
91113,Gi trc img intral colon i&r,A,0.00,25.67,0.02,XXX,33.4009
91124,Rct snsatn tone&cmplianc std,A,0.00,18.07,0.04,XXX,33.4009
91125,Anrct mano rct snsatn&balo,A,0.00,6.12,0.02,XXX,33.4009
91299,Unlisted dx gi procedure,C,0.00,0.00,0.00,XXX,33.4009
91304,Sarscov2 vac 5mcg/0.5ml im,X,0.00,0.00,0.00,XXX,33.4009
91318,Sarscov2 vac 3mcg trs-suc im,X,0.00,0.00,0.00,XXX,33.4009
91319,Sarscv2 vac 10mcg trs-suc im,X,0.00,0.00,0.00,XXX,33.4009
91320,Sarscv2 vac 30mcg trs-suc im,X,0.00,0.00,0.00,XXX,33.4009
91321,Sarscov2 vac 25 mcg/.25ml im,X,0.00,0.00,0.00,XXX,33.4009
91322,Sarscov2 vac 50 mcg/0.5ml im,X,0.00,0.00,0.00,XXX,33.4009
91323,Sarscov2 vac 10 mcg/0.2ml im,X,0.00,0.00,0.00,XXX,33.4009
92020,Gonioscopy,A,0.36,0.12,0.01,XXX,33.4009
92025,Cptrized corneal topography,A,0.00,0.52,0.01,XXX,33.4009
92060,Sensorimotor examination,A,0.00,0.83,0.01,XXX,33.4009
92065,Orthop traing pfrmd phys/qhp,A,0.69,0.12,0.01,XXX,33.4009
92066,Orthop traing supvj phys/qhp,A,0.00,0.77,0.01,XXX,33.4009
92071,Contact lens fitting for tx,A,0.59,0.17,0.02,XXX,33.4009
92072,Fitg c-lens keratoconus 1st,A,1.92,0.36,0.01,XXX,33.4009
92081,Limited visual field xm,A,0.00,0.53,0.01,XXX,33.4009
92082,Intermediate visual field xm,A,0.00,0.80,0.01,XXX,33.4009
92083,Extended visual field xm,A,0.00,1.11,0.01,XXX,33.4009
92100,Serial tonometry,A,0.59,0.17,0.02,XXX,33.4009
92136,Ophthalmic biometry,A,0.00,0.53,0.01,XXX,33.4009
92137,Cptrz oph img pst sg rta oct,A,0.00,0.74,0.01,XXX,33.4009
92145,Corneal hysteresis deter,A,0.00,0.23,0.01,XXX,33.4009
92230,Fluorescein angioscopy i&r,A,0.59,0.17,0.04,XXX,33.4009
92260,Ophthalmodynamometry,A,0.20,0.06,0.01,XXX,33.4009
92265,Ndl oculoelectromyography 1+,A,0.00,1.28,0.01,XXX,33.4009
92270,Electro-oculography w/i&r,A,0.00,2.49,0.02,XXX,33.4009
92273,Full field erg w/i&r,A,0.00,2.64,0.02,XXX,33.4009
92274,Multifocal erg w/i&r,A,0.00,1.77,0.01,XXX,33.4009
92288,Scr dark adaptation meas i&r,N,0.17,0.53,0.01,XXX,33.4009
92354,Fitg spect low vis 1system,B,0.00,0.43,0.01,XXX,33.4009
92355,Fitg spect lw vis cmpnd lens,B,0.00,0.68,0.02,XXX,33.4009
92358,Aphakia prosth service temp,B,0.00,0.36,0.01,XXX,33.4009
92370,Rpr&refitg spect xcp aphakia,N,0.31,0.07,0.02,XXX,33.4009
92371,Rpr&refit spct prsth aphakia,B,0.00,0.37,0.01,XXX,33.4009
92502,Ear and throat examination,A,1.47,1.01,0.11,000,33.4009
92504,Ear microscopy examination,A,0.18,0.04,0.01,XXX,33.4009
92507,Tx sp lang voice comm indiv,A,1.30,0.97,0.01,XXX,33.4009
92508,Tx sp lang voice comm group,A,0.33,0.38,0.01,XXX,33.4009
92511,Nasopharyngoscopy,A,0.59,0.35,0.04,000,33.4009
92512,Nasal function studies,A,0.54,0.12,0.04,XXX,33.4009
92516,Facial nerve function test,A,0.42,0.11,0.03,XXX,33.4009
92517,Vemp test i&r cervical,A,0.78,0.21,0.02,XXX,33.4009
92518,Vemp test i&r ocular,A,0.78,0.22,0.04,XXX,33.4009
92519,Vemp tst i&r cervical&ocular,A,1.17,0.33,0.03,XXX,33.4009
92520,Laryngeal function studies,A,0.73,0.22,0.02,XXX,33.4009
92521,Evaluation of speech fluency,A,2.24,1.74,0.01,XXX,33.4009
92522,Evaluate speech production,A,1.92,1.39,0.04,XXX,33.4009
92523,Speech sound lang comprehen,A,3.84,2.93,0.01,XXX,33.4009
92524,Behavral qualit analys voice,A,1.92,1.33,0.03,XXX,33.4009
92526,Oral function therapy,A,1.34,1.17,0.01,XXX,33.4009
92531,Spontaneous nystagmus study,B,0.00,0.00,0.00,XXX,33.4009
92532,Positional nystagmus test,B,0.00,0.00,0.00,XXX,33.4009
92533,Caloric vestibular test,B,0.00,0.00,0.00,XXX,33.4009
92534,Optokinetic nystagmus test,B,0.00,0.00,0.00,XXX,33.4009
92537,Caloric vstblr test w/rec,A,0.00,0.26,0.01,XXX,33.4009
92538,Caloric vstblr test w/rec,A,0.00,0.18,0.01,XXX,33.4009
92540,Basic vestibular evaluation,A,0.00,0.86,0.01,XXX,33.4009
92541,Spontaneous nystagmus test,A,0.00,0.12,0.01,XXX,33.4009
92542,Positional nystagmus test,A,0.00,0.11,0.01,XXX,33.4009
92544,Optokinetic nystagmus test,A,0.00,0.10,0.01,XXX,33.4009
92545,Oscillating tracking test,A,0.00,0.10,0.01,XXX,33.4009
92546,Sinusoidal rotational test,A,0.00,3.57,0.02,XXX,33.4009
92547,Supplemental electrical test,A,0.00,0.33,0.00,ZZZ,33.4009
92548,Cdp-sot 6 cond w/i&r,A,0.00,0.42,0.01,XXX,33.4009
92549,Cdp-sot 6 cond w/i&r mct&adt,A,0.00,0.57,0.01,XXX,33.4009
92550,Tympanometry & reflex thresh,A,0.35,0.29,0.01,XXX,33.4009
92551,Pure tone hearing test air,N,0.00,0.39,0.01,XXX,33.4009
92552,Pure tone audiometry air,A,0.00,1.20,0.01,XXX,33.4009
92553,Audiometry air & bone,A,0.00,1.46,0.01,XXX,33.4009
92555,Speech threshold audiometry,A,0.00,0.88,0.01,XXX,33.4009
92556,Speech audiometry complete,A,0.00,1.38,0.01,XXX,33.4009
92557,Comprehensive hearing test,A,0.60,0.16,0.01,XXX,33.4009
92558,Evoked auditory test qual,X,0.17,0.04,0.01,XXX,33.4009
92562,Loudness balance test,A,0.00,1.46,0.01,XXX,33.4009
92563,Tone decay hearing test,A,0.00,1.06,0.01,XXX,33.4009
92565,Stenger test pure tone,A,0.00,0.66,0.01,XXX,33.4009
92567,Tympanometry,A,0.20,0.05,0.01,XXX,33.4009
92568,Acoustic refl threshold tst,A,0.29,0.08,0.01,XXX,33.4009
92570,Acoustic immitance testing,A,0.55,0.15,0.01,XXX,33.4009
92571,Filtered speech test,A,0.00,0.92,0.01,XXX,33.4009
92572,Staggered spondaic word test,A,0.00,1.80,0.01,XXX,33.4009
92575,Sensorineural acuity lvl tst,A,0.00,2.19,0.02,XXX,33.4009
92576,Synthetic sentence id test,A,0.00,1.26,0.01,XXX,33.4009
92577,Stenger test speech,A,0.00,0.67,0.01,XXX,33.4009
92579,Visual audiometry (vra),A,0.68,0.20,0.01,XXX,33.4009
92582,Conditioning play audiometry,A,0.00,2.59,0.01,XXX,33.4009
92583,Select picture audiometry,A,0.00,1.83,0.01,XXX,33.4009
92584,Electrocochleography,A,0.98,2.14,0.03,XXX,33.4009
92587,Evoked auditory test limited,A,0.00,0.10,0.01,XXX,33.4009
92588,Evoked auditory tst complete,A,0.00,0.14,0.01,XXX,33.4009
92596,Ear protector evaluation,A,0.00,2.33,0.01,XXX,33.4009
92597,Oral speech device eval,A,1.23,0.88,0.02,XXX,33.4009
92601,Cochlear implt f/up exam <7,A,2.30,0.63,0.01,XXX,33.4009
92602,Reprogram cochlear implt <7,A,1.30,0.36,0.01,XXX,33.4009
92603,Cochlear implt f/up exam 7/>,A,2.25,0.61,0.01,XXX,33.4009
92604,Reprogram cochlear implt 7/>,A,1.25,0.34,0.01,XXX,33.4009
92605,Ex for nonspeech device rx,B,1.75,0.38,0.11,XXX,33.4009
92606,Non-speech device service,B,1.37,0.30,0.08,XXX,33.4009
92607,Ex for speech device rx 1hr,A,1.85,1.80,0.01,XXX,33.4009
92608,Ex for speech device rx addl,A,0.70,0.73,0.00,ZZZ,33.4009
92609,Use of speech device service,A,1.50,1.56,0.01,XXX,33.4009
92610,Evaluate swallowing function,A,1.30,0.42,0.01,XXX,33.4009
92611,Motion fluoroscopy/swallow,A,1.31,1.38,0.05,XXX,33.4009
92612,Endoscopy swallow (fees) vid,A,1.24,0.33,0.05,XXX,33.4009
92613,Endoscopy swallow (fees) i&r,A,0.69,0.17,0.04,XXX,33.4009
92614,Laryngoscopic sensory vid,A,1.24,0.32,0.06,XXX,33.4009
92615,Laryngoscopic sensory i&r,A,0.61,0.15,0.04,XXX,33.4009
92616,Fees w/laryngeal sense test,A,1.83,0.49,0.07,XXX,33.4009
92617,Fees w/laryngeal sense i&r,A,0.77,0.19,0.05,XXX,33.4009
92618,Ex for nonspeech dev rx add,B,0.65,0.14,0.04,ZZZ,33.4009
92620,Auditory function 60 min,A,1.50,0.41,0.01,XXX,33.4009
92621,Auditory function + 15 min,A,0.35,0.10,0.00,ZZZ,33.4009
92622,Dx aly aud oi snd prcsr 1st,A,1.25,0.35,0.01,XXX,33.4009
92623,Dx aly aud oi snd prcsr each,A,0.33,0.09,0.00,ZZZ,33.4009
92625,Tinnitus assessment,A,1.15,0.31,0.02,XXX,33.4009
92626,Eval aud funcj 1st hour,A,1.40,0.38,0.01,XXX,33.4009
92627,Eval aud funcj ea addl 15,A,0.33,0.09,0.00,ZZZ,33.4009
92628,Eval hearing aid cand 1st 30,N,0.00,0.00,0.00,XXX,33.4009
92629,Eval hearing aid cand ea add,N,0.00,0.00,0.00,ZZZ,33.4009
92630,Aud rehab pre-ling hear loss,I,0.00,0.00,0.00,XXX,33.4009
92631,Hearing aid slctn svc 1st 30,N,0.00,0.00,0.00,XXX,33.4009
92632,Hearing aid slctn svc ea add,N,0.00,0.00,0.00,ZZZ,33.4009
92633,Aud rehab postling hear loss,I,0.00,0.00,0.00,XXX,33.4009
92634,Hearing aid fitg svc 1st 60,N,0.00,0.00,0.00,XXX,33.4009
92635,Hearing aid fitg svc ea addl,N,0.00,0.00,0.00,ZZZ,33.4009
92636,Hearing aid post-fitg f-up 1,N,0.00,0.00,0.00,XXX,33.4009
92637,Hearing aid pst-fitg f-up ea,N,0.00,0.00,0.00,ZZZ,33.4009
92638,Bhvl verif of amplification,N,0.00,0.00,0.00,ZZZ,33.4009
92639,Hearing aid meas verif,N,0.00,0.00,0.00,ZZZ,33.4009
92640,Aud brainstem implt programg,A,1.76,0.48,0.01,XXX,33.4009
92641,Hearing dev verif eacous aly,N,0.00,0.00,0.00,XXX,33.4009
92642,Hearing asstv dev fitg svc,N,0.00,0.00,0.00,XXX,33.4009
92650,Aep scr auditory potential,N,0.24,0.38,0.02,XXX,33.4009
92651,Aep hearing status deter i&r,A,0.98,1.38,0.04,XXX,33.4009
92652,Aep thrshld est mlt freq i&r,A,1.46,1.70,0.07,XXX,33.4009
92653,Aep neurodiagnostic i&r,A,1.02,1.33,0.05,XXX,33.4009
92700,Unlisted orl service/px,C,0.00,0.00,0.00,XXX,33.4009
92930,Prq tcat plmt ntrac st 2+les,A,12.00,2.27,0.86,000,33.4009
92945,Prq trl rvs ch occ ant&rtrgr,A,15.00,2.84,1.08,000,33.4009
92950,Heart/lung resuscitation cpr,A,3.90,0.76,0.44,000,33.4009
92953,Temporary external pacing,A,0.01,0.01,0.01,000,33.4009
92961,Cardioversion electric int,A,4.23,1.24,0.98,000,33.4009
92970,Cardioassist internal,A,3.42,0.64,0.82,000,33.4009
92971,Cardioassist external,A,1.73,0.48,0.41,000,33.4009
92972,Perq trluml coronry lithotrp,A,2.90,0.55,0.21,ZZZ,33.4009
93025,Microvolt t-wave assess,A,0.00,2.93,0.02,XXX,33.4009
93050,Art pressure waveform analys,A,0.00,0.25,0.01,XXX,33.4009
93145,Interrog crtd sins bat ip wo,A,0.65,0.13,0.05,XXX,33.4009
93146,Interrog crtd sins bat ip w/,A,0.90,0.21,0.06,XXX,33.4009
93150,Therapy activation ipnss,A,0.83,0.19,0.07,XXX,33.4009
93151,Interrog&prgrmg ipnss,A,0.78,0.19,0.06,XXX,33.4009
93152,Interrog&prgrmg ipnss polysm,A,1.77,0.36,0.14,XXX,33.4009
93153,Interrog w/o prgrmg ipnss,A,0.42,0.11,0.03,XXX,33.4009
93242,Ext ecg>48hr<7d recording,A,0.00,0.34,0.01,XXX,33.4009
93243,Ext ecg>48hr<7d scan a/r,A,0.00,7.32,0.01,XXX,33.4009
93245,Ext ecg>7d<15d rec scan a/r,A,0.54,8.09,0.04,XXX,33.4009
93246,Ext ecg>7d<15d recording,A,0.00,0.34,0.01,XXX,33.4009
93247,Ext ecg>7d<15d scan a/r,A,0.00,7.57,0.01,XXX,33.4009
93260,Prgrmg dev eval impltbl sys,A,0.00,1.03,0.01,XXX,33.4009
93261,Interrogate subq defib,A,0.00,1.02,0.01,XXX,33.4009
93264,Rem mntr wrls p-art prs snr,A,0.68,0.16,0.05,XXX,33.4009
93319,3d echo img cgen car anomal,A,0.49,0.09,0.04,ZZZ,33.4009
93356,Myocrd strain img spckl trck,A,0.23,0.05,0.02,ZZZ,33.4009
93505,Endomyocardial biopsy,A,0.00,12.85,0.02,000,33.4009
93569,Njx cth slct p-art angrp uni,A,0.76,0.15,0.06,ZZZ,33.4009
93573,Njx cath slct p-art angrp bi,A,1.27,0.24,0.08,ZZZ,33.4009
93574,Njx cath slct pulm vn angrph,A,1.40,0.27,0.09,ZZZ,33.4009
93575,Njx cath slct p angrph mapca,A,1.87,0.35,0.13,ZZZ,33.4009
93584,Vngrph chd anom/persist svc,A,1.17,0.22,0.07,ZZZ,33.4009
93585,Vngrph chd azygs/hemiazygs,A,1.10,0.21,0.07,ZZZ,33.4009
93586,Vngrph chd coronary sinus,A,1.39,0.31,0.08,ZZZ,33.4009
93587,Vngrph chd vnvn cltrl at/abv,A,2.06,0.38,0.15,ZZZ,33.4009
93588,Vngrph chd vnvn cltrl below,A,2.08,0.38,0.15,ZZZ,33.4009
93593,R hrt cath chd nml nt cnj,C,0.00,0.00,0.00,000,33.4009
93594,R hrt cath chd abnl nt cnj,C,0.00,0.00,0.00,000,33.4009
93595,L hrt cath chd nm/abn nt cnj,C,0.00,0.00,0.00,000,33.4009
93596,R&l hrt cath chd nml nt cnj,C,0.00,0.00,0.00,000,33.4009
93597,R&l hrt cath chd abnl nt cnj,C,0.00,0.00,0.00,000,33.4009
93598,Car outp meas drg cath chd,C,0.00,0.00,0.00,ZZZ,33.4009
93668,Peripheral vascular rehab,A,0.00,0.45,0.01,XXX,33.4009
93701,Bioimpedance cv analysis,A,0.00,0.80,0.01,XXX,33.4009
93702,Bis xtracell fluid analysis,A,0.00,3.95,0.02,XXX,33.4009
93724,Elec alys antitchycar pm sys,A,0.00,1.38,0.01,000,33.4009
93740,Temperature gradient studies,B,0.16,0.03,0.01,XXX,33.4009
93745,Set-up cardiovert-defibrill,C,0.00,0.00,0.00,XXX,33.4009
93750,Interrogation vad in person,A,0.75,0.20,0.07,XXX,33.4009
93770,Determination venous press,B,0.16,0.03,0.01,XXX,33.4009
93784,Ambl bp mntr w/software,A,0.37,1.03,0.03,XXX,33.4009
93786,Ambl bp mntr w/sw rec only,A,0.00,0.70,0.01,XXX,33.4009
93788,Ambl bp mntr w/sw a/r,A,0.00,0.17,0.01,XXX,33.4009
93790,Ambl bp mntr w/sw i&r,A,0.37,0.16,0.01,XXX,33.4009
93792,Pt/caregiver traing home inr,A,0.00,2.14,0.03,XXX,33.4009
93793,Anticoag mgmt pt warfarin,A,0.18,0.16,0.01,XXX,33.4009
93797,Phys/qhp op car rhab wo ecg,A,0.18,0.04,0.01,000,33.4009
93798,Phys/qhp op car rhab w/ecg,A,0.28,0.06,0.02,000,33.4009
93799,Unlisted cv svc/procedure,C,0.00,0.00,0.00,XXX,33.4009
93880,Extracranial bilat study,A,0.00,4.51,0.03,XXX,33.4009
93882,Extracranial uni/ltd study,A,0.00,2.99,0.02,XXX,33.4009
93886,Intracranial complete study,A,0.00,6.69,0.03,XXX,33.4009
93888,Intracranial limited study,A,0.00,4.00,0.02,XXX,33.4009
93892,Tcd emboli detect w/o inj,A,0.00,7.38,0.04,XXX,33.4009
93893,Tcd std icr art ven-art shnt,A,0.00,9.14,0.03,XXX,33.4009
93895,Carotid intima atheroma eval,N,0.00,0.00,0.00,XXX,33.4009
93896,Vsrctv std tcd icr art compl,A,0.00,4.36,0.02,ZZZ,33.4009
93897,Emboli detcj wo iv mbubb njx,A,0.00,5.96,0.03,ZZZ,33.4009
93898,Ven-artl shunt det mbubb njx,A,0.00,6.52,0.02,ZZZ,33.4009
93922,Upr/l xtremity art 2 levels,A,0.00,2.12,0.02,XXX,33.4009
93923,Upr/lxtr art stdy 3+ lvls,A,0.00,3.33,0.03,XXX,33.4009
93924,Lwr xtr vasc stdy bilat,A,0.00,4.21,0.03,XXX,33.4009
93925,Lower extremity study,A,0.00,5.97,0.04,XXX,33.4009
93926,Lower extremity study,A,0.00,3.49,0.03,XXX,33.4009
93930,Upper extremity study,A,0.00,4.81,0.03,XXX,33.4009
93931,Upper extremity study,A,0.00,2.92,0.02,XXX,33.4009
93970,Extremity study,A,0.00,4.52,0.03,XXX,33.4009
93971,Extremity study,A,0.00,2.85,0.02,XXX,33.4009
93975,Vascular study,A,0.00,6.13,0.04,XXX,33.4009
93976,Vascular study,A,0.00,3.54,0.02,XXX,33.4009
93978,Vascular study,A,0.00,4.25,0.03,XXX,33.4009
93979,Vascular study,A,0.00,2.78,0.02,XXX,33.4009
93980,Penile vascular study,A,0.00,1.82,0.01,XXX,33.4009
93981,Penile vascular study,A,0.00,1.56,0.01,XXX,33.4009
93985,Dup-scan hemo compl bi std,A,0.00,6.30,0.05,XXX,33.4009
93986,Dup-scan hemo compl uni std,A,0.00,3.72,0.03,XXX,33.4009
93990,Doppler flow testing,A,0.00,3.62,0.03,XXX,33.4009
93998,Unlistd noninvas vasc dx std,C,0.00,0.00,0.00,XXX,33.4009
94002,Vent mgmt inpat init day,A,1.99,0.40,0.18,XXX,33.4009
94003,Vent mgmt inpat subq day,A,1.37,0.28,0.12,XXX,33.4009
94004,Vent mgmt nf per day,A,1.00,0.24,0.07,XXX,33.4009
94005,Home vent mgmt supervision,B,1.50,1.22,0.08,XXX,33.4009
94619,Exercise tst brncspsm wo ecg,A,0.00,1.34,0.02,XXX,33.4009
94625,Phy/qhp op pulm rhb w/o mntr,A,0.36,0.08,0.05,XXX,33.4009
94626,Phy/qhp op pulm rhb w/mntr,A,0.56,0.10,0.07,XXX,33.4009
95004,Perq tests w/alrgnc xtrcs,A,0.01,0.09,0.01,XXX,33.4009
95012,Nitric oxide exp gas deter,A,0.00,0.58,0.01,XXX,33.4009
95017,All tstg perq&iq w/venoms,A,0.07,0.01,0.01,XXX,33.4009
95018,All tstg perq&iq drugs/biol,A,0.14,0.03,0.01,XXX,33.4009
95024,Iq tests w/allergenic xtrcs,A,0.01,0.01,0.01,XXX,33.4009
95027,Iq tsts seql&incrl airborne,A,0.01,0.12,0.01,XXX,33.4009
95028,Iq tsts allergy delayed rxn,A,0.00,0.36,0.01,XXX,33.4009
95044,Patch/application tests,A,0.00,0.14,0.01,XXX,33.4009
95052,Photo patch tests,A,0.00,0.17,0.01,XXX,33.4009
95056,Photo tests,A,0.00,1.53,0.02,XXX,33.4009
95060,Oph mucous membrane tests,A,0.00,1.21,0.01,XXX,33.4009
95065,Dir nsl mucous membrane test,A,0.00,0.83,0.01,XXX,33.4009
95070,Inhlj brncl challenge tstg,A,0.00,1.16,0.03,XXX,33.4009
95076,Ingest challenge ini 120 min,A,1.50,0.31,0.06,XXX,33.4009
95079,Ingest challenge addl 60 min,A,1.38,0.29,0.05,ZZZ,33.4009
95115,Immunotherapy one injection,A,0.00,0.30,0.01,XXX,33.4009
95117,Immunotherapy injections,A,0.00,0.36,0.01,XXX,33.4009
95120,Immunotherapy one injection,I,0.00,0.00,0.00,XXX,33.4009
95125,Immunotherapy 2/> injections,I,0.00,0.00,0.00,XXX,33.4009
95130,Immntx 1 sting insect,I,0.00,0.00,0.00,XXX,33.4009
95131,Immntx 2 sting insects,I,0.00,0.00,0.00,XXX,33.4009
95132,Immntx 3 sting insects,I,0.00,0.00,0.00,XXX,33.4009
95133,Immntx 4 sting insects,I,0.00,0.00,0.00,XXX,33.4009
95134,Immntx 5 sting insects,I,0.00,0.00,0.00,XXX,33.4009
95144,Antigen therapy services,A,0.06,0.01,0.01,XXX,33.4009
95145,Antigen therapy services,A,0.06,0.01,0.01,XXX,33.4009
95146,Antigen therapy services,A,0.06,0.01,0.01,XXX,33.4009
95147,Antigen therapy services,A,0.06,0.01,0.01,XXX,33.4009
95148,Antigen therapy services,A,0.06,0.01,0.01,XXX,33.4009
95149,Antigen therapy services,A,0.06,0.01,0.01,XXX,33.4009
95165,Antigen therapy services,A,0.06,0.01,0.01,XXX,33.4009
95170,Antigen therapy services,A,0.06,0.01,0.01,XXX,33.4009
95180,Rapid desensitization,A,2.01,0.52,0.07,XXX,33.4009
95199,Unlisted all/immlg svc/px,C,0.00,0.00,0.00,XXX,33.4009
95249,Cont gluc mntr pt prov eqp,A,0.00,2.05,0.04,XXX,33.4009
95250,Cont gluc mntr phys/qhp eqp,A,0.00,4.52,0.05,XXX,33.4009
95251,Cont gluc mntr analysis i&r,A,0.68,0.32,0.05,XXX,33.4009
95700,Eeg cont rec w/vid eeg tech,C,0.00,0.00,0.00,XXX,33.4009
95705,Eeg w/o vid 2-12 hr unmntr,C,0.00,0.00,0.00,XXX,33.4009
95706,Eeg wo vid 2-12hr intmt mntr,C,0.00,0.00,0.00,XXX,33.4009
95707,Eeg w/o vid 2-12hr cont mntr,C,0.00,0.00,0.00,XXX,33.4009
95708,Eeg wo vid ea 12-26hr unmntr,C,0.00,0.00,0.00,XXX,33.4009
95709,Eeg w/o vid ea 12-26hr intmt,C,0.00,0.00,0.00,XXX,33.4009
95710,Eeg w/o vid ea 12-26hr cont,C,0.00,0.00,0.00,XXX,33.4009
95711,Veeg 2-12 hr unmonitored,C,0.00,0.00,0.00,XXX,33.4009
95712,Veeg 2-12 hr intmt mntr,C,0.00,0.00,0.00,XXX,33.4009
95713,Veeg 2-12 hr cont mntr,C,0.00,0.00,0.00,XXX,33.4009
95714,Veeg ea 12-26 hr unmntr,C,0.00,0.00,0.00,XXX,33.4009
95715,Veeg ea 12-26hr intmt mntr,C,0.00,0.00,0.00,XXX,33.4009
95716,Veeg ea 12-26hr cont mntr,C,0.00,0.00,0.00,XXX,33.4009
95717,Eeg phys/qhp 2-12 hr w/o vid,A,1.95,0.56,0.16,XXX,33.4009
95718,Eeg phys/qhp 2-12 hr w/veeg,A,2.44,0.70,0.20,XXX,33.4009
95719,Eeg phys/qhp ea incr w/o vid,A,2.93,0.85,0.23,XXX,33.4009
95720,Eeg phy/qhp ea incr w/veeg,A,3.76,1.08,0.30,XXX,33.4009
95721,Eeg phy/qhp>36<60 hr w/o vid,A,3.86,1.10,0.33,XXX,33.4009
95722,Eeg phy/qhp>36<60 hr w/veeg,A,4.70,1.33,0.38,XXX,33.4009
95723,Eeg phy/qhp>60<84 hr w/o vid,A,4.75,1.33,0.36,XXX,33.4009
95724,Eeg phy/qhp>60<84 hr w/veeg,A,6.00,1.68,0.46,XXX,33.4009
95725,Eeg phy/qhp>84 hr w/o vid,A,5.40,1.56,0.43,XXX,33.4009
95726,Eeg phy/qhp>84 hr w/veeg,A,7.58,2.17,0.60,XXX,33.4009
95782,Polysom <6 yrs 4/> paramtrs,A,0.00,26.34,0.27,XXX,33.4009
95783,Polysom <6 yrs cpap/bilvl,A,0.00,27.80,0.28,XXX,33.4009
95800,Slp stdy unattended,A,0.00,3.05,0.02,XXX,33.4009
95801,Slp stdy unatnd w/anal,A,0.00,1.86,0.02,XXX,33.4009
95803,Actigraphy testing,A,0.00,2.76,0.01,XXX,33.4009
95805,Multiple sleep latency test,A,0.00,12.51,0.12,XXX,33.4009
95806,Sleep study unatt&resp efft,A,0.00,1.73,0.02,XXX,33.4009
95807,Sleep study attended,A,0.00,11.39,0.11,XXX,33.4009
95808,Polysom any age 1-3> param,A,0.00,12.77,0.13,XXX,33.4009
95810,Polysom 6/> yrs 4/> param,A,0.00,16.44,0.15,XXX,33.4009
95811,Polysom 6/>yrs cpap 4/> parm,A,0.00,17.31,0.17,XXX,33.4009
95812,Eeg 41-60 minutes,A,0.00,9.68,0.04,XXX,33.4009
95813,Eeg extnd mntr 61-119 min,A,0.00,11.67,0.05,XXX,33.4009
95816,Eeg awake and drowsy,A,0.00,10.64,0.05,XXX,33.4009
95819,Eeg awake and asleep,A,0.00,12.68,0.06,XXX,33.4009
95822,Eeg coma or sleep only,A,0.00,11.63,0.05,XXX,33.4009
95824,Eeg cerebral death only,C,0.00,0.00,0.00,XXX,33.4009
95829,Surgery electrocorticogram,A,0.00,48.89,0.09,XXX,33.4009
95830,Insert electrodes for eeg,A,1.66,0.48,0.14,XXX,33.4009
95836,Ecog impltd brn npgt <30 d,A,1.93,0.56,0.16,XXX,33.4009
95851,Range of motion measurements,A,0.16,0.03,0.01,XXX,33.4009
95852,Range of motion measurements,A,0.11,0.03,0.01,XXX,33.4009
95857,Cholinesterase challenge,A,0.52,0.15,0.04,XXX,33.4009
95860,Needle emg 1 extremity,A,0.00,2.03,0.01,XXX,33.4009
95861,Needle emg 2 extremities,A,0.00,2.41,0.01,XXX,33.4009
95863,Needle emg 3 extremities,A,0.00,3.63,0.01,XXX,33.4009
95864,Needle emg 4 extremities,A,0.00,4.05,0.01,XXX,33.4009
95865,Needle emg larynx,A,0.00,2.10,0.01,XXX,33.4009
95866,Needle emg hemidiaphragm,A,0.00,2.08,0.01,XXX,33.4009
95867,Ndl emg cranial nrv musc uni,A,0.00,1.97,0.01,XXX,33.4009
95868,Ndl emg cranial nrv musc bi,A,0.00,2.01,0.01,XXX,33.4009
95869,Ndl emg thrc paraspinal musc,A,0.00,2.25,0.01,XXX,33.4009
95870,Ndl emg lmtd std musc 1 xtr,A,0.00,1.99,0.01,XXX,33.4009
95872,Ndl emg single fiber eltrd,A,0.00,1.84,0.01,XXX,33.4009
95873,Guide nerv destr elec stim,A,0.00,1.68,0.00,ZZZ,33.4009
95874,Guide nerv destr needle emg,A,0.00,1.82,0.00,ZZZ,33.4009
95875,Limb exercise test,A,0.00,2.05,0.01,XXX,33.4009
95885,Musc tst done w/nerv tst lim,A,0.00,1.38,0.00,ZZZ,33.4009
95886,Musc test done w/n test comp,A,0.00,1.63,0.00,ZZZ,33.4009
95887,Musc tst done w/n tst nonext,A,0.00,1.53,0.00,ZZZ,33.4009
95905,Motor &/ sens nrve cndj test,A,0.00,0.91,0.01,XXX,33.4009
95907,Nvr cndj tst 1-2 studies,A,0.00,1.21,0.01,XXX,33.4009
95908,Nrv cndj tst 3-4 studies,A,0.00,1.52,0.01,XXX,33.4009
95909,Nrv cndj tst 5-6 studies,A,0.00,1.84,0.01,XXX,33.4009
95910,Nrv cndj test 7-8 studies,A,0.00,2.34,0.01,XXX,33.4009
95911,Nrv cndj test 9-10 studies,A,0.00,2.61,0.01,XXX,33.4009
95912,Nrv cndj test 11-12 studies,A,0.00,2.87,0.02,XXX,33.4009
95913,Nrv cndj test 13/> studies,A,0.00,3.34,0.02,XXX,33.4009
95919,Quan puplmtry phy/qhp uni/bi,A,0.00,0.19,0.01,XXX,33.4009
95921,Autonomic nrv parasym inervj,A,0.00,1.37,0.01,XXX,33.4009
95922,Autonomic nrv adrenrg inervj,A,0.00,1.35,0.01,XXX,33.4009
95923,Autonomic nrv syst funj test,A,0.00,2.35,0.01,XXX,33.4009
95924,Ans parasymp & symp w/tilt,A,0.00,1.98,0.02,XXX,33.4009
95925,Somatosensory testing,A,0.00,3.69,0.03,XXX,33.4009
95926,Somatosensory testing,A,0.00,3.26,0.03,XXX,33.4009
95927,Somatosensory testing,A,0.00,4.24,0.04,XXX,33.4009
95928,C motor evoked uppr limbs,A,0.00,5.28,0.02,XXX,33.4009
95929,C motor evoked lwr limbs,A,0.00,5.12,0.02,XXX,33.4009
95930,Visual ep test cns w/i&r,A,0.00,1.48,0.01,XXX,33.4009
95933,Blink reflex test,A,0.00,1.60,0.01,XXX,33.4009
95937,Neuromuscular junction test,A,0.00,2.16,0.01,XXX,33.4009
95938,Somatosensory testing,A,0.00,10.58,0.05,XXX,33.4009
95939,C motor evoked upr&lwr limbs,A,0.00,14.06,0.06,XXX,33.4009
95940,Ionm in operatng room 15 min,A,0.60,0.17,0.03,XXX,33.4009
95941,Ionm remote/>1 pt or per hr,I,0.00,0.00,0.00,XXX,33.4009
95954,Eeg monitoring/giving drugs,A,0.00,8.11,0.07,XXX,33.4009
95955,Eeg during surgery,A,0.00,4.32,0.01,XXX,33.4009
95957,Eeg digital analysis,A,0.00,6.20,0.04,XXX,33.4009
95958,Eeg monitoring/function test,A,0.00,16.07,0.08,XXX,33.4009
95961,Electrode stimulation brain,A,0.00,5.83,0.02,XXX,33.4009
95962,Electrode stim brain add-on,A,0.00,3.76,0.02,ZZZ,33.4009
95965,Meg spontaneous,C,0.00,0.00,0.00,XXX,33.4009
95966,Meg evoked single,C,0.00,0.00,0.00,XXX,33.4009
95967,Meg evoked each addl,C,0.00,0.00,0.00,ZZZ,33.4009
95970,Alys npgt w/o prgrmg,A,0.35,0.10,0.03,XXX,33.4009
95971,Alys smpl sp/pn npgt w/prgrm,A,0.78,0.18,0.07,XXX,33.4009
95972,Alys cplx sp/pn npgt w/prgrm,A,0.80,0.18,0.07,XXX,33.4009
95976,Alys smpl cn npgt prgrmg,A,0.71,0.18,0.06,XXX,33.4009
95977,Alys cplx cn npgt prgrmg,A,0.95,0.24,0.08,XXX,33.4009
95980,Io anal gast n-stim init,A,0.78,0.27,0.19,XXX,33.4009
95981,Io anal gast n-stim subsq,A,0.29,0.15,0.06,XXX,33.4009
95982,Io ga n-stim subsq w/reprog,A,0.63,0.23,0.13,XXX,33.4009
95983,Alys brn npgt prgrmg 15 min,A,0.91,0.27,0.08,XXX,33.4009
95984,Alys brn npgt prgrmg addl 15,A,0.80,0.24,0.07,ZZZ,33.4009
95990,Spin/brain pump refil & main,A,0.00,2.89,0.05,XXX,33.4009
95991,Spin/brain pump refil & main,A,0.75,0.19,0.07,XXX,33.4009
95992,Canalith repositioning proc,A,0.73,0.14,0.02,XXX,33.4009
95999,Unlisted neurological dx px,C,0.00,0.00,0.00,XXX,33.4009
96000,Motion analysis video/3d,A,1.76,0.30,0.05,XXX,33.4009
96001,Motion test w/ft press meas,A,2.10,0.41,0.09,XXX,33.4009
96002,Dynamic surface emg,A,0.40,0.11,0.03,XXX,33.4009
96004,Phys review of motion tests,A,2.09,0.95,0.14,XXX,33.4009
96020,Functional brain mapping,C,0.00,0.00,0.00,XXX,33.4009
96041,Genetic counseling svc ea 30,B,0.00,1.61,0.04,XXX,33.4009
96105,Assessment of aphasia,A,1.75,1.11,0.05,XXX,33.4009
96110,Developmental screen w/score,N,0.00,0.36,0.01,XXX,33.4009
96112,Devel tst phys/qhp 1st hr,A,2.56,0.50,0.14,XXX,33.4009
96113,Devel tst phys/qhp ea addl,A,1.16,0.16,0.03,ZZZ,33.4009
96116,Nubhvl xm phys/qhp 1st hr,A,1.86,0.24,0.06,XXX,33.4009
96121,Nubhvl xm phy/qhp ea addl hr,A,1.71,0.12,0.01,ZZZ,33.4009
96125,Cognitive test by hc pro,A,1.70,1.34,0.04,XXX,33.4009
96127,Brief emotional/behav assmt,A,0.00,0.14,0.01,XXX,33.4009
96146,Psycl/nrpsyc tst auto result,A,0.00,0.06,0.01,XXX,33.4009
96156,Hlth bhv assmt/reassessment,A,2.40,0.18,0.02,XXX,33.4009
96158,Hlth bhv ivntj indiv 1st 30,A,1.66,0.12,0.01,XXX,33.4009
96159,Hlth bhv ivntj indiv ea addl,A,0.57,0.04,0.00,ZZZ,33.4009
96160,Pt-focused hlth risk assmt,A,0.00,0.09,0.00,ZZZ,33.4009
96161,Caregiver health risk assmt,A,0.00,0.10,0.00,ZZZ,33.4009
96164,Hlth bhv ivntj grp 1st 30,A,0.24,0.03,0.01,XXX,33.4009
96165,Hlth bhv ivntj grp ea addl,A,0.11,0.01,0.00,ZZZ,33.4009
96167,Hlth bhv ivntj fam 1st 30,A,1.77,0.11,0.01,XXX,33.4009
96168,Hlth bhv ivntj fam ea addl,A,0.63,0.04,0.01,ZZZ,33.4009
96170,Hlth bhv ivntj fam wo pt 1st,N,1.50,0.33,0.08,XXX,33.4009
96171,Hlth bhv ivntj fam w/o pt ea,N,0.54,0.12,0.03,ZZZ,33.4009
96202,Mlt fam grp bhv train 1st 60,A,0.43,0.08,0.01,XXX,33.4009
96203,Mlt fam grp bhv train ea add,A,0.12,0.02,0.01,ZZZ,33.4009
96360,Hydration iv infusion init,A,0.17,0.82,0.01,XXX,33.4009
96361,Hydrate iv infusion add-on,A,0.09,0.29,0.01,ZZZ,33.4009
96368,Ther/diag concurrent inf,A,0.17,0.44,0.01,ZZZ,33.4009
96369,Sc ther infusion up to 1 hr,A,0.21,4.10,0.03,XXX,33.4009
96370,Sc ther infusion addl hr,A,0.18,0.32,0.01,ZZZ,33.4009
96371,Sc ther infusion reset pump,A,0.00,1.69,0.00,ZZZ,33.4009
96372,Ther/proph/diag inj sc/im,A,0.17,0.28,0.01,XXX,33.4009
96373,Ther/proph/diag inj ia,A,0.17,0.41,0.01,XXX,33.4009
96377,Applicaton on-body injector,A,0.17,0.39,0.01,XXX,33.4009
96379,Unl ther/prop/diag inj/inf,C,0.00,0.00,0.00,XXX,33.4009
96380,Admn rsv monoc antb im cnsl,A,0.28,0.60,0.02,XXX,33.4009
96381,Admn rsv monoc antb im njx,A,0.17,0.55,0.01,XXX,33.4009
96402,Chemo hormon antineopl sq/im,A,0.19,0.95,0.02,XXX,33.4009
96405,Chemo intralesional up to 7,A,0.52,0.16,0.03,000,33.4009
96406,Chemo intralesional over 7,A,0.80,0.26,0.06,000,33.4009
96411,Chemo iv push addl drug,A,0.20,1.48,0.03,ZZZ,33.4009
96416,Chemo prolong infuse w/pump,A,0.21,3.71,0.07,XXX,33.4009
96417,Chemo iv infus each addl seq,A,0.21,1.75,0.03,ZZZ,33.4009
96420,Chemo ia push tecnique,A,0.17,2.92,0.06,XXX,33.4009
96422,Chemo ia infusion up to 1 hr,A,0.17,3.96,0.07,XXX,33.4009
96423,Chemo ia infuse each addl hr,A,0.17,2.04,0.05,ZZZ,33.4009
96425,Chemotherapy infusion method,A,0.17,4.93,0.11,XXX,33.4009
96440,Chmotx admn plrl cav thrcnts,A,2.12,1.22,0.14,000,33.4009
96446,Chemotx admn pertl cav impl,A,0.37,0.08,0.12,XXX,33.4009
96450,Chemotherapy into cns,A,1.53,0.32,0.14,000,33.4009
96521,Refill/maint portable pump,A,0.21,4.02,0.07,XXX,33.4009
96522,Refill/maint pump/resvr syst,A,0.21,3.47,0.07,XXX,33.4009
96523,Irrig drug delivery device,T,0.04,0.73,0.01,XXX,33.4009
96542,Chemotherapy injection,A,0.75,0.26,0.06,XXX,33.4009
96547,Intraop hipec px 1st 60 min,A,6.53,1.82,1.52,ZZZ,33.4009
96548,Ntraop hipec px ea add 30min,A,3.00,0.85,0.69,ZZZ,33.4009
96549,Unlisted chemotherapy px,C,0.00,0.00,0.00,XXX,33.4009
96567,Pdt dstr prmlg les skn,A,0.00,3.86,0.01,XXX,33.4009
96570,Photodynmc tx 30 min add-on,A,1.10,0.20,0.08,ZZZ,33.4009
96571,Photodynamic tx addl 15 min,A,0.55,0.10,0.05,ZZZ,33.4009
96573,Pdt dstr prmlg les phys/qhp,A,0.47,6.02,0.02,000,33.4009
96574,Dbrdmt prmlg les w/pdt,A,0.98,6.97,0.04,000,33.4009
96931,Rcm img acquisj&i&r 1st les,A,0.78,4.11,0.04,XXX,33.4009
96932,Rcm img acquisj only 1st les,A,0.00,3.66,0.01,XXX,33.4009
96933,Rcm i&r only 1st lesion,A,0.78,0.45,0.03,XXX,33.4009
96934,Rcm img acquisj&i&r ea addl,A,0.74,2.69,0.03,ZZZ,33.4009
96935,Rcm img acquisj only ea addl,A,0.00,2.28,0.00,ZZZ,33.4009
96936,Rcm i&r only ea addl lesion,A,0.74,0.41,0.03,ZZZ,33.4009
97007,Mchnl sclp cool meas fitg,A,0.00,50.72,0.03,XXX,33.4009
97008,Mchnl sclp cool prep plmt,A,0.00,0.29,0.01,XXX,33.4009
97009,Mchnl sclp cool after chemo,A,0.00,0.19,0.00,ZZZ,33.4009
97037,Appl modality 1+lllt po pain,N,0.00,0.00,0.00,XXX,33.4009
97151,Bhv id assmt by phys/qhp,C,0.00,0.00,0.00,XXX,33.4009
97152,Bhv id suprt assmt by 1 tech,C,0.00,0.00,0.00,XXX,33.4009
97153,Adaptive behavior tx by tech,C,0.00,0.00,0.00,XXX,33.4009
97154,Grp adapt bhv tx by tech,C,0.00,0.00,0.00,XXX,33.4009
97155,Adapt behavior tx phys/qhp,C,0.00,0.00,0.00,XXX,33.4009
97156,Fam adapt bhv tx gdn phy/qhp,C,0.00,0.00,0.00,XXX,33.4009
97157,Mult fam adapt bhv tx gdn,C,0.00,0.00,0.00,XXX,33.4009
97158,Grp adapt bhv tx by phy/qhp,C,0.00,0.00,0.00,XXX,33.4009
97550,Caregiver traing 1st 30 min,A,1.00,0.18,0.01,XXX,33.4009
97551,Caregiver traing ea addl 15,A,0.54,0.09,0.00,ZZZ,33.4009
97552,Group caregiver training,A,0.23,0.04,0.01,XXX,33.4009
97802,Medical nutrition indiv in,A,0.53,0.25,0.01,XXX,33.4009
97803,Med nutrition indiv subseq,A,0.45,0.20,0.01,XXX,33.4009
97804,Medical nutrition group,A,0.25,0.11,0.01,XXX,33.4009
98000,Synch audio-video new sf 15,I,0.93,0.21,0.06,XXX,33.4009
98001,Synch audio-video new low 30,I,1.60,0.35,0.09,XXX,33.4009
98002,Synch audio-video new mod 45,I,2.60,0.57,0.16,XXX,33.4009
98003,Synch audio-video new hi 60,I,3.50,0.77,0.21,XXX,33.4009
98004,Synch audio-video est sf 10,I,0.70,0.16,0.04,XXX,33.4009
98005,Synch audio-video est low 20,I,1.30,0.29,0.07,XXX,33.4009
98006,Synch audio-video est mod 30,I,1.92,0.42,0.12,XXX,33.4009
98007,Synch audio-video est hi 40,I,2.60,0.57,0.16,XXX,33.4009
98008,Synch audio-only new sf 15,I,0.90,0.20,0.06,XXX,33.4009
98009,Synch audio-only new low 30,I,1.55,0.34,0.09,XXX,33.4009
98010,Synch audio-only new mod 45,I,2.42,0.53,0.15,XXX,33.4009
98011,Synch audio-only new high 60,I,3.20,0.70,0.20,XXX,33.4009
98012,Synch audio-only est sf 10,I,0.65,0.14,0.04,XXX,33.4009
98013,Synch audio-only est low 20,I,1.20,0.27,0.07,XXX,33.4009
98014,Synch audio-only est mod 30,I,1.75,0.38,0.11,XXX,33.4009
98015,Synch audio-only est high 40,I,2.60,0.57,0.16,XXX,33.4009
98016,Brief comunicaj tech-bsd svc,A,0.30,0.07,0.02,XXX,33.4009
98960,Edu&trn pt self-mgmt nqhp 1,B,0.00,0.98,0.02,XXX,33.4009
98961,Edu&trn pt slf-mgmt nqhp 2-4,B,0.00,0.46,0.01,XXX,33.4009
98962,Edu&trn pt slf-mgmt nqhp 5-8,B,0.00,0.35,0.01,XXX,33.4009
98966,Ph1 assmt&mgmt nqhp 5-10,A,0.25,0.05,0.01,XXX,33.4009
98967,Ph1 assmt&mgmt nqhp 11-20,A,0.50,0.08,0.02,XXX,33.4009
98968,Ph1 assmt&mgmt nqhp 21-30,A,0.75,0.10,0.02,XXX,33.4009
98970,Nqhp ol dig assmt&mgmt 5-10,A,0.25,0.05,0.01,XXX,33.4009
98971,Nqhp ol dig assmt&mgmt 11-20,A,0.44,0.11,0.02,XXX,33.4009
98972,Nqhp ol dig assmt&mgmt 21+,A,0.69,0.15,0.03,XXX,33.4009
98975,Rtm 1st set-up&pt educaj eqp,A,0.00,0.63,0.02,XXX,33.4009
98976,Rtm dev sply resp sys 16-30d,A,0.00,1.55,0.01,XXX,33.4009
98977,Rtm dev sply mscskl 16-30 d,A,0.00,1.53,0.01,XXX,33.4009
98978,Rtm dev sply cbt 16-30 d,C,0.00,0.00,0.00,XXX,33.4009
98979,Rtm tx mgmt 1st 10 min,A,0.31,0.02,0.01,XXX,33.4009
98980,Rtm tx mgmt 1st 20 min,A,0.62,0.12,0.03,XXX,33.4009
98981,Rtm tx mgmt ea addl 20 min,A,0.61,0.12,0.03,ZZZ,33.4009
98984,Rtm dev sply resp sys 2-15 d,A,0.00,1.55,0.01,XXX,33.4009
98985,Rtm dev sply mscsk sys 2-15d,A,0.00,1.53,0.01,XXX,33.4009
98986,Rtm dev sply cbt 2-15 d,C,0.00,0.00,0.00,XXX,33.4009
99000,Specimen handling office-lab,B,0.00,0.00,0.00,XXX,33.4009
99001,Specimen handling pt-lab,B,0.00,0.00,0.00,XXX,33.4009
99002,Device handling phys/qhp,B,0.00,0.00,0.00,XXX,33.4009
99024,Postop follow-up visit,B,0.00,0.00,0.00,XXX,33.4009
99026,In-hospital on call service,N,0.00,0.00,0.00,XXX,33.4009
99027,Out-of-hosp on call service,N,0.00,0.00,0.00,XXX,33.4009
99050,Medical services after hrs,B,0.00,0.00,0.00,XXX,33.4009
99051,Med serv eve/wkend/holiday,B,0.00,0.00,0.00,XXX,33.4009
99053,Med serv 10pm-8am 24 hr fac,B,0.00,0.00,0.00,XXX,33.4009
99056,Med service out of office,B,0.00,0.00,0.00,XXX,33.4009
99058,Office emergency care,B,0.00,0.00,0.00,XXX,33.4009
99060,Out of office emerg med serv,B,0.00,0.00,0.00,XXX,33.4009
99070,Special supplies phys/qhp,B,0.00,0.00,0.00,XXX,33.4009
99071,Patient education materials,B,0.00,0.00,0.00,XXX,33.4009
99072,Addl supl matrl&staf tm phe,B,0.00,0.00,0.00,XXX,33.4009
99075,Medical testimony,N,0.00,0.00,0.00,XXX,33.4009
99078,Group health education,B,0.00,0.00,0.00,XXX,33.4009
99080,Special reports or forms,B,0.00,0.00,0.00,XXX,33.4009
99082,Unusual physician travel,C,0.00,0.00,0.00,XXX,33.4009
99091,Collj & interpj data ea 30 d,A,1.10,0.25,0.07,XXX,33.4009
99100,Anes pt exteme age<1 yr&>70,B,0.00,0.00,0.00,ZZZ,33.4009
99116,Anes comp tot bdy hypthrm,B,0.00,0.00,0.00,ZZZ,33.4009
99135,Anes comp ctrld hypotension,B,0.00,0.00,0.00,ZZZ,33.4009
99140,Anes comp emergency cond,B,0.00,0.00,0.00,ZZZ,33.4009
99151,Mod sed same phys/qhp <5 yrs,A,0.50,0.10,0.03,XXX,33.4009
99155,Mod sed oth phys/qhp <5 yrs,A,1.90,0.30,0.24,XXX,33.4009
99156,Mod sed oth phys/qhp 5/>yrs,A,1.65,0.29,0.19,XXX,33.4009
99157,Mod sed other phys/qhp ea,A,1.25,0.23,0.14,ZZZ,33.4009
99170,Anogenital exam child w imag,A,1.71,0.35,0.09,000,33.4009
99172,Ocular function screen,N,0.00,0.00,0.00,XXX,33.4009
99173,Visual acuity screen,N,0.00,0.09,0.01,XXX,33.4009
99174,Ocular instrumnt screen bil,N,0.00,0.19,0.01,XXX,33.4009
99175,Induction of vomiting,A,0.00,1.36,0.01,XXX,33.4009
99177,Ocular instrumnt screen bil,N,0.00,0.15,0.01,XXX,33.4009
99183,Hyperbaric oxygen therapy,A,2.06,0.96,0.26,XXX,33.4009
99184,Hypothermia ill neonate,A,4.39,0.82,0.30,XXX,33.4009
99188,App topical fluoride varnish,N,0.20,0.04,0.01,XXX,33.4009
99190,Special pump services,X,0.00,0.00,0.00,XXX,33.4009
99191,Special pump services,X,0.00,0.00,0.00,XXX,33.4009
99192,Special pump services,X,0.00,0.00,0.00,XXX,33.4009
99195,Phlebotomy,A,0.00,2.89,0.05,XXX,33.4009
99199,Unlisted special svc px/rprt,C,0.00,0.00,0.00,XXX,33.4009
99288,Direct advanced life support,B,0.00,0.00,0.00,XXX,33.4009
99315,Nf dschrg mgmt 30 min/less,A,1.50,0.60,0.09,XXX,33.4009
99316,Nf dschrg mgmt 30 min+,A,2.50,0.85,0.17,XXX,33.4009
99358,Prolong service w/o contact,I,1.80,0.39,0.11,XXX,33.4009
99359,Prolong serv w/o contact add,I,0.75,0.17,0.05,ZZZ,33.4009
99360,Physician standby services,X,1.20,0.27,0.07,XXX,33.4009
99366,Team conf w/pat by hc prof,B,0.82,0.18,0.05,XXX,33.4009
99367,Team conf w/o pat by phys,B,1.10,0.24,0.07,XXX,33.4009
99368,Team conf w/o pat by hc pro,B,0.72,0.16,0.04,XXX,33.4009
99374,Home health care supervision,B,1.10,0.24,0.07,XXX,33.4009
99375,Home health care supervision,I,1.73,0.37,0.11,XXX,33.4009
99377,Hospice care supervision,B,1.10,0.24,0.07,XXX,33.4009
99378,Hospice care supervision,I,1.73,0.37,0.11,XXX,33.4009
99379,Nursing fac care supervision,B,1.10,0.24,0.07,XXX,33.4009
99380,Nursing fac care supervision,B,1.73,0.37,0.11,XXX,33.4009
99401,Prev med cnsl indiv apprx 15,N,0.48,0.11,0.03,XXX,33.4009
99402,Prev med cnsl indiv apprx 30,N,0.98,0.22,0.06,XXX,33.4009
99403,Prev med cnsl indiv apprx 45,N,1.46,0.32,0.08,XXX,33.4009
99404,Prev med cnsl indiv apprx 60,N,1.95,0.42,0.12,XXX,33.4009
99406,Behav chng smoking 3-10 min,A,0.24,0.06,0.02,XXX,33.4009
99407,Behav chng smoking > 10 min,A,0.50,0.12,0.04,XXX,33.4009
99408,Audit/dast 15-30 min,N,0.65,0.14,0.04,XXX,33.4009
99409,Audit/dast over 30 min,N,1.30,0.29,0.07,XXX,33.4009
99411,Preventive counseling group,N,0.15,0.03,0.01,XXX,33.4009
99412,Preventive counseling group,N,0.25,0.06,0.02,XXX,33.4009
99415,Prolng clin staff svc 1st hr,A,0.00,0.68,0.01,ZZZ,33.4009
99416,Prolng clin staff svc ea add,A,0.00,0.37,0.01,ZZZ,33.4009
99417,Prolng op e/m each 15 min,I,0.61,0.14,0.04,ZZZ,33.4009
99418,Prolng ip/obs e/m ea 15 min,I,0.81,0.18,0.05,ZZZ,33.4009
99424,Prin care mgmt phys 1st 30,A,1.45,0.38,0.11,XXX,33.4009
99425,Prin care mgmt phys ea addl,A,1.00,0.25,0.07,ZZZ,33.4009
99426,Prin care mgmt staff 1st 30,A,1.00,0.25,0.07,XXX,33.4009
99427,Prin care mgmt staff ea addl,A,0.71,0.18,0.05,ZZZ,33.4009
99429,Unlisted preventive service,N,0.00,0.00,0.00,XXX,33.4009
99437,Chrnc care mgmt phys ea addl,A,1.00,0.24,0.07,ZZZ,33.4009
99439,Chrnc care mgmt staf ea addl,A,0.70,0.17,0.05,ZZZ,33.4009
99445,Rem mntr physiol param 2-15,A,0.00,1.55,0.01,XXX,33.4009
99450,Basic life disability exam,N,0.00,0.00,0.00,XXX,33.4009
99453,Rem mntr physiol param setup,A,0.00,0.63,0.02,XXX,33.4009
99454,Rem mntr physiol param 16-30,A,0.00,1.55,0.01,XXX,33.4009
99455,Work related disability exam,R,0.00,0.00,0.00,XXX,33.4009
99456,Disability examination,R,0.00,0.00,0.00,XXX,33.4009
99457,Rpm tx mgmt 1st 20 min,A,0.61,0.14,0.04,XXX,33.4009
99458,Rpm tx mgmt ea addl 20 min,A,0.61,0.14,0.04,ZZZ,33.4009
99459,Pelvic examination,A,0.00,0.52,0.00,ZZZ,33.4009
99466,Ped crit care transport,A,4.79,0.97,0.28,XXX,33.4009
99467,Ped crit care transport addl,A,2.40,0.48,0.15,ZZZ,33.4009
99470,Rpm tx mgmt 1st 10 min,A,0.31,0.07,0.02,XXX,33.4009
99473,Self-meas bp pt educaj/train,A,0.00,0.45,0.01,XXX,33.4009
99474,Self-meas bp 2 readg bid 30d,A,0.18,0.05,0.01,XXX,33.4009
99483,Assmt & care pln pt cog imp,A,3.84,0.97,0.27,XXX,33.4009
99484,Care mgmt svc bhvl hlth cond,A,0.93,0.17,0.06,XXX,33.4009
99485,Suprv interfacilty transport,B,1.50,0.33,0.08,XXX,33.4009
99486,Suprv interfac trnsport addl,B,1.30,0.29,0.07,XXX,33.4009
99492,1st psyc collab care mgmt,A,1.88,0.44,0.14,XXX,33.4009
99493,Sbsq psyc collab care mgmt,A,2.05,0.49,0.14,XXX,33.4009
99494,1st/sbsq psyc collab care,A,0.82,0.20,0.06,ZZZ,33.4009
99499,Unlisted e&m service,C,0.00,0.00,0.00,XXX,33.4009
99500,Home visit prenatal,I,0.00,0.00,0.00,XXX,33.4009
99501,Home visit postnatal,I,0.00,0.00,0.00,XXX,33.4009
99502,Home visit nb care,I,0.00,0.00,0.00,XXX,33.4009
99503,Home visit resp therapy,I,0.00,0.00,0.00,XXX,33.4009
99504,Home visit mech ventilator,I,0.00,0.00,0.00,XXX,33.4009
99505,Home visit stoma care,I,0.00,0.00,0.00,XXX,33.4009
99506,Home visit im injection,I,0.00,0.00,0.00,XXX,33.4009
99507,Home visit cath maintain,I,0.00,0.00,0.00,XXX,33.4009
99509,Home visit day life activity,I,0.00,0.00,0.00,XXX,33.4009
99510,Home visit sing/m/fam couns,I,0.00,0.00,0.00,XXX,33.4009
99511,Home visit fecal/enema mgmt,I,0.00,0.00,0.00,XXX,33.4009
99512,Home visit for hemodialysis,I,0.00,0.00,0.00,XXX,33.4009
99600,Unlisted home visit svc/px,I,0.00,0.00,0.00,XXX,33.4009
99601,Home nfs visit <2 hrs,I,0.00,0.00,0.00,XXX,33.4009
99602,Home nfs visit each addl hr,I,0.00,0.00,0.00,XXX,33.4009
99605,Mtms by pharm np 15 min,X,0.00,0.00,0.00,XXX,33.4009
99606,Mtms by pharm est 15 min,X,0.00,0.00,0.00,XXX,33.4009
99607,Mtms by pharm addl 15 min,X,0.00,0.00,0.00,XXX,33.4009
A0021,Outside state ambulance serv,I,0.00,0.00,0.00,XXX,33.4009
A0080,Noninterest escort in non er,I,0.00,0.00,0.00,XXX,33.4009
A0090,Interest escort in non er,I,0.00,0.00,0.00,XXX,33.4009
A0100,Nonemergency transport taxi,I,0.00,0.00,0.00,XXX,33.4009
A0110,Nonemergency transport bus,I,0.00,0.00,0.00,XXX,33.4009
A0120,Noner transport mini-bus,I,0.00,0.00,0.00,XXX,33.4009
A0130,Noner transport wheelch van,I,0.00,0.00,0.00,XXX,33.4009
A0140,Nonemergency transport air,I,0.00,0.00,0.00,XXX,33.4009
A0160,Noner transport case worker,I,0.00,0.00,0.00,XXX,33.4009
A0170,Transport parking fees/tolls,I,0.00,0.00,0.00,XXX,33.4009
A0180,Noner transport lodgng recip,I,0.00,0.00,0.00,XXX,33.4009
A0190,Noner transport meals recip,I,0.00,0.00,0.00,XXX,33.4009
A0200,Noner transport lodgng escrt,I,0.00,0.00,0.00,XXX,33.4009
A0210,Noner transport meals escort,I,0.00,0.00,0.00,XXX,33.4009
A0225,Neonatal emergency transport,I,0.00,0.00,0.00,XXX,33.4009
A0380,Basic life support mileage,I,0.00,0.00,0.00,XXX,33.4009
A0382,Basic support routine suppls,I,0.00,0.00,0.00,XXX,33.4009
A0384,Bls defibrillation supplies,I,0.00,0.00,0.00,XXX,33.4009
A0390,Advanced life support mileag,I,0.00,0.00,0.00,XXX,33.4009
A0392,Als defibrillation supplies,I,0.00,0.00,0.00,XXX,33.4009
A0394,Als iv drug therapy supplies,I,0.00,0.00,0.00,XXX,33.4009
A0396,Als esophageal intub suppls,I,0.00,0.00,0.00,XXX,33.4009
A0398,Als routine disposble suppls,I,0.00,0.00,0.00,XXX,33.4009
A0420,Ambulance waiting 1/2 hr,I,0.00,0.00,0.00,XXX,33.4009
A0422,Ambulance 02 life sustaining,I,0.00,0.00,0.00,XXX,33.4009
A0424,Extra ambulance attendant,I,0.00,0.00,0.00,XXX,33.4009
A0425,Ground mileage,X,0.00,0.00,0.00,XXX,33.4009
A0426,Als 1,X,0.00,0.00,0.00,XXX,33.4009
A0427,Als1-emergency,X,0.00,0.00,0.00,XXX,33.4009
A0428,Bls,X,0.00,0.00,0.00,XXX,33.4009
A0429,Bls-emergency,X,0.00,0.00,0.00,XXX,33.4009
A0430,Fixed wing air transport,X,0.00,0.00,0.00,XXX,33.4009
A0431,Rotary wing air transport,X,0.00,0.00,0.00,XXX,33.4009
A0432,Pi volunteer ambulance co,X,0.00,0.00,0.00,XXX,33.4009
A0433,Als 2,X,0.00,0.00,0.00,XXX,33.4009
A0434,Specialty care transport,X,0.00,0.00,0.00,XXX,33.4009
A0435,Fixed wing air mileage,X,0.00,0.00,0.00,XXX,33.4009
A0436,Rotary wing air mileage,X,0.00,0.00,0.00,XXX,33.4009
A0888,Noncovered ambulance mileage,N,0.00,0.00,0.00,XXX,33.4009
A0998,Ambulance response/treatment,I,0.00,0.00,0.00,XXX,33.4009
A0999,Unlisted ambulance service,X,0.00,0.00,0.00,XXX,33.4009
A2001,"Innovamatrix ac, per sq cm",A,0.00,3.81,0.00,ZZZ,33.4009
A2002,Mirragen adv wnd mat per sq,A,0.00,3.81,0.00,ZZZ,33.4009
A2004,"Xcellistem, 1 mg",C,0.00,0.00,0.00,XXX,33.4009
A2005,"Microlyte matrix, per sq cm",A,0.00,3.81,0.00,ZZZ,33.4009
A2006,Novosorb synpath per sq cm,A,0.00,3.81,0.00,ZZZ,33.4009
A2007,"Restrata, per sq cm",A,0.00,3.81,0.00,ZZZ,33.4009
A2008,"Theragenesis, per sq cm",A,0.00,3.81,0.00,ZZZ,33.4009
A2009,"Symphony, per sq cm",A,0.00,3.81,0.00,ZZZ,33.4009
A2010,"Apis, per square centimeter",A,0.00,3.81,0.00,ZZZ,33.4009
A2011,"Supra sdrm, per sq cm",A,0.00,3.81,0.00,ZZZ,33.4009
A2012,"Suprathel, per sq cm",A,0.00,3.81,0.00,ZZZ,33.4009
A2013,"Innovamatrix fs, per sq cm",A,0.00,3.81,0.00,ZZZ,33.4009
A2014,Omeza collag compl 100 mg,C,0.00,0.00,0.00,XXX,33.4009
A2015,"Phoenix wnd mtrx, per sq cm",A,0.00,3.81,0.00,ZZZ,33.4009
A2016,"Permeaderm b, per sq cm",A,0.00,3.81,0.00,ZZZ,33.4009
A2017,"Permeaderm glove, each",C,0.00,0.00,0.00,XXX,33.4009
A2018,"Permeaderm c, per sq cm",A,0.00,3.81,0.00,ZZZ,33.4009
A2019,Kerecis marigen shld sq cm,A,0.00,3.81,0.00,ZZZ,33.4009
A2020,Ac5 wound system,C,0.00,0.00,0.00,XXX,33.4009
A2021,Neomatrix per sq cm,A,0.00,3.81,0.00,ZZZ,33.4009
A2022,Innovabrn/innovamatx xl sqcm,A,0.00,3.81,0.00,ZZZ,33.4009
A2023,"Innovamatrix pd, 1 mg",C,0.00,0.00,0.00,XXX,33.4009
A2024,Resolve or xenopatch sq cm,A,0.00,3.81,0.00,ZZZ,33.4009
A2025,Miro3d per cubic cm,A,0.00,3.81,0.00,ZZZ,33.4009
A2026,"Restrata minimatrix, 5 mg",C,0.00,0.00,0.00,XXX,33.4009
A2027,Matriderm per sq cm,A,0.00,3.81,0.00,ZZZ,33.4009
A2028,Micromatrix flex per mg,C,0.00,0.00,0.00,XXX,33.4009
A2029,Mirotract matrix sheet,A,0.00,3.81,0.00,ZZZ,33.4009
A2030,"Miro3d fibers, per mg",C,0.00,0.00,0.00,XXX,33.4009
A2031,"Mirodry, per sq cm",A,0.00,3.81,0.00,ZZZ,33.4009
A2032,"Myriad matrix, per sq cm",A,0.00,3.81,0.00,ZZZ,33.4009
A2033,"Myriad morcells, 4 mg",C,0.00,0.00,0.00,XXX,33.4009
A2034,"Found drs solo, per sq cm",A,0.00,3.81,0.00,ZZZ,33.4009
A2035,Corpl p therac p allac p mg,C,0.00,0.00,0.00,XXX,33.4009
A2036,Cohealyx col dml mx pr sq cm,A,0.00,3.81,0.00,ZZZ,33.4009
A2037,"G4derm plus/suprello, pr ml",C,0.00,0.00,0.00,XXX,33.4009
A2038,"Marigen pacto, per sq cm",A,0.00,3.81,0.00,ZZZ,33.4009
A2039,"Innovamatrix fd, per sq cm",A,0.00,3.81,0.00,ZZZ,33.4009
A2040,Microlyte painguard pr sq cm,A,0.00,3.81,0.00,ZZZ,33.4009
A2041,Foundation drs+ duo pr sq cm,A,0.00,3.81,0.00,ZZZ,33.4009
A2042,"Foundation drs+ solo, sq cm",A,0.00,3.81,0.00,ZZZ,33.4009
A2043,"Biobrane, per sq cm",A,0.00,3.81,0.00,ZZZ,33.4009
A2044,"Biobrane glove, each",C,0.00,0.00,0.00,XXX,33.4009
A2045,Novashield/novogen pr sq cm,A,0.00,3.81,0.00,ZZZ,33.4009
A4100,Nosht skin sub fda clrd nos,C,0.00,0.00,0.00,XXX,33.4009
A4206,1 cc sterile syringe&needle,X,0.00,0.00,0.00,XXX,33.4009
A4207,2 cc sterile syringe&needle,X,0.00,0.00,0.00,XXX,33.4009
A4208,3 cc sterile syringe&needle,X,0.00,0.00,0.00,XXX,33.4009
A4209,5+ cc sterile syringe&needle,X,0.00,0.00,0.00,XXX,33.4009
A4210,Nonneedle injection device,N,0.00,0.00,0.00,XXX,33.4009
A4211,Supp for self-adm injections,P,0.00,0.00,0.00,XXX,33.4009
A4212,Non coring needle or stylet,P,0.00,0.00,0.00,XXX,33.4009
A4213,20+ cc syringe only,X,0.00,0.00,0.00,XXX,33.4009
A4215,Sterile needle,X,0.00,0.00,0.00,XXX,33.4009
A4216,"Sterile water/saline, 10 ml",X,0.00,0.00,0.00,XXX,33.4009
A4217,"Sterile water/saline, 500 ml",X,0.00,0.00,0.00,XXX,33.4009
A4218,Sterile saline or water,X,0.00,0.00,0.00,XXX,33.4009
A4220,Infusion pump refill kit,P,0.00,0.00,0.00,XXX,33.4009
A4221,Supp non-insulin inf cath/wk,X,0.00,0.00,0.00,XXX,33.4009
A4222,Infusion supplies with pump,X,0.00,0.00,0.00,XXX,33.4009
A4223,Infusion supplies w/o pump,X,0.00,0.00,0.00,XXX,33.4009
A4224,Supply insulin inf cath/wk,X,0.00,0.00,0.00,XXX,33.4009
A4225,Sup/ext insulin inf pump syr,X,0.00,0.00,0.00,XXX,33.4009
A4226,Weekly supply maint cgs pump,I,0.00,0.00,0.00,XXX,33.4009
A4230,Infus insulin pump non needl,X,0.00,0.00,0.00,XXX,33.4009
A4231,Infusion insulin pump needle,X,0.00,0.00,0.00,XXX,33.4009
A4232,Syringe w/needle insulin 3cc,I,0.00,0.00,0.00,XXX,33.4009
A4233,Alkalin batt for glucose mon,X,0.00,0.00,0.00,XXX,33.4009
A4234,J-cell batt for glucose mon,X,0.00,0.00,0.00,XXX,33.4009
A4235,Lithium batt for glucose mon,X,0.00,0.00,0.00,XXX,33.4009
A4236,Silvr oxide batt glucose mon,X,0.00,0.00,0.00,XXX,33.4009
A4238,Adju cgm supply allowance,X,0.00,0.00,0.00,XXX,33.4009
A4239,Non-adju cgm supply allow,P,0.00,0.00,0.00,XXX,33.4009
A4244,Alcohol or peroxide per pint,X,0.00,0.00,0.00,XXX,33.4009
A4245,Alcohol wipes per box,X,0.00,0.00,0.00,XXX,33.4009
A4246,Betadine/phisohex solution,X,0.00,0.00,0.00,XXX,33.4009
A4247,Betadine/iodine swabs/wipes,X,0.00,0.00,0.00,XXX,33.4009
A4248,Chlorhexidine antisept,X,0.00,0.00,0.00,XXX,33.4009
A4250,Urine reagent strips/tablets,N,0.00,0.00,0.00,XXX,33.4009
A4252,Blood ketone test or strip,N,0.00,0.00,0.00,XXX,33.4009
A4253,Blood glucose/reagent strips,P,0.00,0.00,0.00,XXX,33.4009
A4255,Glucose monitor platforms,X,0.00,0.00,0.00,XXX,33.4009
A4256,Calibrator solution/chips,P,0.00,0.00,0.00,XXX,33.4009
A4257,Replace lensshield cartridge,X,0.00,0.00,0.00,XXX,33.4009
A4258,Lancet device each,P,0.00,0.00,0.00,XXX,33.4009
A4259,Lancets per box,P,0.00,0.00,0.00,XXX,33.4009
A4261,Cervical cap contraceptive,N,0.00,0.00,0.00,XXX,33.4009
A4262,Temporary tear duct plug,B,0.00,0.00,0.00,XXX,33.4009
A4263,Permanent tear duct plug,B,0.00,0.00,0.00,XXX,33.4009
A4264,Intratubal occlusion device,I,0.00,0.00,0.00,XXX,33.4009
A4265,Paraffin,P,0.00,0.00,0.00,XXX,33.4009
A4266,Diaphragm,I,0.00,0.00,0.00,XXX,33.4009
A4267,Male condom,I,0.00,0.00,0.00,XXX,33.4009
A4268,Female condom,I,0.00,0.00,0.00,XXX,33.4009
A4269,Spermicide,I,0.00,0.00,0.00,XXX,33.4009
A4270,Disposable endoscope sheath,B,0.00,0.00,0.00,XXX,33.4009
A4271,Home lancing/test cartridges,X,0.00,0.00,0.00,XXX,33.4009
A4280,Brst prsths adhsv attchmnt,X,0.00,0.00,0.00,XXX,33.4009
A4281,Replacement breastpump tube,X,0.00,0.00,0.00,XXX,33.4009
A4282,Replacement breastpump adpt,X,0.00,0.00,0.00,XXX,33.4009
A4283,Replacement breastpump cap,X,0.00,0.00,0.00,XXX,33.4009
A4284,Replcmnt breast pump shield,X,0.00,0.00,0.00,XXX,33.4009
A4285,Replcmnt breast pump bottle,X,0.00,0.00,0.00,XXX,33.4009
A4286,Replcmnt breastpump lok ring,X,0.00,0.00,0.00,XXX,33.4009
A4287,Disp col sto bag breast milk,X,0.00,0.00,0.00,XXX,33.4009
A4288,Replacement breastpump valve,X,0.00,0.00,0.00,XXX,33.4009
A4290,Sacral nerve stim test lead,X,0.00,0.00,0.00,XXX,33.4009
A4295,Straigh tip hydrophilic cath,X,0.00,0.00,0.00,XXX,33.4009
A4296,Coude tip hydrophilic cath,X,0.00,0.00,0.00,XXX,33.4009
A4297,Hydrophilic coat insert sup,X,0.00,0.00,0.00,XXX,33.4009
A4300,Cath impl vasc access portal,B,0.00,0.00,0.00,XXX,33.4009
A4301,Implantable access syst perc,P,0.00,0.00,0.00,XXX,33.4009
A4305,Drug delivery system >=50 ml,P,0.00,0.00,0.00,XXX,33.4009
A4306,Drug delivery system <=50 ml,P,0.00,0.00,0.00,XXX,33.4009
A4310,Insert tray w/o bag/cath,P,0.00,0.00,0.00,XXX,33.4009
A4311,Catheter w/o bag 2-way latex,P,0.00,0.00,0.00,XXX,33.4009
A4312,Cath w/o bag 2-way silicone,P,0.00,0.00,0.00,XXX,33.4009
A4313,Catheter w/bag 3-way,P,0.00,0.00,0.00,XXX,33.4009
A4314,Cath w/drainage 2-way latex,P,0.00,0.00,0.00,XXX,33.4009
A4315,Cath w/drainage 2-way silcne,P,0.00,0.00,0.00,XXX,33.4009
A4316,Cath w/drainage 3-way,P,0.00,0.00,0.00,XXX,33.4009
A4318,Fem urinary cup w/wo attch,P,0.00,0.00,0.00,XXX,33.4009
A4320,Irrigation tray,P,0.00,0.00,0.00,XXX,33.4009
A4321,Cath therapeutic irrig agent,X,0.00,0.00,0.00,XXX,33.4009
A4322,Irrigation syringe,P,0.00,0.00,0.00,XXX,33.4009
A4326,Male external catheter,P,0.00,0.00,0.00,XXX,33.4009
A4327,Fem urinary collect dev cup,P,0.00,0.00,0.00,XXX,33.4009
A4328,Fem urinary collect pouch,P,0.00,0.00,0.00,XXX,33.4009
A4330,Stool collection pouch,P,0.00,0.00,0.00,XXX,33.4009
A4331,Extension drainage tubing,X,0.00,0.00,0.00,XXX,33.4009
A4332,Lube sterile packet,X,0.00,0.00,0.00,XXX,33.4009
A4333,Urinary cath anchor device,X,0.00,0.00,0.00,XXX,33.4009
A4334,Urinary cath leg strap,X,0.00,0.00,0.00,XXX,33.4009
A4335,Incontinence supply,P,0.00,0.00,0.00,XXX,33.4009
A4336,Urethral insert,X,0.00,0.00,0.00,XXX,33.4009
A4337,Incontinent rectal insert,X,0.00,0.00,0.00,XXX,33.4009
A4338,Indwelling catheter latex,P,0.00,0.00,0.00,XXX,33.4009
A4340,Indwelling catheter special,P,0.00,0.00,0.00,XXX,33.4009
A4341,Iduc valve pat inst repl,X,0.00,0.00,0.00,XXX,33.4009
A4342,Iduc valve sply repl,X,0.00,0.00,0.00,XXX,33.4009
A4344,Cath indw foley 2 way silicn,P,0.00,0.00,0.00,XXX,33.4009
A4346,Cath indw foley 3 way,P,0.00,0.00,0.00,XXX,33.4009
A4349,Disposable male external cat,X,0.00,0.00,0.00,XXX,33.4009
A4351,Straight tip urine catheter,P,0.00,0.00,0.00,XXX,33.4009
A4352,Coude tip urinary catheter,P,0.00,0.00,0.00,XXX,33.4009
A4353,Intermittent urinary cath,X,0.00,0.00,0.00,XXX,33.4009
A4354,Cath insertion tray w/bag,P,0.00,0.00,0.00,XXX,33.4009
A4355,Bladder irrigation tubing,P,0.00,0.00,0.00,XXX,33.4009
A4356,Ext ureth clmp or compr dvc,P,0.00,0.00,0.00,XXX,33.4009
A4357,Bedside drainage bag,P,0.00,0.00,0.00,XXX,33.4009
A4358,Urinary leg or abdomen bag,P,0.00,0.00,0.00,XXX,33.4009
A4360,Disposable ext urethral dev,X,0.00,0.00,0.00,XXX,33.4009
A4361,Ostomy face plate,P,0.00,0.00,0.00,XXX,33.4009
A4362,Solid skin barrier,P,0.00,0.00,0.00,XXX,33.4009
A4363,"Ostomy clamp, replacement",X,0.00,0.00,0.00,XXX,33.4009
A4364,"Adhesive, liquid or equal",P,0.00,0.00,0.00,XXX,33.4009
A4366,Ostomy vent,X,0.00,0.00,0.00,XXX,33.4009
A4367,Ostomy belt,P,0.00,0.00,0.00,XXX,33.4009
A4368,Ostomy filter,X,0.00,0.00,0.00,XXX,33.4009
A4369,Skin barrier liquid per oz,X,0.00,0.00,0.00,XXX,33.4009
A4371,Skin barrier powder per oz,X,0.00,0.00,0.00,XXX,33.4009
A4372,Skin barrier solid 4x4 equiv,X,0.00,0.00,0.00,XXX,33.4009
A4373,Skin barrier with flange,X,0.00,0.00,0.00,XXX,33.4009
A4375,Drainable plastic pch w fcpl,X,0.00,0.00,0.00,XXX,33.4009
A4376,Drainable rubber pch w fcplt,X,0.00,0.00,0.00,XXX,33.4009
A4377,Drainable plstic pch w/o fp,X,0.00,0.00,0.00,XXX,33.4009
A4378,Drainable rubber pch w/o fp,X,0.00,0.00,0.00,XXX,33.4009
A4379,Urinary plastic pouch w fcpl,X,0.00,0.00,0.00,XXX,33.4009
A4380,Urinary rubber pouch w fcplt,X,0.00,0.00,0.00,XXX,33.4009
A4381,Urinary plastic pouch w/o fp,X,0.00,0.00,0.00,XXX,33.4009
A4382,Urinary hvy plstc pch w/o fp,X,0.00,0.00,0.00,XXX,33.4009
A4383,Urinary rubber pouch w/o fp,X,0.00,0.00,0.00,XXX,33.4009
A4384,Ostomy faceplt/silicone ring,X,0.00,0.00,0.00,XXX,33.4009
A4385,Ost skn barrier sld ext wear,X,0.00,0.00,0.00,XXX,33.4009
A4387,Ost clsd pouch w att st barr,X,0.00,0.00,0.00,XXX,33.4009
A4388,Drainable pch w ex wear barr,X,0.00,0.00,0.00,XXX,33.4009
A4389,Drainable pch w st wear barr,X,0.00,0.00,0.00,XXX,33.4009
A4390,Drainable pch ex wear convex,X,0.00,0.00,0.00,XXX,33.4009
A4391,Urinary pouch w ex wear barr,X,0.00,0.00,0.00,XXX,33.4009
A4392,Urinary pouch w st wear barr,X,0.00,0.00,0.00,XXX,33.4009
A4393,Urine pch w ex wear bar conv,X,0.00,0.00,0.00,XXX,33.4009
A4394,Ostomy pouch liq deodorant,X,0.00,0.00,0.00,XXX,33.4009
A4395,Ostomy pouch solid deodorant,X,0.00,0.00,0.00,XXX,33.4009
A4396,Peristomal hernia supprt blt,X,0.00,0.00,0.00,XXX,33.4009
A4398,Ostomy irrigation bag,P,0.00,0.00,0.00,XXX,33.4009
A4399,Ostomy irrig cone/cath w brs,P,0.00,0.00,0.00,XXX,33.4009
A4400,Ostomy irrigation set,P,0.00,0.00,0.00,XXX,33.4009
A4402,Lubricant per ounce,P,0.00,0.00,0.00,XXX,33.4009
A4404,Ostomy ring each,P,0.00,0.00,0.00,XXX,33.4009
A4405,Nonpectin based ostomy paste,X,0.00,0.00,0.00,XXX,33.4009
A4406,Pectin based ostomy paste,X,0.00,0.00,0.00,XXX,33.4009
A4407,"Ext wear ost skn barr <=4sq""",X,0.00,0.00,0.00,XXX,33.4009
A4408,"Ext wear ost skn barr >4sq""",X,0.00,0.00,0.00,XXX,33.4009
A4409,Ost skn barr convex <=4 sq i,X,0.00,0.00,0.00,XXX,33.4009
A4410,Ost skn barr extnd >4 sq,X,0.00,0.00,0.00,XXX,33.4009
A4411,Ost skn barr extnd =4sq,X,0.00,0.00,0.00,XXX,33.4009
A4412,Ost pouch drain high output,X,0.00,0.00,0.00,XXX,33.4009
A4413,2 pc drainable ost pouch,X,0.00,0.00,0.00,XXX,33.4009
A4414,Ost sknbar w/o conv<=4 sq in,X,0.00,0.00,0.00,XXX,33.4009
A4415,Ost skn barr w/o conv >4 sqi,X,0.00,0.00,0.00,XXX,33.4009
A4416,Ost pch clsd w barrier/filtr,X,0.00,0.00,0.00,XXX,33.4009
A4417,Ost pch w bar/bltinconv/fltr,X,0.00,0.00,0.00,XXX,33.4009
A4418,Ost pch clsd w/o bar w filtr,X,0.00,0.00,0.00,XXX,33.4009
A4419,Ost pch for bar w flange/flt,X,0.00,0.00,0.00,XXX,33.4009
A4420,Ost pch clsd for bar w lk fl,X,0.00,0.00,0.00,XXX,33.4009
A4421,Ostomy supply misc,X,0.00,0.00,0.00,XXX,33.4009
A4422,Ost pouch absorbent material,X,0.00,0.00,0.00,XXX,33.4009
A4423,Ost pch for bar w lk fl/fltr,X,0.00,0.00,0.00,XXX,33.4009
A4424,Ost pch drain w bar & filter,X,0.00,0.00,0.00,XXX,33.4009
A4425,Ost pch drain for barrier fl,X,0.00,0.00,0.00,XXX,33.4009
A4426,Ost pch drain 2 piece system,X,0.00,0.00,0.00,XXX,33.4009
A4427,Ost pch drain/barr lk flng/f,X,0.00,0.00,0.00,XXX,33.4009
A4428,Urine ost pouch w faucet/tap,X,0.00,0.00,0.00,XXX,33.4009
A4429,Urine ost pouch w bltinconv,X,0.00,0.00,0.00,XXX,33.4009
A4430,Ost urine pch w b/bltin conv,X,0.00,0.00,0.00,XXX,33.4009
A4431,Ost pch urine w barrier/tapv,X,0.00,0.00,0.00,XXX,33.4009
A4432,Os pch urine w bar/fange/tap,X,0.00,0.00,0.00,XXX,33.4009
A4433,Urine ost pch bar w lock fln,X,0.00,0.00,0.00,XXX,33.4009
A4434,Ost pch urine w lock flng/ft,X,0.00,0.00,0.00,XXX,33.4009
A4435,1pc ost pch drain hgh output,X,0.00,0.00,0.00,XXX,33.4009
A4436,Irr supply sleev reus per mo,P,0.00,0.00,0.00,XXX,33.4009
A4437,Irr supply sleev disp per mo,P,0.00,0.00,0.00,XXX,33.4009
A4438,Adhesive clip ext ens contr,X,0.00,0.00,0.00,XXX,33.4009
A4450,Non-waterproof tape,X,0.00,0.00,0.00,XXX,33.4009
A4452,Waterproof tape,X,0.00,0.00,0.00,XXX,33.4009
A4453,"Rec cath any transanal, each",X,0.00,0.00,0.00,XXX,33.4009
A4455,Adhesive remover per ounce,P,0.00,0.00,0.00,XXX,33.4009
A4456,"Adhesive remover, wipes",X,0.00,0.00,0.00,XXX,33.4009
A4457,Enema tube any type repl,N,0.00,0.00,0.00,XXX,33.4009
A4458,Reusable enema bag,X,0.00,0.00,0.00,XXX,33.4009
A4459,"Transanal irrigation, manual",X,0.00,0.00,0.00,XXX,33.4009
A4461,Surgicl dress hold non-reuse,X,0.00,0.00,0.00,XXX,33.4009
A4463,Surgical dress holder reuse,X,0.00,0.00,0.00,XXX,33.4009
A4465,Non-elastic extremity binder,P,0.00,0.00,0.00,XXX,33.4009
A4467,Belt strap sleev grmnt cover,N,0.00,0.00,0.00,XXX,33.4009
A4468,Exsuff belt incl all sup acc,N,0.00,0.00,0.00,XXX,33.4009
A4470,Gravlee jet washer,P,0.00,0.00,0.00,XXX,33.4009
A4479,"Transanal irrigation, electr",P,0.00,0.00,0.00,XXX,33.4009
A4480,Vabra aspirator,P,0.00,0.00,0.00,XXX,33.4009
A4481,Tracheostoma filter,X,0.00,0.00,0.00,XXX,33.4009
A4483,Moisture exchanger,X,0.00,0.00,0.00,XXX,33.4009
A4490,Above knee surgical stocking,N,0.00,0.00,0.00,XXX,33.4009
A4495,Thigh length surg stocking,N,0.00,0.00,0.00,XXX,33.4009
A4500,Below knee surgical stocking,N,0.00,0.00,0.00,XXX,33.4009
A4510,Full length surg stocking,N,0.00,0.00,0.00,XXX,33.4009
A4520,Incontinence garment anytype,N,0.00,0.00,0.00,XXX,33.4009
A4540,Trans elec nerv periph nerv,N,0.00,0.00,0.00,XXX,33.4009
A4541,Monthly supp use with e0733,X,0.00,0.00,0.00,XXX,33.4009
A4542,Supp ext up limb tremor stim,X,0.00,0.00,0.00,XXX,33.4009
A4543,Supply trans elec nerve stim,X,0.00,0.00,0.00,XXX,33.4009
A4544,Electro nerve stimulator rls,X,0.00,0.00,0.00,XXX,33.4009
A4545,Suppl accessor tibial stim,X,0.00,0.00,0.00,XXX,33.4009
A4550,Surgical trays,B,0.00,0.00,0.00,XXX,33.4009
A4553,"Nondisp underpads, all sizes",N,0.00,0.00,0.00,XXX,33.4009
A4554,Disposable underpads,N,0.00,0.00,0.00,XXX,33.4009
A4555,Ca tx e-stim electr/transduc,I,0.00,0.00,0.00,XXX,33.4009
A4556,"Electrodes, pair",P,0.00,0.00,0.00,XXX,33.4009
A4557,"Lead wires, pair",P,0.00,0.00,0.00,XXX,33.4009
A4558,Conductive gel or paste,P,0.00,0.00,0.00,XXX,33.4009
A4559,Coupling gel or paste,X,0.00,0.00,0.00,XXX,33.4009
A4560,Nmes disposable,N,0.00,0.00,0.00,XXX,33.4009
A4561,Pessary reusable rub anytype,X,0.00,0.00,0.00,XXX,33.4009
A4562,Pessary reusable nonrubber,X,0.00,0.00,0.00,XXX,33.4009
A4563,Vag inser rectal control sys,X,0.00,0.00,0.00,XXX,33.4009
A4564,"Pessary, disposable any type",X,0.00,0.00,0.00,XXX,33.4009
A4565,Slings,X,0.00,0.00,0.00,XXX,33.4009
A4566,Should sling/vest/abrestrain,I,0.00,0.00,0.00,XXX,33.4009
A4570,Splint,I,0.00,0.00,0.00,XXX,33.4009
A4575,Hyperbaric o2 chamber disps,X,0.00,0.00,0.00,XXX,33.4009
A4580,Cast supplies (plaster),I,0.00,0.00,0.00,XXX,33.4009
A4590,Special casting material,I,0.00,0.00,0.00,XXX,33.4009
A4593,Neuromod sti sys adj rehab,X,0.00,0.00,0.00,XXX,33.4009
A4594,Neuromod adj rehab mouthpie,X,0.00,0.00,0.00,XXX,33.4009
A4595,Tens suppl 2 lead per month,X,0.00,0.00,0.00,XXX,33.4009
A4596,Ces system monthly supp,X,0.00,0.00,0.00,XXX,33.4009
A4600,"Sleeve, inter limb comp dev",X,0.00,0.00,0.00,XXX,33.4009
A4601,Lith ion non prosth recharge,X,0.00,0.00,0.00,XXX,33.4009
A4602,Replace lithium battery 1.5v,X,0.00,0.00,0.00,XXX,33.4009
A4604,Tubing with heating element,X,0.00,0.00,0.00,XXX,33.4009
A4605,Trach suction cath close sys,X,0.00,0.00,0.00,XXX,33.4009
A4606,Oxygen probe used w oximeter,X,0.00,0.00,0.00,XXX,33.4009
A4608,Transtracheal oxygen cath,X,0.00,0.00,0.00,XXX,33.4009
A4611,Heavy duty battery,N,0.00,0.00,0.00,XXX,33.4009
A4612,Battery cables,N,0.00,0.00,0.00,XXX,33.4009
A4613,Battery charger,N,0.00,0.00,0.00,XXX,33.4009
A4614,Hand-held pefr meter,X,0.00,0.00,0.00,XXX,33.4009
A4615,Cannula nasal,X,0.00,0.00,0.00,XXX,33.4009
A4616,Tubing (oxygen) per foot,X,0.00,0.00,0.00,XXX,33.4009
A4617,Mouth piece,X,0.00,0.00,0.00,XXX,33.4009
A4618,Breathing circuits,X,0.00,0.00,0.00,XXX,33.4009
A4619,Face tent,X,0.00,0.00,0.00,XXX,33.4009
A4620,Variable concentration mask,X,0.00,0.00,0.00,XXX,33.4009
A4623,Tracheostomy inner cannula,X,0.00,0.00,0.00,XXX,33.4009
A4624,Tracheal suction tube,X,0.00,0.00,0.00,XXX,33.4009
A4625,Trach care kit for new trach,X,0.00,0.00,0.00,XXX,33.4009
A4626,Tracheostomy cleaning brush,X,0.00,0.00,0.00,XXX,33.4009
A4627,Spacer bag/reservoir,N,0.00,0.00,0.00,XXX,33.4009
A4628,Oropharyngeal suction cath,X,0.00,0.00,0.00,XXX,33.4009
A4629,Tracheostomy care kit,X,0.00,0.00,0.00,XXX,33.4009
A4630,Repl bat t.e.n.s. own by pt,X,0.00,0.00,0.00,XXX,33.4009
A4633,Uvl replacement bulb,X,0.00,0.00,0.00,XXX,33.4009
A4634,Replacement bulb th lightbox,X,0.00,0.00,0.00,XXX,33.4009
A4635,Underarm crutch pad,X,0.00,0.00,0.00,XXX,33.4009
A4636,Handgrip for cane etc,X,0.00,0.00,0.00,XXX,33.4009
A4637,Repl tip cane/crutch/walker,X,0.00,0.00,0.00,XXX,33.4009
A4638,Repl batt pulse gen sys,X,0.00,0.00,0.00,XXX,33.4009
A4639,Infrared ht sys replcmnt pad,X,0.00,0.00,0.00,XXX,33.4009
A4640,Alternating pressure pad,X,0.00,0.00,0.00,XXX,33.4009
A4641,Radiopharm dx agent noc,C,0.00,0.00,0.00,XXX,33.4009
A4642,In111 satumomab,C,0.00,0.00,0.00,XXX,33.4009
A4648,Implantable tissue marker,X,0.00,0.00,0.00,XXX,33.4009
A4649,Surgical supplies,P,0.00,0.00,0.00,XXX,33.4009
A4650,Implant radiation dosimeter,X,0.00,0.00,0.00,XXX,33.4009
A4651,Calibrated microcap tube,X,0.00,0.00,0.00,XXX,33.4009
A4652,Microcapillary tube sealant,X,0.00,0.00,0.00,XXX,33.4009
A4653,Pd catheter anchor belt,X,0.00,0.00,0.00,XXX,33.4009
A4657,Syringe w/wo needle,X,0.00,0.00,0.00,XXX,33.4009
A4660,Sphyg/bp app w cuff and stet,X,0.00,0.00,0.00,XXX,33.4009
A4663,Dialysis blood pressure cuff,X,0.00,0.00,0.00,XXX,33.4009
A4670,"Automatic bp monitor, dial",N,0.00,0.00,0.00,XXX,33.4009
A4671,Disposable cycler set,X,0.00,0.00,0.00,XXX,33.4009
A4672,"Drainage ext line, dialysis",X,0.00,0.00,0.00,XXX,33.4009
A4673,Ext line w easy lock connect,X,0.00,0.00,0.00,XXX,33.4009
A4674,"Chem/antisept solution, 8oz",X,0.00,0.00,0.00,XXX,33.4009
A4680,"Activated carbon filter, ea",X,0.00,0.00,0.00,XXX,33.4009
A4690,"Dialyzer, each",X,0.00,0.00,0.00,XXX,33.4009
A4706,Bicarbonate conc sol per gal,X,0.00,0.00,0.00,XXX,33.4009
A4707,Bicarbonate conc pow per pac,X,0.00,0.00,0.00,XXX,33.4009
A4708,Acetate conc sol per gallon,X,0.00,0.00,0.00,XXX,33.4009
A4709,Acid conc sol per gallon,X,0.00,0.00,0.00,XXX,33.4009
A4714,Treated water per gallon,X,0.00,0.00,0.00,XXX,33.4009
A4719,"""y set"" tubing",X,0.00,0.00,0.00,XXX,33.4009
A4720,Dialysat sol fld vol > 249cc,X,0.00,0.00,0.00,XXX,33.4009
A4721,Dialysat sol fld vol > 999cc,X,0.00,0.00,0.00,XXX,33.4009
A4722,Dialys sol fld vol > 1999cc,X,0.00,0.00,0.00,XXX,33.4009
A4723,Dialys sol fld vol > 2999cc,X,0.00,0.00,0.00,XXX,33.4009
A4724,Dialys sol fld vol > 3999cc,X,0.00,0.00,0.00,XXX,33.4009
A4725,Dialys sol fld vol > 4999cc,X,0.00,0.00,0.00,XXX,33.4009
A4726,Dialys sol fld vol > 5999cc,X,0.00,0.00,0.00,XXX,33.4009
A4728,"Dialysate solution, non-dex",X,0.00,0.00,0.00,XXX,33.4009
A4730,"Fistula cannulation set, ea",X,0.00,0.00,0.00,XXX,33.4009
A4736,"Topical anesthetic, per gram",X,0.00,0.00,0.00,XXX,33.4009
A4737,Inj anesthetic per 10 ml,X,0.00,0.00,0.00,XXX,33.4009
A4740,Shunt accessory,X,0.00,0.00,0.00,XXX,33.4009
A4750,Art or venous blood tubing,X,0.00,0.00,0.00,XXX,33.4009
A4755,Comb art/venous blood tubing,X,0.00,0.00,0.00,XXX,33.4009
A4760,"Dialysate sol test kit, each",X,0.00,0.00,0.00,XXX,33.4009
A4765,Dialysate conc pow per pack,X,0.00,0.00,0.00,XXX,33.4009
A4766,Dialysate conc sol add 10 ml,X,0.00,0.00,0.00,XXX,33.4009
A4770,Blood collection tube/vacuum,X,0.00,0.00,0.00,XXX,33.4009
A4771,Serum clotting time tube,X,0.00,0.00,0.00,XXX,33.4009
A4772,Blood glucose test strips,X,0.00,0.00,0.00,XXX,33.4009
A4773,Occult blood test strips,X,0.00,0.00,0.00,XXX,33.4009
A4774,Ammonia test strips,X,0.00,0.00,0.00,XXX,33.4009
A4802,Protamine sulfate per 50 mg,X,0.00,0.00,0.00,XXX,33.4009
A4860,Disposable catheter tips,X,0.00,0.00,0.00,XXX,33.4009
A4870,Plumb/elec wk hm hemo equip,X,0.00,0.00,0.00,XXX,33.4009
A4890,Repair/maint cont hemo equip,R,0.00,0.00,0.00,XXX,33.4009
A4911,Drain bag/bottle,X,0.00,0.00,0.00,XXX,33.4009
A4913,Misc dialysis supplies noc,X,0.00,0.00,0.00,XXX,33.4009
A4918,Venous pressure clamp,X,0.00,0.00,0.00,XXX,33.4009
A4927,Non-sterile gloves,X,0.00,0.00,0.00,XXX,33.4009
A4928,Surgical mask,X,0.00,0.00,0.00,XXX,33.4009
A4929,"Tourniquet for dialysis, ea",X,0.00,0.00,0.00,XXX,33.4009
A4930,"Sterile, gloves per pair",X,0.00,0.00,0.00,XXX,33.4009
A4931,Reusable oral thermometer,X,0.00,0.00,0.00,XXX,33.4009
A4932,Reusable rectal thermometer,X,0.00,0.00,0.00,XXX,33.4009
A5051,Pouch clsd w barr attached,P,0.00,0.00,0.00,XXX,33.4009
A5052,Clsd ostomy pouch w/o barr,P,0.00,0.00,0.00,XXX,33.4009
A5053,Clsd ostomy pouch faceplate,P,0.00,0.00,0.00,XXX,33.4009
A5054,Clsd ostomy pouch w/flange,P,0.00,0.00,0.00,XXX,33.4009
A5055,Stoma cap,P,0.00,0.00,0.00,XXX,33.4009
A5056,1 pc ost pouch w filter,X,0.00,0.00,0.00,XXX,33.4009
A5057,1 pc ost pou w built-in conv,X,0.00,0.00,0.00,XXX,33.4009
A5061,Pouch drainable w barrier at,P,0.00,0.00,0.00,XXX,33.4009
A5062,Drnble ostomy pouch w/o barr,P,0.00,0.00,0.00,XXX,33.4009
A5063,Drain ostomy pouch w/flange,P,0.00,0.00,0.00,XXX,33.4009
A5071,Urinary pouch w/barrier,P,0.00,0.00,0.00,XXX,33.4009
A5072,Urinary pouch w/o barrier,P,0.00,0.00,0.00,XXX,33.4009
A5073,Urinary pouch on barr w/flng,P,0.00,0.00,0.00,XXX,33.4009
A5081,"Stoma plug or seal, any type",P,0.00,0.00,0.00,XXX,33.4009
A5082,Continent stoma catheter,P,0.00,0.00,0.00,XXX,33.4009
A5083,Stoma absorptive cover,X,0.00,0.00,0.00,XXX,33.4009
A5093,Ostomy accessory convex inse,P,0.00,0.00,0.00,XXX,33.4009
A5102,Bedside drain btl w/wo tube,P,0.00,0.00,0.00,XXX,33.4009
A5105,Urinary suspensory,P,0.00,0.00,0.00,XXX,33.4009
A5112,Urinary leg bag,P,0.00,0.00,0.00,XXX,33.4009
A5113,Latex leg strap,P,0.00,0.00,0.00,XXX,33.4009
A5114,Foam/fabric leg strap,P,0.00,0.00,0.00,XXX,33.4009
A5120,"Skin barrier, wipe or swab",X,0.00,0.00,0.00,XXX,33.4009
A5121,Solid skin barrier 6x6,P,0.00,0.00,0.00,XXX,33.4009
A5122,Solid skin barrier 8x8,P,0.00,0.00,0.00,XXX,33.4009
A5126,Disk/foam pad +or- adhesive,P,0.00,0.00,0.00,XXX,33.4009
A5131,Appliance cleaner,P,0.00,0.00,0.00,XXX,33.4009
A5200,Percutaneous catheter anchor,X,0.00,0.00,0.00,XXX,33.4009
A5500,Diab shoe for density insert,X,0.00,0.00,0.00,XXX,33.4009
A5501,Diabetic custom molded shoe,X,0.00,0.00,0.00,XXX,33.4009
A5503,Diabetic shoe w/roller/rockr,X,0.00,0.00,0.00,XXX,33.4009
A5504,Diabetic shoe with wedge,X,0.00,0.00,0.00,XXX,33.4009
A5505,Diab shoe w/metatarsal bar,X,0.00,0.00,0.00,XXX,33.4009
A5506,Diabetic shoe w/off set heel,X,0.00,0.00,0.00,XXX,33.4009
A5507,Modification diabetic shoe,X,0.00,0.00,0.00,XXX,33.4009
A5508,Diabetic deluxe shoe,X,0.00,0.00,0.00,XXX,33.4009
A5510,Compression form shoe insert,X,0.00,0.00,0.00,XXX,33.4009
A5512,Multi den insert direct form,X,0.00,0.00,0.00,XXX,33.4009
A5513,Multi den insert custom mold,X,0.00,0.00,0.00,XXX,33.4009
A5514,Mult den insert dir carv/cam,X,0.00,0.00,0.00,XXX,33.4009
A6000,Wound warming wound cover,N,0.00,0.00,0.00,XXX,33.4009
A6010,Collagen based wound filler,X,0.00,0.00,0.00,XXX,33.4009
A6011,Collagen gel/paste wound fil,X,0.00,0.00,0.00,XXX,33.4009
A6021,Collagen dressing <=16 sq in,X,0.00,0.00,0.00,XXX,33.4009
A6022,Collagen drsg>16<=48 sq in,X,0.00,0.00,0.00,XXX,33.4009
A6023,Collagen dressing >48 sq in,X,0.00,0.00,0.00,XXX,33.4009
A6024,Collagen dsg wound filler,X,0.00,0.00,0.00,XXX,33.4009
A6025,"Silicone gel sheet, each",X,0.00,0.00,0.00,XXX,33.4009
A6154,Wound pouch each,P,0.00,0.00,0.00,XXX,33.4009
A6196,Alginate dressing <=16 sq in,P,0.00,0.00,0.00,XXX,33.4009
A6197,Alginate drsg >16 <=48 sq in,P,0.00,0.00,0.00,XXX,33.4009
A6198,Alginate dressing > 48 sq in,P,0.00,0.00,0.00,XXX,33.4009
A6199,Alginate drsg wound filler,P,0.00,0.00,0.00,XXX,33.4009
A6203,Composite drsg <= 16 sq in,P,0.00,0.00,0.00,XXX,33.4009
A6204,Composite drsg >16<=48 sq in,P,0.00,0.00,0.00,XXX,33.4009
A6205,Composite drsg > 48 sq in,P,0.00,0.00,0.00,XXX,33.4009
A6206,Contact layer <= 16 sq in,P,0.00,0.00,0.00,XXX,33.4009
A6207,Contact layer >16<= 48 sq in,P,0.00,0.00,0.00,XXX,33.4009
A6208,Contact layer > 48 sq in,P,0.00,0.00,0.00,XXX,33.4009
A6209,Foam drsg <=16 sq in w/o bdr,P,0.00,0.00,0.00,XXX,33.4009
A6210,Foam drg >16<=48 sq in w/o b,P,0.00,0.00,0.00,XXX,33.4009
A6211,Foam drg > 48 sq in w/o brdr,P,0.00,0.00,0.00,XXX,33.4009
A6212,Foam drg <=16 sq in w/border,P,0.00,0.00,0.00,XXX,33.4009
A6213,Foam drg >16<=48 sq in w/bdr,P,0.00,0.00,0.00,XXX,33.4009
A6214,Foam drg > 48 sq in w/border,P,0.00,0.00,0.00,XXX,33.4009
A6215,Foam dressing wound filler,P,0.00,0.00,0.00,XXX,33.4009
A6216,Non-sterile gauze<=16 sq in,P,0.00,0.00,0.00,XXX,33.4009
A6217,Non-sterile gauze>16<=48 sq,P,0.00,0.00,0.00,XXX,33.4009
A6218,Non-sterile gauze > 48 sq in,P,0.00,0.00,0.00,XXX,33.4009
A6219,Gauze <= 16 sq in w/border,P,0.00,0.00,0.00,XXX,33.4009
A6220,Gauze >16 <=48 sq in w/bordr,P,0.00,0.00,0.00,XXX,33.4009
A6221,Gauze > 48 sq in w/border,P,0.00,0.00,0.00,XXX,33.4009
A6222,Gauze <=16 in no w/sal w/o b,P,0.00,0.00,0.00,XXX,33.4009
A6223,Gauze >16<=48 no w/sal w/o b,P,0.00,0.00,0.00,XXX,33.4009
A6224,Gauze > 48 in no w/sal w/o b,P,0.00,0.00,0.00,XXX,33.4009
A6228,Gauze <= 16 sq in water/sal,P,0.00,0.00,0.00,XXX,33.4009
A6229,Gauze >16<=48 sq in watr/sal,P,0.00,0.00,0.00,XXX,33.4009
A6230,Gauze > 48 sq in water/salne,P,0.00,0.00,0.00,XXX,33.4009
A6231,Hydrogel dsg<=16 sq in,X,0.00,0.00,0.00,XXX,33.4009
A6232,Hydrogel dsg>16<=48 sq in,X,0.00,0.00,0.00,XXX,33.4009
A6233,Hydrogel dressing >48 sq in,X,0.00,0.00,0.00,XXX,33.4009
A6234,Hydrocolld drg <=16 w/o bdr,P,0.00,0.00,0.00,XXX,33.4009
A6235,Hydrocolld drg >16<=48 w/o b,P,0.00,0.00,0.00,XXX,33.4009
A6236,Hydrocolld drg > 48 in w/o b,P,0.00,0.00,0.00,XXX,33.4009
A6237,Hydrocolld drg <=16 in w/bdr,P,0.00,0.00,0.00,XXX,33.4009
A6238,Hydrocolld drg >16<=48 w/bdr,P,0.00,0.00,0.00,XXX,33.4009
A6239,Hydrocolld drg > 48 in w/bdr,P,0.00,0.00,0.00,XXX,33.4009
A6240,Hydrocolld drg filler paste,P,0.00,0.00,0.00,XXX,33.4009
A6241,Hydrocolloid drg filler dry,P,0.00,0.00,0.00,XXX,33.4009
A6242,Hydrogel drg <=16 in w/o bdr,P,0.00,0.00,0.00,XXX,33.4009
A6243,Hydrogel drg >16<=48 w/o bdr,P,0.00,0.00,0.00,XXX,33.4009
A6244,Hydrogel drg >48 in w/o bdr,P,0.00,0.00,0.00,XXX,33.4009
A6245,Hydrogel drg <= 16 in w/bdr,P,0.00,0.00,0.00,XXX,33.4009
A6246,Hydrogel drg >16<=48 in w/b,P,0.00,0.00,0.00,XXX,33.4009
A6247,Hydrogel drg > 48 sq in w/b,P,0.00,0.00,0.00,XXX,33.4009
A6248,Hydrogel drsg gel filler,P,0.00,0.00,0.00,XXX,33.4009
A6250,Skin seal protect moisturizr,P,0.00,0.00,0.00,XXX,33.4009
A6251,Absorpt drg <=16 sq in w/o b,P,0.00,0.00,0.00,XXX,33.4009
A6252,Absorpt drg >16 <=48 w/o bdr,P,0.00,0.00,0.00,XXX,33.4009
A6253,Absorpt drg > 48 sq in w/o b,P,0.00,0.00,0.00,XXX,33.4009
A6254,Absorpt drg <=16 sq in w/bdr,P,0.00,0.00,0.00,XXX,33.4009
A6255,Absorpt drg >16<=48 in w/bdr,P,0.00,0.00,0.00,XXX,33.4009
A6256,Absorpt drg > 48 sq in w/bdr,P,0.00,0.00,0.00,XXX,33.4009
A6257,Transparent film <= 16 sq in,P,0.00,0.00,0.00,XXX,33.4009
A6258,Transparent film >16<=48 in,P,0.00,0.00,0.00,XXX,33.4009
A6259,Transparent film > 48 sq in,P,0.00,0.00,0.00,XXX,33.4009
A6260,Wound cleanser any type/size,P,0.00,0.00,0.00,XXX,33.4009
A6261,Wound filler gel/paste /oz,P,0.00,0.00,0.00,XXX,33.4009
A6262,Wound filler dry form / gram,P,0.00,0.00,0.00,XXX,33.4009
A6266,Impreg gauze no h20/sal/yard,P,0.00,0.00,0.00,XXX,33.4009
A6402,Sterile gauze <= 16 sq in,P,0.00,0.00,0.00,XXX,33.4009
A6403,Sterile gauze>16 <= 48 sq in,P,0.00,0.00,0.00,XXX,33.4009
A6404,Sterile gauze > 48 sq in,P,0.00,0.00,0.00,XXX,33.4009
A6407,"Packing strips, non-impreg",X,0.00,0.00,0.00,XXX,33.4009
A6410,Sterile eye pad,X,0.00,0.00,0.00,XXX,33.4009
A6411,Non-sterile eye pad,X,0.00,0.00,0.00,XXX,33.4009
A6412,Occlusive eye patch,X,0.00,0.00,0.00,XXX,33.4009
A6413,"Adhesive bandage, first-aid",N,0.00,0.00,0.00,XXX,33.4009
A6441,"Pad band w>=3"" <5""/yd",X,0.00,0.00,0.00,XXX,33.4009
A6442,"Conform band n/s w<3""/yd",X,0.00,0.00,0.00,XXX,33.4009
A6443,"Conform band n/s w>=3""<5""/yd",X,0.00,0.00,0.00,XXX,33.4009
A6444,"Conform band n/s w>=5""/yd",X,0.00,0.00,0.00,XXX,33.4009
A6445,"Conform band s w <3""/yd",X,0.00,0.00,0.00,XXX,33.4009
A6446,"Conform band s w>=3"" <5""/yd",X,0.00,0.00,0.00,XXX,33.4009
A6447,"Conform band s w >=5""/yd",X,0.00,0.00,0.00,XXX,33.4009
A6448,"Lt compres band <3""/yd",X,0.00,0.00,0.00,XXX,33.4009
A6449,"Lt compres band >=3"" <5""/yd",X,0.00,0.00,0.00,XXX,33.4009
A6450,"Lt compres band >=5""/yd",X,0.00,0.00,0.00,XXX,33.4009
A6451,"Mod compres band w>=3""<5""/yd",X,0.00,0.00,0.00,XXX,33.4009
A6452,"High compres band w>=3""<5""yd",X,0.00,0.00,0.00,XXX,33.4009
A6453,"Self-adher band w <3""/yd",X,0.00,0.00,0.00,XXX,33.4009
A6454,"Self-adher band w>=3"" <5""/yd",X,0.00,0.00,0.00,XXX,33.4009
A6455,"Self-adher band >=5""/yd",X,0.00,0.00,0.00,XXX,33.4009
A6456,"Zinc paste band w >=3""<5""/yd",X,0.00,0.00,0.00,XXX,33.4009
A6457,Tubular dressing,X,0.00,0.00,0.00,XXX,33.4009
A6460,Synthetic drsg <= 16 sq in,X,0.00,0.00,0.00,XXX,33.4009
A6461,Synthetic drsg >16<=48 sq in,X,0.00,0.00,0.00,XXX,33.4009
A6501,Compres burngarment bodysuit,X,0.00,0.00,0.00,XXX,33.4009
A6502,Compres burngarment chinstrp,X,0.00,0.00,0.00,XXX,33.4009
A6503,Compres burngarment facehood,X,0.00,0.00,0.00,XXX,33.4009
A6504,Cmprsburngarment glove-wrist,X,0.00,0.00,0.00,XXX,33.4009
A6505,Cmprsburngarment glove-elbow,X,0.00,0.00,0.00,XXX,33.4009
A6506,Cmprsburngrmnt glove-axilla,X,0.00,0.00,0.00,XXX,33.4009
A6507,Cmprs burngarment foot-knee,X,0.00,0.00,0.00,XXX,33.4009
A6508,Cmprs burngarment foot-thigh,X,0.00,0.00,0.00,XXX,33.4009
A6509,Compres burn garment jacket,X,0.00,0.00,0.00,XXX,33.4009
A6510,Compres burn garment leotard,X,0.00,0.00,0.00,XXX,33.4009
A6511,Compres burn garment panty,X,0.00,0.00,0.00,XXX,33.4009
A6512,"Compres burn garment, noc",X,0.00,0.00,0.00,XXX,33.4009
A6513,Compress burn mask face/neck,X,0.00,0.00,0.00,XXX,33.4009
A6515,Grad com wrap w str fu le cu,X,0.00,0.00,0.00,XXX,33.4009
A6516,Grad com wrap w strap foo cu,X,0.00,0.00,0.00,XXX,33.4009
A6517,Grad com wrap w strap bn cus,X,0.00,0.00,0.00,XXX,33.4009
A6518,Grad com wrap w strap arm cu,X,0.00,0.00,0.00,XXX,33.4009
A6519,Grad com garm noc night use,X,0.00,0.00,0.00,XXX,33.4009
A6520,G com garmnt glove nghttime,X,0.00,0.00,0.00,XXX,33.4009
A6521,G com garmnt glove nght cust,X,0.00,0.00,0.00,XXX,33.4009
A6522,G com garment arm nighttime,X,0.00,0.00,0.00,XXX,33.4009
A6523,G com garment arm nght custm,X,0.00,0.00,0.00,XXX,33.4009
A6524,G com garmnt lwr leg/ft nght,X,0.00,0.00,0.00,XXX,33.4009
A6525,G com garm lwrleg/ft ngt cus,X,0.00,0.00,0.00,XXX,33.4009
A6526,G com garmt full leg/ft nght,X,0.00,0.00,0.00,XXX,33.4009
A6527,G garmt full leg/ft nght cus,X,0.00,0.00,0.00,XXX,33.4009
A6528,G com garment bra nighttime,X,0.00,0.00,0.00,XXX,33.4009
A6529,G com garmt bra night custm,X,0.00,0.00,0.00,XXX,33.4009
A6530,Compression stocking bk18-30,X,0.00,0.00,0.00,XXX,33.4009
A6531,Compress stking bk30-40 surg,X,0.00,0.00,0.00,XXX,33.4009
A6532,Compress stking bk40-50 surg,X,0.00,0.00,0.00,XXX,33.4009
A6533,Gc stocking thighlngth 18-30,X,0.00,0.00,0.00,XXX,33.4009
A6534,Gc stocking thighlngth 30-40,X,0.00,0.00,0.00,XXX,33.4009
A6535,Gc stocking thighlngth 40+,X,0.00,0.00,0.00,XXX,33.4009
A6536,Gc stocking full lngth 18-30,X,0.00,0.00,0.00,XXX,33.4009
A6537,Gc stocking full lngth 30-40,X,0.00,0.00,0.00,XXX,33.4009
A6538,Gc stocking full lngth 40+,X,0.00,0.00,0.00,XXX,33.4009
A6539,Gc stocking waistlngth 18-30,X,0.00,0.00,0.00,XXX,33.4009
A6540,Gc stocking waistlngth 30-40,X,0.00,0.00,0.00,XXX,33.4009
A6541,Gc stocking waistlngth 40+,X,0.00,0.00,0.00,XXX,33.4009
A6544,Gc stocking garter belt,X,0.00,0.00,0.00,XXX,33.4009
A6545,Grad com non-elastic bk surg,X,0.00,0.00,0.00,XXX,33.4009
A6548,Acces cust grad silic band,X,0.00,0.00,0.00,XXX,33.4009
A6549,Grad com garm noc day use,X,0.00,0.00,0.00,XXX,33.4009
A6550,Neg pres wound ther drsg set,X,0.00,0.00,0.00,XXX,33.4009
A6552,Grad com stocking bk 30-40,X,0.00,0.00,0.00,XXX,33.4009
A6553,G com stcking bk 30-40 custm,X,0.00,0.00,0.00,XXX,33.4009
A6554,Grad com stocking bk 40+,X,0.00,0.00,0.00,XXX,33.4009
A6555,G com stcking bk 40+ custm,X,0.00,0.00,0.00,XXX,33.4009
A6556,G com stcking thgh18-30 cust,X,0.00,0.00,0.00,XXX,33.4009
A6557,G com stcking thgh30-40 cust,X,0.00,0.00,0.00,XXX,33.4009
A6558,G com stcking thgh 40+ cust,X,0.00,0.00,0.00,XXX,33.4009
A6559,G stckng full/chap18-30 cust,X,0.00,0.00,0.00,XXX,33.4009
A6560,G stckng full/chap30-40 cust,X,0.00,0.00,0.00,XXX,33.4009
A6561,G stockng full/chap 40+ cust,X,0.00,0.00,0.00,XXX,33.4009
A6562,G com stckng waist18-30 cust,X,0.00,0.00,0.00,XXX,33.4009
A6563,G com stckng waist30-40 cust,X,0.00,0.00,0.00,XXX,33.4009
A6564,G com stckng waist 40+ cust,X,0.00,0.00,0.00,XXX,33.4009
A6565,Grad comp gauntlet custom,X,0.00,0.00,0.00,XXX,33.4009
A6566,Grad com garment neck/head,X,0.00,0.00,0.00,XXX,33.4009
A6567,G com garment neck/head cust,X,0.00,0.00,0.00,XXX,33.4009
A6568,G com garment torso/shldr,X,0.00,0.00,0.00,XXX,33.4009
A6569,G com garmnt torso/shdr cust,X,0.00,0.00,0.00,XXX,33.4009
A6570,Grad com garment genital,X,0.00,0.00,0.00,XXX,33.4009
A6571,G com garment genital custm,X,0.00,0.00,0.00,XXX,33.4009
A6572,Grad com garment toe caps,X,0.00,0.00,0.00,XXX,33.4009
A6573,Grad com garmnt toe cap cust,X,0.00,0.00,0.00,XXX,33.4009
A6574,Custom gradient sleev/glov,X,0.00,0.00,0.00,XXX,33.4009
A6575,Gradient comp sleev/glov,X,0.00,0.00,0.00,XXX,33.4009
A6576,Custom grad com sleeve med,X,0.00,0.00,0.00,XXX,33.4009
A6577,Custom grad cm sleeve heavy,X,0.00,0.00,0.00,XXX,33.4009
A6578,Gradient comp sleeve,X,0.00,0.00,0.00,XXX,33.4009
A6579,Custom grad com glove med,X,0.00,0.00,0.00,XXX,33.4009
A6580,Custom grad com glove heavy,X,0.00,0.00,0.00,XXX,33.4009
A6581,Gradient comp glove,X,0.00,0.00,0.00,XXX,33.4009
A6582,Gradient comp gauntlet,X,0.00,0.00,0.00,XXX,33.4009
A6583,Grad com wrap w straps bk,X,0.00,0.00,0.00,XXX,33.4009
A6584,Grad com wrap w straps,X,0.00,0.00,0.00,XXX,33.4009
A6585,Grad com wrap w straps ak,X,0.00,0.00,0.00,XXX,33.4009
A6586,Grad com wrap w strap fu leg,X,0.00,0.00,0.00,XXX,33.4009
A6587,Grad com wrap w straps foot,X,0.00,0.00,0.00,XXX,33.4009
A6588,Grad com wrap w strap arm,X,0.00,0.00,0.00,XXX,33.4009
A6589,Grad com wrap w straps bra,X,0.00,0.00,0.00,XXX,33.4009
A6590,Urinary cath disp suc pump,X,0.00,0.00,0.00,XXX,33.4009
A6591,Urinary cath suc pump,X,0.00,0.00,0.00,XXX,33.4009
A6593,Grad com accessory gmt_wrap,X,0.00,0.00,0.00,XXX,33.4009
A6594,G comp bandge liner lwr extr,X,0.00,0.00,0.00,XXX,33.4009
A6595,G comp bandge liner upr extr,X,0.00,0.00,0.00,XXX,33.4009
A6596,G comp bandge conform gauze,X,0.00,0.00,0.00,XXX,33.4009
A6597,G comp bandage long stretch,X,0.00,0.00,0.00,XXX,33.4009
A6598,G comp bandage med stretch,X,0.00,0.00,0.00,XXX,33.4009
A6599,G comp bandage short stretch,X,0.00,0.00,0.00,XXX,33.4009
A6600,G com bandge hgh dn foam sht,X,0.00,0.00,0.00,XXX,33.4009
A6601,G com bandge hgh dn foam pad,X,0.00,0.00,0.00,XXX,33.4009
A6602,G com bandge hgh dn foamroll,X,0.00,0.00,0.00,XXX,33.4009
A6603,G com bandge low dn foamchnl,X,0.00,0.00,0.00,XXX,33.4009
A6604,G com bandge low dn foam flt,X,0.00,0.00,0.00,XXX,33.4009
A6605,G com bandage padded foam,X,0.00,0.00,0.00,XXX,33.4009
A6606,G com bandage padded textile,X,0.00,0.00,0.00,XXX,33.4009
A6607,G com bandage tub protct lyr,X,0.00,0.00,0.00,XXX,33.4009
A6608,G com bandage tub protct pad,X,0.00,0.00,0.00,XXX,33.4009
A6609,G compression bandaging,X,0.00,0.00,0.00,XXX,33.4009
A6610,G com stcking bk 18-30 custm,X,0.00,0.00,0.00,XXX,33.4009
A6611,Grad com wrap w strap ak cus,X,0.00,0.00,0.00,XXX,33.4009
A7000,Disposable canister for pump,X,0.00,0.00,0.00,XXX,33.4009
A7001,Nondisposable pump canister,X,0.00,0.00,0.00,XXX,33.4009
A7002,Tubing used w suction pump,X,0.00,0.00,0.00,XXX,33.4009
A7003,Nebulizer administration set,X,0.00,0.00,0.00,XXX,33.4009
A7004,Disposable nebulizer sml vol,X,0.00,0.00,0.00,XXX,33.4009
A7005,Nondisposable nebulizer set,X,0.00,0.00,0.00,XXX,33.4009
A7006,Filtered nebulizer admin set,X,0.00,0.00,0.00,XXX,33.4009
A7007,Lg vol nebulizer disposable,X,0.00,0.00,0.00,XXX,33.4009
A7008,Disposable nebulizer prefill,X,0.00,0.00,0.00,XXX,33.4009
A7009,Nebulizer reservoir bottle,X,0.00,0.00,0.00,XXX,33.4009
A7010,Disposable corrugated tubing,X,0.00,0.00,0.00,XXX,33.4009
A7012,Nebulizer water collec devic,X,0.00,0.00,0.00,XXX,33.4009
A7013,Disposable compressor filter,X,0.00,0.00,0.00,XXX,33.4009
A7014,Compressor nondispos filter,X,0.00,0.00,0.00,XXX,33.4009
A7015,Aerosol mask used w nebulize,X,0.00,0.00,0.00,XXX,33.4009
A7016,Nebulizer dome & mouthpiece,X,0.00,0.00,0.00,XXX,33.4009
A7017,Nebulizer not used w oxygen,X,0.00,0.00,0.00,XXX,33.4009
A7018,Water distilled w/nebulizer,X,0.00,0.00,0.00,XXX,33.4009
A7020,"Interface, cough stim device",X,0.00,0.00,0.00,XXX,33.4009
A7021,Suppl and access lung expan,X,0.00,0.00,0.00,XXX,33.4009
A7023,Mech allergen parti barrier,N,0.00,0.00,0.00,XXX,33.4009
A7025,Replace chest compress vest,X,0.00,0.00,0.00,XXX,33.4009
A7026,Replace chst cmprss sys hose,X,0.00,0.00,0.00,XXX,33.4009
A7027,Combination oral/nasal mask,X,0.00,0.00,0.00,XXX,33.4009
A7028,Repl oral cushion combo mask,X,0.00,0.00,0.00,XXX,33.4009
A7029,Repl nasal pillow comb mask,X,0.00,0.00,0.00,XXX,33.4009
A7030,Cpap full face mask,X,0.00,0.00,0.00,XXX,33.4009
A7031,Replacement facemask interfa,X,0.00,0.00,0.00,XXX,33.4009
A7032,Replacement nasal cushion,X,0.00,0.00,0.00,XXX,33.4009
A7033,Replacement nasal pillows,X,0.00,0.00,0.00,XXX,33.4009
A7034,Nasal application device,X,0.00,0.00,0.00,XXX,33.4009
A7035,Pos airway press headgear,X,0.00,0.00,0.00,XXX,33.4009
A7036,Pos airway press chinstrap,X,0.00,0.00,0.00,XXX,33.4009
A7037,Pos airway pressure tubing,X,0.00,0.00,0.00,XXX,33.4009
A7038,Pos airway pressure filter,X,0.00,0.00,0.00,XXX,33.4009
A7039,"Filter, non disposable w pap",X,0.00,0.00,0.00,XXX,33.4009
A7040,One way chest drain valve,X,0.00,0.00,0.00,XXX,33.4009
A7041,Water seal drain container,X,0.00,0.00,0.00,XXX,33.4009
A7044,Pap oral interface,X,0.00,0.00,0.00,XXX,33.4009
A7045,Repl exhalation port for pap,X,0.00,0.00,0.00,XXX,33.4009
A7046,"Repl water chamber, pap dev",X,0.00,0.00,0.00,XXX,33.4009
A7047,Resp suction oral interface,X,0.00,0.00,0.00,XXX,33.4009
A7048,Vacuum drain bottle/tube kit,X,0.00,0.00,0.00,XXX,33.4009
A7049,Epap nasal valve,N,0.00,0.00,0.00,XXX,33.4009
A7501,Tracheostoma valve w diaphra,X,0.00,0.00,0.00,XXX,33.4009
A7502,Replacement diaphragm/fplate,X,0.00,0.00,0.00,XXX,33.4009
A7503,Hmes filter holder or cap,X,0.00,0.00,0.00,XXX,33.4009
A7504,Tracheostoma hmes filter,X,0.00,0.00,0.00,XXX,33.4009
A7505,Hmes or trach valve housing,X,0.00,0.00,0.00,XXX,33.4009
A7506,Hmes/trachvalve adhesivedisk,X,0.00,0.00,0.00,XXX,33.4009
A7507,Integrated filter & holder,X,0.00,0.00,0.00,XXX,33.4009
A7508,Housing & integrated adhesiv,X,0.00,0.00,0.00,XXX,33.4009
A7509,Heat & moisture exchange sys,X,0.00,0.00,0.00,XXX,33.4009
A7520,Trach/laryn tube non-cuffed,X,0.00,0.00,0.00,XXX,33.4009
A7521,Trach/laryn tube cuffed,X,0.00,0.00,0.00,XXX,33.4009
A7522,Trach/laryn tube stainless,X,0.00,0.00,0.00,XXX,33.4009
A7523,Tracheostomy shower protect,X,0.00,0.00,0.00,XXX,33.4009
A7524,Tracheostoma stent/stud/bttn,X,0.00,0.00,0.00,XXX,33.4009
A7525,Tracheostomy mask,X,0.00,0.00,0.00,XXX,33.4009
A7526,Tracheostomy tube collar,X,0.00,0.00,0.00,XXX,33.4009
A7527,Trach/laryn tube plug/stop,X,0.00,0.00,0.00,XXX,33.4009
A8000,Soft protect helmet prefab,X,0.00,0.00,0.00,XXX,33.4009
A8001,Hard protect helmet prefab,X,0.00,0.00,0.00,XXX,33.4009
A8002,Soft protect helmet custom,X,0.00,0.00,0.00,XXX,33.4009
A8003,Hard protect helmet custom,X,0.00,0.00,0.00,XXX,33.4009
A8004,"Repl soft interface, helmet",X,0.00,0.00,0.00,XXX,33.4009
A8005,Grip glove w microprocessor,X,0.00,0.00,0.00,XXX,33.4009
A8006,Grip glove replacement only,X,0.00,0.00,0.00,XXX,33.4009
A9150,Misc/exper non-prescript dru,E,0.00,0.00,0.00,XXX,33.4009
A9152,Single vitamin nos,I,0.00,0.00,0.00,XXX,33.4009
A9153,Multi-vitamin nos,I,0.00,0.00,0.00,XXX,33.4009
A9154,"Artificial saliva, 1 ml",N,0.00,0.00,0.00,XXX,33.4009
A9156,Oral mucoadhesive per 1 ml,X,0.00,0.00,0.00,XXX,33.4009
A9180,"Lice treatment, topical",I,0.00,0.00,0.00,XXX,33.4009
A9268,Programmer orally ingest cap,N,0.00,0.00,0.00,XXX,33.4009
A9269,Programable ingest capsule,N,0.00,0.00,0.00,XXX,33.4009
A9270,Non-covered item or service,N,0.00,0.00,0.00,XXX,33.4009
A9272,"Disp wound suct, drsg/access",X,0.00,0.00,0.00,XXX,33.4009
A9273,Hot/cold botle/cap/col/wrap,N,0.00,0.00,0.00,XXX,33.4009
A9274,Ext amb insulin delivery sys,N,0.00,0.00,0.00,XXX,33.4009
A9275,Disp home glucose monitor,N,0.00,0.00,0.00,XXX,33.4009
A9276,"Disposable sensor, cgm sys",N,0.00,0.00,0.00,XXX,33.4009
A9277,"External transmitter, cgm",N,0.00,0.00,0.00,XXX,33.4009
A9278,"External receiver, cgm sys",N,0.00,0.00,0.00,XXX,33.4009
A9279,Monitoring feature/devicenoc,N,0.00,0.00,0.00,XXX,33.4009
A9280,"Alert device, noc",N,0.00,0.00,0.00,XXX,33.4009
A9281,Reaching/grabbing device,N,0.00,0.00,0.00,XXX,33.4009
A9282,Wig any type,N,0.00,0.00,0.00,XXX,33.4009
A9283,Foot press off load supp dev,N,0.00,0.00,0.00,XXX,33.4009
A9284,Non-electronic spirometer,X,0.00,0.00,0.00,XXX,33.4009
A9285,Inversion eversion cor devic,X,0.00,0.00,0.00,XXX,33.4009
A9286,"Any hygienic item, device",N,0.00,0.00,0.00,XXX,33.4009
A9291,Pres dig cog behav thera fda,X,0.00,0.00,0.00,XXX,33.4009
A9292,Pres dig visual therapy fda,X,0.00,0.00,0.00,XXX,33.4009
A9293,Fertility cycl tracking soft,X,0.00,0.00,0.00,XXX,33.4009
A9294,Biofeed dig cog behav tx fda,X,0.00,0.00,0.00,XXX,33.4009
A9300,Exercise equipment,N,0.00,0.00,0.00,XXX,33.4009
A9500,Tc99m sestamibi,C,0.00,0.00,0.00,XXX,33.4009
A9501,Technetium tc-99m teboroxime,C,0.00,0.00,0.00,XXX,33.4009
A9502,Tc99m tetrofosmin,C,0.00,0.00,0.00,XXX,33.4009
A9503,Tc99m medronate,C,0.00,0.00,0.00,XXX,33.4009
A9504,Tc99m apcitide,C,0.00,0.00,0.00,XXX,33.4009
A9505,Tl201 thallium,C,0.00,0.00,0.00,XXX,33.4009
A9506,Tc-99m graphite crucible,X,0.00,0.00,0.00,XXX,33.4009
A9507,In111 capromab,C,0.00,0.00,0.00,XXX,33.4009
A9508,"I131 iodobenguate, dx",C,0.00,0.00,0.00,XXX,33.4009
A9509,Iodine i-123 sod iodide mil,C,0.00,0.00,0.00,XXX,33.4009
A9510,Tc99m disofenin,C,0.00,0.00,0.00,XXX,33.4009
A9512,Tc99m pertechnetate,C,0.00,0.00,0.00,XXX,33.4009
A9513,Lutetium lu 177 dotatat ther,X,0.00,0.00,0.00,XXX,33.4009
A9515,Choline c-11,X,0.00,0.00,0.00,XXX,33.4009
A9516,Iodine i-123 sod iodide mic,C,0.00,0.00,0.00,XXX,33.4009
A9517,"I131 iodide cap, rx",C,0.00,0.00,0.00,XXX,33.4009
A9520,Tc99 tilmanocept diag 0.5mci,X,0.00,0.00,0.00,XXX,33.4009
A9521,Tc99m exametazime,C,0.00,0.00,0.00,XXX,33.4009
A9524,"I131 serum albumin, dx",C,0.00,0.00,0.00,XXX,33.4009
A9526,Nitrogen n-13 ammonia,C,0.00,0.00,0.00,XXX,33.4009
A9527,Iodine i-125 sodium iodide,C,0.00,0.00,0.00,XXX,33.4009
A9528,"Iodine i-131 iodide cap, dx",C,0.00,0.00,0.00,XXX,33.4009
A9529,"I131 iodide sol, dx",C,0.00,0.00,0.00,XXX,33.4009
A9530,"I131 iodide sol, rx",C,0.00,0.00,0.00,XXX,33.4009
A9531,I131 max 100uci,C,0.00,0.00,0.00,XXX,33.4009
A9532,"I125 serum albumin, dx",C,0.00,0.00,0.00,XXX,33.4009
A9536,Tc99m depreotide,C,0.00,0.00,0.00,XXX,33.4009
A9537,Tc99m mebrofenin,C,0.00,0.00,0.00,XXX,33.4009
A9538,Tc99m pyrophosphate,C,0.00,0.00,0.00,XXX,33.4009
A9539,Tc99m pentetate,C,0.00,0.00,0.00,XXX,33.4009
A9540,Tc99m maa,C,0.00,0.00,0.00,XXX,33.4009
A9541,Tc99m sulfur colloid,C,0.00,0.00,0.00,XXX,33.4009
A9542,"In111 ibritumomab, dx",C,0.00,0.00,0.00,XXX,33.4009
A9543,"Y90 ibritumomab, rx",C,0.00,0.00,0.00,XXX,33.4009
A9546,Co57/58,C,0.00,0.00,0.00,XXX,33.4009
A9547,In111 oxyquinoline,C,0.00,0.00,0.00,XXX,33.4009
A9548,In111 pentetate,C,0.00,0.00,0.00,XXX,33.4009
A9550,Tc99m gluceptate,C,0.00,0.00,0.00,XXX,33.4009
A9551,Tc99m succimer,C,0.00,0.00,0.00,XXX,33.4009
A9552,F18 fdg,C,0.00,0.00,0.00,XXX,33.4009
A9553,Cr51 chromate,C,0.00,0.00,0.00,XXX,33.4009
A9554,"I125 iothalamate, dx",C,0.00,0.00,0.00,XXX,33.4009
A9555,Rb82 rubidium,C,0.00,0.00,0.00,XXX,33.4009
A9556,Ga67 gallium,C,0.00,0.00,0.00,XXX,33.4009
A9557,Tc99m bicisate,C,0.00,0.00,0.00,XXX,33.4009
A9558,Xe133 xenon 10mci,C,0.00,0.00,0.00,XXX,33.4009
A9559,Co57 cyano,C,0.00,0.00,0.00,XXX,33.4009
A9560,Tc99m labeled rbc,C,0.00,0.00,0.00,XXX,33.4009
A9561,Tc99m oxidronate,C,0.00,0.00,0.00,XXX,33.4009
A9562,Tc99m mertiatide,C,0.00,0.00,0.00,XXX,33.4009
A9563,P32 na phosphate,C,0.00,0.00,0.00,XXX,33.4009
A9564,P32 chromic phosphate,C,0.00,0.00,0.00,XXX,33.4009
A9566,Tc99m fanolesomab,C,0.00,0.00,0.00,XXX,33.4009
A9567,Technetium tc-99m aerosol,C,0.00,0.00,0.00,XXX,33.4009
A9568,Technetium tc99m arcitumomab,C,0.00,0.00,0.00,XXX,33.4009
A9569,Technetium tc-99m auto wbc,C,0.00,0.00,0.00,XXX,33.4009
A9570,Indium in-111 auto wbc,C,0.00,0.00,0.00,XXX,33.4009
A9571,Indium in-111 auto platelet,C,0.00,0.00,0.00,XXX,33.4009
A9572,Indium in-111 pentetreotide,C,0.00,0.00,0.00,XXX,33.4009
A9573,"Inj, gadopiclenol, 1 ml",X,0.00,0.00,0.00,XXX,33.4009
A9574,"Inj. ferumoxytol, 1 mg",X,0.00,0.00,0.00,XXX,33.4009
A9575,Inj gadoterate meglumi 0.1ml,X,0.00,0.00,0.00,XXX,33.4009
A9576,Inj prohance multipack,X,0.00,0.00,0.00,XXX,33.4009
A9577,Inj multihance,X,0.00,0.00,0.00,XXX,33.4009
A9578,Inj multihance multipack,X,0.00,0.00,0.00,XXX,33.4009
A9579,"Gad-base mr contrast nos,1ml",X,0.00,0.00,0.00,XXX,33.4009
A9580,Sodium fluoride f-18,C,0.00,0.00,0.00,XXX,33.4009
A9581,Gadoxetate disodium inj,X,0.00,0.00,0.00,XXX,33.4009
A9582,Iodine i-123 iobenguane,X,0.00,0.00,0.00,XXX,33.4009
A9583,Gadofosveset trisodium inj,X,0.00,0.00,0.00,XXX,33.4009
A9584,Iodine i-123 ioflupane,X,0.00,0.00,0.00,XXX,33.4009
A9585,Gadobutrol injection,X,0.00,0.00,0.00,XXX,33.4009
A9586,Florbetapir f18,C,0.00,0.00,0.00,YYY,33.4009
A9587,Gallium ga-68,X,0.00,0.00,0.00,XXX,33.4009
A9588,Fluciclovine f-18,X,0.00,0.00,0.00,XXX,33.4009
A9589,Insti hexaminolevulinate hcl,X,0.00,0.00,0.00,XXX,33.4009
A9590,Iodine i-131 iobenguane 1mci,X,0.00,0.00,0.00,XXX,33.4009
A9591,Fluoroestradiol f 18,X,0.00,0.00,0.00,XXX,33.4009
A9592,Copper cu 64 dotatate diag,X,0.00,0.00,0.00,XXX,33.4009
A9593,Gallium ga-68 psma-11 ucsf,X,0.00,0.00,0.00,XXX,33.4009
A9594,"Gallium ga-68 psma-11, ucla",X,0.00,0.00,0.00,XXX,33.4009
A9595,"Piflu f-18, dia 1 millicurie",X,0.00,0.00,0.00,XXX,33.4009
A9596,Gallium illuccix 1 millicure,X,0.00,0.00,0.00,XXX,33.4009
A9597,"Pet, dx, for tumor id, noc",X,0.00,0.00,0.00,XXX,33.4009
A9598,"Pet dx for non-tumor id, noc",X,0.00,0.00,0.00,XXX,33.4009
A9600,Sr89 strontium,C,0.00,0.00,0.00,XXX,33.4009
A9601,Flortaucipir inj 1 millicuri,X,0.00,0.00,0.00,XXX,33.4009
A9602,Fluorodopa f-18 diag per mci,X,0.00,0.00,0.00,XXX,33.4009
A9603,"Inj, pafolacianine, 0.1 mg",X,0.00,0.00,0.00,XXX,33.4009
A9604,Sm 153 lexidronam,X,0.00,0.00,0.00,XXX,33.4009
A9606,Radium ra223 dichloride ther,X,0.00,0.00,0.00,XXX,33.4009
A9607,Lutetium lu 177 vipivotide,X,0.00,0.00,0.00,XXX,33.4009
A9608,Flotufolastat f18 diag 1 mci,X,0.00,0.00,0.00,XXX,33.4009
A9609,"F18 fdg, 15 millicuries",X,0.00,0.00,0.00,XXX,33.4009
A9610,"Xe129 xenon, diagnostic",X,0.00,0.00,0.00,XXX,33.4009
A9611,"Flurpiridaz f18, diag, 1 mci",X,0.00,0.00,0.00,XXX,33.4009
A9612,"Inj, fluorescein, 1 mg",X,0.00,0.00,0.00,XXX,33.4009
A9615,"Inj, pegulicianine, 1 mg",X,0.00,0.00,0.00,XXX,33.4009
A9616,Gallium gozellix 1 millicuri,X,0.00,0.00,0.00,XXX,33.4009
A9697,"Inj, magtrace per study dose",X,0.00,0.00,0.00,XXX,33.4009
A9698,Non-rad contrast materialnoc,X,0.00,0.00,0.00,XXX,33.4009
A9699,Radiopharm rx agent noc,C,0.00,0.00,0.00,XXX,33.4009
A9700,Echocardiography contrast,E,0.00,0.00,0.00,XXX,33.4009
A9800,Gallium locametz 1 millicuri,X,0.00,0.00,0.00,XXX,33.4009
A9900,Supply/accessory/service,X,0.00,0.00,0.00,XXX,33.4009
A9901,Delivery/set up/dispensing,X,0.00,0.00,0.00,XXX,33.4009
A9999,"Dme supply or accessory, nos",X,0.00,0.00,0.00,XXX,33.4009
D0120,Periodic oral evaluation,R,0.00,0.00,0.00,XXX,33.4009
D0140,Limit oral eval problm focus,R,0.00,0.00,0.00,XXX,33.4009
D0145,"Oral evaluation, pt < 3yrs",R,0.00,0.00,0.00,XXX,33.4009
D0150,Comprehensve oral evaluation,R,0.00,0.00,0.00,XXX,33.4009
D0160,Extensv oral eval prob focus,R,0.00,0.00,0.00,XXX,33.4009
D0170,"Re-eval,est pt,problem focus",R,0.00,0.00,0.00,XXX,33.4009
D0171,Re-eval post-op visit,R,0.00,0.00,0.00,XXX,33.4009
D0180,Comp periodontal evaluation,R,0.00,0.00,0.00,XXX,33.4009
D0190,Screening of a patient,R,0.00,0.00,0.00,XXX,33.4009
D0191,Assessment of a patient,R,0.00,0.00,0.00,XXX,33.4009
D0210,Intraor comprehensive series,R,0.00,0.00,0.00,XXX,33.4009
D0220,Intraoral periapical first,R,0.00,0.00,0.00,XXX,33.4009
D0230,Intraoral periapical ea add,R,0.00,0.00,0.00,XXX,33.4009
D0240,Intraoral occlusal film,R,0.00,0.00,0.00,XXX,33.4009
D0250,Extraoral 2d project image,R,0.00,0.00,0.00,XXX,33.4009
D0251,Extraoral posterior image,R,0.00,0.00,0.00,XXX,33.4009
D0270,Dental bitewing single image,R,0.00,0.00,0.00,XXX,33.4009
D0272,Dental bitewings two images,R,0.00,0.00,0.00,XXX,33.4009
D0273,Bitewings - three images,R,0.00,0.00,0.00,XXX,33.4009
D0274,Bitewings four images,R,0.00,0.00,0.00,XXX,33.4009
D0277,Vert bitewings 7 to 8 images,R,0.00,0.00,0.00,XXX,33.4009
D0310,Dental saliography,R,0.00,0.00,0.00,XXX,33.4009
D0320,Dental tmj arthrogram incl i,R,0.00,0.00,0.00,XXX,33.4009
D0321,Other tmj images by report,R,0.00,0.00,0.00,XXX,33.4009
D0322,Dental tomographic survey,R,0.00,0.00,0.00,XXX,33.4009
D0330,Panoramic image,R,0.00,0.00,0.00,XXX,33.4009
D0340,2d cephalometric image,R,0.00,0.00,0.00,XXX,33.4009
D0350,Oral/facial photo images,R,0.00,0.00,0.00,XXX,33.4009
D0364,Cone beam ct capt & interp,R,0.00,0.00,0.00,XXX,33.4009
D0365,Cone beam ct interprete man,R,0.00,0.00,0.00,XXX,33.4009
D0366,Cone beam ct interprete max,R,0.00,0.00,0.00,XXX,33.4009
D0367,Cone beam ct interp both jaw,R,0.00,0.00,0.00,XXX,33.4009
D0368,Cone beam ct interprete tmj,R,0.00,0.00,0.00,XXX,33.4009
D0369,Max mri capture & interprete,R,0.00,0.00,0.00,XXX,33.4009
D0370,Max ultrasound capt & interp,R,0.00,0.00,0.00,XXX,33.4009
D0371,Sialoendoscopy capt & interp,R,0.00,0.00,0.00,XXX,33.4009
D0372,Tomo comp series images,R,0.00,0.00,0.00,XXX,33.4009
D0373,Tomo bitewing image,R,0.00,0.00,0.00,XXX,33.4009
D0374,Tomo periapical image,R,0.00,0.00,0.00,XXX,33.4009
D0380,Cone beam ct capture limited,R,0.00,0.00,0.00,XXX,33.4009
D0381,Cone beam ct capt mandible,R,0.00,0.00,0.00,XXX,33.4009
D0382,Cone beam ct capt maxilla,R,0.00,0.00,0.00,XXX,33.4009
D0383,Cone beam ct both jaws,R,0.00,0.00,0.00,XXX,33.4009
D0384,Cone beam ct capture tmj,R,0.00,0.00,0.00,XXX,33.4009
D0385,Max mri image capture,R,0.00,0.00,0.00,XXX,33.4009
D0386,Max ultrasound image capture,R,0.00,0.00,0.00,XXX,33.4009
D0387,Comp image capture only,R,0.00,0.00,0.00,XXX,33.4009
D0388,Bitewing image capture only,R,0.00,0.00,0.00,XXX,33.4009
D0389,Periopic image capture only,R,0.00,0.00,0.00,XXX,33.4009
D0391,Imterprete diagnostic image,R,0.00,0.00,0.00,XXX,33.4009
D0393,Trtmnt simulation 3d image,R,0.00,0.00,0.00,XXX,33.4009
D0394,Digital sub 2 or more images,R,0.00,0.00,0.00,XXX,33.4009
D0395,Fusion 2 or more 3d images,R,0.00,0.00,0.00,XXX,33.4009
D0396,3d print of 3d surface scan,I,0.00,0.00,0.00,XXX,33.4009
D0411,Hba1c in office testing,R,0.00,0.00,0.00,XXX,33.4009
D0412,Blood glucose level test,R,0.00,0.00,0.00,XXX,33.4009
D0414,Lab process microbial spec,R,0.00,0.00,0.00,XXX,33.4009
D0415,Collection of microorganisms,R,0.00,0.00,0.00,XXX,33.4009
D0416,Viral culture,R,0.00,0.00,0.00,XXX,33.4009
D0417,Collect & prep saliva sample,R,0.00,0.00,0.00,XXX,33.4009
D0418,Analysis of saliva sample,R,0.00,0.00,0.00,XXX,33.4009
D0419,Assess of salivary flow,R,0.00,0.00,0.00,XXX,33.4009
D0422,Collect & prep genetic samp,R,0.00,0.00,0.00,XXX,33.4009
D0423,Genetic test spec analysis,R,0.00,0.00,0.00,XXX,33.4009
D0425,Caries susceptibility test,R,0.00,0.00,0.00,XXX,33.4009
D0426,"Coll, analys of saliva",R,0.00,0.00,0.00,YYY,33.4009
D0431,Diag tst detect mucos abnorm,R,0.00,0.00,0.00,XXX,33.4009
D0460,Pulp vitality test,R,0.00,0.00,0.00,XXX,33.4009
D0461,Testing for cracked tooth,R,0.00,0.00,0.00,YYY,33.4009
D0470,Diagnostic casts,R,0.00,0.00,0.00,XXX,33.4009
D0472,"Gross exam, prep & report",R,0.00,0.00,0.00,XXX,33.4009
D0473,"Micro exam, prep & report",R,0.00,0.00,0.00,XXX,33.4009
D0474,Micro w exam of surg margins,R,0.00,0.00,0.00,XXX,33.4009
D0475,Decalcification procedure,R,0.00,0.00,0.00,XXX,33.4009
D0476,Spec stains for microorganis,R,0.00,0.00,0.00,XXX,33.4009
D0477,Spec stains not for microorg,R,0.00,0.00,0.00,XXX,33.4009
D0478,Immunohistochemical stains,R,0.00,0.00,0.00,XXX,33.4009
D0479,Tissue in-situ hybridization,R,0.00,0.00,0.00,XXX,33.4009
D0480,Cytopath smear prep & report,R,0.00,0.00,0.00,XXX,33.4009
D0481,Electron microscopy,R,0.00,0.00,0.00,XXX,33.4009
D0482,Direct immunofluorescence,R,0.00,0.00,0.00,XXX,33.4009
D0483,Indirect immunofluorescence,R,0.00,0.00,0.00,XXX,33.4009
D0484,Consult slides prep elsewher,R,0.00,0.00,0.00,XXX,33.4009
D0485,Consult inc prep of slides,R,0.00,0.00,0.00,XXX,33.4009
D0486,Access of transep cytol samp,R,0.00,0.00,0.00,XXX,33.4009
D0502,Other oral pathology procedu,R,0.00,0.00,0.00,XXX,33.4009
D0600,Non-ionizing diag proc,R,0.00,0.00,0.00,XXX,33.4009
D0601,Caries risk assess low risk,R,0.00,0.00,0.00,XXX,33.4009
D0602,Caries risk assess mod risk,R,0.00,0.00,0.00,XXX,33.4009
D0603,Caries risk assess high risk,R,0.00,0.00,0.00,XXX,33.4009
D0604,Antigen test pub hlth pathog,R,0.00,0.00,0.00,XXX,33.4009
D0605,Antibody test pub hlth path,R,0.00,0.00,0.00,XXX,33.4009
D0606,Molecular test pub hlth path,R,0.00,0.00,0.00,XXX,33.4009
D0701,Pano radio image,R,0.00,0.00,0.00,XXX,33.4009
D0702,2d cephal radio image,R,0.00,0.00,0.00,XXX,33.4009
D0703,2d oral/facial photo image,R,0.00,0.00,0.00,XXX,33.4009
D0705,Extra oral post radio image,R,0.00,0.00,0.00,XXX,33.4009
D0706,Intraoral occlus radio image,R,0.00,0.00,0.00,XXX,33.4009
D0707,Intraoral periap radio image,R,0.00,0.00,0.00,XXX,33.4009
D0708,Intraoral bite radio image,R,0.00,0.00,0.00,XXX,33.4009
D0709,Intraoral comp image capture,R,0.00,0.00,0.00,XXX,33.4009
D0801,3d intraoral scan direct,R,0.00,0.00,0.00,XXX,33.4009
D0802,3d dental scan indirect,R,0.00,0.00,0.00,XXX,33.4009
D0803,3d facial scan direct,R,0.00,0.00,0.00,XXX,33.4009
D0804,3d facial scan indirect,R,0.00,0.00,0.00,XXX,33.4009
D0999,Unspecified diagnostic proce,R,0.00,0.00,0.00,XXX,33.4009
D1110,Dental prophylaxis adult,R,0.00,0.00,0.00,XXX,33.4009
D1120,Dental prophylaxis child,R,0.00,0.00,0.00,XXX,33.4009
D1206,Topical fluoride varnish,R,0.00,0.00,0.00,XXX,33.4009
D1208,Topical app fluorid ex vrnsh,R,0.00,0.00,0.00,XXX,33.4009
D1301,Immunization counseling,R,0.00,0.00,0.00,YYY,33.4009
D1310,Nutri counsel-control caries,R,0.00,0.00,0.00,XXX,33.4009
D1320,Tobacco counseling,R,0.00,0.00,0.00,XXX,33.4009
D1321,Couns for high risk sub use,R,0.00,0.00,0.00,XXX,33.4009
D1330,Oral hygiene instructions,R,0.00,0.00,0.00,XXX,33.4009
D1351,Dental sealant per tooth,R,0.00,0.00,0.00,XXX,33.4009
D1353,Sealant repair per tooth,R,0.00,0.00,0.00,XXX,33.4009
D1354,Int caries med app per tooth,R,0.00,0.00,0.00,XXX,33.4009
D1355,Caries med app per tooth,R,0.00,0.00,0.00,XXX,33.4009
D1510,Space maintainer fxd unilat,R,0.00,0.00,0.00,YYY,33.4009
D1516,"Fixed bilat space maint, max",R,0.00,0.00,0.00,YYY,33.4009
D1517,"Fixed bilat space maint, man",R,0.00,0.00,0.00,YYY,33.4009
D1520,Remove unilat space maintain,R,0.00,0.00,0.00,YYY,33.4009
D1526,"Remove bilat space main, max",R,0.00,0.00,0.00,YYY,33.4009
D1527,"Remove bilat space main, man",R,0.00,0.00,0.00,YYY,33.4009
D1551,Recement space maint - max,R,0.00,0.00,0.00,XXX,33.4009
D1552,Recement space maint - man,R,0.00,0.00,0.00,XXX,33.4009
D1553,Recement unilat space maint,R,0.00,0.00,0.00,XXX,33.4009
D1556,Rem fixed unilat space maint,R,0.00,0.00,0.00,XXX,33.4009
D1557,Remove fixed bilat maint max,R,0.00,0.00,0.00,XXX,33.4009
D1558,Remove fixed bilat man,R,0.00,0.00,0.00,XXX,33.4009
D1575,"Dist space maint, fixed unil",R,0.00,0.00,0.00,YYY,33.4009
D1701,Pfizer vacc admin 1st dose,I,0.00,0.00,0.00,XXX,33.4009
D1702,Pfizer vacc admin 2nd dose,I,0.00,0.00,0.00,XXX,33.4009
D1703,Moderna vacc admin 1st dose,I,0.00,0.00,0.00,XXX,33.4009
D1704,Moderna vacc admin 2nd dose,I,0.00,0.00,0.00,XXX,33.4009
D1708,Pfizer vacc admin 3rd dose,I,0.00,0.00,0.00,XXX,33.4009
D1709,Pfizer vaccine admin booster,I,0.00,0.00,0.00,XXX,33.4009
D1710,Moderna vacc admin 3rd dose,I,0.00,0.00,0.00,XXX,33.4009
D1711,Moderna vacc admin booster,I,0.00,0.00,0.00,XXX,33.4009
D1713,Pfizer vacc adm ped 1st dose,I,0.00,0.00,0.00,XXX,33.4009
D1714,Pfizer vacc adm ped 2nd dose,I,0.00,0.00,0.00,XXX,33.4009
D1720,Influenza vacc admin,I,0.00,0.00,0.00,XXX,33.4009
D1781,Vac admin human pap dose 1,I,0.00,0.00,0.00,XXX,33.4009
D1782,Vac admin human pap dose 2,I,0.00,0.00,0.00,XXX,33.4009
D1783,Vac admin human pap dose 3,I,0.00,0.00,0.00,XXX,33.4009
D1999,Unspecified preventive proc,R,0.00,0.00,0.00,YYY,33.4009
D2140,Amalgam one surface permanen,R,0.00,0.00,0.00,YYY,33.4009
D2150,Amalgam two surfaces permane,R,0.00,0.00,0.00,YYY,33.4009
D2160,Amalgam three surfaces perma,R,0.00,0.00,0.00,YYY,33.4009
D2161,Amalgam 4 or > surfaces perm,R,0.00,0.00,0.00,YYY,33.4009
D2330,Resin one surface-anterior,R,0.00,0.00,0.00,YYY,33.4009
D2331,Resin two surfaces-anterior,R,0.00,0.00,0.00,YYY,33.4009
D2332,Resin three surfaces-anterio,R,0.00,0.00,0.00,YYY,33.4009
D2335,Resin 4/> surf or w incis an,R,0.00,0.00,0.00,YYY,33.4009
D2390,Ant resin-based cmpst crown,R,0.00,0.00,0.00,YYY,33.4009
D2391,Post 1 srfc resinbased cmpst,R,0.00,0.00,0.00,YYY,33.4009
D2392,Post 2 srfc resinbased cmpst,R,0.00,0.00,0.00,YYY,33.4009
D2393,Post 3 srfc resinbased cmpst,R,0.00,0.00,0.00,YYY,33.4009
D2394,Post >=4srfc resinbase cmpst,R,0.00,0.00,0.00,YYY,33.4009
D2410,Dental gold foil one surface,R,0.00,0.00,0.00,YYY,33.4009
D2420,Dental gold foil two surface,R,0.00,0.00,0.00,YYY,33.4009
D2430,Dental gold foil three surfa,R,0.00,0.00,0.00,YYY,33.4009
D2510,Dental inlay metalic 1 surf,R,0.00,0.00,0.00,YYY,33.4009
D2520,Dental inlay metallic 2 surf,R,0.00,0.00,0.00,YYY,33.4009
D2530,Dental inlay metl 3/more sur,R,0.00,0.00,0.00,YYY,33.4009
D2542,Dental onlay metallic 2 surf,R,0.00,0.00,0.00,YYY,33.4009
D2543,Dental onlay metallic 3 surf,R,0.00,0.00,0.00,YYY,33.4009
D2544,Dental onlay metl 4/more sur,R,0.00,0.00,0.00,YYY,33.4009
D2610,Inlay porcelain/ceramic 1 su,R,0.00,0.00,0.00,YYY,33.4009
D2620,Inlay porcelain/ceramic 2 su,R,0.00,0.00,0.00,YYY,33.4009
D2630,Dental onlay porc 3/more sur,R,0.00,0.00,0.00,YYY,33.4009
D2642,Dental onlay porcelin 2 surf,R,0.00,0.00,0.00,YYY,33.4009
D2643,Dental onlay porcelin 3 surf,R,0.00,0.00,0.00,YYY,33.4009
D2644,Dental onlay porc 4/more sur,R,0.00,0.00,0.00,YYY,33.4009
D2650,Inlay composite/resin one su,R,0.00,0.00,0.00,YYY,33.4009
D2651,Inlay composite/resin two su,R,0.00,0.00,0.00,YYY,33.4009
D2652,Dental inlay resin 3/mre sur,R,0.00,0.00,0.00,YYY,33.4009
D2662,Dental onlay resin 2 surface,R,0.00,0.00,0.00,YYY,33.4009
D2663,Dental onlay resin 3 surface,R,0.00,0.00,0.00,YYY,33.4009
D2664,Dental onlay resin 4/mre sur,R,0.00,0.00,0.00,YYY,33.4009
D2710,Crown resin-based indirect,R,0.00,0.00,0.00,YYY,33.4009
D2712,Crown 3/4 resin-based compos,R,0.00,0.00,0.00,YYY,33.4009
D2720,Crown resin w/ high noble me,R,0.00,0.00,0.00,YYY,33.4009
D2721,Crown resin w/ base metal,R,0.00,0.00,0.00,YYY,33.4009
D2722,Crown resin w/ noble metal,R,0.00,0.00,0.00,YYY,33.4009
D2740,Crown porcelain/ceramic,R,0.00,0.00,0.00,YYY,33.4009
D2750,Crown porcelain w/ h noble m,R,0.00,0.00,0.00,YYY,33.4009
D2751,Crown porcelain fused base m,R,0.00,0.00,0.00,YYY,33.4009
D2752,Crown porcelain w/ noble met,R,0.00,0.00,0.00,YYY,33.4009
D2753,Crown porc fused to titanium,R,0.00,0.00,0.00,YYY,33.4009
D2780,Crown 3/4 cast hi noble met,R,0.00,0.00,0.00,YYY,33.4009
D2781,Crown 3/4 cast base metal,R,0.00,0.00,0.00,YYY,33.4009
D2782,Crown 3/4 cast noble metal,R,0.00,0.00,0.00,YYY,33.4009
D2783,Crown 3/4 porcelain/ceramic,R,0.00,0.00,0.00,YYY,33.4009
D2790,Crown full cast high noble m,R,0.00,0.00,0.00,YYY,33.4009
D2791,Crown full cast base metal,R,0.00,0.00,0.00,YYY,33.4009
D2792,Crown full cast noble metal,R,0.00,0.00,0.00,YYY,33.4009
D2794,Crown-titanium,R,0.00,0.00,0.00,YYY,33.4009
D2799,Interim crown,R,0.00,0.00,0.00,XXX,33.4009
D2910,Recement inlay onlay or part,R,0.00,0.00,0.00,XXX,33.4009
D2915,Recement cast or prefab post,R,0.00,0.00,0.00,XXX,33.4009
D2920,Re-cement or re-bond crown,R,0.00,0.00,0.00,XXX,33.4009
D2921,Reattach tooth fragment,R,0.00,0.00,0.00,YYY,33.4009
D2928,Prefab porc/cer crown perm,R,0.00,0.00,0.00,XXX,33.4009
D2929,Prefab porc/ceram crown pri,R,0.00,0.00,0.00,XXX,33.4009
D2930,Prefab stnlss steel crwn pri,R,0.00,0.00,0.00,XXX,33.4009
D2931,Prefab stnlss steel crown pe,R,0.00,0.00,0.00,XXX,33.4009
D2932,Prefabricated resin crown,R,0.00,0.00,0.00,XXX,33.4009
D2933,Prefab stainless steel crown,R,0.00,0.00,0.00,XXX,33.4009
D2934,Prefab steel crown primary,R,0.00,0.00,0.00,XXX,33.4009
D2940,Place direct restoration,R,0.00,0.00,0.00,XXX,33.4009
D2949,Restorative foundation,R,0.00,0.00,0.00,XXX,33.4009
D2950,Core build-up incl any pins,R,0.00,0.00,0.00,YYY,33.4009
D2951,Tooth pin retention,R,0.00,0.00,0.00,YYY,33.4009
D2952,Post and core cast + crown,R,0.00,0.00,0.00,YYY,33.4009
D2953,Each addtnl cast post,R,0.00,0.00,0.00,YYY,33.4009
D2954,Prefab post/core + crown,R,0.00,0.00,0.00,YYY,33.4009
D2955,Post removal,R,0.00,0.00,0.00,YYY,33.4009
D2956,Indirect rest remov,R,0.00,0.00,0.00,YYY,33.4009
D2957,Each addtnl prefab post,R,0.00,0.00,0.00,YYY,33.4009
D2960,Labial veneer resin direct,R,0.00,0.00,0.00,YYY,33.4009
D2961,Labial veneer resin indirect,R,0.00,0.00,0.00,YYY,33.4009
D2962,Labial veneer porc indirect,R,0.00,0.00,0.00,YYY,33.4009
D2971,Add proc construct new crown,R,0.00,0.00,0.00,YYY,33.4009
D2975,Coping,R,0.00,0.00,0.00,YYY,33.4009
D2976,Band stabilization per tooth,R,0.00,0.00,0.00,YYY,33.4009
D2980,Crown repair,R,0.00,0.00,0.00,YYY,33.4009
D2981,Inlay repair,R,0.00,0.00,0.00,YYY,33.4009
D2982,Onlay repair,R,0.00,0.00,0.00,YYY,33.4009
D2983,Veneer repair,R,0.00,0.00,0.00,YYY,33.4009
D2989,Excavate tooth non-restorabl,R,0.00,0.00,0.00,YYY,33.4009
D2990,Resin infiltration of lesion,R,0.00,0.00,0.00,YYY,33.4009
D2991,App of hydroxyapatite,R,0.00,0.00,0.00,YYY,33.4009
D2999,Dental unspec restorative pr,R,0.00,0.00,0.00,YYY,33.4009
D3110,Pulp cap direct,R,0.00,0.00,0.00,YYY,33.4009
D3120,Pulp cap indirect,R,0.00,0.00,0.00,YYY,33.4009
D3220,Therapeutic pulpotomy,R,0.00,0.00,0.00,YYY,33.4009
D3221,Gross pulpal debridement,R,0.00,0.00,0.00,YYY,33.4009
D3222,Part pulp for apexogenesis,R,0.00,0.00,0.00,YYY,33.4009
D3230,Pulpal therapy anterior prim,R,0.00,0.00,0.00,YYY,33.4009
D3240,Pulpal therapy posterior pri,R,0.00,0.00,0.00,YYY,33.4009
D3310,"End thxpy, anterior tooth",R,0.00,0.00,0.00,YYY,33.4009
D3320,"End thxpy, premolar tooth",R,0.00,0.00,0.00,YYY,33.4009
D3330,"End thxpy, molar tooth",R,0.00,0.00,0.00,YYY,33.4009
D3331,Non-surg tx root canal obs,R,0.00,0.00,0.00,YYY,33.4009
D3332,Incomplete endodontic tx,R,0.00,0.00,0.00,YYY,33.4009
D3333,Internal root repair,R,0.00,0.00,0.00,YYY,33.4009
D3346,Retreat root canal anterior,R,0.00,0.00,0.00,YYY,33.4009
D3347,Retreat root canal premolar,R,0.00,0.00,0.00,YYY,33.4009
D3348,Retreat root canal molar,R,0.00,0.00,0.00,YYY,33.4009
D3351,Apexification/recalc initial,R,0.00,0.00,0.00,YYY,33.4009
D3352,Apexification/recalc interim,R,0.00,0.00,0.00,YYY,33.4009
D3353,Apexification/recalc final,R,0.00,0.00,0.00,YYY,33.4009
D3355,Pulpal regeneration initial,R,0.00,0.00,0.00,YYY,33.4009
D3356,Pulpal regeneration interim,R,0.00,0.00,0.00,YYY,33.4009
D3357,Pulpal regeneration complete,R,0.00,0.00,0.00,YYY,33.4009
D3410,Apicoectomy - anterior,R,0.00,0.00,0.00,YYY,33.4009
D3421,Root surgery premolar,R,0.00,0.00,0.00,YYY,33.4009
D3425,Root surgery molar,R,0.00,0.00,0.00,YYY,33.4009
D3426,Root surgery ea add root,R,0.00,0.00,0.00,YYY,33.4009
D3428,Bone graft peri per tooth,R,0.00,0.00,0.00,YYY,33.4009
D3429,Bone graft peri each addl,R,0.00,0.00,0.00,YYY,33.4009
D3430,Retrograde filling,R,0.00,0.00,0.00,YYY,33.4009
D3431,Biological materials,R,0.00,0.00,0.00,YYY,33.4009
D3432,Guided tissue regeneration,R,0.00,0.00,0.00,YYY,33.4009
D3450,Root amputation,R,0.00,0.00,0.00,YYY,33.4009
D3460,Endodontic endosseous implan,R,0.00,0.00,0.00,YYY,33.4009
D3470,Intentional replantation,R,0.00,0.00,0.00,YYY,33.4009
D3471,Surg rep root res anterior,R,0.00,0.00,0.00,YYY,33.4009
D3472,Surg rep root res premolar,R,0.00,0.00,0.00,YYY,33.4009
D3473,Surg rep root res molar,R,0.00,0.00,0.00,YYY,33.4009
D3501,Surg exp root surf anterior,R,0.00,0.00,0.00,YYY,33.4009
D3502,Surg exp root surf premolar,R,0.00,0.00,0.00,YYY,33.4009
D3503,Surg exp root surf molar,R,0.00,0.00,0.00,YYY,33.4009
D3910,Isolation- tooth w rubb dam,R,0.00,0.00,0.00,YYY,33.4009
D3911,Intraorifice barrier,R,0.00,0.00,0.00,YYY,33.4009
D3920,Tooth splitting,R,0.00,0.00,0.00,YYY,33.4009
D3921,Decor or submerg erupt tooth,R,0.00,0.00,0.00,YYY,33.4009
D3950,Canal prep/fitting of dowel,R,0.00,0.00,0.00,YYY,33.4009
D3999,Endodontic procedure,R,0.00,0.00,0.00,YYY,33.4009
D4210,Gingivectomy/plasty 4 or mor,R,0.00,0.00,0.00,YYY,33.4009
D4211,Gingivectomy/plasty 1 to 3,R,0.00,0.00,0.00,YYY,33.4009
D4212,Gingivectomy/plasty rest,R,0.00,0.00,0.00,YYY,33.4009
D4230,Ana crown exp 4 or> per quad,R,0.00,0.00,0.00,YYY,33.4009
D4231,Ana crown exp 1-3 per quad,R,0.00,0.00,0.00,YYY,33.4009
D4240,Gingival flap proc w/ planin,R,0.00,0.00,0.00,YYY,33.4009
D4241,Gngvl flap w rootplan 1-3 th,R,0.00,0.00,0.00,YYY,33.4009
D4245,Apically positioned flap,R,0.00,0.00,0.00,YYY,33.4009
D4249,Crown lengthen hard tissue,R,0.00,0.00,0.00,YYY,33.4009
D4260,Osseous surgery 4 or more,R,0.00,0.00,0.00,YYY,33.4009
D4261,Osseous surg 1 to 3 teeth,R,0.00,0.00,0.00,YYY,33.4009
D4263,Bone replce graft first site,R,0.00,0.00,0.00,YYY,33.4009
D4264,Bone replce graft each add,R,0.00,0.00,0.00,YYY,33.4009
D4265,Bio mtrls to aid soft/os reg,R,0.00,0.00,0.00,YYY,33.4009
D4266,Guided tiss regen resorble,R,0.00,0.00,0.00,YYY,33.4009
D4267,Guided tiss regen nonresorb,R,0.00,0.00,0.00,YYY,33.4009
D4268,Surgical revision procedure,R,0.00,0.00,0.00,YYY,33.4009
D4270,Pedicle soft tissue graft pr,R,0.00,0.00,0.00,YYY,33.4009
D4273,Auto tissue graft 1st tooth,R,0.00,0.00,0.00,YYY,33.4009
D4274,Mesial/distal wedge proc,R,0.00,0.00,0.00,YYY,33.4009
D4275,Non-auto graft 1st tooth,R,0.00,0.00,0.00,YYY,33.4009
D4276,Con tissue w pedicle graft,R,0.00,0.00,0.00,YYY,33.4009
D4277,Soft tissue graft firsttooth,R,0.00,0.00,0.00,YYY,33.4009
D4278,Soft tissue graft addl tooth,R,0.00,0.00,0.00,YYY,33.4009
D4283,Auto tissue graft addl tooth,R,0.00,0.00,0.00,YYY,33.4009
D4285,Non-auto graft addl tooth,R,0.00,0.00,0.00,YYY,33.4009
D4286,Remove non-resorb barrier,R,0.00,0.00,0.00,YYY,33.4009
D4322,Splint intra-coronal,R,0.00,0.00,0.00,YYY,33.4009
D4323,Splint extra-coronal,R,0.00,0.00,0.00,YYY,33.4009
D4341,Periodontal scaling & root,R,0.00,0.00,0.00,YYY,33.4009
D4342,Periodontal scaling 1-3teeth,R,0.00,0.00,0.00,YYY,33.4009
D4346,Scaling gingiv inflammation,R,0.00,0.00,0.00,YYY,33.4009
D4355,Full mouth debridement,R,0.00,0.00,0.00,YYY,33.4009
D4381,Localized delivery antimicro,R,0.00,0.00,0.00,YYY,33.4009
D4910,Periodontal maint procedures,R,0.00,0.00,0.00,YYY,33.4009
D4920,Unscheduled dressing change,R,0.00,0.00,0.00,YYY,33.4009
D4921,Gingival irrigation per quad,R,0.00,0.00,0.00,YYY,33.4009
D4999,Unspecified periodontal proc,R,0.00,0.00,0.00,YYY,33.4009
D5110,Dentures complete maxillary,R,0.00,0.00,0.00,YYY,33.4009
D5120,Dentures complete mandible,R,0.00,0.00,0.00,YYY,33.4009
D5130,Dentures immediat maxillary,R,0.00,0.00,0.00,YYY,33.4009
D5140,Dentures immediat mandible,R,0.00,0.00,0.00,YYY,33.4009
D5211,Dentures maxill part resin,R,0.00,0.00,0.00,YYY,33.4009
D5212,Dentures mand part resin,R,0.00,0.00,0.00,YYY,33.4009
D5213,Dentures maxill part metal,R,0.00,0.00,0.00,YYY,33.4009
D5214,Dentures mandibl part metal,R,0.00,0.00,0.00,YYY,33.4009
D5221,Immed max part denture resin,R,0.00,0.00,0.00,YYY,33.4009
D5222,Immed man part denture resin,R,0.00,0.00,0.00,YYY,33.4009
D5223,Immed max part dent metal,R,0.00,0.00,0.00,YYY,33.4009
D5224,Immed mand part dent metal,R,0.00,0.00,0.00,YYY,33.4009
D5225,Maxillary part denture flex,R,0.00,0.00,0.00,YYY,33.4009
D5226,Mandibular part denture flex,R,0.00,0.00,0.00,YYY,33.4009
D5227,Immed max part denture,R,0.00,0.00,0.00,YYY,33.4009
D5228,Immed mand part denture,R,0.00,0.00,0.00,YYY,33.4009
D5282,"Remove unil part denture,max",R,0.00,0.00,0.00,YYY,33.4009
D5283,"Remove unil part denture,man",R,0.00,0.00,0.00,YYY,33.4009
D5284,Rem unilat dent flex base,R,0.00,0.00,0.00,YYY,33.4009
D5286,Rem unilat dent 1 pc resin,R,0.00,0.00,0.00,YYY,33.4009
D5410,Dentures adjust cmplt maxil,R,0.00,0.00,0.00,XXX,33.4009
D5411,Dentures adjust cmplt mand,R,0.00,0.00,0.00,XXX,33.4009
D5421,Dentures adjust part maxill,R,0.00,0.00,0.00,XXX,33.4009
D5422,Dentures adjust part mandbl,R,0.00,0.00,0.00,XXX,33.4009
D5511,Rep broke comp dent base man,R,0.00,0.00,0.00,YYY,33.4009
D5512,Rep broke comp dent base max,R,0.00,0.00,0.00,YYY,33.4009
D5520,Replace denture teeth complt,R,0.00,0.00,0.00,YYY,33.4009
D5611,Rep resin part dent base man,R,0.00,0.00,0.00,YYY,33.4009
D5612,Rep resin part dent base max,R,0.00,0.00,0.00,YYY,33.4009
D5621,Rep cast part frame man,R,0.00,0.00,0.00,YYY,33.4009
D5622,Rep cast part frame max,R,0.00,0.00,0.00,YYY,33.4009
D5630,Rep partial denture clasp,R,0.00,0.00,0.00,YYY,33.4009
D5640,Replace part denture teeth,R,0.00,0.00,0.00,YYY,33.4009
D5650,Add tooth to partial denture,R,0.00,0.00,0.00,YYY,33.4009
D5660,Add clasp to partial denture,R,0.00,0.00,0.00,YYY,33.4009
D5670,Replc tth&acrlc on mtl frmwk,R,0.00,0.00,0.00,YYY,33.4009
D5671,Replc tth&acrlc mandibular,R,0.00,0.00,0.00,YYY,33.4009
D5710,Dentures rebase cmplt maxil,R,0.00,0.00,0.00,YYY,33.4009
D5711,Dentures rebase cmplt mand,R,0.00,0.00,0.00,YYY,33.4009
D5720,Dentures rebase part maxill,R,0.00,0.00,0.00,YYY,33.4009
D5721,Dentures rebase part mandbl,R,0.00,0.00,0.00,YYY,33.4009
D5725,Rebase hybrid prosthesis,R,0.00,0.00,0.00,YYY,33.4009
D5730,Denture reln cmplt max dir,R,0.00,0.00,0.00,YYY,33.4009
D5731,Denture reln cmplt mand dir,R,0.00,0.00,0.00,YYY,33.4009
D5740,Denture reln part max dir,R,0.00,0.00,0.00,YYY,33.4009
D5741,Denture reln part mand dir,R,0.00,0.00,0.00,YYY,33.4009
D5750,Denture reln cmplt max indir,R,0.00,0.00,0.00,YYY,33.4009
D5751,Denture reln cmplt mand ind,R,0.00,0.00,0.00,YYY,33.4009
D5760,Denture reln part max indir,R,0.00,0.00,0.00,YYY,33.4009
D5761,Denture reln part mand indir,R,0.00,0.00,0.00,YYY,33.4009
D5765,Liner compl/partial rem dent,R,0.00,0.00,0.00,YYY,33.4009
D5810,Denture interm cmplt maxill,R,0.00,0.00,0.00,YYY,33.4009
D5811,Denture interm cmplt mandbl,R,0.00,0.00,0.00,YYY,33.4009
D5820,Denture interm part maxill,R,0.00,0.00,0.00,YYY,33.4009
D5821,Denture interm part mandbl,R,0.00,0.00,0.00,YYY,33.4009
D5850,Denture tiss conditn maxill,R,0.00,0.00,0.00,YYY,33.4009
D5851,Denture tiss condtin mandbl,R,0.00,0.00,0.00,YYY,33.4009
D5862,Precision attachment,R,0.00,0.00,0.00,YYY,33.4009
D5863,Overdenture complete max,R,0.00,0.00,0.00,YYY,33.4009
D5864,Overdenture partial max,R,0.00,0.00,0.00,YYY,33.4009
D5865,Overdenture complete mandib,R,0.00,0.00,0.00,YYY,33.4009
D5866,Overdenture partial mandib,R,0.00,0.00,0.00,YYY,33.4009
D5867,Replacement of precision att,R,0.00,0.00,0.00,YYY,33.4009
D5875,Prosthesis modification,R,0.00,0.00,0.00,YYY,33.4009
D5876,Add metal sub to acrylc dent,R,0.00,0.00,0.00,YYY,33.4009
D5877,Dup of complt dent-maxill,R,0.00,0.00,0.00,YYY,33.4009
D5878,Dup of complt dent-mandib,R,0.00,0.00,0.00,YYY,33.4009
D5899,Removable prosthodontic proc,R,0.00,0.00,0.00,YYY,33.4009
D5909,Max guid prothes w/ flange,R,0.00,0.00,0.00,YYY,33.4009
D5911,Facial moulage sectional,R,0.00,0.00,0.00,YYY,33.4009
D5912,Facial moulage complete,R,0.00,0.00,0.00,YYY,33.4009
D5913,Nasal prosthesis,R,0.00,0.00,0.00,YYY,33.4009
D5914,Auricular prosthesis,R,0.00,0.00,0.00,YYY,33.4009
D5915,Orbital prosthesis,R,0.00,0.00,0.00,YYY,33.4009
D5916,Ocular prosthesis,R,0.00,0.00,0.00,YYY,33.4009
D5919,Facial prosthesis,R,0.00,0.00,0.00,YYY,33.4009
D5922,Nasal septal prosthesis,R,0.00,0.00,0.00,YYY,33.4009
D5923,Ocular prosthesis interim,R,0.00,0.00,0.00,YYY,33.4009
D5924,Cranial prosthesis,R,0.00,0.00,0.00,YYY,33.4009
D5925,Facial augmentation implant,R,0.00,0.00,0.00,YYY,33.4009
D5926,Replacement nasal prosthesis,R,0.00,0.00,0.00,YYY,33.4009
D5927,Auricular replacement,R,0.00,0.00,0.00,YYY,33.4009
D5928,Orbital replacement,R,0.00,0.00,0.00,YYY,33.4009
D5929,Facial replacement,R,0.00,0.00,0.00,YYY,33.4009
D5930,Max guid prothes w/o flange,R,0.00,0.00,0.00,YYY,33.4009
D5931,Surgical obturator,R,0.00,0.00,0.00,YYY,33.4009
D5932,Postsurgical obturator,R,0.00,0.00,0.00,YYY,33.4009
D5933,Refitting of obturator,R,0.00,0.00,0.00,YYY,33.4009
D5934,Mandibular flange prosthesis,R,0.00,0.00,0.00,YYY,33.4009
D5935,Mandibular denture prosth,R,0.00,0.00,0.00,YYY,33.4009
D5936,Temp obturator prosthesis,R,0.00,0.00,0.00,YYY,33.4009
D5937,Trismus appliance,R,0.00,0.00,0.00,YYY,33.4009
D5938,Resct proth max comp remov,R,0.00,0.00,0.00,YYY,33.4009
D5939,Resct proth mand comp remov,R,0.00,0.00,0.00,YYY,33.4009
D5940,Resct proth max part remov,R,0.00,0.00,0.00,YYY,33.4009
D5941,Resct proth mand part remov,R,0.00,0.00,0.00,YYY,33.4009
D5942,Proth max implt sup remv,R,0.00,0.00,0.00,YYY,33.4009
D5943,Proth mandib implt sup remv,R,0.00,0.00,0.00,YYY,33.4009
D5944,Max implt sup remv part,R,0.00,0.00,0.00,YYY,33.4009
D5945,Mand implt sup remv part,R,0.00,0.00,0.00,YYY,33.4009
D5946,Max implt sup fix,R,0.00,0.00,0.00,YYY,33.4009
D5947,Mand implt sup fix,R,0.00,0.00,0.00,YYY,33.4009
D5948,Max implt sup fix part,R,0.00,0.00,0.00,YYY,33.4009
D5949,Mand implt sup fix part,R,0.00,0.00,0.00,YYY,33.4009
D5951,Feeding aid,R,0.00,0.00,0.00,YYY,33.4009
D5952,Pediatric speech aid,R,0.00,0.00,0.00,YYY,33.4009
D5953,Adult speech aid,R,0.00,0.00,0.00,YYY,33.4009
D5954,Superimposed prosthesis,R,0.00,0.00,0.00,YYY,33.4009
D5955,Palatal lift prosthesis,R,0.00,0.00,0.00,YYY,33.4009
D5958,Intraoral con def inter plt,R,0.00,0.00,0.00,YYY,33.4009
D5959,Intraoral con def mod palat,R,0.00,0.00,0.00,YYY,33.4009
D5960,Modify speech aid prosthesis,R,0.00,0.00,0.00,YYY,33.4009
D5982,Surgical stent,R,0.00,0.00,0.00,YYY,33.4009
D5983,Radiation applicator,R,0.00,0.00,0.00,YYY,33.4009
D5984,Radiation shield,R,0.00,0.00,0.00,YYY,33.4009
D5985,Radiation cone locator,R,0.00,0.00,0.00,YYY,33.4009
D5986,Fluoride applicator,R,0.00,0.00,0.00,YYY,33.4009
D5987,Commissure splint,R,0.00,0.00,0.00,YYY,33.4009
D5988,Surgical splint,R,0.00,0.00,0.00,YYY,33.4009
D5991,Vesiculobullous disease carr,R,0.00,0.00,0.00,YYY,33.4009
D5992,Adjust max prost appliance,R,0.00,0.00,0.00,YYY,33.4009
D5993,Main/clean max prosthesis,R,0.00,0.00,0.00,YYY,33.4009
D5995,"Peri medicament w/seal, max",R,0.00,0.00,0.00,YYY,33.4009
D5996,"Peri medicament w/seal, mand",R,0.00,0.00,0.00,YYY,33.4009
D5999,Maxillofacial prosthesis,R,0.00,0.00,0.00,YYY,33.4009
D6010,Odontics endosteal implant,R,0.00,0.00,0.00,YYY,33.4009
D6011,Second stage implant surgery,R,0.00,0.00,0.00,YYY,33.4009
D6012,Endosteal implant,R,0.00,0.00,0.00,YYY,33.4009
D6013,Surgical place mini implant,R,0.00,0.00,0.00,YYY,33.4009
D6040,Odontics eposteal implant,R,0.00,0.00,0.00,YYY,33.4009
D6049,Scale implt peri-implt inflm,R,0.00,0.00,0.00,YYY,33.4009
D6050,Odontics transosteal implnt,R,0.00,0.00,0.00,YYY,33.4009
D6051,Interim implant abutment,R,0.00,0.00,0.00,YYY,33.4009
D6055,Implant connecting bar,R,0.00,0.00,0.00,YYY,33.4009
D6056,Prefabricated abutment,R,0.00,0.00,0.00,YYY,33.4009
D6057,Custom abutment,R,0.00,0.00,0.00,YYY,33.4009
D6058,Abutment supported crown,R,0.00,0.00,0.00,YYY,33.4009
D6059,Abutment supported mtl crown,R,0.00,0.00,0.00,YYY,33.4009
D6060,Abutment supported mtl crown,R,0.00,0.00,0.00,YYY,33.4009
D6061,Abutment supported mtl crown,R,0.00,0.00,0.00,YYY,33.4009
D6062,Abutment supported mtl crown,R,0.00,0.00,0.00,YYY,33.4009
D6063,Abutment supported mtl crown,R,0.00,0.00,0.00,YYY,33.4009
D6064,Abutment supported mtl crown,R,0.00,0.00,0.00,YYY,33.4009
D6065,Implant supported crown,R,0.00,0.00,0.00,YYY,33.4009
D6066,Implant supported mtl crown,R,0.00,0.00,0.00,YYY,33.4009
D6067,Implant supported mtl crown,R,0.00,0.00,0.00,YYY,33.4009
D6068,Abutment supported retainer,R,0.00,0.00,0.00,YYY,33.4009
D6069,Abutment supported retainer,R,0.00,0.00,0.00,YYY,33.4009
D6070,Abutment supported retainer,R,0.00,0.00,0.00,YYY,33.4009
D6071,Abutment supported retainer,R,0.00,0.00,0.00,YYY,33.4009
D6072,Abutment supported retainer,R,0.00,0.00,0.00,YYY,33.4009
D6073,Abutment supported retainer,R,0.00,0.00,0.00,YYY,33.4009
D6074,Abutment supported retainer,R,0.00,0.00,0.00,YYY,33.4009
D6075,Implant supported retainer,R,0.00,0.00,0.00,YYY,33.4009
D6076,Implant supported retainer,R,0.00,0.00,0.00,YYY,33.4009
D6077,Implant supported retainer,R,0.00,0.00,0.00,YYY,33.4009
D6080,Implant maintenance,R,0.00,0.00,0.00,YYY,33.4009
D6081,"Scale & debride, single imp",R,0.00,0.00,0.00,YYY,33.4009
D6082,Imp crown porc to base alloy,R,0.00,0.00,0.00,YYY,33.4009
D6083,Imp crown porc to noble allo,R,0.00,0.00,0.00,YYY,33.4009
D6084,Imp crown porc to titanium,R,0.00,0.00,0.00,YYY,33.4009
D6085,Interim implant crown,R,0.00,0.00,0.00,YYY,33.4009
D6086,Imp crown base alloys,R,0.00,0.00,0.00,YYY,33.4009
D6087,Implant crown noble alloys,R,0.00,0.00,0.00,YYY,33.4009
D6088,Imp crown titanium alloys,R,0.00,0.00,0.00,YYY,33.4009
D6089,Access/retorq implant screw,R,0.00,0.00,0.00,YYY,33.4009
D6090,Repair implant,R,0.00,0.00,0.00,YYY,33.4009
D6091,Repl semi/precision attach,R,0.00,0.00,0.00,YYY,33.4009
D6092,Recement supp crown,R,0.00,0.00,0.00,YYY,33.4009
D6093,Recement supp part denture,R,0.00,0.00,0.00,YYY,33.4009
D6094,Abut support crown titanium,R,0.00,0.00,0.00,YYY,33.4009
D6096,Remove broken imp ret screw,R,0.00,0.00,0.00,YYY,33.4009
D6097,Abut crown porc to titanium,R,0.00,0.00,0.00,YYY,33.4009
D6098,Imp retain porc to base allo,R,0.00,0.00,0.00,YYY,33.4009
D6099,Imp retainer for fpd,R,0.00,0.00,0.00,YYY,33.4009
D6100,Surg removal of implant body,R,0.00,0.00,0.00,YYY,33.4009
D6101,Debridement of a periimplant,R,0.00,0.00,0.00,YYY,33.4009
D6102,Debridement & contouring,R,0.00,0.00,0.00,YYY,33.4009
D6103,Bone graft repair perimplant,R,0.00,0.00,0.00,YYY,33.4009
D6104,Bone graft time of implant,R,0.00,0.00,0.00,YYY,33.4009
D6105,Remove implant body,R,0.00,0.00,0.00,YYY,33.4009
D6106,Tissue regen resorbable,R,0.00,0.00,0.00,YYY,33.4009
D6107,Tissue regen non-resorbable,R,0.00,0.00,0.00,YYY,33.4009
D6110,Implnt/abut remov dent max,R,0.00,0.00,0.00,YYY,33.4009
D6111,Implnt/abut remov dent mand,R,0.00,0.00,0.00,YYY,33.4009
D6112,Imp/abut rem dent part max,R,0.00,0.00,0.00,YYY,33.4009
D6113,Imp/abut rem dent part mand,R,0.00,0.00,0.00,YYY,33.4009
D6114,Implnt/abut fixed dent max,R,0.00,0.00,0.00,YYY,33.4009
D6115,Implnt/abut fixed dent mand,R,0.00,0.00,0.00,YYY,33.4009
D6116,Imp/abut fixed dent part max,R,0.00,0.00,0.00,YYY,33.4009
D6117,Imp/abut fixed dent part man,R,0.00,0.00,0.00,YYY,33.4009
D6118,Imp/abut int fixed dent man,R,0.00,0.00,0.00,YYY,33.4009
D6119,Int/abut int fixed dent max,R,0.00,0.00,0.00,YYY,33.4009
D6120,Imp retain porc to titanium,R,0.00,0.00,0.00,YYY,33.4009
D6121,Retain metal fpd base alloys,R,0.00,0.00,0.00,YYY,33.4009
D6122,Retain metal fpd noble alloy,R,0.00,0.00,0.00,YYY,33.4009
D6123,Retain metal fpd titanium,R,0.00,0.00,0.00,YYY,33.4009
D6180,Implnt maint proced,R,0.00,0.00,0.00,YYY,33.4009
D6190,Radio/surgical implant index,R,0.00,0.00,0.00,YYY,33.4009
D6191,Semi precision abutment,R,0.00,0.00,0.00,YYY,33.4009
D6192,Semi precision attachment,R,0.00,0.00,0.00,YYY,33.4009
D6193,Replace implnt screw,R,0.00,0.00,0.00,YYY,33.4009
D6194,Abut support retainer titani,R,0.00,0.00,0.00,YYY,33.4009
D6195,Abut retain porc to titanium,R,0.00,0.00,0.00,YYY,33.4009
D6196,Remv of ind rest on implt,R,0.00,0.00,0.00,YYY,33.4009
D6197,Replace material prosthesis,R,0.00,0.00,0.00,YYY,33.4009
D6198,Remove interim implant,R,0.00,0.00,0.00,YYY,33.4009
D6199,Implant procedure,R,0.00,0.00,0.00,YYY,33.4009
D6205,Pontic-indirect resin based,R,0.00,0.00,0.00,YYY,33.4009
D6210,Prosthodont high noble metal,R,0.00,0.00,0.00,YYY,33.4009
D6211,Bridge base metal cast,R,0.00,0.00,0.00,YYY,33.4009
D6212,Bridge noble metal cast,R,0.00,0.00,0.00,YYY,33.4009
D6214,Pontic titanium,R,0.00,0.00,0.00,YYY,33.4009
D6240,Bridge porcelain high noble,R,0.00,0.00,0.00,YYY,33.4009
D6241,Bridge porcelain base metal,R,0.00,0.00,0.00,YYY,33.4009
D6242,Bridge porcelain nobel metal,R,0.00,0.00,0.00,YYY,33.4009
D6243,Pontic porcelain to titanium,R,0.00,0.00,0.00,YYY,33.4009
D6245,Bridge porcelain/ceramic,R,0.00,0.00,0.00,YYY,33.4009
D6250,Bridge resin w/high noble,R,0.00,0.00,0.00,YYY,33.4009
D6251,Bridge resin base metal,R,0.00,0.00,0.00,YYY,33.4009
D6252,Bridge resin w/noble metal,R,0.00,0.00,0.00,YYY,33.4009
D6253,Interim pontic,R,0.00,0.00,0.00,YYY,33.4009
D6280,Implt maint procd remv implt,R,0.00,0.00,0.00,YYY,33.4009
D6545,Dental retainr cast metl,R,0.00,0.00,0.00,YYY,33.4009
D6548,Porcelain/ceramic retainer,R,0.00,0.00,0.00,YYY,33.4009
D6549,Resin retainer,R,0.00,0.00,0.00,YYY,33.4009
D6600,Porcelain/ceramic inlay 2srf,R,0.00,0.00,0.00,YYY,33.4009
D6601,Porc/ceram inlay >= 3 surfac,R,0.00,0.00,0.00,YYY,33.4009
D6602,Cst hgh nble mtl inlay 2 srf,R,0.00,0.00,0.00,YYY,33.4009
D6603,Cst hgh nble mtl inlay >=3sr,R,0.00,0.00,0.00,YYY,33.4009
D6604,Cst bse mtl inlay 2 surfaces,R,0.00,0.00,0.00,YYY,33.4009
D6605,Cst bse mtl inlay >= 3 surfa,R,0.00,0.00,0.00,YYY,33.4009
D6606,Cast noble metal inlay 2 sur,R,0.00,0.00,0.00,YYY,33.4009
D6607,Cst noble mtl inlay >=3 surf,R,0.00,0.00,0.00,YYY,33.4009
D6608,Onlay porc/crmc 2 surfaces,R,0.00,0.00,0.00,YYY,33.4009
D6609,Onlay porc/crmc >=3 surfaces,R,0.00,0.00,0.00,YYY,33.4009
D6610,Onlay cst hgh nbl mtl 2 srfc,R,0.00,0.00,0.00,YYY,33.4009
D6611,Onlay cst hgh nbl mtl >=3srf,R,0.00,0.00,0.00,YYY,33.4009
D6612,Onlay cst base mtl 2 surface,R,0.00,0.00,0.00,YYY,33.4009
D6613,Onlay cst base mtl >=3 surfa,R,0.00,0.00,0.00,YYY,33.4009
D6614,Onlay cst nbl mtl 2 surfaces,R,0.00,0.00,0.00,YYY,33.4009
D6615,Onlay cst nbl mtl >=3 surfac,R,0.00,0.00,0.00,YYY,33.4009
D6624,Inlay titanium,R,0.00,0.00,0.00,YYY,33.4009
D6634,Onlay titanium,R,0.00,0.00,0.00,YYY,33.4009
D6710,Crown-indirect resin based,R,0.00,0.00,0.00,YYY,33.4009
D6720,Retain crown resin w hi nble,R,0.00,0.00,0.00,YYY,33.4009
D6721,Crown resin w/base metal,R,0.00,0.00,0.00,YYY,33.4009
D6722,Crown resin w/noble metal,R,0.00,0.00,0.00,YYY,33.4009
D6740,Crown porcelain/ceramic,R,0.00,0.00,0.00,YYY,33.4009
D6750,Crown porcelain high noble,R,0.00,0.00,0.00,YYY,33.4009
D6751,Crown porcelain base metal,R,0.00,0.00,0.00,YYY,33.4009
D6752,Crown porcelain noble metal,R,0.00,0.00,0.00,YYY,33.4009
D6753,Retain crown porc to titaniu,R,0.00,0.00,0.00,YYY,33.4009
D6780,Crown 3/4 high noble metal,R,0.00,0.00,0.00,YYY,33.4009
D6781,Crown 3/4 cast based metal,R,0.00,0.00,0.00,YYY,33.4009
D6782,Crown 3/4 cast noble metal,R,0.00,0.00,0.00,YYY,33.4009
D6783,Crown 3/4 porcelain/ceramic,R,0.00,0.00,0.00,YYY,33.4009
D6784,Retainer crown 3/4 titanium,R,0.00,0.00,0.00,YYY,33.4009
D6790,Crown full high noble metal,R,0.00,0.00,0.00,YYY,33.4009
D6791,Crown full base metal cast,R,0.00,0.00,0.00,YYY,33.4009
D6792,Crown full noble metal cast,R,0.00,0.00,0.00,YYY,33.4009
D6793,Interim retainer crown,R,0.00,0.00,0.00,YYY,33.4009
D6794,Crown titanium,R,0.00,0.00,0.00,YYY,33.4009
D6920,Dental connector bar,R,0.00,0.00,0.00,YYY,33.4009
D6930,Recement/bond part denture,R,0.00,0.00,0.00,YYY,33.4009
D6940,Stress breaker,R,0.00,0.00,0.00,YYY,33.4009
D6950,Precision attachment,R,0.00,0.00,0.00,YYY,33.4009
D6980,Fixed partial repair,R,0.00,0.00,0.00,YYY,33.4009
D6985,Pediatric partial denture fx,R,0.00,0.00,0.00,YYY,33.4009
D6999,Fixed prosthodontic proc,R,0.00,0.00,0.00,YYY,33.4009
D7111,Extraction coronal remnants,R,0.00,0.00,0.00,YYY,33.4009
D7140,Extraction erupted tooth/exr,R,0.00,0.00,0.00,YYY,33.4009
D7210,Rem imp tooth w mucoper flp,R,0.00,0.00,0.00,YYY,33.4009
D7220,Impact tooth remov soft tiss,R,0.00,0.00,0.00,YYY,33.4009
D7230,Impact tooth remov part bony,R,0.00,0.00,0.00,YYY,33.4009
D7240,Impact tooth remov comp bony,R,0.00,0.00,0.00,YYY,33.4009
D7241,Impact tooth rem bony w/comp,R,0.00,0.00,0.00,YYY,33.4009
D7250,Tooth root removal,R,0.00,0.00,0.00,YYY,33.4009
D7251,Coronectomy,R,0.00,0.00,0.00,YYY,33.4009
D7252,Part extract for implant,R,0.00,0.00,0.00,YYY,33.4009
D7259,Nerve dissection,R,0.00,0.00,0.00,YYY,33.4009
D7260,Oral antral fistula closure,R,0.00,0.00,0.00,YYY,33.4009
D7261,Primary closure sinus perf,R,0.00,0.00,0.00,YYY,33.4009
D7270,Tooth reimplantation,R,0.00,0.00,0.00,YYY,33.4009
D7272,Tooth transplantation,R,0.00,0.00,0.00,YYY,33.4009
D7280,Exposure of unerupted tooth,R,0.00,0.00,0.00,YYY,33.4009
D7282,Mobilize erupted/malpos toot,R,0.00,0.00,0.00,YYY,33.4009
D7283,Place device impacted tooth,R,0.00,0.00,0.00,YYY,33.4009
D7284,Exc biopsy of saliv glands,R,0.00,0.00,0.00,YYY,33.4009
D7285,Biopsy of oral tissue hard,R,0.00,0.00,0.00,XXX,33.4009
D7286,Biopsy of oral tissue soft,R,0.00,0.00,0.00,XXX,33.4009
D7287,Exfoliative cytolog collect,R,0.00,0.00,0.00,XXX,33.4009
D7288,Brush biopsy,R,0.00,0.00,0.00,XXX,33.4009
D7290,Repositioning of teeth,R,0.00,0.00,0.00,YYY,33.4009
D7291,Transseptal fiberotomy,R,0.00,0.00,0.00,YYY,33.4009
D7292,Screw retained plate,R,0.00,0.00,0.00,YYY,33.4009
D7293,Temp anchorage dev w flap,R,0.00,0.00,0.00,YYY,33.4009
D7294,Temp anchorage dev w/o flap,R,0.00,0.00,0.00,YYY,33.4009
D7295,"Bone harvest,auto graft proc",R,0.00,0.00,0.00,YYY,33.4009
D7296,"Corticotomy, 1-3 teeth",R,0.00,0.00,0.00,YYY,33.4009
D7297,"Corticotomy, 4 or more teeth",R,0.00,0.00,0.00,YYY,33.4009
D7298,Remove screw retained plate,R,0.00,0.00,0.00,YYY,33.4009
D7299,Rem anchorage device w/flap,R,0.00,0.00,0.00,YYY,33.4009
D7300,Rem anchorage dev w/o flap,R,0.00,0.00,0.00,YYY,33.4009
D7310,Alveoplasty w/ extraction,R,0.00,0.00,0.00,YYY,33.4009
D7311,Alveoloplasty w/extract 1-3,R,0.00,0.00,0.00,YYY,33.4009
D7320,Alveoplasty w/o extraction,R,0.00,0.00,0.00,YYY,33.4009
D7321,Alveoloplasty not w/extracts,R,0.00,0.00,0.00,YYY,33.4009
D7340,Vestibuloplasty ridge extens,R,0.00,0.00,0.00,YYY,33.4009
D7350,Vestibuloplasty exten graft,R,0.00,0.00,0.00,YYY,33.4009
D7410,Rad exc lesion up to 1.25 cm,R,0.00,0.00,0.00,YYY,33.4009
D7411,Excision benign lesion>1.25c,R,0.00,0.00,0.00,YYY,33.4009
D7412,Excision benign lesion compl,R,0.00,0.00,0.00,YYY,33.4009
D7413,Excision malig lesion<=1.25c,R,0.00,0.00,0.00,YYY,33.4009
D7414,Excision malig lesion>1.25cm,R,0.00,0.00,0.00,YYY,33.4009
D7415,Excision malig les complicat,R,0.00,0.00,0.00,YYY,33.4009
D7440,Malig tumor exc to 1.25 cm,R,0.00,0.00,0.00,YYY,33.4009
D7441,Malig tumor > 1.25 cm,R,0.00,0.00,0.00,YYY,33.4009
D7450,Rem odontogen cyst to 1.25cm,R,0.00,0.00,0.00,YYY,33.4009
D7451,Rem odontogen cyst > 1.25 cm,R,0.00,0.00,0.00,YYY,33.4009
D7460,Rem nonodonto cyst to 1.25cm,R,0.00,0.00,0.00,YYY,33.4009
D7461,Rem nonodonto cyst > 1.25 cm,R,0.00,0.00,0.00,YYY,33.4009
D7465,Lesion destruction,R,0.00,0.00,0.00,YYY,33.4009
D7471,Rem exostosis any site,R,0.00,0.00,0.00,YYY,33.4009
D7472,Removal of torus palatinus,R,0.00,0.00,0.00,YYY,33.4009
D7473,Remove torus mandibularis,R,0.00,0.00,0.00,YYY,33.4009
D7485,Surg reduct osseoustuberosit,R,0.00,0.00,0.00,YYY,33.4009
D7490,Maxilla or mandible resectio,R,0.00,0.00,0.00,YYY,33.4009
D7509,Marsupialization odon cyst,R,0.00,0.00,0.00,YYY,33.4009
D7510,I&d absc intraoral soft tiss,R,0.00,0.00,0.00,YYY,33.4009
D7511,Incision/drain abscess intra,R,0.00,0.00,0.00,YYY,33.4009
D7520,I&d abscess extraoral,R,0.00,0.00,0.00,YYY,33.4009
D7521,Incision/drain abscess extra,R,0.00,0.00,0.00,YYY,33.4009
D7530,Removal fb skin/areolar tiss,R,0.00,0.00,0.00,YYY,33.4009
D7540,Removal of fb reaction,R,0.00,0.00,0.00,YYY,33.4009
D7550,Removal of sloughed off bone,R,0.00,0.00,0.00,YYY,33.4009
D7560,Maxillary sinusotomy,R,0.00,0.00,0.00,YYY,33.4009
D7610,Maxilla open reduct simple,R,0.00,0.00,0.00,YYY,33.4009
D7620,Clsd reduct simpl maxilla fx,R,0.00,0.00,0.00,YYY,33.4009
D7630,Open red simpl mandible fx,R,0.00,0.00,0.00,YYY,33.4009
D7640,Clsd red simpl mandible fx,R,0.00,0.00,0.00,YYY,33.4009
D7650,Open red simp malar/zygom fx,R,0.00,0.00,0.00,YYY,33.4009
D7660,Clsd red simp malar/zygom fx,R,0.00,0.00,0.00,YYY,33.4009
D7670,Closd rductn splint alveolus,R,0.00,0.00,0.00,YYY,33.4009
D7671,Alveolus open reduction,R,0.00,0.00,0.00,YYY,33.4009
D7680,Reduct simple facial bone fx,R,0.00,0.00,0.00,YYY,33.4009
D7710,Maxilla open reduct compound,R,0.00,0.00,0.00,YYY,33.4009
D7720,Clsd reduct compd maxilla fx,R,0.00,0.00,0.00,YYY,33.4009
D7730,Open reduct compd mandble fx,R,0.00,0.00,0.00,YYY,33.4009
D7740,Clsd reduct compd mandble fx,R,0.00,0.00,0.00,YYY,33.4009
D7750,Open red comp malar/zygma fx,R,0.00,0.00,0.00,YYY,33.4009
D7760,Clsd red comp malar/zygma fx,R,0.00,0.00,0.00,YYY,33.4009
D7770,Open reduc compd alveolus fx,R,0.00,0.00,0.00,YYY,33.4009
D7771,Alveolus clsd reduc stblz te,R,0.00,0.00,0.00,YYY,33.4009
D7780,Reduct compnd facial bone fx,R,0.00,0.00,0.00,YYY,33.4009
D7810,Tmj open reduct-dislocation,R,0.00,0.00,0.00,YYY,33.4009
D7820,Closed tmp manipulation,R,0.00,0.00,0.00,YYY,33.4009
D7830,Tmj manipulation under anest,R,0.00,0.00,0.00,YYY,33.4009
D7840,Removal of tmj condyle,R,0.00,0.00,0.00,YYY,33.4009
D7850,Tmj meniscectomy,R,0.00,0.00,0.00,YYY,33.4009
D7852,Tmj repair of joint disc,R,0.00,0.00,0.00,YYY,33.4009
D7854,Tmj excisn of joint membrane,R,0.00,0.00,0.00,YYY,33.4009
D7856,Tmj cutting of a muscle,R,0.00,0.00,0.00,YYY,33.4009
D7858,Tmj reconstruction,R,0.00,0.00,0.00,YYY,33.4009
D7860,Tmj cutting into joint,R,0.00,0.00,0.00,YYY,33.4009
D7865,Tmj reshaping components,R,0.00,0.00,0.00,YYY,33.4009
D7870,Tmj aspiration joint fluid,R,0.00,0.00,0.00,YYY,33.4009
D7871,Lysis + lavage w catheters,R,0.00,0.00,0.00,YYY,33.4009
D7872,Tmj diagnostic arthroscopy,R,0.00,0.00,0.00,YYY,33.4009
D7873,Tmj arthroscopy lysis adhesn,R,0.00,0.00,0.00,YYY,33.4009
D7874,Tmj arthroscopy disc reposit,R,0.00,0.00,0.00,YYY,33.4009
D7875,Tmj arthroscopy synovectomy,R,0.00,0.00,0.00,YYY,33.4009
D7876,Tmj arthroscopy discectomy,R,0.00,0.00,0.00,YYY,33.4009
D7877,Tmj arthroscopy debridement,R,0.00,0.00,0.00,YYY,33.4009
D7880,Occlusal orthotic appliance,R,0.00,0.00,0.00,YYY,33.4009
D7881,Occ orthotic device adjust,R,0.00,0.00,0.00,YYY,33.4009
D7899,Tmj unspecified therapy,R,0.00,0.00,0.00,YYY,33.4009
D7910,Dent sutur recent wnd to 5cm,R,0.00,0.00,0.00,YYY,33.4009
D7911,Dental suture wound to 5 cm,R,0.00,0.00,0.00,YYY,33.4009
D7912,Suture complicate wnd > 5 cm,R,0.00,0.00,0.00,YYY,33.4009
D7920,Dental skin graft,R,0.00,0.00,0.00,YYY,33.4009
D7921,Collect & appl blood product,R,0.00,0.00,0.00,YYY,33.4009
D7922,Place intra-socket bio dress,R,0.00,0.00,0.00,YYY,33.4009
D7939,Indexing for osteotomy,R,0.00,0.00,0.00,YYY,33.4009
D7940,Reshaping bone orthognathic,R,0.00,0.00,0.00,YYY,33.4009
D7941,Bone cutting ramus closed,R,0.00,0.00,0.00,YYY,33.4009
D7943,Cutting ramus open w/graft,R,0.00,0.00,0.00,YYY,33.4009
D7944,Bone cutting segmented,R,0.00,0.00,0.00,YYY,33.4009
D7945,Bone cutting body mandible,R,0.00,0.00,0.00,YYY,33.4009
D7946,Reconstruction maxilla total,R,0.00,0.00,0.00,YYY,33.4009
D7947,Reconstruct maxilla segment,R,0.00,0.00,0.00,YYY,33.4009
D7948,Reconstruct midface no graft,R,0.00,0.00,0.00,YYY,33.4009
D7949,Reconstruct midface w/graft,R,0.00,0.00,0.00,YYY,33.4009
D7950,Mandible graft,R,0.00,0.00,0.00,YYY,33.4009
D7951,Sinus aug w bone or bone sub,R,0.00,0.00,0.00,YYY,33.4009
D7952,Sinus augmentation vertical,R,0.00,0.00,0.00,YYY,33.4009
D7953,Bone replacement graft,R,0.00,0.00,0.00,YYY,33.4009
D7955,Repair maxillofacial defects,R,0.00,0.00,0.00,YYY,33.4009
D7956,Tiss regen edent resorb,R,0.00,0.00,0.00,YYY,33.4009
D7957,Tiss regen edent nonresorb,R,0.00,0.00,0.00,YYY,33.4009
D7961,Buccal/labial frenectomy,R,0.00,0.00,0.00,YYY,33.4009
D7962,Lingual frenectomy,R,0.00,0.00,0.00,YYY,33.4009
D7963,Frenuloplasty,R,0.00,0.00,0.00,YYY,33.4009
D7970,Excision hyperplastic tissue,R,0.00,0.00,0.00,YYY,33.4009
D7971,Excision pericoronal gingiva,R,0.00,0.00,0.00,YYY,33.4009
D7972,Surg redct fibrous tuberosit,R,0.00,0.00,0.00,YYY,33.4009
D7979,Non-surgical sialolithotomy,R,0.00,0.00,0.00,YYY,33.4009
D7980,Surgical sialolithotomy,R,0.00,0.00,0.00,YYY,33.4009
D7981,Excision of salivary gland,R,0.00,0.00,0.00,YYY,33.4009
D7982,Sialodochoplasty,R,0.00,0.00,0.00,YYY,33.4009
D7983,Closure of salivary fistula,R,0.00,0.00,0.00,YYY,33.4009
D7990,Emergency tracheotomy,R,0.00,0.00,0.00,YYY,33.4009
D7991,Dental coronoidectomy,R,0.00,0.00,0.00,YYY,33.4009
D7993,Surg place craniofacial impl,R,0.00,0.00,0.00,YYY,33.4009
D7994,Surg place zygomatic impl,R,0.00,0.00,0.00,YYY,33.4009
D7995,Synthetic graft facial bones,R,0.00,0.00,0.00,YYY,33.4009
D7996,Implant mandible for augment,R,0.00,0.00,0.00,YYY,33.4009
D7997,Appliance removal,R,0.00,0.00,0.00,YYY,33.4009
D7998,Intraoral place of fix dev,R,0.00,0.00,0.00,YYY,33.4009
D7999,Oral surgery procedure,R,0.00,0.00,0.00,YYY,33.4009
D8010,Limited dental tx primary,R,0.00,0.00,0.00,YYY,33.4009
D8020,Limited dental tx transition,R,0.00,0.00,0.00,YYY,33.4009
D8030,Limited dental tx adolescent,R,0.00,0.00,0.00,YYY,33.4009
D8040,Limited dental tx adult,R,0.00,0.00,0.00,YYY,33.4009
D8070,Compre dental tx transition,R,0.00,0.00,0.00,YYY,33.4009
D8080,Compre dental tx adolescent,R,0.00,0.00,0.00,YYY,33.4009
D8090,Compre dental tx adult,R,0.00,0.00,0.00,YYY,33.4009
D8091,Compre ortho treat w surg,R,0.00,0.00,0.00,YYY,33.4009
D8210,Orthodontic rem appliance tx,R,0.00,0.00,0.00,YYY,33.4009
D8220,Fixed appliance therapy habt,R,0.00,0.00,0.00,YYY,33.4009
D8660,Preorthodontic tx visit,R,0.00,0.00,0.00,YYY,33.4009
D8670,Periodic orthodontc tx visit,R,0.00,0.00,0.00,YYY,33.4009
D8671,Periodic orth treat w surg,R,0.00,0.00,0.00,YYY,33.4009
D8680,Orthodontic retention,R,0.00,0.00,0.00,YYY,33.4009
D8681,Removable retainer adjust,R,0.00,0.00,0.00,YYY,33.4009
D8695,Remove fixed ortho appliance,R,0.00,0.00,0.00,YYY,33.4009
D8696,Rep of ortho appliance max,R,0.00,0.00,0.00,YYY,33.4009
D8697,Rep of ortho appliance man,R,0.00,0.00,0.00,YYY,33.4009
D8698,Recement fixed retainer max,R,0.00,0.00,0.00,YYY,33.4009
D8699,Recement fixed retainer man,R,0.00,0.00,0.00,YYY,33.4009
D8701,Repair fixed retainer max,R,0.00,0.00,0.00,YYY,33.4009
D8702,Repair of fixed retainer man,R,0.00,0.00,0.00,YYY,33.4009
D8703,Replace broken retainer max,R,0.00,0.00,0.00,YYY,33.4009
D8704,Replace broken retainer man,R,0.00,0.00,0.00,YYY,33.4009
D8999,Orthodontic procedure,R,0.00,0.00,0.00,YYY,33.4009
D9110,Palliative tx dental pain,R,0.00,0.00,0.00,YYY,33.4009
D9120,Fix partial denture section,R,0.00,0.00,0.00,YYY,33.4009
D9128,Photobio therpy-first 15 min,I,0.00,0.00,0.00,XXX,33.4009
D9129,Photobio therpy-sub 15 mins,I,0.00,0.00,0.00,XXX,33.4009
D9130,Temporomandibular joint dysf,R,0.00,0.00,0.00,XXX,33.4009
D9210,Dent anesthesia w/o surgery,R,0.00,0.00,0.00,XXX,33.4009
D9211,Regional block anesthesia,R,0.00,0.00,0.00,XXX,33.4009
D9212,Trigeminal block anesthesia,R,0.00,0.00,0.00,XXX,33.4009
D9215,Local anesthesia,R,0.00,0.00,0.00,XXX,33.4009
D9219,Eval mod/deep sed/gen anest,R,0.00,0.00,0.00,XXX,33.4009
D9222,"Deep anest, 1st 15 min",R,0.00,0.00,0.00,XXX,33.4009
D9223,General anesth ea addl 15 mi,R,0.00,0.00,0.00,XXX,33.4009
D9224,Gen anes adv air-15 min,R,0.00,0.00,0.00,YYY,33.4009
D9225,Gen anes adv air-sub 15 min,R,0.00,0.00,0.00,YYY,33.4009
D9230,Analgesia,R,0.00,0.00,0.00,XXX,33.4009
D9239,"Iv mod sedation, 1st 15 min",R,0.00,0.00,0.00,XXX,33.4009
D9243,Iv sedation ea addl 15m,R,0.00,0.00,0.00,XXX,33.4009
D9244,Office min sed drug enteral,R,0.00,0.00,0.00,YYY,33.4009
D9245,Admin mod sedation-enteral,R,0.00,0.00,0.00,YYY,33.4009
D9246,Mod sedation noniv-15 min,R,0.00,0.00,0.00,YYY,33.4009
D9247,Mod sedation noniv-sub15min,R,0.00,0.00,0.00,YYY,33.4009
D9310,Dental consultation,R,0.00,0.00,0.00,XXX,33.4009
D9311,Consult w/med hlth care prof,R,0.00,0.00,0.00,XXX,33.4009
D9410,Dental house call,R,0.00,0.00,0.00,XXX,33.4009
D9420,Hospital/asc call,R,0.00,0.00,0.00,XXX,33.4009
D9430,Office visit during hours,R,0.00,0.00,0.00,XXX,33.4009
D9440,Office visit after hours,R,0.00,0.00,0.00,XXX,33.4009
D9450,Case presentation tx plan,R,0.00,0.00,0.00,XXX,33.4009
D9610,Dent therapeutic drug inject,R,0.00,0.00,0.00,YYY,33.4009
D9612,Thera par drugs 2 or > admin,R,0.00,0.00,0.00,YYY,33.4009
D9613,Infiltration thera drug,R,0.00,0.00,0.00,YYY,33.4009
D9630,Drugs/meds disp for home use,R,0.00,0.00,0.00,YYY,33.4009
D9910,Dent appl desensitizing med,R,0.00,0.00,0.00,YYY,33.4009
D9911,Appl desensitizing resin,R,0.00,0.00,0.00,YYY,33.4009
D9912,Pre-visit patient screening,R,0.00,0.00,0.00,XXX,33.4009
D9913,Admin of neuromod,R,0.00,0.00,0.00,YYY,33.4009
D9914,Admin of dermal fill,R,0.00,0.00,0.00,YYY,33.4009
D9920,Behavior management,R,0.00,0.00,0.00,XXX,33.4009
D9930,Treatment of complications,R,0.00,0.00,0.00,XXX,33.4009
D9932,Clean & inspect rem dent max,R,0.00,0.00,0.00,YYY,33.4009
D9933,Clean & inspect rem dent man,R,0.00,0.00,0.00,YYY,33.4009
D9934,Clean rem part denture max,R,0.00,0.00,0.00,YYY,33.4009
D9935,Clean rem part denture mand,R,0.00,0.00,0.00,YYY,33.4009
D9936,Clean occ guard,I,0.00,0.00,0.00,XXX,33.4009
D9938,Fab removable appliance,R,0.00,0.00,0.00,YYY,33.4009
D9939,Placemnt removable appliance,R,0.00,0.00,0.00,YYY,33.4009
D9941,Fabrication athletic guard,R,0.00,0.00,0.00,YYY,33.4009
D9942,Repair/reline occlusal guard,R,0.00,0.00,0.00,YYY,33.4009
D9943,Occlusal guard adjustment,R,0.00,0.00,0.00,YYY,33.4009
D9944,"Occ guard, hard, full arch",R,0.00,0.00,0.00,YYY,33.4009
D9945,"Occ guard, soft, full arch",R,0.00,0.00,0.00,YYY,33.4009
D9946,"Occ guard, hard, part arch",R,0.00,0.00,0.00,YYY,33.4009
D9947,Sleep apnea appliance,N,0.00,0.00,0.00,XXX,33.4009
D9948,Adjust sleep apnea appliance,N,0.00,0.00,0.00,YYY,33.4009
D9949,Repair sleep apnea appliance,N,0.00,0.00,0.00,YYY,33.4009
D9950,Occlusion analysis,R,0.00,0.00,0.00,XXX,33.4009
D9951,Limited occlusal adjustment,R,0.00,0.00,0.00,XXX,33.4009
D9952,Complete occlusal adjustment,R,0.00,0.00,0.00,XXX,33.4009
D9953,Reline sleep apnea appliance,N,0.00,0.00,0.00,XXX,33.4009
D9954,Fab/del oral appliance thxpy,N,0.00,0.00,0.00,XXX,33.4009
D9955,Oral app thxpy titration vis,R,0.00,0.00,0.00,YYY,33.4009
D9956,Admin home sleep apnea test,R,0.00,0.00,0.00,YYY,33.4009
D9957,Screening sleep disorders,R,0.00,0.00,0.00,YYY,33.4009
D9959,Unspec sleep ap proc,R,0.00,0.00,0.00,YYY,33.4009
D9961,Dup/copy patient's records,R,0.00,0.00,0.00,XXX,33.4009
D9970,Enamel microabrasion,R,0.00,0.00,0.00,YYY,33.4009
D9971,Odontoplasty per tooth,R,0.00,0.00,0.00,YYY,33.4009
D9972,Extrnl bleaching per arch,R,0.00,0.00,0.00,YYY,33.4009
D9973,Extrnl bleaching per tooth,R,0.00,0.00,0.00,YYY,33.4009
D9974,Intrnl bleaching per tooth,R,0.00,0.00,0.00,YYY,33.4009
D9975,External bleaching home app,R,0.00,0.00,0.00,YYY,33.4009
D9985,Sales tax,I,0.00,0.00,0.00,XXX,33.4009
D9986,Missed appointment,I,0.00,0.00,0.00,XXX,33.4009
D9987,Cancelled appointment,I,0.00,0.00,0.00,XXX,33.4009
D9990,Trans or sign language svcs,R,0.00,0.00,0.00,XXX,33.4009
D9991,"Case mgmt, appt barriers",R,0.00,0.00,0.00,XXX,33.4009
D9992,"Case mgmt, care coordination",R,0.00,0.00,0.00,XXX,33.4009
D9993,"Case mgmt, interviewing",R,0.00,0.00,0.00,XXX,33.4009
D9994,"Case mgmt, pt education",R,0.00,0.00,0.00,XXX,33.4009
D9995,Teledentistry real-time,R,0.00,0.00,0.00,XXX,33.4009
D9996,Teledentistry dent review,R,0.00,0.00,0.00,XXX,33.4009
D9997,Dent case mgmt special needs,R,0.00,0.00,0.00,XXX,33.4009
D9999,Adjunctive procedure,R,0.00,0.00,0.00,XXX,33.4009
G0008,Admin influenza virus vac,X,0.00,0.00,0.00,XXX,33.4009
G0009,Admin pneumococcal vaccine,X,0.00,0.00,0.00,XXX,33.4009
G0010,Admin hepatitis b vaccine,X,0.00,0.00,0.00,XXX,33.4009
G0011,"Hiv prep counsel, md 15-30m",A,0.45,0.16,0.04,XXX,33.4009
G0012,Injection of hiv prep drug,A,0.17,0.28,0.01,XXX,33.4009
G0013,"Hiv prep counsel, clin staff",A,0.18,0.04,0.01,XXX,33.4009
G0017,Crisis psychotherapy 60m,A,4.70,0.40,0.05,XXX,33.4009
G0018,Crisis psychotherapy add 30m,A,2.25,0.21,0.03,ZZZ,33.4009
G0019,Comm hlth intg svs sdoh 60mn,A,1.00,0.25,0.07,XXX,33.4009
G0022,Comm hlth intg svs add 30 m,A,0.70,0.17,0.05,ZZZ,33.4009
G0023,Pin service 60m per month,A,1.00,0.26,0.07,XXX,33.4009
G0024,Pin srv add 30 min pr m,A,0.70,0.18,0.05,ZZZ,33.4009
G0027,Semen analysis,X,0.00,0.00,0.00,XXX,33.4009
G0029,No tob scr/cess int,M,0.00,0.00,0.00,XXX,33.4009
G0030,Pt scr tob & cess int,M,0.00,0.00,0.00,XXX,33.4009
G0031,Pall serv during meas,M,0.00,0.00,0.00,XXX,33.4009
G0032,2+ antipsy schiz,M,0.00,0.00,0.00,XXX,33.4009
G0033,2+ benzo seiz,M,0.00,0.00,0.00,XXX,33.4009
G0034,Pall serv during meas,M,0.00,0.00,0.00,XXX,33.4009
G0035,Pt ed pos 23,M,0.00,0.00,0.00,XXX,33.4009
G0036,Pt/ptn decln assess,M,0.00,0.00,0.00,XXX,33.4009
G0037,Pt not able to participate,M,0.00,0.00,0.00,XXX,33.4009
G0038,Clin pt no ref,M,0.00,0.00,0.00,XXX,33.4009
G0039,"Pt no ref, rn spec",M,0.00,0.00,0.00,XXX,33.4009
G0040,Pt phys/occ therapy,M,0.00,0.00,0.00,XXX,33.4009
G0041,Pt/ptn decln referral,M,0.00,0.00,0.00,XXX,33.4009
G0042,Ref to therapy,M,0.00,0.00,0.00,XXX,33.4009
G0043,Pt mech pros ht valv,M,0.00,0.00,0.00,XXX,33.4009
G0044,Pt mitral stenosis,M,0.00,0.00,0.00,XXX,33.4009
G0045,Mrs 90 days post stk,M,0.00,0.00,0.00,XXX,33.4009
G0046,No mrs 90 days post stk,M,0.00,0.00,0.00,XXX,33.4009
G0047,Ped blunt hd traum,M,0.00,0.00,0.00,XXX,33.4009
G0048,Pall serv during meas,M,0.00,0.00,0.00,XXX,33.4009
G0049,Main hemo in-cntr,M,0.00,0.00,0.00,XXX,33.4009
G0050,Pt w/ lmted life expec,M,0.00,0.00,0.00,XXX,33.4009
G0051,Pt hospice mnth,M,0.00,0.00,0.00,XXX,33.4009
G0052,Pt peri dialysis dur mo,M,0.00,0.00,0.00,XXX,33.4009
G0053,Adv rheum pt care mvp,M,0.00,0.00,0.00,XXX,33.4009
G0054,Strk cr prev pos outcme mvp,M,0.00,0.00,0.00,XXX,33.4009
G0055,Adv care heart dx mvp,M,0.00,0.00,0.00,XXX,33.4009
G0057,Best pct pt safety em mvp,M,0.00,0.00,0.00,XXX,33.4009
G0058,Imprv care le jnt repr mvp,M,0.00,0.00,0.00,XXX,33.4009
G0059,Pt sfty pos exp w aneth mvp,M,0.00,0.00,0.00,XXX,33.4009
G0060,Allergy/immunology ss,M,0.00,0.00,0.00,XXX,33.4009
G0061,Anesthesiology ss,M,0.00,0.00,0.00,XXX,33.4009
G0062,Audiology ss,M,0.00,0.00,0.00,XXX,33.4009
G0063,Cardiology ss,M,0.00,0.00,0.00,XXX,33.4009
G0064,Cert nurse midwife ss,M,0.00,0.00,0.00,XXX,33.4009
G0065,Chiropractic ss,M,0.00,0.00,0.00,XXX,33.4009
G0066,Clinical social work ss,M,0.00,0.00,0.00,XXX,33.4009
G0067,Dentistry ss,M,0.00,0.00,0.00,XXX,33.4009
G0068,Adm iv infusion drug in home,X,0.00,0.00,0.00,XXX,33.4009
G0069,Adm sq infusion drug in home,X,0.00,0.00,0.00,XXX,33.4009
G0070,Adm of chemo drug in home,X,0.00,0.00,0.00,XXX,33.4009
G0076,Care manag h vst new pt 20 m,A,1.01,0.43,0.04,XXX,33.4009
G0077,Care manag h vst new pt 30 m,A,1.52,0.64,0.07,XXX,33.4009
G0078,Care manag h vst new pt 45 m,A,2.53,0.95,0.12,XXX,33.4009
G0079,Care manag h vst new pt 60 m,A,3.38,1.36,0.16,XXX,33.4009
G0080,Care manag h vst new pt 75 m,A,4.09,2.16,0.25,XXX,33.4009
G0081,Care man h v ext pt 20 mi,A,1.00,0.44,0.04,XXX,33.4009
G0082,Care man h v ext pt 30 m,A,1.56,0.79,0.07,XXX,33.4009
G0083,Care man h v ext pt 45 m,A,2.33,1.36,0.16,XXX,33.4009
G0084,Care man h v ext pt 60 m,A,3.28,1.94,0.24,XXX,33.4009
G0085,Care man h v ext pt 75 m,A,4.09,2.16,0.25,XXX,33.4009
G0086,Care man home care plan 30 m,A,1.25,0.86,0.10,XXX,33.4009
G0087,Care man home care plan 60 m,A,1.80,1.15,0.14,XXX,33.4009
G0088,Adm iv drug 1st home visit,X,0.00,0.00,0.00,XXX,33.4009
G0089,Adm subq drug 1st home visit,X,0.00,0.00,0.00,XXX,33.4009
G0090,Adm iv chemo 1st home visit,X,0.00,0.00,0.00,XXX,33.4009
G0101,Ca screen;pelvic/breast exam,A,0.44,0.23,0.07,XXX,33.4009
G0102,Prostate ca screening; dre,A,0.18,0.04,0.01,XXX,33.4009
G0103,Psa screening,X,0.00,0.00,0.00,XXX,33.4009
G0104,Ca screen;flexi sigmoidscope,A,0.82,0.67,0.11,000,33.4009
G0105,Colorectal scrn; hi risk ind,A,1.59,0.67,0.20,000,33.4009
G0108,Diab manage trn  per indiv,A,0.90,0.73,0.04,XXX,33.4009
G0109,Diab manage trn ind/group,A,0.25,0.22,0.01,XXX,33.4009
G0117,Glaucoma scrn hgh risk direc,T,0.44,1.47,0.02,XXX,33.4009
G0118,Glaucoma scrn hgh risk direc,T,0.17,1.03,0.01,XXX,33.4009
G0121,Colon ca scrn not hi rsk ind,A,1.59,0.67,0.21,000,33.4009
G0123,Screen cerv/vag thin layer,X,0.00,0.00,0.00,XXX,33.4009
G0124,Screen c/v thin layer by md,A,0.25,0.46,0.01,XXX,33.4009
G0127,Trim nail(s),R,0.17,0.02,0.01,000,33.4009
G0128,Corf skilled nursing service,R,0.00,0.32,0.01,XXX,33.4009
G0129,Php/iop ot service,X,0.00,0.00,0.00,XXX,33.4009
G0130,Single energy x-ray study,A,0.00,0.85,0.01,XXX,33.4009
G0136,Adm of pa/n assess 5-15 m,A,0.18,0.05,0.01,XXX,33.4009
G0137,"Inten outpt svs,min 9 pr 7 d",X,0.00,0.00,0.00,ZZZ,33.4009
G0138,Iv cipaglucosidase alfa-atga,A,0.21,5.62,0.05,XXX,33.4009
G0140,Nav srv peer sup 60 min pr m,A,1.00,0.26,0.07,XXX,33.4009
G0141,"Scr c/v cyto,autosys and md",A,0.25,0.46,0.01,XXX,33.4009
G0143,"Scr c/v cyto,thinlayer,rescr",X,0.00,0.00,0.00,XXX,33.4009
G0144,"Scr c/v cyto,thinlayer,rescr",X,0.00,0.00,0.00,XXX,33.4009
G0145,"Scr c/v cyto,thinlayer,rescr",X,0.00,0.00,0.00,XXX,33.4009
G0146,Nav srv peer sup add 30 pr m,A,0.70,0.17,0.04,ZZZ,33.4009
G0147,"Scr c/v cyto, automated sys",X,0.00,0.00,0.00,XXX,33.4009
G0148,"Scr c/v cyto, autosys, rescr",X,0.00,0.00,0.00,XXX,33.4009
G0151,"Hhcp-serv of pt,ea 15 min",X,0.00,0.00,0.00,XXX,33.4009
G0152,"Hhcp-serv of ot,ea 15 min",X,0.00,0.00,0.00,XXX,33.4009
G0153,"Hhcp-svs of s/l path,ea 15mn",X,0.00,0.00,0.00,XXX,33.4009
G0155,"Hhcp-svs of csw,ea 15 min",X,0.00,0.00,0.00,XXX,33.4009
G0156,"Hhcp-svs of aide,ea 15 min",X,0.00,0.00,0.00,XXX,33.4009
G0157,Hhc pt assistant ea 15,E,0.00,0.00,0.00,XXX,33.4009
G0158,Hhc ot assistant ea 15,E,0.00,0.00,0.00,XXX,33.4009
G0159,Hhc pt maint ea 15 min,E,0.00,0.00,0.00,XXX,33.4009
G0160,Hhc occup therapy ea 15,E,0.00,0.00,0.00,XXX,33.4009
G0161,Hhc slp ea 15 min,E,0.00,0.00,0.00,XXX,33.4009
G0162,"Hhc rn e&m plan svs, 15 min",E,0.00,0.00,0.00,XXX,33.4009
G0166,"Extrnl counterpulse, per tx",A,0.00,3.04,0.04,XXX,33.4009
G0168,Wound closure by adhesive,A,0.30,0.05,0.07,000,33.4009
G0175,"Opps service,sched team conf",X,0.00,0.00,0.00,XXX,33.4009
G0176,Opps/php/iop; activity thrpy,X,0.00,0.00,0.00,XXX,33.4009
G0177,Opps/php/iop; train & educ,X,0.00,0.00,0.00,XXX,33.4009
G0179,Md recertification hha pt,A,0.44,0.86,0.03,XXX,33.4009
G0180,Md certification hha patient,A,0.65,1.00,0.05,XXX,33.4009
G0181,Home health care supervision,A,1.73,1.44,0.12,XXX,33.4009
G0182,Hospice care supervision,A,1.73,1.40,0.12,XXX,33.4009
G0183,Software meas of cardiac vol,C,0.00,0.00,0.00,XXX,33.4009
G0186,"Dstry eye lesn,fdr vssl tech",C,0.00,0.00,0.00,YYY,33.4009
G0219,Pet img wholbod melano nonco,N,0.00,0.00,0.00,XXX,33.4009
G0235,Pet not otherwise specified,N,0.00,0.00,0.00,XXX,33.4009
G0237,Therapeutic procd strg endur,A,0.00,0.37,0.01,XXX,33.4009
G0238,"Oth resp proc, indiv",A,0.00,0.33,0.01,XXX,33.4009
G0239,"Oth resp proc, group",A,0.00,0.42,0.01,XXX,33.4009
G0245,Initial foot exam pt lops,R,0.86,0.14,0.04,XXX,33.4009
G0246,Followup eval of foot pt lop,R,0.44,0.06,0.02,XXX,33.4009
G0247,Routine footcare pt w lops,R,0.49,0.06,0.02,ZZZ,33.4009
G0248,Demonstrate use home inr mon,R,0.00,3.11,0.05,XXX,33.4009
G0249,Provide inr test mater/equip,R,0.00,1.96,0.01,XXX,33.4009
G0250,Md inr test revie inter mgmt,R,0.18,0.08,0.01,XXX,33.4009
G0252,Pet imaging initial dx,N,0.00,0.00,0.00,XXX,33.4009
G0255,Current percep threshold tst,N,0.00,0.00,0.00,XXX,33.4009
G0257,Unsched dialysis esrd pt hos,E,0.00,0.00,0.00,XXX,33.4009
G0259,Inject for sacroiliac joint,E,0.00,0.00,0.00,XXX,33.4009
G0260,Inj for sacroiliac jt anesth,E,0.00,0.00,0.00,XXX,33.4009
G0268,Removal of impacted wax md,A,0.59,0.15,0.08,000,33.4009
G0269,Occlusive device in vein art,B,0.00,0.00,0.00,XXX,33.4009
G0270,Mnt subs tx for change dx,A,0.45,0.20,0.01,XXX,33.4009
G0271,Group mnt 2 or more 30 mins,A,0.25,0.11,0.01,XXX,33.4009
G0276,Pild/placebo control clin tr,R,6.99,3.03,0.72,000,33.4009
G0277,"Hbot, full body chamber, 30m",A,0.00,5.76,0.04,XXX,33.4009
G0278,"Iliac art angio,cardiac cath",A,0.24,0.05,0.06,ZZZ,33.4009
G0279,"Tomosynthesis, mammo",A,0.00,0.38,0.00,ZZZ,33.4009
G0281,Elec stim unattend for press,A,0.18,0.16,0.01,XXX,33.4009
G0282,Elect stim wound care not pd,N,0.00,0.00,0.00,XXX,33.4009
G0283,Elec stim other than wound,A,0.18,0.19,0.01,XXX,33.4009
G0288,"Recon, cta for surg plan",A,0.00,1.31,0.07,XXX,33.4009
G0289,"Arthro, loose body + chondro",A,1.44,0.45,0.29,ZZZ,33.4009
G0293,"Non-cov surg proc,clin trial",E,0.00,0.00,0.00,XXX,33.4009
G0294,"Non-cov proc, clinical trial",E,0.00,0.00,0.00,XXX,33.4009
G0295,Electromagnetic therapy onc,N,0.00,0.00,0.00,XXX,33.4009
G0296,Visit to determ ldct elig,A,0.52,0.12,0.03,XXX,33.4009
G0299,Hhs/hospice of rn ea 15 min,X,0.00,0.00,0.00,XXX,33.4009
G0300,Hhs/hospice of lpn ea 15 min,X,0.00,0.00,0.00,XXX,33.4009
G0302,Pre-op service lvrs complete,X,0.00,0.00,0.00,XXX,33.4009
G0303,Pre-op service lvrs 10-15dos,X,0.00,0.00,0.00,XXX,33.4009
G0304,Pre-op service lvrs 1-9 dos,X,0.00,0.00,0.00,XXX,33.4009
G0305,Post op service lvrs min 6,X,0.00,0.00,0.00,XXX,33.4009
G0306,Cbc/diffwbc w/o platelet,X,0.00,0.00,0.00,XXX,33.4009
G0307,Cbc without platelet,X,0.00,0.00,0.00,XXX,33.4009
G0310,Immunize counsel 5-15 min,I,0.00,0.00,0.00,XXX,33.4009
G0311,Immunize counsel 16-30 mins,I,0.00,0.00,0.00,XXX,33.4009
G0312,Immunize couns < 21yr 5-15 m,I,0.00,0.00,0.00,XXX,33.4009
G0313,Immunize couns < 21yr 6-30 m,I,0.00,0.00,0.00,XXX,33.4009
G0314,Counsel immune <21 16-30 m,I,0.00,0.00,0.00,XXX,33.4009
G0315,Counsel immune <21  5-15 m,I,0.00,0.00,0.00,XXX,33.4009
G0316,Prolong inpt eval add15 m,A,0.61,0.17,0.05,ZZZ,33.4009
G0317,Prolong nursin fac eval 15m,A,0.61,0.16,0.04,ZZZ,33.4009
G0318,Prolong home eval add 15m,A,0.61,0.16,0.05,ZZZ,33.4009
G0320,Two-way audio and video hhs,X,0.00,0.00,0.00,XXX,33.4009
G0321,Audio-only hhs,X,0.00,0.00,0.00,XXX,33.4009
G0322,Home h physio data collec tr,X,0.00,0.00,0.00,XXX,33.4009
G0323,Care manage beh svs 20mins,A,0.93,0.16,0.04,XXX,33.4009
G0327,Colon ca scrn;bld-bsd biomrk,X,0.00,0.00,0.00,XXX,33.4009
G0328,Fecal blood scrn immunoassay,X,0.00,0.00,0.00,XXX,33.4009
G0329,Electromagntic tx for ulcers,A,0.06,0.25,0.01,XXX,33.4009
G0330,Facility svs dental rehab,X,0.00,0.00,0.00,XXX,33.4009
G0333,Dispense fee initial 30 day,X,0.00,0.00,0.00,XXX,33.4009
G0337,Hospice evaluation preelecti,X,1.42,0.31,0.08,XXX,33.4009
G0339,"Robot lin-radsurg com, first",C,0.00,0.00,0.00,XXX,33.4009
G0340,Robt lin-radsurg fractx 2-5,C,0.00,0.00,0.00,XXX,33.4009
G0341,Percutaneous islet celltrans,A,6.81,0.80,0.89,000,33.4009
G0342,Laparoscopy islet cell trans,A,11.62,6.79,3.10,090,33.4009
G0343,Laparotomy islet cell transp,A,19.35,10.38,5.15,090,33.4009
G0372,Md service required for pmd,A,0.17,0.05,0.01,XXX,33.4009
G0378,Hospital observation per hr,X,0.00,0.00,0.00,XXX,33.4009
G0379,Direct refer hospital observ,X,0.00,0.00,0.00,XXX,33.4009
G0380,Lev 1 hosp type b ed visit,X,0.00,0.00,0.00,XXX,33.4009
G0381,Lev 2 hosp type b ed visit,X,0.00,0.00,0.00,XXX,33.4009
G0382,Lev 3 hosp type b ed visit,X,0.00,0.00,0.00,XXX,33.4009
G0383,Lev 4 hosp type b ed visit,X,0.00,0.00,0.00,XXX,33.4009
G0384,Lev 5 hosp type b ed visit,X,0.00,0.00,0.00,XXX,33.4009
G0390,Trauma respons w/hosp criti,X,0.00,0.00,0.00,XXX,33.4009
G0396,Alcohol/subs interv 15-30mn,A,0.65,0.16,0.06,XXX,33.4009
G0397,Alcohol/subs interv >30 min,A,1.30,0.28,0.07,XXX,33.4009
G0398,Home sleep test/type 2 porta,C,0.00,0.00,0.00,XXX,33.4009
G0399,Home sleep test/type 3 porta,C,0.00,0.00,0.00,XXX,33.4009
G0400,Home sleep test/type 4 porta,C,0.00,0.00,0.00,XXX,33.4009
G0402,Initial preventive exam,A,2.60,0.65,0.17,XXX,33.4009
G0403,Ekg for initial prevent exam,A,0.17,0.27,0.02,XXX,33.4009
G0404,Ekg tracing for initial prev,A,0.00,0.20,0.01,XXX,33.4009
G0405,Ekg interpret & report preve,A,0.17,0.07,0.01,XXX,33.4009
G0406,Inpt/tele follow up 15,A,0.76,0.24,0.08,XXX,33.4009
G0407,Inpt/tele follow up 25,A,1.39,0.40,0.12,XXX,33.4009
G0408,Inpt/tele follow up 35,A,2.00,0.62,0.18,XXX,33.4009
G0409,Corf related serv 15 mins ea,R,0.00,0.71,0.01,XXX,33.4009
G0410,Grp psych php/iop 45-50,X,0.00,0.00,0.00,XXX,33.4009
G0411,Interactive grp psyc php/iop,X,0.00,0.00,0.00,XXX,33.4009
G0412,Open tx iliac spine uni/bil,A,10.19,7.67,2.17,090,33.4009
G0413,Pelvic ring fracture uni/bil,A,15.34,10.68,3.26,090,33.4009
G0414,Pelvic ring fx treat int fix,A,14.28,10.35,3.04,090,33.4009
G0415,Open tx post pelvic fxcture,A,20.41,12.26,4.43,090,33.4009
G0416,"Prostate biopsy, any mthd",A,0.00,5.62,0.05,XXX,33.4009
G0420,Ed svc ckd ind per session,A,2.12,1.15,0.13,XXX,33.4009
G0421,Ed svc ckd grp per session,A,0.50,0.29,0.03,XXX,33.4009
G0422,Intens cardiac rehab w/exerc,A,2.05,1.77,0.12,XXX,33.4009
G0423,Intens cardiac rehab no exer,A,2.05,1.77,0.12,XXX,33.4009
G0425,Inpt/ed teleconsult30,A,1.92,0.41,0.19,XXX,33.4009
G0426,Inpt/ed teleconsult50,A,2.61,0.67,0.23,XXX,33.4009
G0427,Inpt/ed teleconsult70,A,3.86,0.90,0.28,XXX,33.4009
G0428,Collagen meniscus implant,N,0.00,0.00,0.00,XXX,33.4009
G0429,Dermal filler injection(s),A,1.16,0.39,0.13,000,33.4009
G0432,Eia hiv-1/hiv-2 screen,X,0.00,0.00,0.00,XXX,33.4009
G0433,Elisa hiv-1/hiv-2 screen,X,0.00,0.00,0.00,XXX,33.4009
G0435,Oral hiv-1/hiv-2 screen,X,0.00,0.00,0.00,XXX,33.4009
G0438,"Ppps, initial visit",A,2.60,2.45,0.17,XXX,33.4009
G0439,"Ppps, subseq visit",A,1.92,2.07,0.13,XXX,33.4009
G0442,Annual alcohol screen 15 min,A,0.18,0.05,0.01,XXX,33.4009
G0443,Brief alcohol misuse counsel,A,0.60,0.15,0.04,XXX,33.4009
G0444,Depression screen annual,A,0.18,0.05,0.01,XXX,33.4009
G0445,High inten beh couns std 30m,A,0.60,0.16,0.04,XXX,33.4009
G0446,Intens behave ther cardio dx,A,0.60,0.15,0.04,XXX,33.4009
G0447,Behavior counsel obesity 15m,A,0.60,0.15,0.04,XXX,33.4009
G0448,Place perm pacing cardiovert,E,0.00,0.00,0.00,XXX,33.4009
G0451,Devlopment test interpt&rep,A,0.00,0.36,0.01,XXX,33.4009
G0452,Molecular pathology interpr,A,0.00,0.08,0.01,XXX,33.4009
G0453,Cont intraop neuro monitor,A,0.60,0.17,0.05,XXX,33.4009
G0454,Md document visit by npp,A,0.18,0.04,0.01,XXX,33.4009
G0455,Fecal microbiota prep instil,A,1.31,0.39,0.14,000,33.4009
G0458,Ldr prostate brachy comp rat,E,0.00,0.00,0.00,XXX,33.4009
G0459,Telehealth inpt pharm mgmt,A,0.95,0.18,0.06,XXX,33.4009
G0460,Autolog prp not diab ulcer,C,0.00,0.00,0.00,XXX,33.4009
G0463,Hospital outpt clinic visit,X,0.00,0.00,0.00,XXX,33.4009
G0465,Autolog prp diab wound ulcer,A,1.78,0.58,0.15,000,33.4009
G0466,Fqhc visit new patient,X,0.00,0.00,0.00,XXX,33.4009
G0467,"Fqhc visit, estab pt",X,0.00,0.00,0.00,XXX,33.4009
G0468,"Fqhc visit, ippe or awv",X,0.00,0.00,0.00,XXX,33.4009
G0469,"Fqhc visit, mh new pt",X,0.00,0.00,0.00,XXX,33.4009
G0470,"Fqhc visit, mh estab pt",X,0.00,0.00,0.00,XXX,33.4009
G0471,Ven blood coll snf/hha,X,0.00,0.00,0.00,XXX,33.4009
G0472,Hep c screen high risk/other,X,0.00,0.00,0.00,XXX,33.4009
G0473,Group behave couns 2-10,A,0.23,0.06,0.01,XXX,33.4009
G0475,Hiv combination assay,X,0.00,0.00,0.00,XXX,33.4009
G0476,Hpv combo assay ca screen,X,0.00,0.00,0.00,XXX,33.4009
G0480,Drug test def 1-7 classes,X,0.00,0.00,0.00,XXX,33.4009
G0481,Drug test def 8-14 classes,X,0.00,0.00,0.00,XXX,33.4009
G0482,Drug test def 15-21 classes,X,0.00,0.00,0.00,XXX,33.4009
G0483,Drug test def 22+ classes,X,0.00,0.00,0.00,XXX,33.4009
G0490,"Home visit rn, lpn by rhc/fq",X,0.00,0.00,0.00,XXX,33.4009
G0491,Dialysis acu kidney no esrd,X,0.00,0.00,0.00,XXX,33.4009
G0492,Md/oth eval acut kid no esrd,X,0.00,0.00,0.00,XXX,33.4009
G0493,Rn care ea 15 min hh/hospice,X,0.00,0.00,0.00,XXX,33.4009
G0494,Lpn care ea 15min hh/hospice,X,0.00,0.00,0.00,XXX,33.4009
G0495,Rn care train/edu in hh,X,0.00,0.00,0.00,XXX,33.4009
G0496,Lpn care train/edu in hh,X,0.00,0.00,0.00,XXX,33.4009
G0498,Chemo extend iv infus w/pump,C,0.00,0.00,0.00,YYY,33.4009
G0499,Hepb screen high risk indiv,X,0.00,0.00,0.00,XXX,33.4009
G0500,Mod sedat endo service >5yrs,A,0.10,0.03,0.03,XXX,33.4009
G0501,Resource-inten svc during ov,B,0.00,0.00,0.00,ZZZ,33.4009
G0506,Comp asses care plan ccm svc,A,0.87,0.22,0.06,ZZZ,33.4009
G0508,Crit care telehea consult 60,A,4.00,1.17,0.36,XXX,33.4009
G0509,Crit care telehea consult 50,A,3.86,1.06,0.36,XXX,33.4009
G0513,"Prolong prev svcs, first 30m",A,1.17,0.28,0.07,ZZZ,33.4009
G0514,"Prolong prev svcs, addl 30m",A,1.17,0.28,0.07,ZZZ,33.4009
G0516,"Insert drug del implant, >=4",A,1.77,0.62,0.15,000,33.4009
G0517,Remove drug implant,A,2.05,0.68,0.18,000,33.4009
G0518,Remove w insert drug implant,A,3.46,0.98,0.29,000,33.4009
G0519,New pt-cg dyad dem low cmplx,X,0.00,0.00,0.00,XXX,33.4009
G0520,New pt-cg dyad dem mod cmplx,X,0.00,0.00,0.00,XXX,33.4009
G0521,New pt-cg dyad dem hig cmplx,X,0.00,0.00,0.00,XXX,33.4009
G0522,Mgt nw pt dementia low cmplx,X,0.00,0.00,0.00,XXX,33.4009
G0523,Mgt nw pt dem mod-high cmplx,X,0.00,0.00,0.00,XXX,33.4009
G0524,Est pt-cg dyad dem low cmplx,X,0.00,0.00,0.00,XXX,33.4009
G0525,Est pt-cg dyad dem mod cmplx,X,0.00,0.00,0.00,XXX,33.4009
G0526,Est pt-cg dyad dem hig cmplx,X,0.00,0.00,0.00,XXX,33.4009
G0527,Mgt est pt dmentia low cmplx,X,0.00,0.00,0.00,XXX,33.4009
G0528,Mgt est pt dem mod-hi cmplx,X,0.00,0.00,0.00,XXX,33.4009
G0529,"In home respite care, 4 hr u",X,0.00,0.00,0.00,XXX,33.4009
G0530,"Adult daycare center, 8 hr u",X,0.00,0.00,0.00,XXX,33.4009
G0531,"Fclty-based respite, 24 hr u",X,0.00,0.00,0.00,XXX,33.4009
G0532,Take home supp nasal spray,X,0.00,0.00,0.00,XXX,33.4009
G0533,Buprenorphone inj weekly,X,0.00,0.00,0.00,XXX,33.4009
G0534,Coordinated care/or referral,X,0.00,0.00,0.00,XXX,33.4009
G0535,Pt navigat svs direct/ref,X,0.00,0.00,0.00,XXX,33.4009
G0536,Peer recover support svs,X,0.00,0.00,0.00,XXX,33.4009
G0537,Risk ascvd tst once pr 12 mo,A,0.18,0.05,0.01,XXX,33.4009
G0538,Ascvd rsk mng clin stf pr mo,A,0.18,0.05,0.01,XXX,33.4009
G0539,Initial care training 30 m,A,1.00,0.18,0.01,XXX,33.4009
G0540,Train for caregiver add 15,A,0.54,0.09,0.00,ZZZ,33.4009
G0541,No pt prsnt train initial 30,A,1.00,0.18,0.01,XXX,33.4009
G0542,No pt prsnt train add 15,A,0.54,0.09,0.00,ZZZ,33.4009
G0543,Group train w/o patient,A,0.23,0.04,0.01,XXX,33.4009
G0544,Post d/c phone follow up,A,0.98,0.24,0.07,XXX,33.4009
G0545,Inherent visit to inpt,A,0.89,0.25,0.07,ZZZ,33.4009
G0546,Phone/internet ehr assess,A,0.35,0.09,0.04,XXX,33.4009
G0547,Phone/internet svs 11-20 m,A,0.70,0.19,0.07,XXX,33.4009
G0548,Phone/inter svs 21-30 m,A,1.05,0.29,0.09,XXX,33.4009
G0549,Phone/inter for treat>31m,A,1.40,0.38,0.12,XXX,33.4009
G0550,Phone/inter for dx/treat >5m,A,0.70,0.15,0.05,XXX,33.4009
G0551,Phn/intr svs fr dx treat 30m,A,0.70,0.18,0.05,XXX,33.4009
G0552,Supply of digital device,C,0.00,0.00,0.00,XXX,33.4009
G0553,Monthly tx for dmht 20mins,A,0.62,0.13,0.03,XXX,33.4009
G0554,Add 20 m of monthly tx,A,0.61,0.12,0.03,ZZZ,33.4009
G0555,Replacment pt electronic sys,C,0.00,0.00,0.00,XXX,33.4009
G0556,Adv prim care mgmt lvl 1,A,0.25,0.06,0.02,XXX,33.4009
G0557,Adv prim care mgmt lvl 2,A,0.77,0.19,0.05,XXX,33.4009
G0558,Adv prim care mgmt lvl 3,A,1.67,0.39,0.12,XXX,33.4009
G0559,Unrelat prac follow up visit,A,0.16,0.05,0.03,ZZZ,33.4009
G0560,Safety plan interven,A,1.09,0.08,0.01,XXX,33.4009
G0561,"Temp tube delivery, unil",C,0.00,0.00,0.00,ZZZ,33.4009
G0562,Complex simulation w/pet-ct,C,0.00,0.00,0.00,XXX,33.4009
G0563,Sbrt w/positron emission del,C,0.00,0.00,0.00,XXX,33.4009
G0566,3d bn img algor drvd fr mri,C,0.00,0.00,0.00,000,33.4009
G0567,Screening hep c detect,X,0.00,0.00,0.00,XXX,33.4009
G0568,"Int psych care mng, 1 cal mo",A,1.88,0.42,0.15,ZZZ,33.4009
G0569,"Subs psych care mng, subs mo",A,2.05,0.49,0.15,ZZZ,33.4009
G0570,"Care manage serv, pr cal mo",A,0.93,0.17,0.06,ZZZ,33.4009
G0571,Intraop nerve cryoablation,A,1.36,0.21,0.20,ZZZ,33.4009
G0574,Mgt new pt dem res care cmmi,X,0.00,0.00,0.00,XXX,33.4009
G0575,Mgt est pt dem res care cmmi,X,0.00,0.00,0.00,XXX,33.4009
G0577,"Vasc emb/occl organ, pgc",C,0.00,0.00,0.00,000,33.4009
G0659,Drug test def simple all cl,X,0.00,0.00,0.00,XXX,33.4009
G0660,TEAM Remote E/M new pt 10mins,X,0.93,0.23,0.07,XXX,33.4009
G0661,TEAM Remote E/M new pt 20mins,X,0.93,0.23,0.07,XXX,33.4009
G0662,TEAM Remote E/M new pt 30mins,X,1.60,0.38,0.16,XXX,33.4009
G0663,TEAM Remote E/M new pt 45mins,X,2.60,0.66,0.24,XXX,33.4009
G0664,TEAM Remote E/M new pt 60mins,X,3.50,0.94,0.36,XXX,33.4009
G0665,TEAM Remote E/M est. pt 10mins,X,0.70,0.17,0.06,XXX,33.4009
G0666,TEAM Remote E/M est. pt 15mins,X,1.30,0.33,0.09,XXX,33.4009
G0667,TEAM Remote E/M est. pt 25mins,X,1.92,0.47,0.14,XXX,33.4009
G0668,TEAM Remote E/M est. pt 40mins,X,2.80,0.75,0.21,XXX,33.4009
G0669,Eckm oap-initial period,X,0.00,0.00,0.00,XXX,33.4009
G0670,Eckm oap-follow-on period(s),X,0.00,0.00,0.00,XXX,33.4009
G0671,Ckm oap-initial period,X,0.00,0.00,0.00,XXX,33.4009
G0672,Ckm oap-follow-on period(s),X,0.00,0.00,0.00,XXX,33.4009
G0673,Msk oap-initial period,X,0.00,0.00,0.00,XXX,33.4009
G0674,Bh oap-initial period,X,0.00,0.00,0.00,XXX,33.4009
G0675,Bh oap-follow-on period(s),X,0.00,0.00,0.00,XXX,33.4009
G0676,"Std co-mgmt-eckm, ckm",X,0.00,0.00,0.00,XXX,33.4009
G0677,Std co-mgmt-msk,X,0.00,0.00,0.00,XXX,33.4009
G0678,Std co-mgmt-bh,X,0.00,0.00,0.00,XXX,33.4009
G0680,Cr art clc art vlv clc w rpt,C,0.00,0.00,0.00,XXX,33.4009
G0681,App of non-sheet skin sub,C,0.00,0.00,0.00,XXX,33.4009
G0682,App of non-sheet skin sub add,C,0.00,0.00,0.00,XXX,33.4009
G0683,App of non-sheet skin sub g,C,0.00,0.00,0.00,XXX,33.4009
G0684,App non-sheet skin sb g addl,C,0.00,0.00,0.00,XXX,33.4009
G0913,Improve visual funct,M,0.00,0.00,0.00,XXX,33.4009
G0914,Survey not complete,M,0.00,0.00,0.00,XXX,33.4009
G0915,No improve visual funct,M,0.00,0.00,0.00,XXX,33.4009
G0916,Satisfy with care,M,0.00,0.00,0.00,XXX,33.4009
G0917,Care survey not complete,M,0.00,0.00,0.00,XXX,33.4009
G0918,No satisfy with care,M,0.00,0.00,0.00,XXX,33.4009
G1025,Pt mnth 1 mcp prov,M,0.00,0.00,0.00,XXX,33.4009
G1026,Pt hemo > 3mo,M,0.00,0.00,0.00,XXX,33.4009
G1027,Pt hemo < 3mo,M,0.00,0.00,0.00,XXX,33.4009
G1028,Take home supply 8mg per 0.1,X,0.00,0.00,0.00,XXX,33.4009
G2000,Blinded conv. tx mdd clin tr,R,0.00,0.00,0.00,YYY,33.4009
G2001,Post d/c h vst new pt 20 m,A,1.01,0.43,0.04,XXX,33.4009
G2002,Post-d/c h vst new pt 30 m,A,1.52,0.64,0.07,XXX,33.4009
G2003,Post-d/c h vst new pt 45 m,A,2.53,0.95,0.12,XXX,33.4009
G2004,Post-d/c h vst new pt 60 m,A,3.38,1.36,0.16,XXX,33.4009
G2005,Post-d/c h vst new pt 75 m,A,4.09,2.16,0.25,XXX,33.4009
G2006,Post-d/c h vst ext pt 20 m,A,1.00,0.44,0.04,XXX,33.4009
G2007,Post-d/c h vst ext pt 30 m,A,1.56,0.79,0.07,XXX,33.4009
G2008,Post-d/c h vst ext pt 45 m,A,2.33,1.36,0.16,XXX,33.4009
G2009,Post-d/c h vst ext pt 60 m,A,3.28,1.94,0.24,XXX,33.4009
G2010,Remot image submit by pt,A,0.18,0.05,0.01,XXX,33.4009
G2011,Alcohol/sub misuse assess,A,0.33,0.08,0.03,XXX,33.4009
G2013,Post-d/c h vst ext pt 75 m,A,4.09,2.16,0.25,XXX,33.4009
G2014,Post-d/c care plan overs 30m,A,1.25,0.86,0.10,XXX,33.4009
G2015,Post-d/c care plan overs 60m,A,1.80,1.15,0.14,XXX,33.4009
G2020,Hi inten serv for sip model,X,0.00,0.00,0.00,XXX,33.4009
G2021,Hea care pract tx in place,X,0.00,0.00,0.00,XXX,33.4009
G2022,"Benef refuses service, mod",X,0.00,0.00,0.00,XXX,33.4009
G2025,Dis site tele svcs rhc/fqhc,X,1.44,1.38,0.10,XXX,33.4009
G2067,Med assist tx meth wk,X,0.00,0.00,0.00,XXX,33.4009
G2068,Med assist tx bupre oral,X,0.00,0.00,0.00,XXX,33.4009
G2069,Med assist tx inject,X,0.00,0.00,0.00,XXX,33.4009
G2073,Med tx naltrexone,X,0.00,0.00,0.00,XXX,33.4009
G2074,Med assist tx no drug,X,0.00,0.00,0.00,XXX,33.4009
G2075,Med tx meds nos,X,0.00,0.00,0.00,XXX,33.4009
G2076,Intake act w/med exam,X,0.00,0.00,0.00,XXX,33.4009
G2077,Periodic assessment,X,0.00,0.00,0.00,XXX,33.4009
G2078,Take-home meth,X,0.00,0.00,0.00,XXX,33.4009
G2079,Take-hom buprenorphine,X,0.00,0.00,0.00,XXX,33.4009
G2080,Add 30 mins counsel,X,0.00,0.00,0.00,XXX,33.4009
G2081,Pt 66+ snp or ltc pos > 90d,M,0.00,0.00,0.00,XXX,33.4009
G2082,Visit esketamine 56m or less,A,0.70,0.16,0.07,XXX,33.4009
G2083,"Visit esketamine, > 56m",A,0.70,0.16,0.07,XXX,33.4009
G2086,Off base opioid tx 70min,A,8.36,1.88,0.62,XXX,33.4009
G2087,"Off base opioid tx, 60 m",A,8.19,1.59,0.55,XXX,33.4009
G2088,"Off base opioid tx, add30",A,0.82,0.15,0.05,ZZZ,33.4009
G2090,Pt 66+ frailty and med dem,M,0.00,0.00,0.00,XXX,33.4009
G2091,Pt 66+ frailty and adv ill,M,0.00,0.00,0.00,XXX,33.4009
G2092,Ace arb arni,M,0.00,0.00,0.00,XXX,33.4009
G2093,Med doc rsn no ace arn arni,M,0.00,0.00,0.00,XXX,33.4009
G2094,Pt rsn no ace arn arni,M,0.00,0.00,0.00,XXX,33.4009
G2096,No rsn ace arb arni,M,0.00,0.00,0.00,XXX,33.4009
G2097,Dx uri 3d after other dx,M,0.00,0.00,0.00,XXX,33.4009
G2098,Pt 66+ frailty and med dem,M,0.00,0.00,0.00,XXX,33.4009
G2099,Pt 66+ frailty and adv ill,M,0.00,0.00,0.00,XXX,33.4009
G2100,Pt 66+ frailty and med dem,M,0.00,0.00,0.00,XXX,33.4009
G2101,Pt 66+ frailty and adv ill,M,0.00,0.00,0.00,XXX,33.4009
G2105,Pt 66+ snp or ltc pos > 90d,M,0.00,0.00,0.00,XXX,33.4009
G2106,Pt 66+ frailty and med dem,M,0.00,0.00,0.00,XXX,33.4009
G2107,Pt 66+ frailty and adv ill,M,0.00,0.00,0.00,XXX,33.4009
G2112,Pred<=5 mg ra glu <6m,M,0.00,0.00,0.00,XXX,33.4009
G2113,"Pred>5 mg >6m, no chg da",M,0.00,0.00,0.00,XXX,33.4009
G2115,Pt 66-80 frailty and med dem,M,0.00,0.00,0.00,XXX,33.4009
G2116,Pt 66-80 frailty and adv ill,M,0.00,0.00,0.00,XXX,33.4009
G2118,Pt 81+ frailty,M,0.00,0.00,0.00,XXX,33.4009
G2121,Psy dep anx ap and icd asse,M,0.00,0.00,0.00,XXX,33.4009
G2122,Psy/dep/anx/apandicd noasse,M,0.00,0.00,0.00,XXX,33.4009
G2125,Pt 81+ frailty,M,0.00,0.00,0.00,XXX,33.4009
G2126,Pt 66-80 frailty and adv ill,M,0.00,0.00,0.00,XXX,33.4009
G2127,Pt 66-80 frailty and med dem,M,0.00,0.00,0.00,XXX,33.4009
G2128,No aspirin med rsn,M,0.00,0.00,0.00,XXX,33.4009
G2129,No bp outpt,M,0.00,0.00,0.00,XXX,33.4009
G2136,Bk pain vas 6-20wk <= 3,M,0.00,0.00,0.00,XXX,33.4009
G2137,Bk pain vas 6-20wk > 3,M,0.00,0.00,0.00,XXX,33.4009
G2138,Bk pain vas 9-15mo <= 3,M,0.00,0.00,0.00,XXX,33.4009
G2139,Bk pain vas 9-15mo > 3,M,0.00,0.00,0.00,XXX,33.4009
G2140,Leg pain vas 6-20wk <= 3,M,0.00,0.00,0.00,XXX,33.4009
G2141,Leg pain vas 6-20wk > 3,M,0.00,0.00,0.00,XXX,33.4009
G2142,Fs odi 9-15mo postop<= 22,M,0.00,0.00,0.00,XXX,33.4009
G2143,Fs odi 9-15mo > 22,M,0.00,0.00,0.00,XXX,33.4009
G2144,Fs odi 6-20wk postop <= 22,M,0.00,0.00,0.00,XXX,33.4009
G2145,Fsodi 6-20wk >22 or chg 30pt,M,0.00,0.00,0.00,XXX,33.4009
G2146,Leg pain vas 9-15mo <= 3,M,0.00,0.00,0.00,XXX,33.4009
G2147,Leg pain vas 9-15mo > 3,M,0.00,0.00,0.00,XXX,33.4009
G2148,Mpm used,M,0.00,0.00,0.00,XXX,33.4009
G2149,No mpm med rsn,M,0.00,0.00,0.00,XXX,33.4009
G2150,No mpm,M,0.00,0.00,0.00,XXX,33.4009
G2151,Dx degen neuro,M,0.00,0.00,0.00,XXX,33.4009
G2152,Res change sc >=0,M,0.00,0.00,0.00,XXX,33.4009
G2167,Res change sc < 0,M,0.00,0.00,0.00,XXX,33.4009
G2168,Svs by pt in home health,E,0.00,0.00,0.00,XXX,33.4009
G2169,Svs by ot in home health,E,0.00,0.00,0.00,XXX,33.4009
G2172,Tx for opioid use demo proj,X,0.00,0.00,0.00,XXX,33.4009
G2173,Uri w comorb 12m oth dx,M,0.00,0.00,0.00,XXX,33.4009
G2174,Uri new rx antibiotic 30d,M,0.00,0.00,0.00,XXX,33.4009
G2175,Pt comorb dx 12m of epi,M,0.00,0.00,0.00,XXX,33.4009
G2176,Outpt ed obs w inpt admit,M,0.00,0.00,0.00,XXX,33.4009
G2177,Bronch w rx antibx 30d,M,0.00,0.00,0.00,XXX,33.4009
G2178,Pt not elig low neuro ex,M,0.00,0.00,0.00,XXX,33.4009
G2179,Med doc rsn no low ex,M,0.00,0.00,0.00,XXX,33.4009
G2180,Inelig footwr eval,M,0.00,0.00,0.00,XXX,33.4009
G2181,Bmi not doc medrsn ptref,M,0.00,0.00,0.00,XXX,33.4009
G2182,Pt 1st biolog antirheum,M,0.00,0.00,0.00,XXX,33.4009
G2183,Doc pt unable comm,M,0.00,0.00,0.00,XXX,33.4009
G2184,No caregiver,M,0.00,0.00,0.00,XXX,33.4009
G2185,Caregiver dem trained,M,0.00,0.00,0.00,XXX,33.4009
G2186,Pt ref app rsrcs,M,0.00,0.00,0.00,XXX,33.4009
G2187,Clin ind img hd trauma,M,0.00,0.00,0.00,XXX,33.4009
G2188,Pt 50 yrs w/clin ind hd,M,0.00,0.00,0.00,XXX,33.4009
G2189,Img hd abnml neuro exam,M,0.00,0.00,0.00,XXX,33.4009
G2190,Ind img hd rad neck,M,0.00,0.00,0.00,XXX,33.4009
G2191,Ind img hd pos hd ache,M,0.00,0.00,0.00,XXX,33.4009
G2192,>55 yrs temp hd ache,M,0.00,0.00,0.00,XXX,33.4009
G2193,<6yr new onset hd ache,M,0.00,0.00,0.00,XXX,33.4009
G2194,New hdache ped pt dis,M,0.00,0.00,0.00,XXX,33.4009
G2195,Occip hdache child,M,0.00,0.00,0.00,XXX,33.4009
G2196,Screen unhlthy etoh use,M,0.00,0.00,0.00,XXX,33.4009
G2197,Screen hlthy etoh use,M,0.00,0.00,0.00,XXX,33.4009
G2199,Not scrn etoh no rsn,M,0.00,0.00,0.00,XXX,33.4009
G2200,Unhlthy etoh rcvd couns,M,0.00,0.00,0.00,XXX,33.4009
G2202,No rsn no brief couns,M,0.00,0.00,0.00,XXX,33.4009
G2204,Pt 45-85 w/ scope,M,0.00,0.00,0.00,XXX,33.4009
G2205,Preg drng adjv trtmt,M,0.00,0.00,0.00,XXX,33.4009
G2206,Adjv trtmt chemo her2,M,0.00,0.00,0.00,XXX,33.4009
G2207,Rsn no trtmt chem her2,M,0.00,0.00,0.00,XXX,33.4009
G2208,No trtmt chemo and her2,M,0.00,0.00,0.00,XXX,33.4009
G2209,Refused to participate,M,0.00,0.00,0.00,XXX,33.4009
G2210,No neck fs prom no rsn,M,0.00,0.00,0.00,XXX,33.4009
G2211,Complex e/m visit add on,A,0.33,0.08,0.02,ZZZ,33.4009
G2212,Prolong outpt/office vis,A,0.61,0.16,0.05,XXX,33.4009
G2213,Initiat med assist tx in er,A,1.27,0.22,0.14,ZZZ,33.4009
G2214,Init/sub psych care m 1st 30,A,0.77,0.18,0.06,XXX,33.4009
G2215,Home supply nasal naloxone,X,0.00,0.00,0.00,XXX,33.4009
G2216,Home supply inject naloxon,X,0.00,0.00,0.00,XXX,33.4009
G2250,"Remot img sub by pt, non e/m",A,0.18,0.05,0.01,XXX,33.4009
G2251,"Brief chkin, 5-10, non-e/m",A,0.25,0.06,0.01,XXX,33.4009
G2252,"Brief chkin by md/qhp, 11-20",A,0.50,0.13,0.04,XXX,33.4009
G3002,Chronic pain mgmt 30 mins,A,1.45,0.36,0.12,XXX,33.4009
G3003,Chronic pain mgmt addl 15m,A,0.50,0.13,0.05,ZZZ,33.4009
G4000,Dermatology ss,M,0.00,0.00,0.00,XXX,33.4009
G4001,Diagnostic rad ss,M,0.00,0.00,0.00,XXX,33.4009
G4002,Ep cardio ss,M,0.00,0.00,0.00,XXX,33.4009
G4003,Emergency med ss,M,0.00,0.00,0.00,XXX,33.4009
G4004,Endocrinology ss,M,0.00,0.00,0.00,XXX,33.4009
G4005,Family medicine ss,M,0.00,0.00,0.00,XXX,33.4009
G4006,Gastroenterology ss,M,0.00,0.00,0.00,XXX,33.4009
G4007,General surgery ss,M,0.00,0.00,0.00,XXX,33.4009
G4008,Geriatrics ss,M,0.00,0.00,0.00,XXX,33.4009
G4009,Hospitalists ss,M,0.00,0.00,0.00,XXX,33.4009
G4010,Infectious disease ss,M,0.00,0.00,0.00,XXX,33.4009
G4011,Internal medicine ss,M,0.00,0.00,0.00,XXX,33.4009
G4012,Interventional rad ss,M,0.00,0.00,0.00,XXX,33.4009
G4013,Mntal/behav/psych hlth ss,M,0.00,0.00,0.00,XXX,33.4009
G4014,Nephrology ss,M,0.00,0.00,0.00,XXX,33.4009
G4015,Neurology ss,M,0.00,0.00,0.00,XXX,33.4009
G4016,Neurosurgical ss,M,0.00,0.00,0.00,XXX,33.4009
G4017,Nutrition/dietician ss,M,0.00,0.00,0.00,XXX,33.4009
G4018,Ob/gyn ss,M,0.00,0.00,0.00,XXX,33.4009
G4019,Oncology/hema ss,M,0.00,0.00,0.00,XXX,33.4009
G4020,Ophthalmology/optometry ss,M,0.00,0.00,0.00,XXX,33.4009
G4021,Orthopedic surgery ss,M,0.00,0.00,0.00,XXX,33.4009
G4022,Otolaryngology ss,M,0.00,0.00,0.00,XXX,33.4009
G4023,Pathology ss,M,0.00,0.00,0.00,XXX,33.4009
G4024,Pediatrics ss,M,0.00,0.00,0.00,XXX,33.4009
G4025,Physical medicine ss,M,0.00,0.00,0.00,XXX,33.4009
G4026,Phys/occ therapy ss,M,0.00,0.00,0.00,XXX,33.4009
G4027,Plastic surgery ss,M,0.00,0.00,0.00,XXX,33.4009
G4028,Podiatry ss,M,0.00,0.00,0.00,XXX,33.4009
G4029,Preventive medicine ss,M,0.00,0.00,0.00,XXX,33.4009
G4030,Pulmonology ss,M,0.00,0.00,0.00,XXX,33.4009
G4031,Radiation oncology ss,M,0.00,0.00,0.00,XXX,33.4009
G4032,Rheumatology ss,M,0.00,0.00,0.00,XXX,33.4009
G4033,Skilled nursing facility ss,M,0.00,0.00,0.00,XXX,33.4009
G4034,Speech language path ss,M,0.00,0.00,0.00,XXX,33.4009
G4035,Thoracic surgery ss,M,0.00,0.00,0.00,XXX,33.4009
G4036,Urgent care ss,M,0.00,0.00,0.00,XXX,33.4009
G4037,Urology ss,M,0.00,0.00,0.00,XXX,33.4009
G4038,Vascular surgery ss,M,0.00,0.00,0.00,XXX,33.4009
G8395,Lvef>=40% doc normal or mild,M,0.00,0.00,0.00,XXX,33.4009
G8396,Lvef not performed,M,0.00,0.00,0.00,XXX,33.4009
G8397,Dil macula/fundus exam/w doc,M,0.00,0.00,0.00,XXX,33.4009
G8399,Pt w/dxa results document,M,0.00,0.00,0.00,XXX,33.4009
G8400,Pt w/dxa no results doc,M,0.00,0.00,0.00,XXX,33.4009
G8404,Low extemity neur exam docum,M,0.00,0.00,0.00,XXX,33.4009
G8405,Low extemity neur not perfor,M,0.00,0.00,0.00,XXX,33.4009
G8410,Eval on foot documented,M,0.00,0.00,0.00,XXX,33.4009
G8415,Eval on foot not performed,M,0.00,0.00,0.00,XXX,33.4009
G8416,Pt inelig footwear evaluatio,M,0.00,0.00,0.00,XXX,33.4009
G8417,Calc bmi abv up param f/u,M,0.00,0.00,0.00,XXX,33.4009
G8418,Calc bmi blw low param f/u,M,0.00,0.00,0.00,XXX,33.4009
G8419,Calc bmi out nrm param nof/u,M,0.00,0.00,0.00,XXX,33.4009
G8420,Calc bmi norm parameters,M,0.00,0.00,0.00,XXX,33.4009
G8421,Bmi not calculated,M,0.00,0.00,0.00,XXX,33.4009
G8427,Docrev cur meds by elig clin,M,0.00,0.00,0.00,XXX,33.4009
G8428,Cur meds not document,M,0.00,0.00,0.00,XXX,33.4009
G8430,Doc med rsn no medrec,M,0.00,0.00,0.00,XXX,33.4009
G8431,Pos clin depres scrn f/u doc,M,0.00,0.00,0.00,XXX,33.4009
G8432,"Dep scr not doc, rng",M,0.00,0.00,0.00,XXX,33.4009
G8433,Scr for dep not cpt doc rsn,M,0.00,0.00,0.00,XXX,33.4009
G8450,Beta-bloc rx pt w/abn lvef,M,0.00,0.00,0.00,XXX,33.4009
G8451,Pt w/abn lvef inelig b-bloc,M,0.00,0.00,0.00,XXX,33.4009
G8452,Pt w/abn lvef b-bloc no rx,M,0.00,0.00,0.00,XXX,33.4009
G8465,High risk recurrence pro ca,M,0.00,0.00,0.00,XXX,33.4009
G8473,Ace/arb thxpy rx'd,M,0.00,0.00,0.00,XXX,33.4009
G8474,Ace/arb not rx'd; doc reas,M,0.00,0.00,0.00,XXX,33.4009
G8475,Ace/arb thxpy not rx'd,M,0.00,0.00,0.00,XXX,33.4009
G8476,Bp sys <140 and dias <90,M,0.00,0.00,0.00,XXX,33.4009
G8477,Bp sys>=140 and/or dias >=90,M,0.00,0.00,0.00,XXX,33.4009
G8478,Bp not performed/doc,M,0.00,0.00,0.00,XXX,33.4009
G8510,"Scr dep neg, no plan reqd",M,0.00,0.00,0.00,XXX,33.4009
G8511,"Scr dep pos, no plan doc rng",M,0.00,0.00,0.00,XXX,33.4009
G8535,Eld maltreatment not doc,M,0.00,0.00,0.00,XXX,33.4009
G8536,No doc elder mal scrn,M,0.00,0.00,0.00,XXX,33.4009
G8539,Doc funct and care plan,M,0.00,0.00,0.00,XXX,33.4009
G8540,Foa not doc as being perf,M,0.00,0.00,0.00,XXX,33.4009
G8541,No doc cur funct assess,M,0.00,0.00,0.00,XXX,33.4009
G8542,Doc funct no deficiencies,M,0.00,0.00,0.00,XXX,33.4009
G8543,Cur funct asses; no care pln,M,0.00,0.00,0.00,XXX,33.4009
G8559,Pt ref doc oto eval,I,0.00,0.00,0.00,XXX,33.4009
G8560,Pt hx act drain prev 90 days,I,0.00,0.00,0.00,XXX,33.4009
G8561,Pt inelig for ref oto eval,I,0.00,0.00,0.00,XXX,33.4009
G8562,Pt no hx act drain 90 d,I,0.00,0.00,0.00,XXX,33.4009
G8563,Pt no ref oto reas no spec,I,0.00,0.00,0.00,XXX,33.4009
G8564,Pt ref oto eval,I,0.00,0.00,0.00,XXX,33.4009
G8565,Ver doc hear loss,I,0.00,0.00,0.00,XXX,33.4009
G8566,Pt inelig ref oto eval,I,0.00,0.00,0.00,XXX,33.4009
G8567,Pt no doc hear loss,I,0.00,0.00,0.00,XXX,33.4009
G8568,Pt no ref otolo no spec,I,0.00,0.00,0.00,XXX,33.4009
G8569,Prol intubation req,M,0.00,0.00,0.00,XXX,33.4009
G8570,No prol intub req,M,0.00,0.00,0.00,XXX,33.4009
G8575,Postop ren fail,M,0.00,0.00,0.00,XXX,33.4009
G8576,No postop ren fail,M,0.00,0.00,0.00,XXX,33.4009
G8577,Reop req bld grft oth,M,0.00,0.00,0.00,XXX,33.4009
G8578,No reop req bld grft oth,M,0.00,0.00,0.00,XXX,33.4009
G8598,Asa/antiplat ther used,M,0.00,0.00,0.00,XXX,33.4009
G8599,No asa/antiplat ther use rng,M,0.00,0.00,0.00,XXX,33.4009
G8600,Tpa initi w/in 4.5 hr,M,0.00,0.00,0.00,XXX,33.4009
G8601,No elig tpa init w/in 4.5 hr,M,0.00,0.00,0.00,XXX,33.4009
G8602,No tpa init w/in 4.5 hr,M,0.00,0.00,0.00,XXX,33.4009
G8633,Pharm ther osteo rx,M,0.00,0.00,0.00,XXX,33.4009
G8635,No pharm ther osteo rx,M,0.00,0.00,0.00,XXX,33.4009
G8647,Rafscrs ki scor >= 0,M,0.00,0.00,0.00,XXX,33.4009
G8648,Rafscrs ki scor < 0,M,0.00,0.00,0.00,XXX,33.4009
G8650,Rafs crs ki no scor no rsn,M,0.00,0.00,0.00,XXX,33.4009
G8651,Rafscrs hi scor >=0,M,0.00,0.00,0.00,XXX,33.4009
G8652,Rafscrs hi scor < 0,M,0.00,0.00,0.00,XXX,33.4009
G8654,Rafs crs hi no scor no surv,M,0.00,0.00,0.00,XXX,33.4009
G8655,Rafscrs llfai scor >= 0,M,0.00,0.00,0.00,XXX,33.4009
G8656,Rafscrs llfai scor < 0,M,0.00,0.00,0.00,XXX,33.4009
G8658,Rafscrs llfai no scor + surv,M,0.00,0.00,0.00,XXX,33.4009
G8659,Rafscrs lbi scor >= 0,M,0.00,0.00,0.00,XXX,33.4009
G8660,Rafscrs lbi scor < 0,M,0.00,0.00,0.00,XXX,33.4009
G8661,Rafscrs lbi no scor,M,0.00,0.00,0.00,XXX,33.4009
G8662,Rafs crs lbi no scor no surv,M,0.00,0.00,0.00,XXX,33.4009
G8663,Rafscrs si scor >= 0,M,0.00,0.00,0.00,XXX,33.4009
G8664,Rafscrs si scor < 0,M,0.00,0.00,0.00,XXX,33.4009
G8666,Rafs crs si no scor no surv,M,0.00,0.00,0.00,XXX,33.4009
G8667,Rafscrs ewh scor >= 0,M,0.00,0.00,0.00,XXX,33.4009
G8668,Rafscrs ewh scor < 0,M,0.00,0.00,0.00,XXX,33.4009
G8670,Rafs crs ewh no scor no surv,M,0.00,0.00,0.00,XXX,33.4009
G8694,Lvef <=40%,M,0.00,0.00,0.00,XXX,33.4009
G8708,Antibiotic not pres,M,0.00,0.00,0.00,XXX,33.4009
G8709,Uri ep compete diag,M,0.00,0.00,0.00,XXX,33.4009
G8710,Pt pres antibiotic,M,0.00,0.00,0.00,XXX,33.4009
G8711,Pres antibx on/within 3 day,M,0.00,0.00,0.00,XXX,33.4009
G8712,Not pres antibiotic,M,0.00,0.00,0.00,XXX,33.4009
G8721,"Pt, pn, hist grade doc",M,0.00,0.00,0.00,XXX,33.4009
G8722,"Med reas pt, pn, not doc",M,0.00,0.00,0.00,XXX,33.4009
G8723,Spec sit not prim tumor,M,0.00,0.00,0.00,XXX,33.4009
G8724,"Pt, pn, hist grade not doc",M,0.00,0.00,0.00,XXX,33.4009
G8733,Doc pos elder mal scrn plan,M,0.00,0.00,0.00,XXX,33.4009
G8734,Doc neg eld req,M,0.00,0.00,0.00,XXX,33.4009
G8735,Eld mal scrn pos no plan,M,0.00,0.00,0.00,XXX,33.4009
G8749,No signs melanoma,M,0.00,0.00,0.00,XXX,33.4009
G8752,Sys bp less 140,M,0.00,0.00,0.00,XXX,33.4009
G8753,Sys bp > or = 140,M,0.00,0.00,0.00,XXX,33.4009
G8754,Dias bp less 90,M,0.00,0.00,0.00,XXX,33.4009
G8755,Dias bp > or = 90,M,0.00,0.00,0.00,XXX,33.4009
G8756,No bp measure doc,M,0.00,0.00,0.00,XXX,33.4009
G8783,Bp scrn perf rec interval,M,0.00,0.00,0.00,XXX,33.4009
G8785,Bp scrn no perf at interval,M,0.00,0.00,0.00,XXX,33.4009
G8797,Specimen site not esophagus,M,0.00,0.00,0.00,XXX,33.4009
G8798,Specimen site not prostate,M,0.00,0.00,0.00,XXX,33.4009
G8806,Perf ultrsnd to lct preg doc,M,0.00,0.00,0.00,XXX,33.4009
G8807,No ta tv ultrasnd,M,0.00,0.00,0.00,XXX,33.4009
G8808,"Ultrasound not perf, rng",M,0.00,0.00,0.00,XXX,33.4009
G8815,Doc reas no statin therapy,M,0.00,0.00,0.00,XXX,33.4009
G8816,Statin med pres at disch,M,0.00,0.00,0.00,XXX,33.4009
G8817,Doc reas no statin med disch,M,0.00,0.00,0.00,XXX,33.4009
G8826,Pt disch home day #2 evar,M,0.00,0.00,0.00,XXX,33.4009
G8833,Pt not disch home day#2 evar,M,0.00,0.00,0.00,XXX,33.4009
G8834,Pt disch home day #2 cea,M,0.00,0.00,0.00,XXX,33.4009
G8838,Not disch home by day #2,M,0.00,0.00,0.00,XXX,33.4009
G8839,Sleep apnea assess,M,0.00,0.00,0.00,XXX,33.4009
G8840,Doc reas no sleep apnea,M,0.00,0.00,0.00,XXX,33.4009
G8841,No sleep apnea assess,M,0.00,0.00,0.00,XXX,33.4009
G8842,Ahi rdi rei doc win 2mo,M,0.00,0.00,0.00,XXX,33.4009
G8843,Doc reas no ahi rdi rei,M,0.00,0.00,0.00,XXX,33.4009
G8844,No ahi rdi rei ini dx no rsn,M,0.00,0.00,0.00,XXX,33.4009
G8845,Pos airway press prescribed,M,0.00,0.00,0.00,XXX,33.4009
G8846,Mod or severe osa,M,0.00,0.00,0.00,XXX,33.4009
G8849,Doc reas no pos air press,M,0.00,0.00,0.00,XXX,33.4009
G8850,No pap prescribed,M,0.00,0.00,0.00,XXX,33.4009
G8851,Adhere tx assess at lst ann,M,0.00,0.00,0.00,XXX,33.4009
G8854,Reas no adhere therapy,M,0.00,0.00,0.00,XXX,33.4009
G8855,Ther not assessed annually,M,0.00,0.00,0.00,XXX,33.4009
G8856,Ref for oto eval,M,0.00,0.00,0.00,XXX,33.4009
G8857,No elig ref for oto eval,M,0.00,0.00,0.00,XXX,33.4009
G8858,Not ref for oto eval,M,0.00,0.00,0.00,XXX,33.4009
G8863,No assess bone loss,M,0.00,0.00,0.00,XXX,33.4009
G8864,Pneumococcal vaccine admin,M,0.00,0.00,0.00,XXX,33.4009
G8865,Doc med reas no pneumococcal,M,0.00,0.00,0.00,XXX,33.4009
G8866,Doc pt reas no pneumococcal,M,0.00,0.00,0.00,XXX,33.4009
G8867,No pneumococcal admin,M,0.00,0.00,0.00,XXX,33.4009
G8869,Doc immune hep b antitnf,M,0.00,0.00,0.00,XXX,33.4009
G8875,Breast cancer dx min invsive,M,0.00,0.00,0.00,XXX,33.4009
G8876,Doc reas no min inv dx,M,0.00,0.00,0.00,XXX,33.4009
G8877,No brst cncr dx min invasive,M,0.00,0.00,0.00,XXX,33.4009
G8878,Sent lymph node biopsy,M,0.00,0.00,0.00,XXX,33.4009
G8880,Sen lym p node biop not perf,M,0.00,0.00,0.00,XXX,33.4009
G8881,Brst cncr stage > t1n0m0,M,0.00,0.00,0.00,XXX,33.4009
G8882,No sent lymph node biopsy,M,0.00,0.00,0.00,XXX,33.4009
G8907,Pt doc no events on discharg,X,0.00,0.00,0.00,XXX,33.4009
G8908,Pt doc w burn prior to d/c,X,0.00,0.00,0.00,XXX,33.4009
G8909,Pt doc no burn prior to d/c,X,0.00,0.00,0.00,XXX,33.4009
G8910,Pt doc to have fall in asc,X,0.00,0.00,0.00,XXX,33.4009
G8911,Pt doc no fall in asc,X,0.00,0.00,0.00,XXX,33.4009
G8912,Pt doc with wrong event,X,0.00,0.00,0.00,XXX,33.4009
G8913,Pt doc no wrong event,X,0.00,0.00,0.00,XXX,33.4009
G8914,Pt trans to hosp post d/c,X,0.00,0.00,0.00,XXX,33.4009
G8915,Pt not trans to hosp at d/c,X,0.00,0.00,0.00,XXX,33.4009
G8916,Pt w iv ab given on time,X,0.00,0.00,0.00,XXX,33.4009
G8917,Pt w iv ab not given on time,X,0.00,0.00,0.00,XXX,33.4009
G8918,Pt w/o preop order iv ab pro,X,0.00,0.00,0.00,XXX,33.4009
G8923,Lvef <= 40% or lvsd,M,0.00,0.00,0.00,XXX,33.4009
G8924,Spir res doc fev1/fvc<70%,M,0.00,0.00,0.00,XXX,33.4009
G8934,Lvef <=40% or dep lv sys fcn,M,0.00,0.00,0.00,XXX,33.4009
G8935,Rx ace or arb therapy,M,0.00,0.00,0.00,XXX,33.4009
G8936,Pt not eligible ace/arb,M,0.00,0.00,0.00,XXX,33.4009
G8937,No rx ace/arb therapy,M,0.00,0.00,0.00,XXX,33.4009
G8942,Doc fcn/care plan w/30 days,M,0.00,0.00,0.00,XXX,33.4009
G8944,Ajcc mel cnr stg 0 - iic,M,0.00,0.00,0.00,XXX,33.4009
G8946,Mibm but no dx of breast ca,M,0.00,0.00,0.00,XXX,33.4009
G8950,"Pre-htn or htn doc, f/u indc",M,0.00,0.00,0.00,XXX,33.4009
G8952,"Pre-htn/htn, no f/u, not gvn",M,0.00,0.00,0.00,XXX,33.4009
G8955,Most recent assess vol mgmt,M,0.00,0.00,0.00,XXX,33.4009
G8956,Pt rcv hedia outpt dyls fac,M,0.00,0.00,0.00,XXX,33.4009
G8958,Assess vol mgmt not doc,M,0.00,0.00,0.00,XXX,33.4009
G8961,Csit lowrisk surg pts preop,M,0.00,0.00,0.00,XXX,33.4009
G8962,Csit on pt any reas 30 days,M,0.00,0.00,0.00,XXX,33.4009
G8967,Warf or other fda drug presc,M,0.00,0.00,0.00,XXX,33.4009
G8968,Doc med not presb,M,0.00,0.00,0.00,XXX,33.4009
G8969,Doc pt rsn no presc warf/fda,M,0.00,0.00,0.00,XXX,33.4009
G8970,No rsk fac or 1 mod risk te,M,0.00,0.00,0.00,XXX,33.4009
G9001,"Mccd, initial rate",X,0.00,0.00,0.00,XXX,33.4009
G9002,"Mccd,maintenance rate",X,0.00,0.00,0.00,XXX,33.4009
G9003,"Mccd, risk adj hi, initial",X,0.00,0.00,0.00,XXX,33.4009
G9004,"Mccd, risk adj lo, initial",X,0.00,0.00,0.00,XXX,33.4009
G9005,"Mccd, risk adj, maintenance",X,0.00,0.00,0.00,XXX,33.4009
G9006,"Mccd, home monitoring",X,0.00,0.00,0.00,XXX,33.4009
G9007,"Mccd, sch team conf",X,0.00,0.00,0.00,XXX,33.4009
G9008,"Mccd,phys coor-care ovrsght",X,0.00,0.00,0.00,XXX,33.4009
G9009,"Mccd, risk adj, level 3",X,0.00,0.00,0.00,XXX,33.4009
G9010,"Mccd, risk adj, level 4",X,0.00,0.00,0.00,XXX,33.4009
G9011,"Mccd, risk adj, level 5",X,0.00,0.00,0.00,XXX,33.4009
G9012,Other specified case mgmt,X,0.00,0.00,0.00,XXX,33.4009
G9013,Esrd demo bundle level i,N,0.00,0.00,0.00,XXX,33.4009
G9014,Esrd demo bundle-level ii,N,0.00,0.00,0.00,XXX,33.4009
G9016,Demo-smoking cessation coun,N,0.00,0.00,0.00,XXX,33.4009
G9050,Oncology work-up evaluation,I,0.00,0.00,0.00,XXX,33.4009
G9051,Oncology tx decision-mgmt,I,0.00,0.00,0.00,XXX,33.4009
G9052,Onc surveillance for disease,I,0.00,0.00,0.00,XXX,33.4009
G9053,Onc expectant management pt,I,0.00,0.00,0.00,XXX,33.4009
G9054,Onc supervision palliative,I,0.00,0.00,0.00,XXX,33.4009
G9055,Onc visit unspecified nos,I,0.00,0.00,0.00,XXX,33.4009
G9056,Onc prac mgmt adheres guide,I,0.00,0.00,0.00,XXX,33.4009
G9057,Onc pract mgmt differs trial,I,0.00,0.00,0.00,XXX,33.4009
G9058,Onc prac mgmt disagree w/gui,I,0.00,0.00,0.00,XXX,33.4009
G9059,Onc prac mgmt pt opt alterna,I,0.00,0.00,0.00,XXX,33.4009
G9060,Onc prac mgmt dif pt comorb,I,0.00,0.00,0.00,XXX,33.4009
G9061,Onc prac cond noadd by guide,I,0.00,0.00,0.00,XXX,33.4009
G9062,Onc prac guide differs nos,I,0.00,0.00,0.00,XXX,33.4009
G9063,Onc dx nsclc stgi no progres,M,0.00,0.00,0.00,XXX,33.4009
G9064,Onc dx nsclc stg2 no progres,M,0.00,0.00,0.00,XXX,33.4009
G9065,Onc dx nsclc stg3a no progre,M,0.00,0.00,0.00,XXX,33.4009
G9066,Onc dx nsclc stg3b-4 metasta,M,0.00,0.00,0.00,XXX,33.4009
G9067,Onc dx nsclc dx unknown nos,M,0.00,0.00,0.00,XXX,33.4009
G9068,Onc dx sclc/nsclc limited,M,0.00,0.00,0.00,XXX,33.4009
G9069,Onc dx sclc/nsclc ext at dx,M,0.00,0.00,0.00,XXX,33.4009
G9070,Onc dx sclc/nsclc ext unknwn,M,0.00,0.00,0.00,XXX,33.4009
G9071,"Onc dx brst stg1-2b hr,nopro",M,0.00,0.00,0.00,XXX,33.4009
G9072,Onc dx brst stg1-2 noprogres,M,0.00,0.00,0.00,XXX,33.4009
G9073,"Onc dx brst stg3-hr, no pro",M,0.00,0.00,0.00,XXX,33.4009
G9074,Onc dx brst stg3-noprogress,M,0.00,0.00,0.00,XXX,33.4009
G9075,Onc dx brst metastic/ recur,M,0.00,0.00,0.00,XXX,33.4009
G9077,Onc dx prostate t1no progres,M,0.00,0.00,0.00,XXX,33.4009
G9078,Onc dx prostate t2no progres,M,0.00,0.00,0.00,XXX,33.4009
G9079,Onc dx prostate t3b-t4noprog,M,0.00,0.00,0.00,XXX,33.4009
G9080,Onc dx prostate w/rise psa,M,0.00,0.00,0.00,XXX,33.4009
G9083,Onc dx prostate unknwn nos,M,0.00,0.00,0.00,XXX,33.4009
G9084,"Onc dx colon t1-3,n1-2,no pr",M,0.00,0.00,0.00,XXX,33.4009
G9085,"Onc dx colon t4, n0 w/o prog",M,0.00,0.00,0.00,XXX,33.4009
G9086,Onc dx colon t1-4 no dx prog,M,0.00,0.00,0.00,XXX,33.4009
G9087,Onc dx colon metas evid dx,M,0.00,0.00,0.00,XXX,33.4009
G9088,Onc dx colon metas noevid dx,M,0.00,0.00,0.00,XXX,33.4009
G9089,Onc dx colon extent unknown,M,0.00,0.00,0.00,XXX,33.4009
G9090,Onc dx rectal t1-2 no progr,M,0.00,0.00,0.00,XXX,33.4009
G9091,Onc dx rectal t3 n0 no prog,M,0.00,0.00,0.00,XXX,33.4009
G9092,"Onc dx rectal t1-3,n1-2noprg",M,0.00,0.00,0.00,XXX,33.4009
G9093,"Onc dx rectal t4,n,m0 no prg",M,0.00,0.00,0.00,XXX,33.4009
G9094,Onc dx rectal m1 w/mets prog,M,0.00,0.00,0.00,XXX,33.4009
G9095,Onc dx rectal extent unknwn,M,0.00,0.00,0.00,XXX,33.4009
G9096,Onc dx esophag t1-t3 noprog,M,0.00,0.00,0.00,XXX,33.4009
G9097,Onc dx esophageal t4 no prog,M,0.00,0.00,0.00,XXX,33.4009
G9098,Onc dx esophageal mets recur,M,0.00,0.00,0.00,XXX,33.4009
G9099,Onc dx esophageal unknown,M,0.00,0.00,0.00,XXX,33.4009
G9100,Onc dx gastric no recurrence,M,0.00,0.00,0.00,XXX,33.4009
G9101,Onc dx gastric p r1-r2noprog,M,0.00,0.00,0.00,XXX,33.4009
G9102,Onc dx gastric unresectable,M,0.00,0.00,0.00,XXX,33.4009
G9103,Onc dx gastric recurrent,M,0.00,0.00,0.00,XXX,33.4009
G9104,Onc dx gastric unknown nos,M,0.00,0.00,0.00,XXX,33.4009
G9105,Onc dx pancreatc p r0 res no,M,0.00,0.00,0.00,XXX,33.4009
G9106,Onc dx pancreatc p r1/r2 no,M,0.00,0.00,0.00,XXX,33.4009
G9107,Onc dx pancreatic unresectab,M,0.00,0.00,0.00,XXX,33.4009
G9108,Onc dx pancreatic unknwn nos,M,0.00,0.00,0.00,XXX,33.4009
G9109,Onc dx head/neck t1-t2no prg,M,0.00,0.00,0.00,XXX,33.4009
G9110,Onc dx head/neck t3-4 noprog,M,0.00,0.00,0.00,XXX,33.4009
G9111,Onc dx head/neck m1 mets rec,M,0.00,0.00,0.00,XXX,33.4009
G9112,Onc dx head/neck ext unknown,M,0.00,0.00,0.00,XXX,33.4009
G9113,Onc dx ovarian stg1a-b no pr,M,0.00,0.00,0.00,XXX,33.4009
G9114,Onc dx ovarian stg1a-b or 2,M,0.00,0.00,0.00,XXX,33.4009
G9115,Onc dx ovarian stg3/4 noprog,M,0.00,0.00,0.00,XXX,33.4009
G9116,Onc dx ovarian recurrence,M,0.00,0.00,0.00,XXX,33.4009
G9117,Onc dx ovarian unknown nos,M,0.00,0.00,0.00,XXX,33.4009
G9123,Onc dx cml chronic phase,M,0.00,0.00,0.00,XXX,33.4009
G9124,Onc dx cml acceler phase,M,0.00,0.00,0.00,XXX,33.4009
G9125,Onc dx cml blast phase,M,0.00,0.00,0.00,XXX,33.4009
G9126,Onc dx cml remission,M,0.00,0.00,0.00,XXX,33.4009
G9128,Onc dx multi myeloma stage i,M,0.00,0.00,0.00,XXX,33.4009
G9129,Onc dx mult myeloma stg2 hig,M,0.00,0.00,0.00,XXX,33.4009
G9130,Onc dx multi myeloma unknown,M,0.00,0.00,0.00,XXX,33.4009
G9131,Onc dx brst unknown nos,M,0.00,0.00,0.00,XXX,33.4009
G9132,Onc dx prostate mets no cast,M,0.00,0.00,0.00,XXX,33.4009
G9133,Onc dx prostate clinical met,M,0.00,0.00,0.00,XXX,33.4009
G9134,Onc nhlstg 1-2 no relap no,M,0.00,0.00,0.00,XXX,33.4009
G9135,Onc dx nhl stg 3-4 not relap,M,0.00,0.00,0.00,XXX,33.4009
G9136,Onc dx nhl trans to lg bcell,M,0.00,0.00,0.00,XXX,33.4009
G9137,Onc dx nhl relapse/refractor,M,0.00,0.00,0.00,XXX,33.4009
G9138,Onc dx nhl stg unknown,M,0.00,0.00,0.00,XXX,33.4009
G9139,Onc dx cml dx status unknown,M,0.00,0.00,0.00,XXX,33.4009
G9140,Frontier extended stay demo,X,0.00,0.00,0.00,XXX,33.4009
G9143,Warfarin respon genetic test,X,0.00,0.00,0.00,XXX,33.4009
G9147,Outpt iv insulin tx any mea,N,0.00,0.00,0.00,XXX,33.4009
G9148,Medical home level 1,R,0.00,0.00,0.00,XXX,33.4009
G9149,Medical home level ii,R,0.00,0.00,0.00,XXX,33.4009
G9150,Medical home level iii,R,0.00,0.00,0.00,XXX,33.4009
G9151,Mapcp demo state,R,0.00,0.00,0.00,XXX,33.4009
G9152,Mapcp demo community,R,0.00,0.00,0.00,XXX,33.4009
G9153,Mapcp demo physician,R,0.00,0.00,0.00,XXX,33.4009
G9156,Evaluation for wheelchair,R,0.00,0.00,0.00,XXX,33.4009
G9157,Transesoph doppl cardiac mon,A,2.15,0.32,0.18,XXX,33.4009
G9187,Bpci home visit,A,0.18,1.32,0.03,XXX,33.4009
G9188,Beta not given no reason,M,0.00,0.00,0.00,XXX,33.4009
G9189,Beta pres or already taking,M,0.00,0.00,0.00,XXX,33.4009
G9190,Medical reason for no beta,M,0.00,0.00,0.00,XXX,33.4009
G9191,Pt reason for no beta,M,0.00,0.00,0.00,XXX,33.4009
G9212,Doc of dsm-iv init eval,M,0.00,0.00,0.00,XXX,33.4009
G9213,No doc of dsm-iv,M,0.00,0.00,0.00,XXX,33.4009
G9223,Pjp proph ordered cd4 low,M,0.00,0.00,0.00,XXX,33.4009
G9225,Norsn no foot exam,M,0.00,0.00,0.00,XXX,33.4009
G9226,3 comp foot exam completed,M,0.00,0.00,0.00,XXX,33.4009
G9227,"Foa doc, care plan not doc",M,0.00,0.00,0.00,XXX,33.4009
G9228,Gc chl syp documented,M,0.00,0.00,0.00,XXX,33.4009
G9230,Norsn for gc chl syp test,M,0.00,0.00,0.00,XXX,33.4009
G9231,Doc esrd dia trans preg,M,0.00,0.00,0.00,XXX,33.4009
G9242,Doc viral load >=200,M,0.00,0.00,0.00,XXX,33.4009
G9243,Doc viral load <200,M,0.00,0.00,0.00,XXX,33.4009
G9246,No enc or enc/vir ld 90days,M,0.00,0.00,0.00,XXX,33.4009
G9247,2 enc enc/vir ld 90d,M,0.00,0.00,0.00,XXX,33.4009
G9254,Doc pt dischg >2d,M,0.00,0.00,0.00,XXX,33.4009
G9255,Pt dc home 2nd po day,M,0.00,0.00,0.00,XXX,33.4009
G9273,Sys<140 and dia<90,M,0.00,0.00,0.00,XXX,33.4009
G9274,Bp out of nrml limits,M,0.00,0.00,0.00,XXX,33.4009
G9275,Doc of non tobacco user,M,0.00,0.00,0.00,XXX,33.4009
G9276,Doc of tobacco user,M,0.00,0.00,0.00,XXX,33.4009
G9277,Doc daily aspirin or contra,M,0.00,0.00,0.00,XXX,33.4009
G9278,Doc no daily aspirin,M,0.00,0.00,0.00,XXX,33.4009
G9279,Pne scrn done doc vac done,M,0.00,0.00,0.00,XXX,33.4009
G9280,Pne not given norsn,M,0.00,0.00,0.00,XXX,33.4009
G9281,Pne scrn done doc not ind,M,0.00,0.00,0.00,XXX,33.4009
G9282,Doc medrsn no histo type,M,0.00,0.00,0.00,XXX,33.4009
G9283,Hist type doc on report,M,0.00,0.00,0.00,XXX,33.4009
G9284,No hist type doc on report,M,0.00,0.00,0.00,XXX,33.4009
G9285,Site not small cell lung ca,M,0.00,0.00,0.00,XXX,33.4009
G9286,Antibio rx w in 10d of sympt,M,0.00,0.00,0.00,XXX,33.4009
G9287,No antibio w in 10d of sympt,M,0.00,0.00,0.00,XXX,33.4009
G9288,Doc medrsn no hist type rpt,M,0.00,0.00,0.00,XXX,33.4009
G9289,Doc type nsm lung ca,M,0.00,0.00,0.00,XXX,33.4009
G9290,No doc type nsm lung ca,M,0.00,0.00,0.00,XXX,33.4009
G9291,Not nsm lung ca,M,0.00,0.00,0.00,XXX,33.4009
G9292,Medrsn no pt category,M,0.00,0.00,0.00,XXX,33.4009
G9293,No pt category on report,M,0.00,0.00,0.00,XXX,33.4009
G9294,Pt cat and thck on report,M,0.00,0.00,0.00,XXX,33.4009
G9295,Non cutaneous loc,M,0.00,0.00,0.00,XXX,33.4009
G9296,Doc share dec prior proc,M,0.00,0.00,0.00,XXX,33.4009
G9297,No doc share dec prior proc,M,0.00,0.00,0.00,XXX,33.4009
G9298,Eval risk vte card 30d prior,M,0.00,0.00,0.00,XXX,33.4009
G9299,No eval risk vte card prior,M,0.00,0.00,0.00,XXX,33.4009
G9305,No interv req for leak,M,0.00,0.00,0.00,XXX,33.4009
G9306,Interv req for leak,M,0.00,0.00,0.00,XXX,33.4009
G9307,No ret for surg w in 30d,M,0.00,0.00,0.00,XXX,33.4009
G9308,Unpl ret or w/compl w/in 30d,M,0.00,0.00,0.00,XXX,33.4009
G9309,No unplnd hosp readm in 30d,M,0.00,0.00,0.00,XXX,33.4009
G9310,Unplnd hosp readm in 30d,M,0.00,0.00,0.00,XXX,33.4009
G9311,No surg site infection,M,0.00,0.00,0.00,XXX,33.4009
G9312,Surgical site infection,M,0.00,0.00,0.00,XXX,33.4009
G9313,Amoxic not presc as 1st line,M,0.00,0.00,0.00,XXX,33.4009
G9314,Norsn not first line amox,M,0.00,0.00,0.00,XXX,33.4009
G9315,Amox w/wo clav rx,M,0.00,0.00,0.00,XXX,33.4009
G9316,Doc comm risk calc,M,0.00,0.00,0.00,XXX,33.4009
G9317,No doc comm risk calc,M,0.00,0.00,0.00,XXX,33.4009
G9318,Image std nomenclature,M,0.00,0.00,0.00,XXX,33.4009
G9319,Image not std nomenclature,M,0.00,0.00,0.00,XXX,33.4009
G9321,Prev ct nuc med cnt doc 12mo,M,0.00,0.00,0.00,XXX,33.4009
G9322,No cnt ct nuc med doc 12mo,M,0.00,0.00,0.00,XXX,33.4009
G9341,Srch for ct w in 12 mos,M,0.00,0.00,0.00,XXX,33.4009
G9342,No srch for ct in 12mo norsn,M,0.00,0.00,0.00,XXX,33.4009
G9344,Sysrsn no dicom srch,M,0.00,0.00,0.00,XXX,33.4009
G9345,Follow up pulm nod,M,0.00,0.00,0.00,XXX,33.4009
G9347,No follow up pulm nod norsn,M,0.00,0.00,0.00,XXX,33.4009
G9351,Doc >1 sinus ct w 90d dx,M,0.00,0.00,0.00,XXX,33.4009
G9352,Not >1 sinus ct w 90d dx,M,0.00,0.00,0.00,XXX,33.4009
G9353,Medrsn >1 sinus ct w 90d dx,M,0.00,0.00,0.00,XXX,33.4009
G9354,1 or no ct sinus w/in 90d dx,M,0.00,0.00,0.00,XXX,33.4009
G9355,No early ind/delivery,M,0.00,0.00,0.00,XXX,33.4009
G9356,Early ind/delivery,M,0.00,0.00,0.00,XXX,33.4009
G9357,Pp eval/edu perf,M,0.00,0.00,0.00,XXX,33.4009
G9358,Pp eval/edu not perf,M,0.00,0.00,0.00,XXX,33.4009
G9361,Doc rsn elect c-sec/induct,M,0.00,0.00,0.00,XXX,33.4009
G9364,Sinus caus bac inx,M,0.00,0.00,0.00,XXX,33.4009
G9367,>= 2 same hi-rsk med ord,M,0.00,0.00,0.00,XXX,33.4009
G9368,>= 2 same hi-rsk med not ord,M,0.00,0.00,0.00,XXX,33.4009
G9380,Off assis eol iss,M,0.00,0.00,0.00,XXX,33.4009
G9382,No off assis eol,M,0.00,0.00,0.00,XXX,33.4009
G9383,Recd scrn hcv infec,M,0.00,0.00,0.00,XXX,33.4009
G9384,Doc med rsn no hcv scrn,M,0.00,0.00,0.00,XXX,33.4009
G9385,Doc pt reas not rec hcv srn,M,0.00,0.00,0.00,XXX,33.4009
G9386,Scrn hcv infec not recd,M,0.00,0.00,0.00,XXX,33.4009
G9393,Ini phq9 >9 remiss <5,M,0.00,0.00,0.00,XXX,33.4009
G9394,"Dx bipol, death, nhres, hosp",M,0.00,0.00,0.00,XXX,33.4009
G9395,Ini phq9 >9 no remiss >=5,M,0.00,0.00,0.00,XXX,33.4009
G9396,Ini phq9 >9 not assess,M,0.00,0.00,0.00,XXX,33.4009
G9408,Card tamp w/in 30d,M,0.00,0.00,0.00,XXX,33.4009
G9409,No card tamp e/in 30d,M,0.00,0.00,0.00,XXX,33.4009
G9410,Admit w/in 180d req remov,M,0.00,0.00,0.00,XXX,33.4009
G9411,No admit w/in 180d req remov,M,0.00,0.00,0.00,XXX,33.4009
G9412,Admit w/in 180d req surg rev,M,0.00,0.00,0.00,XXX,33.4009
G9413,No admit req surg rev,M,0.00,0.00,0.00,XXX,33.4009
G9414,1dose menig vac btwn 10 & 13,M,0.00,0.00,0.00,XXX,33.4009
G9415,No 1dose meni vac btwn 10&13,M,0.00,0.00,0.00,XXX,33.4009
G9416,Pt 1 tdap betw 10-13 yrs,M,0.00,0.00,0.00,XXX,33.4009
G9417,Pt not 1 tdap betw 10-13 yrs,M,0.00,0.00,0.00,XXX,33.4009
G9418,Lungcx bx rpt docs class,M,0.00,0.00,0.00,XXX,33.4009
G9419,Med reas not incl histo type,M,0.00,0.00,0.00,XXX,33.4009
G9420,Spec site no lung,M,0.00,0.00,0.00,XXX,33.4009
G9421,Lung cx bx rpt no doc class,M,0.00,0.00,0.00,XXX,33.4009
G9422,Rpt doc class histo type,M,0.00,0.00,0.00,XXX,33.4009
G9423,Med reas rpt no histo type,M,0.00,0.00,0.00,XXX,33.4009
G9424,Site no lung or lung cx,M,0.00,0.00,0.00,XXX,33.4009
G9425,Spec rpt no doc class histo,M,0.00,0.00,0.00,XXX,33.4009
G9426,Impr med time edarr pain med,M,0.00,0.00,0.00,XXX,33.4009
G9427,No impro med time pain med,M,0.00,0.00,0.00,XXX,33.4009
G9428,Patho rpt incl pt ctg,M,0.00,0.00,0.00,XXX,33.4009
G9429,Doc med rsn no pt cat,M,0.00,0.00,0.00,XXX,33.4009
G9430,Spec site no cutaneous,M,0.00,0.00,0.00,XXX,33.4009
G9431,Patho rpt no pt ctg,M,0.00,0.00,0.00,XXX,33.4009
G9432,Asth controlled,M,0.00,0.00,0.00,XXX,33.4009
G9434,Asth not controlled,M,0.00,0.00,0.00,XXX,33.4009
G9452,Doc med reas no hcv test,M,0.00,0.00,0.00,XXX,33.4009
G9455,"Abd imag w/us, ct or mri",M,0.00,0.00,0.00,XXX,33.4009
G9456,Doc med pt reas no hcc scrn,M,0.00,0.00,0.00,XXX,33.4009
G9457,Pt no abd img no doc rsn,M,0.00,0.00,0.00,XXX,33.4009
G9468,No recd cortico>=10mg/d >60d,M,0.00,0.00,0.00,XXX,33.4009
G9470,No rec cortico>60d 1rx 600mg,M,0.00,0.00,0.00,XXX,33.4009
G9471,W/in 2yr dxa not order,M,0.00,0.00,0.00,XXX,33.4009
G9473,Chap services at hospice,X,0.00,0.00,0.00,XXX,33.4009
G9474,Diet counsel at hospice,X,0.00,0.00,0.00,XXX,33.4009
G9475,Other counselor at hospice,X,0.00,0.00,0.00,XXX,33.4009
G9476,Volun service at hospice,X,0.00,0.00,0.00,XXX,33.4009
G9477,Care coord at hospice,X,0.00,0.00,0.00,XXX,33.4009
G9478,Othe therapist at hospice,X,0.00,0.00,0.00,XXX,33.4009
G9479,Pharmacist at hospice,X,0.00,0.00,0.00,XXX,33.4009
G9480,Admission to mccm,X,0.00,0.00,0.00,XXX,33.4009
G9481,Remote e/m new pt 10mins,A,0.48,0.00,0.06,XXX,33.4009
G9482,Remote e/m new pt 20mins,A,0.93,0.00,0.07,XXX,33.4009
G9483,Remote e/m new pt 30mins,A,1.42,0.00,0.16,XXX,33.4009
G9484,Remote e/m new pt 45mins,A,2.43,0.00,0.24,XXX,33.4009
G9485,Remote e/m new pt 60mins,A,3.17,0.00,0.36,XXX,33.4009
G9486,Remote e/m est. pt 10mins,A,0.48,0.00,0.06,XXX,33.4009
G9487,Remote e/m est. pt 15mins,A,0.97,0.00,0.09,XXX,33.4009
G9488,Remote e/m est. pt 25mins,A,1.50,0.00,0.14,XXX,33.4009
G9489,Remote e/m est. pt 40mins,A,2.11,0.00,0.21,XXX,33.4009
G9490,Cmmi mod home visit,A,0.18,1.32,0.03,XXX,33.4009
G9497,Rec inst no smoke day surg,M,0.00,0.00,0.00,XXX,33.4009
G9498,Abx reg prescribed,M,0.00,0.00,0.00,XXX,33.4009
G9500,Rad expos ind/exp tm doc,M,0.00,0.00,0.00,XXX,33.4009
G9501,Rad expos ind/exp tm no doc,M,0.00,0.00,0.00,XXX,33.4009
G9502,Med reas no perf foot exam,M,0.00,0.00,0.00,XXX,33.4009
G9504,Doc rsn hep b stat not asses,M,0.00,0.00,0.00,XXX,33.4009
G9505,Abx pres w/in 10 dys of symp,M,0.00,0.00,0.00,XXX,33.4009
G9507,Doc reas on statin or contra,M,0.00,0.00,0.00,XXX,33.4009
G9508,Doc pt not on statin,M,0.00,0.00,0.00,XXX,33.4009
G9509,Adit mdd dys rem 12 mnths,M,0.00,0.00,0.00,XXX,33.4009
G9510,Remis12m not phq-9 score <5,M,0.00,0.00,0.00,XXX,33.4009
G9511,Idx evt dte phq>9 doc 12 mo,M,0.00,0.00,0.00,XXX,33.4009
G9512,Indiv pdc > 0.8,M,0.00,0.00,0.00,XXX,33.4009
G9513,Indiv pdc not > 0.8,M,0.00,0.00,0.00,XXX,33.4009
G9514,Req ret or w/in 90d of surg,M,0.00,0.00,0.00,XXX,33.4009
G9515,"No reas, no ret or w/in 90d",M,0.00,0.00,0.00,XXX,33.4009
G9516,Impr vis acuit w/in 90d,M,0.00,0.00,0.00,XXX,33.4009
G9517,No impr vis acuit w/in 90d,M,0.00,0.00,0.00,XXX,33.4009
G9518,Doc active inj drug use,M,0.00,0.00,0.00,XXX,33.4009
G9519,Final ref +/- 1.0 w/in 90d,M,0.00,0.00,0.00,XXX,33.4009
G9520,Refract not +/- 1.0 w/in 90d,M,0.00,0.00,0.00,XXX,33.4009
G9521,Er and ip hosp <2 in 12 mos,M,0.00,0.00,0.00,XXX,33.4009
G9522,Er/ip hosp =/>2 in 12 mos,M,0.00,0.00,0.00,XXX,33.4009
G9529,Minor blunt trauma w/head ct,M,0.00,0.00,0.00,XXX,33.4009
G9530,Pt mbht hd ct ord ec prov,M,0.00,0.00,0.00,XXX,33.4009
G9531,Pt doc,M,0.00,0.00,0.00,XXX,33.4009
G9533,Indic for head ct not valid,M,0.00,0.00,0.00,XXX,33.4009
G9537,Img hd clin trial,M,0.00,0.00,0.00,XXX,33.4009
G9539,Intent pot remv time placemt,M,0.00,0.00,0.00,XXX,33.4009
G9540,Pt alive 3 mos post proc,M,0.00,0.00,0.00,XXX,33.4009
G9541,Filter rem 3 mon plmt,M,0.00,0.00,0.00,XXX,33.4009
G9542,Doc reass appr remo filt 3ms,M,0.00,0.00,0.00,XXX,33.4009
G9543,Doc 2x re-assess filt remov,M,0.00,0.00,0.00,XXX,33.4009
G9544,No filt remov w/in 3mos plcm,M,0.00,0.00,0.00,XXX,33.4009
G9547,Cys ren les or adren,M,0.00,0.00,0.00,XXX,33.4009
G9548,No f/u rec image study,M,0.00,0.00,0.00,XXX,33.4009
G9549,Doc med rsn for f/u imag,M,0.00,0.00,0.00,XXX,33.4009
G9550,Imag rec,M,0.00,0.00,0.00,XXX,33.4009
G9551,Imag no les,M,0.00,0.00,0.00,XXX,33.4009
G9552,Inc thyr node <1.0 in rpt,M,0.00,0.00,0.00,XXX,33.4009
G9553,Prior thyroid dise dx,M,0.00,0.00,0.00,XXX,33.4009
G9554,Ct/cta/mri/a chst foll rec,M,0.00,0.00,0.00,XXX,33.4009
G9555,Doc med rsn for follup image,M,0.00,0.00,0.00,XXX,33.4009
G9556,Ct/cta/mri/a no follup imag,M,0.00,0.00,0.00,XXX,33.4009
G9557,Ct/cta/mri/a no thyr <1.0cm,M,0.00,0.00,0.00,XXX,33.4009
G9580,Door to punc time <2hrs,M,0.00,0.00,0.00,XXX,33.4009
G9582,"Door to punc time >2hr, nrg",M,0.00,0.00,0.00,XXX,33.4009
G9593,Low pecarn ped head trauma,M,0.00,0.00,0.00,XXX,33.4009
G9594,Pt mbht hd ct ord ec prov,M,0.00,0.00,0.00,XXX,33.4009
G9595,Doc shnt/tum/coag,M,0.00,0.00,0.00,XXX,33.4009
G9597,No low pecarn ped head traum,M,0.00,0.00,0.00,XXX,33.4009
G9598,Aor ane 5.5-5.9 cm max diam,M,0.00,0.00,0.00,XXX,33.4009
G9599,Aor ane >=6.0 cm max diam,M,0.00,0.00,0.00,XXX,33.4009
G9603,Pt surv improv bsline tx,M,0.00,0.00,0.00,XXX,33.4009
G9605,Surv score no improv w/tx,M,0.00,0.00,0.00,XXX,33.4009
G9606,Intraop cyst eval trac inj,M,0.00,0.00,0.00,XXX,33.4009
G9607,Doc med rsn not perf cystosc,M,0.00,0.00,0.00,XXX,33.4009
G9608,Intraop cyst eval not done,M,0.00,0.00,0.00,XXX,33.4009
G9609,Doc order anti-plat,M,0.00,0.00,0.00,XXX,33.4009
G9610,Doc md rsn no antipla,M,0.00,0.00,0.00,XXX,33.4009
G9611,No doc order anti-plat rng,M,0.00,0.00,0.00,XXX,33.4009
G9621,Scr unheal etoh w/counsel,M,0.00,0.00,0.00,XXX,33.4009
G9622,No unheal etoh user,M,0.00,0.00,0.00,XXX,33.4009
G9624,Pt not scrn or no counseling,M,0.00,0.00,0.00,XXX,33.4009
G9625,Pt bl srg 30 day pst srg,M,0.00,0.00,0.00,XXX,33.4009
G9626,Med rsn no rpt bladder inj,M,0.00,0.00,0.00,XXX,33.4009
G9627,Pt no bl srg 30 day pst srg,M,0.00,0.00,0.00,XXX,33.4009
G9628,Pt bwli srg 30 day pst srg,M,0.00,0.00,0.00,XXX,33.4009
G9629,Med rsn no rpt bowel inj,M,0.00,0.00,0.00,XXX,33.4009
G9630,Pt no bwli srg 30 day srg,M,0.00,0.00,0.00,XXX,33.4009
G9637,Doc >1 dose reduc tech,M,0.00,0.00,0.00,XXX,33.4009
G9638,No doc >1 dose reduc tech,M,0.00,0.00,0.00,XXX,33.4009
G9642,Current smoker,M,0.00,0.00,0.00,XXX,33.4009
G9643,Elective surgery,M,0.00,0.00,0.00,XXX,33.4009
G9644,No smok b/4 anes day of surg,M,0.00,0.00,0.00,XXX,33.4009
G9645,Had smoke b/4 anes day surg,M,0.00,0.00,0.00,XXX,33.4009
G9646,Pt w/90d mrs 0-2,M,0.00,0.00,0.00,XXX,33.4009
G9648,Pt w/90d mrs >2,M,0.00,0.00,0.00,XXX,33.4009
G9649,Psor as doc spc bm,M,0.00,0.00,0.00,XXX,33.4009
G9651,Psor as doc no spc bm,M,0.00,0.00,0.00,XXX,33.4009
G9654,Mon anesth care,M,0.00,0.00,0.00,XXX,33.4009
G9655,Toc tool incl key elem,M,0.00,0.00,0.00,XXX,33.4009
G9656,Pt trans from anest to pacu,M,0.00,0.00,0.00,XXX,33.4009
G9658,Toc tool incl elem not used,M,0.00,0.00,0.00,XXX,33.4009
G9659,>=86y scr colo nomed rsn,M,0.00,0.00,0.00,XXX,33.4009
G9660,Doc med rsn colo pt >= 86y,M,0.00,0.00,0.00,XXX,33.4009
G9661,Pt >= 86  w/ hi risk,M,0.00,0.00,0.00,XXX,33.4009
G9662,Prior dx/active clin ascvd,M,0.00,0.00,0.00,XXX,33.4009
G9663,Fast/dir ldl >= 190 mg/dl,M,0.00,0.00,0.00,XXX,33.4009
G9664,Taking statin or rec'd order,M,0.00,0.00,0.00,XXX,33.4009
G9665,No statin/no order statin,M,0.00,0.00,0.00,XXX,33.4009
G9674,Pt w/clin ascvd dx,M,0.00,0.00,0.00,XXX,33.4009
G9675,Pt w/fast/dir lab ldl-c >190,M,0.00,0.00,0.00,XXX,33.4009
G9676,40-75y w/type 1/2 w/ldl-c rs,M,0.00,0.00,0.00,XXX,33.4009
G9679,Acute care pneumonia,X,0.00,0.00,0.00,XXX,33.4009
G9680,Acute care congestive heart,X,0.00,0.00,0.00,XXX,33.4009
G9681,Acute care chronic obstruct,X,0.00,0.00,0.00,XXX,33.4009
G9682,Acute care skin infection,X,0.00,0.00,0.00,XXX,33.4009
G9683,Acute fluid/electro disorder,X,0.00,0.00,0.00,XXX,33.4009
G9684,Acute care urinary tract inf,X,0.00,0.00,0.00,XXX,33.4009
G9685,Acute nursing facility care,A,3.50,0.90,0.29,XXX,33.4009
G9687,Hospice anytime msmt per,M,0.00,0.00,0.00,XXX,33.4009
G9688,Pt w/hosp anytime msmt per,M,0.00,0.00,0.00,XXX,33.4009
G9689,Inpt elect carotid intervent,M,0.00,0.00,0.00,XXX,33.4009
G9690,Pt in hos,M,0.00,0.00,0.00,XXX,33.4009
G9691,Pt hosp dur msmt period,M,0.00,0.00,0.00,XXX,33.4009
G9692,Hosp recd by pt dur msmt per,M,0.00,0.00,0.00,XXX,33.4009
G9693,Pt use hosp during msmt per,M,0.00,0.00,0.00,XXX,33.4009
G9694,Hosp srv used pt in msmt per,M,0.00,0.00,0.00,XXX,33.4009
G9695,Long act inhal bronchdil pre,M,0.00,0.00,0.00,XXX,33.4009
G9696,Med rsn no presc bronchdil,M,0.00,0.00,0.00,XXX,33.4009
G9698,Sys rsn no presc bronchdil,M,0.00,0.00,0.00,XXX,33.4009
G9699,Long inhal bronchdil no pres,M,0.00,0.00,0.00,XXX,33.4009
G9700,Pt is w/hosp during msmt per,M,0.00,0.00,0.00,XXX,33.4009
G9702,Pt use hosp during msmt per,M,0.00,0.00,0.00,XXX,33.4009
G9703,Anbx 30 prior to episode,M,0.00,0.00,0.00,XXX,33.4009
G9704,Ajcc br ca stg i: t1 mic/t1a,M,0.00,0.00,0.00,XXX,33.4009
G9705,Ajcc br ca stg ib,M,0.00,0.00,0.00,XXX,33.4009
G9706,Low recur prost ca,M,0.00,0.00,0.00,XXX,33.4009
G9708,Bilat mast/hx bi /unilat mas,M,0.00,0.00,0.00,XXX,33.4009
G9709,Hosp srv used pt in msmt per,M,0.00,0.00,0.00,XXX,33.4009
G9710,Pt prov hosp srv msmt per,M,0.00,0.00,0.00,XXX,33.4009
G9711,Pt hx tot col or colon ca,M,0.00,0.00,0.00,XXX,33.4009
G9712,Doc med rsn presc anbx,M,0.00,0.00,0.00,XXX,33.4009
G9713,Pt use hosp during msmt per,M,0.00,0.00,0.00,XXX,33.4009
G9714,Pt is w/hosp during msmt per,M,0.00,0.00,0.00,XXX,33.4009
G9716,Bmi doc onl fup not cmpltd,M,0.00,0.00,0.00,XXX,33.4009
G9717,Doc pt dx bipol,M,0.00,0.00,0.00,XXX,33.4009
G9719,Pt not ambul/immob/wc,M,0.00,0.00,0.00,XXX,33.4009
G9720,Hospice anytime msmt per,M,0.00,0.00,0.00,XXX,33.4009
G9721,Pt not ambul/immob/wc,M,0.00,0.00,0.00,XXX,33.4009
G9722,Doc hx renal fail or cr+ >=4,M,0.00,0.00,0.00,XXX,33.4009
G9723,Hosp recd by pt dur msmt per,M,0.00,0.00,0.00,XXX,33.4009
G9724,Pt w/doc use anticoag mst yr,M,0.00,0.00,0.00,XXX,33.4009
G9726,Refused to participate,M,0.00,0.00,0.00,XXX,33.4009
G9727,Pt unable cmplt lepf prom,M,0.00,0.00,0.00,XXX,33.4009
G9728,Refused to participate,M,0.00,0.00,0.00,XXX,33.4009
G9729,Pt unbl cmplt lepf prom,M,0.00,0.00,0.00,XXX,33.4009
G9730,Refused to participate,M,0.00,0.00,0.00,XXX,33.4009
G9731,Pt unbl cmplt lepf prom,M,0.00,0.00,0.00,XXX,33.4009
G9732,Refused to participate,M,0.00,0.00,0.00,XXX,33.4009
G9733,Pt unbl cmplt lb fs prom,M,0.00,0.00,0.00,XXX,33.4009
G9734,Refused to participate,M,0.00,0.00,0.00,XXX,33.4009
G9735,Pt unbl cmplt shld fs prom,M,0.00,0.00,0.00,XXX,33.4009
G9736,Refused to participate,M,0.00,0.00,0.00,XXX,33.4009
G9737,Pt unbl cmplt ewh fs prom,M,0.00,0.00,0.00,XXX,33.4009
G9740,Hosp srv to pt dur msmt per,M,0.00,0.00,0.00,XXX,33.4009
G9741,Pt w/hosp anytime msmt per,M,0.00,0.00,0.00,XXX,33.4009
G9744,Pt not eli d/t act dig htn,M,0.00,0.00,0.00,XXX,33.4009
G9745,Doc rsn no hbp scrn or f/u,M,0.00,0.00,0.00,XXX,33.4009
G9746,"Mit sten, valve or trans af",M,0.00,0.00,0.00,XXX,33.4009
G9752,Urgent surgery,M,0.00,0.00,0.00,XXX,33.4009
G9753,"Doc no dicom, ct other fac",M,0.00,0.00,0.00,XXX,33.4009
G9754,Incid pulm nodule,M,0.00,0.00,0.00,XXX,33.4009
G9755,Doc med rsn no fllw up,M,0.00,0.00,0.00,XXX,33.4009
G9756,Surg proc w/silicone oil,M,0.00,0.00,0.00,XXX,33.4009
G9757,Surg proc w/silicone oil,M,0.00,0.00,0.00,XXX,33.4009
G9758,Pt in hos,M,0.00,0.00,0.00,XXX,33.4009
G9761,Pt w/hosp anytime msmt per,M,0.00,0.00,0.00,XXX,33.4009
G9762,Pt had >= 2-3 hpv vaccines,M,0.00,0.00,0.00,XXX,33.4009
G9763,Pt not have 2-3 hpv vaccines,M,0.00,0.00,0.00,XXX,33.4009
G9764,Pt treatd w/oral syst or bio,M,0.00,0.00,0.00,XXX,33.4009
G9765,Doc pat declined therapy,M,0.00,0.00,0.00,XXX,33.4009
G9766,Cva stroke dx tx transf fac,M,0.00,0.00,0.00,XXX,33.4009
G9767,Hosp new dx cva consid evst,M,0.00,0.00,0.00,XXX,33.4009
G9768,Pt w/hosp anytime msmt per,M,0.00,0.00,0.00,XXX,33.4009
G9769,Bn den 2yr/got ost med/ther,M,0.00,0.00,0.00,XXX,33.4009
G9770,Perip nerve block,M,0.00,0.00,0.00,XXX,33.4009
G9771,"Anes end, 1 temp >35.5(95.9)",M,0.00,0.00,0.00,XXX,33.4009
G9772,Doc med rsn no temp >= 35.5,M,0.00,0.00,0.00,XXX,33.4009
G9773,1 bod temp >=35.5,M,0.00,0.00,0.00,XXX,33.4009
G9775,Recd 2 anti-emet pre/intraop,M,0.00,0.00,0.00,XXX,33.4009
G9776,Doc med rsn no proph antiem,M,0.00,0.00,0.00,XXX,33.4009
G9777,Pt no antiemet pre/intraop,M,0.00,0.00,0.00,XXX,33.4009
G9779,Pts breastfeeding,M,0.00,0.00,0.00,XXX,33.4009
G9780,Pts dx w/rhabdomyolysis,M,0.00,0.00,0.00,XXX,33.4009
G9781,Doc rsn no statin,M,0.00,0.00,0.00,XXX,33.4009
G9782,Hx dx fam/pure hypercholes,M,0.00,0.00,0.00,XXX,33.4009
G9784,Path/derm prov 2nd biop opin,M,0.00,0.00,0.00,XXX,33.4009
G9785,Path report sent,M,0.00,0.00,0.00,XXX,33.4009
G9786,Path report not sent,M,0.00,0.00,0.00,XXX,33.4009
G9787,Pt alive,M,0.00,0.00,0.00,XXX,33.4009
G9788,Most rct bp </= 130/80,M,0.00,0.00,0.00,XXX,33.4009
G9789,"Record bp ip, er, urg/self",M,0.00,0.00,0.00,XXX,33.4009
G9790,Most rct bp >/= 130/80,M,0.00,0.00,0.00,XXX,33.4009
G9791,Most rct tob stat free,M,0.00,0.00,0.00,XXX,33.4009
G9792,Most rct tob stat not free,M,0.00,0.00,0.00,XXX,33.4009
G9793,Pt on daily asa/antiplat,M,0.00,0.00,0.00,XXX,33.4009
G9794,Doc med rsn no daily aspirin,M,0.00,0.00,0.00,XXX,33.4009
G9795,Pt no daily asa/antiplat,M,0.00,0.00,0.00,XXX,33.4009
G9796,Pt currently on statin,M,0.00,0.00,0.00,XXX,33.4009
G9797,Pt not currently on statin,M,0.00,0.00,0.00,XXX,33.4009
G9805,Pt w/hosp anytime msmt per,M,0.00,0.00,0.00,XXX,33.4009
G9806,Pt recd cerv cyto/hpv,M,0.00,0.00,0.00,XXX,33.4009
G9807,Pt no recd cerv cyto/hpv,M,0.00,0.00,0.00,XXX,33.4009
G9812,Pt died during inpt/30d aft,M,0.00,0.00,0.00,XXX,33.4009
G9813,Pt not died w/in 30d of proc,M,0.00,0.00,0.00,XXX,33.4009
G9818,Doc sex activity,M,0.00,0.00,0.00,XXX,33.4009
G9819,Pt w/hosp anytime msmt per,M,0.00,0.00,0.00,XXX,33.4009
G9820,Doc chlam scr test w/follow,M,0.00,0.00,0.00,XXX,33.4009
G9821,No doc chlam scr ts w/follow,M,0.00,0.00,0.00,XXX,33.4009
G9822,Endo abl proc yr prev ind dt,M,0.00,0.00,0.00,XXX,33.4009
G9823,Endo smpl/hyst bx res doc,M,0.00,0.00,0.00,XXX,33.4009
G9824,Endo smpl/hyst bx res no doc,M,0.00,0.00,0.00,XXX,33.4009
G9830,Her-2 pos,M,0.00,0.00,0.00,XXX,33.4009
G9831,Ajcc stg brt ca dx ii or iii,M,0.00,0.00,0.00,XXX,33.4009
G9832,Br ca stg = 1 t stg = t1c,M,0.00,0.00,0.00,XXX,33.4009
G9838,Pt met dis at dx,M,0.00,0.00,0.00,XXX,33.4009
G9839,Anti-egfr mon anti ther,M,0.00,0.00,0.00,XXX,33.4009
G9840,Gene testing performed,M,0.00,0.00,0.00,XXX,33.4009
G9841,Gene testing not performed,M,0.00,0.00,0.00,XXX,33.4009
G9842,Pt met dis at dx,M,0.00,0.00,0.00,XXX,33.4009
G9843,Kras or nras gene mutation,M,0.00,0.00,0.00,XXX,33.4009
G9844,Pt no recd anti-egfr ther,M,0.00,0.00,0.00,XXX,33.4009
G9845,Pt recd anti-egfr ther,M,0.00,0.00,0.00,XXX,33.4009
G9846,Pt died from cancer,M,0.00,0.00,0.00,XXX,33.4009
G9847,Pt recd chemo last 14d life,M,0.00,0.00,0.00,XXX,33.4009
G9848,Pt no chemo last 14d life,M,0.00,0.00,0.00,XXX,33.4009
G9858,Pt enroll hospice,M,0.00,0.00,0.00,XXX,33.4009
G9859,Pt died from cancer,M,0.00,0.00,0.00,XXX,33.4009
G9860,Pt less 3d hospice,M,0.00,0.00,0.00,XXX,33.4009
G9861,Pt more than 3d hospice,M,0.00,0.00,0.00,XXX,33.4009
G9862,Doc rsn no 10 yr follow,M,0.00,0.00,0.00,XXX,33.4009
G9868,Cmmi asyntelehealth <10min,A,0.80,0.00,0.00,XXX,33.4009
G9869,Cmmi asyntelehealth 10-20min,A,1.07,0.00,0.00,XXX,33.4009
G9870,Cmmi asyntelehealth >20min,A,1.34,0.00,0.00,XXX,33.4009
G9871,"Bhv couns dm prev, onln 60 m",X,0.00,0.00,0.00,XXX,33.4009
G9873,1 em core session,X,0.00,0.00,0.00,XXX,33.4009
G9874,4 em core sessions,X,0.00,0.00,0.00,XXX,33.4009
G9875,9 em core sessions,X,0.00,0.00,0.00,XXX,33.4009
G9876,2 em core ms mo 7-9 no wl,X,0.00,0.00,0.00,XXX,33.4009
G9877,2 em core ms mo 10-12 no wl,X,0.00,0.00,0.00,XXX,33.4009
G9878,2 em core ms mo 7-9 wl,X,0.00,0.00,0.00,XXX,33.4009
G9879,2 em core ms mo 10-12 wl,X,0.00,0.00,0.00,XXX,33.4009
G9880,Em 5 percent wl,X,0.00,0.00,0.00,XXX,33.4009
G9881,Em 9 percent wl,X,0.00,0.00,0.00,XXX,33.4009
G9882,2 em ongoing ms mo 13-15 wl,X,0.00,0.00,0.00,XXX,33.4009
G9883,2 em ongoing ms mo 16-18 wl,X,0.00,0.00,0.00,XXX,33.4009
G9884,2 em ongoing ms mo 19-21 wl,X,0.00,0.00,0.00,XXX,33.4009
G9885,2 em ongoing ms mo 22-24 wl,X,0.00,0.00,0.00,XXX,33.4009
G9886,In-person attendance g code,X,0.00,0.00,0.00,XXX,33.4009
G9887,Distance learning attendance,X,0.00,0.00,0.00,XXX,33.4009
G9888,5% wl maintnd from bsline wt,X,0.00,0.00,0.00,XXX,33.4009
G9890,Em bridge payment,X,0.00,0.00,0.00,XXX,33.4009
G9891,Em session reporting,X,0.00,0.00,0.00,XXX,33.4009
G9894,Adr dep thrpy prescribed,M,0.00,0.00,0.00,XXX,33.4009
G9895,Doc med rsn no adr dep thrpy,M,0.00,0.00,0.00,XXX,33.4009
G9896,Doc pt rsn no adr dep thrpy,M,0.00,0.00,0.00,XXX,33.4009
G9897,Pt nt prsc adr dep thrpy rng,M,0.00,0.00,0.00,XXX,33.4009
G9898,Pt 66+ snp or ltc pos > 90d,M,0.00,0.00,0.00,XXX,33.4009
G9899,Scrn mam perf rslts doc,M,0.00,0.00,0.00,XXX,33.4009
G9900,Scrn mam perf rslts not doc,M,0.00,0.00,0.00,XXX,33.4009
G9901,Pt 66+ snp or ltc pos > 90d,M,0.00,0.00,0.00,XXX,33.4009
G9902,Pt scrn tbco and id as user,M,0.00,0.00,0.00,XXX,33.4009
G9903,Pt scrn tbco id as non user,M,0.00,0.00,0.00,XXX,33.4009
G9905,No pt tbco scrn rng,M,0.00,0.00,0.00,XXX,33.4009
G9906,Pt recv tbco cess interv,M,0.00,0.00,0.00,XXX,33.4009
G9908,No pt tbco cess interv rng,M,0.00,0.00,0.00,XXX,33.4009
G9910,Pt 66+ snp or ltc pos > 90d,M,0.00,0.00,0.00,XXX,33.4009
G9911,Node neg pre/post syst ther,M,0.00,0.00,0.00,XXX,33.4009
G9912,Hbv status assesed and int,M,0.00,0.00,0.00,XXX,33.4009
G9913,No hbv status assesd and int,M,0.00,0.00,0.00,XXX,33.4009
G9914,Pt initiated anti-tnf agent,M,0.00,0.00,0.00,XXX,33.4009
G9915,No documntd hbv results rcd,M,0.00,0.00,0.00,XXX,33.4009
G9916,Funct status past 12 months,M,0.00,0.00,0.00,XXX,33.4009
G9917,Adv dem crgvr limited,M,0.00,0.00,0.00,XXX,33.4009
G9918,"No funct stat perf, rsn nos",M,0.00,0.00,0.00,XXX,33.4009
G9919,Scrn nd pos nd prov of rec,I,0.00,0.00,0.00,XXX,33.4009
G9920,Scrning perf and negative,I,0.00,0.00,0.00,XXX,33.4009
G9922,Sfty cncrns scrn nd mit recs,M,0.00,0.00,0.00,XXX,33.4009
G9923,Safty cncrns scrn and neg,M,0.00,0.00,0.00,XXX,33.4009
G9925,No scrn prov rsn nos,M,0.00,0.00,0.00,XXX,33.4009
G9926,Sfty cncrns scrn but no recs,M,0.00,0.00,0.00,XXX,33.4009
G9928,No warf or fda drug presc,M,0.00,0.00,0.00,XXX,33.4009
G9929,Trs/rev af,M,0.00,0.00,0.00,XXX,33.4009
G9930,Com care,M,0.00,0.00,0.00,XXX,33.4009
G9931,No chad or chad scr 0 or 1,M,0.00,0.00,0.00,XXX,33.4009
G9938,Pt 66+ snp or ltc pos > 90d,M,0.00,0.00,0.00,XXX,33.4009
G9939,Same path/derm perf biopsy,M,0.00,0.00,0.00,XXX,33.4009
G9940,Doc reas no statin therapy,M,0.00,0.00,0.00,XXX,33.4009
G9943,Bk pn nt msr vas scl pre/pst,M,0.00,0.00,0.00,XXX,33.4009
G9945,Pt w/cancer scoliosis,M,0.00,0.00,0.00,XXX,33.4009
G9946,Bk pain no vas,M,0.00,0.00,0.00,XXX,33.4009
G9949,Leg pain no vas,M,0.00,0.00,0.00,XXX,33.4009
G9954,Pt >2 rsk fac post-op vomit,M,0.00,0.00,0.00,XXX,33.4009
G9955,Inhlnt anesth only for induc,M,0.00,0.00,0.00,XXX,33.4009
G9956,Combo thrpy of >= 2 prophly,M,0.00,0.00,0.00,XXX,33.4009
G9957,Doc med rsn no combo thrpy,M,0.00,0.00,0.00,XXX,33.4009
G9958,No combo prohpyl thrp for pt,M,0.00,0.00,0.00,XXX,33.4009
G9959,Systemic antimicro not presc,M,0.00,0.00,0.00,XXX,33.4009
G9960,Med rsn sys antimi nt rx,M,0.00,0.00,0.00,XXX,33.4009
G9961,Systemic antimicro presc,M,0.00,0.00,0.00,XXX,33.4009
G9962,Embolization doc separatly,M,0.00,0.00,0.00,XXX,33.4009
G9963,Embolization not doc separat,M,0.00,0.00,0.00,XXX,33.4009
G9964,Pt recv >=1 well-chld visit,M,0.00,0.00,0.00,XXX,33.4009
G9965,No well-chld vist recv by pt,M,0.00,0.00,0.00,XXX,33.4009
G9968,Pt refrd 2 pvdr/spclst in pp,M,0.00,0.00,0.00,XXX,33.4009
G9969,Pvdr rfrd pt rprt rcvd,M,0.00,0.00,0.00,XXX,33.4009
G9970,Pvdr rfrd pt no rprt rcvd,M,0.00,0.00,0.00,XXX,33.4009
G9978,Remote e/m new pt 10mins,A,0.48,0.17,0.06,XXX,33.4009
G9979,Remote e/m new pt 20mins,A,0.93,0.23,0.07,XXX,33.4009
G9980,Remote e/m new pt 30 mins,A,1.42,0.38,0.16,XXX,33.4009
G9981,Remote e/m new pt 45mins,A,2.43,0.66,0.24,XXX,33.4009
G9982,Remote e/m new pt 60mins,A,3.17,0.94,0.36,XXX,33.4009
G9983,Remote e/m est. pt 10mins,A,0.48,0.17,0.06,XXX,33.4009
G9984,Remote e/m est. pt  15mins,A,0.97,0.33,0.09,XXX,33.4009
G9985,Remote e/m est. pt 25mins,A,1.50,0.47,0.14,XXX,33.4009
G9986,Remote e/m est. pt 40mins,A,2.11,0.75,0.21,XXX,33.4009
G9987,Bpci advanced in home visit,A,0.18,1.32,0.03,XXX,33.4009
G9988,Pall serv during meas,M,0.00,0.00,0.00,XXX,33.4009
G9992,Pall serv during meas,M,0.00,0.00,0.00,XXX,33.4009
G9993,Pall serv during meas,M,0.00,0.00,0.00,XXX,33.4009
G9994,Pall serv during meas,M,0.00,0.00,0.00,XXX,33.4009
G9996,Doc pt pal or hospice,M,0.00,0.00,0.00,XXX,33.4009
G9997,Doc pt preg dur msrmt pd,M,0.00,0.00,0.00,XXX,33.4009
G9998,Doc med rsn <3 colon,M,0.00,0.00,0.00,XXX,33.4009
G9999,Doc sys rsn <3 colon,M,0.00,0.00,0.00,XXX,33.4009
GXXX1,"Bhv couns dm prev, onln 60 m",X,0.00,0.00,0.00,XXX,33.4009
H0001,Alcohol and/or drug assess,I,0.00,0.00,0.00,XXX,33.4009
H0002,Alcohol and/or drug screenin,I,0.00,0.00,0.00,XXX,33.4009
H0003,Alcohol and/or drug screenin,I,0.00,0.00,0.00,XXX,33.4009
H0004,Alcohol and/or drug services,I,0.00,0.00,0.00,XXX,33.4009
H0005,Alcohol and/or drug services,I,0.00,0.00,0.00,XXX,33.4009
H0006,Alcohol and/or drug services,I,0.00,0.00,0.00,XXX,33.4009
H0007,Alcohol and/or drug services,I,0.00,0.00,0.00,XXX,33.4009
H0008,Alcohol and/or drug services,I,0.00,0.00,0.00,XXX,33.4009
H0009,Alcohol and/or drug services,I,0.00,0.00,0.00,XXX,33.4009
H0010,Alcohol and/or drug services,I,0.00,0.00,0.00,XXX,33.4009
H0011,Alcohol and/or drug services,I,0.00,0.00,0.00,XXX,33.4009
H0012,Alcohol and/or drug services,I,0.00,0.00,0.00,XXX,33.4009
H0013,Alcohol and/or drug services,I,0.00,0.00,0.00,XXX,33.4009
H0014,Alcohol and/or drug services,I,0.00,0.00,0.00,XXX,33.4009
H0015,Alcohol and/or drug services,I,0.00,0.00,0.00,XXX,33.4009
H0016,Alcohol and/or drug services,I,0.00,0.00,0.00,XXX,33.4009
H0017,Alcohol and/or drug services,I,0.00,0.00,0.00,XXX,33.4009
H0018,Alcohol and/or drug services,I,0.00,0.00,0.00,XXX,33.4009
H0019,Alcohol and/or drug services,I,0.00,0.00,0.00,XXX,33.4009
H0020,Alcohol and/or drug services,I,0.00,0.00,0.00,XXX,33.4009
H0021,Alcohol and/or drug training,I,0.00,0.00,0.00,XXX,33.4009
H0022,Alcohol and/or drug interven,I,0.00,0.00,0.00,XXX,33.4009
H0023,Alcohol and/or drug outreach,I,0.00,0.00,0.00,XXX,33.4009
H0024,Alcohol and/or drug preventi,I,0.00,0.00,0.00,XXX,33.4009
H0025,Alcohol and/or drug preventi,I,0.00,0.00,0.00,XXX,33.4009
H0026,Alcohol and/or drug preventi,I,0.00,0.00,0.00,XXX,33.4009
H0027,Alcohol and/or drug preventi,I,0.00,0.00,0.00,XXX,33.4009
H0028,Alcohol and/or drug preventi,I,0.00,0.00,0.00,XXX,33.4009
H0029,Alcohol and/or drug preventi,I,0.00,0.00,0.00,XXX,33.4009
H0030,Alcohol and/or drug hotline,I,0.00,0.00,0.00,XXX,33.4009
H0031,Mh health assess by non-md,I,0.00,0.00,0.00,XXX,33.4009
H0032,Mh svc plan dev by non-md,I,0.00,0.00,0.00,XXX,33.4009
H0033,Oral med adm direct observe,I,0.00,0.00,0.00,XXX,33.4009
H0034,Med trng & support per 15min,I,0.00,0.00,0.00,XXX,33.4009
H0035,Mh partial hosp tx under 24h,I,0.00,0.00,0.00,XXX,33.4009
H0036,Comm psy face-face per 15min,I,0.00,0.00,0.00,XXX,33.4009
H0037,Comm psy sup tx pgm per diem,I,0.00,0.00,0.00,XXX,33.4009
H0038,Self-help/peer svc per 15min,I,0.00,0.00,0.00,XXX,33.4009
H0039,Asser com tx face-face/15min,I,0.00,0.00,0.00,XXX,33.4009
H0040,Assert comm tx pgm per diem,I,0.00,0.00,0.00,XXX,33.4009
H0041,Fos c chld non-ther per diem,I,0.00,0.00,0.00,XXX,33.4009
H0042,Fos c chld non-ther per mon,I,0.00,0.00,0.00,XXX,33.4009
H0043,"Supported housing, per diem",I,0.00,0.00,0.00,XXX,33.4009
H0044,"Supported housing, per month",I,0.00,0.00,0.00,XXX,33.4009
H0045,Respite not-in-home per diem,I,0.00,0.00,0.00,XXX,33.4009
H0046,"Mental health service, nos",I,0.00,0.00,0.00,XXX,33.4009
H0047,Alcohol/drug abuse svc nos,I,0.00,0.00,0.00,XXX,33.4009
H0048,Spec coll non-blood:a/d test,I,0.00,0.00,0.00,XXX,33.4009
H0049,Alcohol/drug screening,I,0.00,0.00,0.00,XXX,33.4009
H0050,Alcohol/drug service 15 min,I,0.00,0.00,0.00,XXX,33.4009
H0051,Traditional healing service,I,0.00,0.00,0.00,XXX,33.4009
H0052,Mmip mental health and care,I,0.00,0.00,0.00,XXX,33.4009
H0053,Ht mental health and care,I,0.00,0.00,0.00,XXX,33.4009
H1000,Prenatal care atrisk assessm,I,0.00,0.00,0.00,XXX,33.4009
H1001,Antepartum management,I,0.00,0.00,0.00,XXX,33.4009
H1002,Carecoordination prenatal,I,0.00,0.00,0.00,XXX,33.4009
H1003,Prenatal at risk education,I,0.00,0.00,0.00,XXX,33.4009
H1004,Follow up home visit/prental,I,0.00,0.00,0.00,XXX,33.4009
H1005,Prenatalcare enhanced srv pk,I,0.00,0.00,0.00,XXX,33.4009
H1010,Nonmed family planning ed,I,0.00,0.00,0.00,XXX,33.4009
H1011,Family assessment,I,0.00,0.00,0.00,XXX,33.4009
H2000,Comp multidisipln evaluation,I,0.00,0.00,0.00,XXX,33.4009
H2001,Rehabilitation program 1/2 d,I,0.00,0.00,0.00,XXX,33.4009
H2010,Comprehensive med svc 15 min,I,0.00,0.00,0.00,XXX,33.4009
H2011,"Crisis interven svc, 15 min",I,0.00,0.00,0.00,XXX,33.4009
H2012,"Behav hlth day treat, per hr",I,0.00,0.00,0.00,XXX,33.4009
H2013,"Psych hlth fac svc, per diem",I,0.00,0.00,0.00,XXX,33.4009
H2014,"Skills train and dev, 15 min",I,0.00,0.00,0.00,XXX,33.4009
H2015,"Comp comm supp svc, 15 min",I,0.00,0.00,0.00,XXX,33.4009
H2016,"Comp comm supp svc, per diem",I,0.00,0.00,0.00,XXX,33.4009
H2017,"Psysoc rehab svc, per 15 min",I,0.00,0.00,0.00,XXX,33.4009
H2018,"Psysoc rehab svc, per diem",I,0.00,0.00,0.00,XXX,33.4009
H2019,"Ther behav svc, per 15 min",I,0.00,0.00,0.00,XXX,33.4009
H2020,"Ther behav svc, per diem",I,0.00,0.00,0.00,XXX,33.4009
H2021,"Com wrap-around sv, 15 min",I,0.00,0.00,0.00,XXX,33.4009
H2022,"Com wrap-around sv, per diem",I,0.00,0.00,0.00,XXX,33.4009
H2023,"Supported employ, per 15 min",I,0.00,0.00,0.00,XXX,33.4009
H2024,"Supported employ, per diem",I,0.00,0.00,0.00,XXX,33.4009
H2025,"Supp maint employ, 15 min",I,0.00,0.00,0.00,XXX,33.4009
H2026,"Supp maint employ, per diem",I,0.00,0.00,0.00,XXX,33.4009
H2027,"Psychoed svc, per 15 min",I,0.00,0.00,0.00,XXX,33.4009
H2028,"Sex offend tx svc, 15 min",I,0.00,0.00,0.00,XXX,33.4009
H2029,"Sex offend tx svc, per diem",I,0.00,0.00,0.00,XXX,33.4009
H2030,"Mh clubhouse svc, per 15 min",I,0.00,0.00,0.00,XXX,33.4009
H2031,"Mh clubhouse svc, per diem",I,0.00,0.00,0.00,XXX,33.4009
H2032,"Activity therapy, per 15 min",I,0.00,0.00,0.00,XXX,33.4009
H2033,Multisys ther/juvenile 15min,I,0.00,0.00,0.00,XXX,33.4009
H2034,"A/d halfway house, per diem",I,0.00,0.00,0.00,XXX,33.4009
H2035,"A/d tx program, per hour",I,0.00,0.00,0.00,XXX,33.4009
H2036,"A/d tx program, per diem",I,0.00,0.00,0.00,XXX,33.4009
H2037,"Dev delay prev dp ch, 15 min",I,0.00,0.00,0.00,XXX,33.4009
H2038,Skill train and dev/diem,I,0.00,0.00,0.00,XXX,33.4009
H2040,"Coord specialty care, month",I,0.00,0.00,0.00,XXX,33.4009
H2041,Coord special care encounter,I,0.00,0.00,0.00,XXX,33.4009
J0013,"Esketamine, nasal spray",N,0.00,0.00,0.00,XXX,33.4009
J0120,Tetracyclin injection,E,0.00,0.00,0.00,XXX,33.4009
J0121,"Inj., omadacycline, 1 mg",E,0.00,0.00,0.00,XXX,33.4009
J0122,"Inj., eravacycline, 1 mg",E,0.00,0.00,0.00,XXX,33.4009
J0129,Abatacept injection,E,0.00,0.00,0.00,XXX,33.4009
J0130,Abciximab injection,E,0.00,0.00,0.00,XXX,33.4009
J0131,"Inj, acetaminophen (nos)",E,0.00,0.00,0.00,XXX,33.4009
J0132,Acetylcysteine injection,E,0.00,0.00,0.00,XXX,33.4009
J0133,Acyclovir injection,E,0.00,0.00,0.00,XXX,33.4009
J0134,Inj acetaminophen -fresenius,E,0.00,0.00,0.00,XXX,33.4009
J0136,"Inj, acetaminophen (b braun)",E,0.00,0.00,0.00,XXX,33.4009
J0137,"Inj, acetaminophen (hikma)",E,0.00,0.00,0.00,XXX,33.4009
J0138,Inj acetaminoph 10mg/ibu 3mg,E,0.00,0.00,0.00,XXX,33.4009
J0139,"Inj, adalimumab, 1 mg",N,0.00,0.00,0.00,XXX,33.4009
J0153,Adenosine inj 1mg,E,0.00,0.00,0.00,XXX,33.4009
J0162,Inj epinephrine (fresenius),E,0.00,0.00,0.00,XXX,33.4009
J0163,Epinephrine in nacl (endo),E,0.00,0.00,0.00,XXX,33.4009
J0164,Epinephrine in nacl (baxter),E,0.00,0.00,0.00,XXX,33.4009
J0165,Inj epinephrine nos 0.1 mg,E,0.00,0.00,0.00,XXX,33.4009
J0166,Inj epinephrine (bpi),E,0.00,0.00,0.00,XXX,33.4009
J0167,Inj epinephrine (hospira),E,0.00,0.00,0.00,XXX,33.4009
J0168,Epinephrine (intl med sys),E,0.00,0.00,0.00,XXX,33.4009
J0169,Inj epinephrine (adrenalin),E,0.00,0.00,0.00,XXX,33.4009
J0174,"Lecanemab-irmb, for iv inj",E,0.00,0.00,0.00,XXX,33.4009
J0175,"Inj, donanemab-azbt, 2 mg",E,0.00,0.00,0.00,XXX,33.4009
J0177,"Inj, aflibercept hd, 1 mg",E,0.00,0.00,0.00,XXX,33.4009
J0178,Aflibercept injection,E,0.00,0.00,0.00,XXX,33.4009
J0179,"Inj, brolucizumab-dbll, 1 mg",E,0.00,0.00,0.00,XXX,33.4009
J0180,Agalsidase beta injection,E,0.00,0.00,0.00,XXX,33.4009
J0184,"Inj, amisulpride, 1 mg",E,0.00,0.00,0.00,XXX,33.4009
J0185,"Inj., aprepitant, 1 mg",E,0.00,0.00,0.00,XXX,33.4009
J0202,"Injection, alemtuzumab",E,0.00,0.00,0.00,XXX,33.4009
J0206,Inj allopurinol sodium 1 mg,E,0.00,0.00,0.00,XXX,33.4009
J0207,Amifostine,E,0.00,0.00,0.00,XXX,33.4009
J0208,"Inj, pedmark, 100 mg",E,0.00,0.00,0.00,XXX,33.4009
J0209,"Inj, sod thiosulfate (hope)",E,0.00,0.00,0.00,XXX,33.4009
J0210,Methyldopate hcl injection,E,0.00,0.00,0.00,XXX,33.4009
J0211,"Inj, nithiodote, 3mg / 125mg",E,0.00,0.00,0.00,XXX,33.4009
J0216,"Inj, alfentanil hcl, 500mcg",E,0.00,0.00,0.00,XXX,33.4009
J0217,Inj velmanase alfa-tycv 1 mg,E,0.00,0.00,0.00,XXX,33.4009
J0218,Inj olipudase alfa-rpcp 1mg,E,0.00,0.00,0.00,XXX,33.4009
J0219,Inj aval alfa-nqpt 4mg,E,0.00,0.00,0.00,XXX,33.4009
J0220,Alglucosidase alfa injection,E,0.00,0.00,0.00,XXX,33.4009
J0221,Lumizyme injection,E,0.00,0.00,0.00,XXX,33.4009
J0222,"Inj., patisiran, 0.1 mg",E,0.00,0.00,0.00,XXX,33.4009
J0223,Inj givosiran 0.5 mg,E,0.00,0.00,0.00,XXX,33.4009
J0224,"Inj. lumasiran, 0.5 mg",E,0.00,0.00,0.00,XXX,33.4009
J0225,"Inj, vutrisiran, 1 mg",E,0.00,0.00,0.00,XXX,33.4009
J0248,"Inj, remdesivir, 1 mg",E,0.00,0.00,0.00,XXX,33.4009
J0256,Alpha 1 proteinase inhibitor,E,0.00,0.00,0.00,XXX,33.4009
J0257,Glassia injection,E,0.00,0.00,0.00,XXX,33.4009
J0270,Alprostadil for injection,E,0.00,0.00,0.00,XXX,33.4009
J0275,Alprostadil urethral suppos,E,0.00,0.00,0.00,XXX,33.4009
J0278,Amikacin sulfate injection,E,0.00,0.00,0.00,XXX,33.4009
J0280,Aminophyllin 250 mg inj,E,0.00,0.00,0.00,XXX,33.4009
J0281,Inj aminocaproic acid 1 gram,E,0.00,0.00,0.00,XXX,33.4009
J0282,Amiodarone hcl,E,0.00,0.00,0.00,XXX,33.4009
J0283,"Inj, amiodarone (nexterone)",E,0.00,0.00,0.00,XXX,33.4009
J0285,Amphotericin b,E,0.00,0.00,0.00,XXX,33.4009
J0287,Amphotericin b lipid complex,E,0.00,0.00,0.00,XXX,33.4009
J0289,Amphotericin b liposome inj,E,0.00,0.00,0.00,XXX,33.4009
J0290,Ampicillin 500 mg inj,E,0.00,0.00,0.00,XXX,33.4009
J0291,"Inj., plazomicin, 5 mg",E,0.00,0.00,0.00,XXX,33.4009
J0295,Ampicillin sulbactam 1.5 gm,E,0.00,0.00,0.00,XXX,33.4009
J0300,Amobarbital 125 mg inj,E,0.00,0.00,0.00,XXX,33.4009
J0330,Succinycholine chloride inj,E,0.00,0.00,0.00,XXX,33.4009
J0348,Anidulafungin injection,E,0.00,0.00,0.00,XXX,33.4009
J0349,"Inj, rezafungin, 1 mg",E,0.00,0.00,0.00,XXX,33.4009
J0360,Hydralazine hcl injection,E,0.00,0.00,0.00,XXX,33.4009
J0364,Apomorphine hydrochloride,E,0.00,0.00,0.00,XXX,33.4009
J0390,Chloroquine injection,E,0.00,0.00,0.00,XXX,33.4009
J0391,"Inj, artesunate, 1mg",E,0.00,0.00,0.00,XXX,33.4009
J0400,Aripiprazole injection,E,0.00,0.00,0.00,XXX,33.4009
J0401,"Inj, abilify maintena, 1 mg",E,0.00,0.00,0.00,XXX,33.4009
J0402,"Inj, abilify asimtufii, 1 mg",E,0.00,0.00,0.00,XXX,33.4009
J0456,Azithromycin,E,0.00,0.00,0.00,XXX,33.4009
J0457,"Injection, aztreonam, 100 mg",E,0.00,0.00,0.00,XXX,33.4009
J0458,Aztreonam/avibactam 10 mg,E,0.00,0.00,0.00,XXX,33.4009
J0461,Atropine sulfate injection,E,0.00,0.00,0.00,XXX,33.4009
J0462,"Atropine sulf, nte, 0.01 mg",E,0.00,0.00,0.00,XXX,33.4009
J0463,Inj atropine (fresenius te),E,0.00,0.00,0.00,XXX,33.4009
J0470,Dimecaprol injection,E,0.00,0.00,0.00,XXX,33.4009
J0475,Baclofen 10 mg injection,E,0.00,0.00,0.00,XXX,33.4009
J0476,Baclofen intrathecal trial,E,0.00,0.00,0.00,XXX,33.4009
J0480,Basiliximab,E,0.00,0.00,0.00,XXX,33.4009
J0485,Belatacept injection,E,0.00,0.00,0.00,XXX,33.4009
J0490,Belimumab injection,E,0.00,0.00,0.00,XXX,33.4009
J0491,Inj anifrolumab-fnia 1mg,E,0.00,0.00,0.00,XXX,33.4009
J0500,Dicyclomine injection,E,0.00,0.00,0.00,XXX,33.4009
J0515,Inj benztropine mesylate,E,0.00,0.00,0.00,XXX,33.4009
J0517,"Inj., benralizumab, 1 mg",E,0.00,0.00,0.00,XXX,33.4009
J0520,Bethanechol chloride inject,E,0.00,0.00,0.00,XXX,33.4009
J0525,Inj cefotetan disodium 10 mg,E,0.00,0.00,0.00,XXX,33.4009
J0528,Inj fosfomycin disodium 20mg,E,0.00,0.00,0.00,XXX,33.4009
J0558,Peng benzathine/procaine inj,E,0.00,0.00,0.00,XXX,33.4009
J0561,Penicillin g benzathine inj,E,0.00,0.00,0.00,XXX,33.4009
J0565,"Inj, bezlotoxumab, 10 mg",E,0.00,0.00,0.00,XXX,33.4009
J0567,"Inj., cerliponase alfa 1 mg",E,0.00,0.00,0.00,XXX,33.4009
J0570,Buprenorphine implant 74.2mg,E,0.00,0.00,0.00,XXX,33.4009
J0571,Buprenorphine oral 1mg,E,0.00,0.00,0.00,XXX,33.4009
J0572,Bupren/nal up to 3mg bupreno,E,0.00,0.00,0.00,XXX,33.4009
J0573,Bupren/nal 3.1 to 6mg bupren,E,0.00,0.00,0.00,XXX,33.4009
J0574,Bupren/nal 6.1 to 10mg bupre,E,0.00,0.00,0.00,XXX,33.4009
J0575,Bupren/nal over 10mg bupreno,E,0.00,0.00,0.00,XXX,33.4009
J0577,"Inj, brixadi, 7 days or less",E,0.00,0.00,0.00,XXX,33.4009
J0578,"Inj brixadi, more than 7 day",E,0.00,0.00,0.00,XXX,33.4009
J0582,Bivalirudin (endo) 1 mg,E,0.00,0.00,0.00,XXX,33.4009
J0583,Bivalirudin,E,0.00,0.00,0.00,XXX,33.4009
J0584,"Injection, burosumab-twza 1m",E,0.00,0.00,0.00,XXX,33.4009
J0585,"Injection,onabotulinumtoxina",E,0.00,0.00,0.00,XXX,33.4009
J0586,Abobotulinumtoxina,E,0.00,0.00,0.00,XXX,33.4009
J0587,"Inj, rimabotulinumtoxinb",E,0.00,0.00,0.00,XXX,33.4009
J0588,Incobotulinumtoxin a,E,0.00,0.00,0.00,XXX,33.4009
J0589,Inj daxibotulinumtoxina-lanm,E,0.00,0.00,0.00,XXX,33.4009
J0591,"Inj deoxycholic acid, 1 mg",E,0.00,0.00,0.00,XXX,33.4009
J0592,Buprenorphine hydrochloride,E,0.00,0.00,0.00,XXX,33.4009
J0593,"Inj., lanadelumab-flyo, 1 mg",E,0.00,0.00,0.00,XXX,33.4009
J0594,Busulfan injection,E,0.00,0.00,0.00,XXX,33.4009
J0595,Butorphanol tartrate 1 mg,E,0.00,0.00,0.00,XXX,33.4009
J0596,"Injection, ruconest",E,0.00,0.00,0.00,XXX,33.4009
J0597,"C-1 esterase, berinert",E,0.00,0.00,0.00,XXX,33.4009
J0598,"C-1 esterase, cinryze",E,0.00,0.00,0.00,XXX,33.4009
J0599,"Inj., haegarda 10 units",E,0.00,0.00,0.00,XXX,33.4009
J0600,Edetate calcium disodium inj,E,0.00,0.00,0.00,XXX,33.4009
J0601,Sevelamer carbonate 20 mg,E,0.00,0.00,0.00,XXX,33.4009
J0602,Sevelamer carbonate pdr 20mg,E,0.00,0.00,0.00,XXX,33.4009
J0603,Sevelamer hydrochloride 20mg,E,0.00,0.00,0.00,XXX,33.4009
J0604,"Cinacalcet, esrd on dialysis",E,0.00,0.00,0.00,XXX,33.4009
J0605,Sucroferric oxyhydroxide 5mg,E,0.00,0.00,0.00,XXX,33.4009
J0606,"Inj, etelcalcetide, 0.1 mg",E,0.00,0.00,0.00,XXX,33.4009
J0607,Lanthanum carbonate oral 5mg,E,0.00,0.00,0.00,XXX,33.4009
J0608,Lanthanum carbonate pwdr 5mg,E,0.00,0.00,0.00,XXX,33.4009
J0609,Ferric citrate orl 3 mg iron,E,0.00,0.00,0.00,XXX,33.4009
J0612,"Inj, calcium gluconate, nos",E,0.00,0.00,0.00,XXX,33.4009
J0613,Calcium glucon (wg critical),E,0.00,0.00,0.00,XXX,33.4009
J0614,"Inj, treosulfan, 50 mg",E,0.00,0.00,0.00,XXX,33.4009
J0615,"Calcium acetate, oral, 23 mg",E,0.00,0.00,0.00,XXX,33.4009
J0616,Inj metoprolol tartrate 1 mg,E,0.00,0.00,0.00,XXX,33.4009
J0618,"Inj, calcium chloride, 2 mg",E,0.00,0.00,0.00,XXX,33.4009
J0620,Calcium glycer & lact/10 ml,E,0.00,0.00,0.00,XXX,33.4009
J0630,Calcitonin salmon injection,E,0.00,0.00,0.00,XXX,33.4009
J0636,Inj calcitriol per 0.1 mcg,E,0.00,0.00,0.00,XXX,33.4009
J0637,Caspofungin acetate,E,0.00,0.00,0.00,XXX,33.4009
J0638,Canakinumab injection,E,0.00,0.00,0.00,XXX,33.4009
J0640,Leucovorin calcium injection,E,0.00,0.00,0.00,XXX,33.4009
J0641,Inj levoleucovorin nos 0.5mg,E,0.00,0.00,0.00,XXX,33.4009
J0642,"Injection, khapzory, 0.5 mg",E,0.00,0.00,0.00,XXX,33.4009
J0650,"Inj, levothyroxine nos 10mcg",E,0.00,0.00,0.00,XXX,33.4009
J0651,"Inj, levothyroxine, freskabi",E,0.00,0.00,0.00,XXX,33.4009
J0652,"Inj, levothyroxine, hikma",E,0.00,0.00,0.00,XXX,33.4009
J0654,"Inj, liothyronine, 1 mcg",E,0.00,0.00,0.00,XXX,33.4009
J0665,"Inj, bupivacaine, nos, 0.5mg",E,0.00,0.00,0.00,XXX,33.4009
J0666,"Inj, bupivacaine liposome",E,0.00,0.00,0.00,XXX,33.4009
J0668,"Instill, bupivac and meloxic",E,0.00,0.00,0.00,XXX,33.4009
J0670,Inj mepivacaine hcl/10 ml,E,0.00,0.00,0.00,XXX,33.4009
J0675,"Inj, carboprost, 0.1 mg",E,0.00,0.00,0.00,XXX,33.4009
J0681,Inj ceftobipole medocarl 3mg,E,0.00,0.00,0.00,XXX,33.4009
J0687,Inj cefazolin (wg crit care),E,0.00,0.00,0.00,XXX,33.4009
J0688,"Inj cefazolin sodium, hikma",E,0.00,0.00,0.00,XXX,33.4009
J0689,"Inj cefazolin sodium, baxter",E,0.00,0.00,0.00,XXX,33.4009
J0690,Cefazolin sodium injection,E,0.00,0.00,0.00,XXX,33.4009
J0691,Inj lefamulin 1 mg,E,0.00,0.00,0.00,XXX,33.4009
J0692,Cefepime hcl for injection,E,0.00,0.00,0.00,XXX,33.4009
J0694,Cefoxitin sodium injection,E,0.00,0.00,0.00,XXX,33.4009
J0695,Inj ceftolozane tazobactam,E,0.00,0.00,0.00,XXX,33.4009
J0696,Ceftriaxone sodium injection,E,0.00,0.00,0.00,XXX,33.4009
J0697,Sterile cefuroxime injection,E,0.00,0.00,0.00,XXX,33.4009
J0698,Cefotaxime sodium injection,E,0.00,0.00,0.00,XXX,33.4009
J0699,"Inj, cefiderocol, 10 mg",E,0.00,0.00,0.00,XXX,33.4009
J0701,Inj. cefepime hcl (baxter),E,0.00,0.00,0.00,XXX,33.4009
J0702,Betamethasone acet&sod phosp,E,0.00,0.00,0.00,XXX,33.4009
J0703,"Inj, cefepime hcl (b braun)",E,0.00,0.00,0.00,XXX,33.4009
J0706,Caffeine citrate injection,E,0.00,0.00,0.00,XXX,33.4009
J0712,Ceftaroline fosamil inj,E,0.00,0.00,0.00,XXX,33.4009
J0713,Inj ceftazidime per 500 mg,E,0.00,0.00,0.00,XXX,33.4009
J0714,Ceftazidime and avibactam,E,0.00,0.00,0.00,XXX,33.4009
J0716,Centruroides immune f(ab),E,0.00,0.00,0.00,XXX,33.4009
J0717,Certolizumab pegol inj 1mg,E,0.00,0.00,0.00,XXX,33.4009
J0720,Chloramphenicol sodium injec,E,0.00,0.00,0.00,XXX,33.4009
J0725,Chorionic gonadotropin/1000u,E,0.00,0.00,0.00,XXX,33.4009
J0735,Clonidine hydrochloride,E,0.00,0.00,0.00,XXX,33.4009
J0736,"Inj, clindamycin phosp 300mg",E,0.00,0.00,0.00,XXX,33.4009
J0737,"Inj, clindamycin (baxter)",E,0.00,0.00,0.00,XXX,33.4009
J0738,"Hiv prep, inj, lenacapavir",X,0.00,0.00,0.00,XXX,33.4009
J0739,"Hiv prep, inj, cabotegravir",X,0.00,0.00,0.00,XXX,33.4009
J0740,Cidofovir injection,E,0.00,0.00,0.00,XXX,33.4009
J0741,"Inj, cabote rilpivir 2mg 3mg",E,0.00,0.00,0.00,XXX,33.4009
J0742,Inj imip 4 cilas 4 releb 2mg,E,0.00,0.00,0.00,XXX,33.4009
J0743,Cilastatin sodium injection,E,0.00,0.00,0.00,XXX,33.4009
J0744,Ciprofloxacin iv,E,0.00,0.00,0.00,XXX,33.4009
J0745,Inj codeine phosphate /30 mg,E,0.00,0.00,0.00,XXX,33.4009
J0750,"Hiv prep, ftc/tdf 200/300mg",X,0.00,0.00,0.00,XXX,33.4009
J0751,"Hiv prep, ftc/taf 200/25mg",X,0.00,0.00,0.00,XXX,33.4009
J0752,"Hiv prep, oral lenacapavir",X,0.00,0.00,0.00,XXX,33.4009
J0759,"Inj, clevidipine, 1 mg",E,0.00,0.00,0.00,XXX,33.4009
J0770,Colistimethate sodium inj,E,0.00,0.00,0.00,XXX,33.4009
J0775,"Collagenase, clost hist inj",E,0.00,0.00,0.00,XXX,33.4009
J0780,Prochlorperazine injection,E,0.00,0.00,0.00,XXX,33.4009
J0791,Inj crizanlizumab-tmca 5mg,E,0.00,0.00,0.00,XXX,33.4009
J0799,"Hiv prep, fda approved, noc",X,0.00,0.00,0.00,XXX,33.4009
J0801,Inj. acthar gel to 40 units,E,0.00,0.00,0.00,XXX,33.4009
J0802,"Inj. (ani), up to 40 units",E,0.00,0.00,0.00,XXX,33.4009
J0834,"Inj., cosyntropin, 0.25 mg",E,0.00,0.00,0.00,XXX,33.4009
J0840,Crotalidae poly immune fab,E,0.00,0.00,0.00,XXX,33.4009
J0841,Inj crotalidae im f(ab')2 eq,E,0.00,0.00,0.00,XXX,33.4009
J0850,Cytomegalovirus imm iv /vial,E,0.00,0.00,0.00,XXX,33.4009
J0870,"Injection, imetelstat, 1 mg",E,0.00,0.00,0.00,XXX,33.4009
J0872,Daptomycin (xellia) unrefrig,E,0.00,0.00,0.00,XXX,33.4009
J0873,Inj daptomycin (xellia),E,0.00,0.00,0.00,XXX,33.4009
J0874,"Inj, daptomycin (baxter)",E,0.00,0.00,0.00,XXX,33.4009
J0875,"Injection, dalbavancin",E,0.00,0.00,0.00,XXX,33.4009
J0877,"Inj, daptomycin (hospira)",E,0.00,0.00,0.00,XXX,33.4009
J0878,Daptomycin injection,E,0.00,0.00,0.00,XXX,33.4009
J0879,"Difelikefalin, esrd on dialy",E,0.00,0.00,0.00,XXX,33.4009
J0881,"Darbepoetin alfa, non-esrd",E,0.00,0.00,0.00,XXX,33.4009
J0882,"Darbepoetin alfa, esrd use",E,0.00,0.00,0.00,XXX,33.4009
J0883,Argatroban nonesrd use 1mg,E,0.00,0.00,0.00,XXX,33.4009
J0884,Argatroban esrd dialysis 1mg,E,0.00,0.00,0.00,XXX,33.4009
J0885,"Epoetin alfa, non-esrd",E,0.00,0.00,0.00,XXX,33.4009
J0887,Epoetin beta esrd use,E,0.00,0.00,0.00,XXX,33.4009
J0888,Epoetin beta non esrd,E,0.00,0.00,0.00,XXX,33.4009
J0890,Peginesatide injection,E,0.00,0.00,0.00,XXX,33.4009
J0891,Argatroban nonesrd (accord),E,0.00,0.00,0.00,XXX,33.4009
J0892,Argatroban dialysis (accord),E,0.00,0.00,0.00,XXX,33.4009
J0893,"Inj, decitabine (sun pharma)",E,0.00,0.00,0.00,XXX,33.4009
J0894,Decitabine injection,E,0.00,0.00,0.00,XXX,33.4009
J0895,Deferoxamine mesylate inj,E,0.00,0.00,0.00,XXX,33.4009
J0896,Inj luspatercept-aamt 0.25mg,E,0.00,0.00,0.00,XXX,33.4009
J0897,Denosumab injection,E,0.00,0.00,0.00,XXX,33.4009
J0898,Argatroban nonesrd (auromed),E,0.00,0.00,0.00,XXX,33.4009
J0899,"Argatroban dialysis, auromed",E,0.00,0.00,0.00,XXX,33.4009
J0901,Vadadustat oral 1mg for esrd,E,0.00,0.00,0.00,XXX,33.4009
J0911,Inst tauro 1.35mg/hep 100u,E,0.00,0.00,0.00,XXX,33.4009
J0945,Brompheniramine maleate inj,E,0.00,0.00,0.00,XXX,33.4009
J1000,Depo-estradiol cypionate inj,E,0.00,0.00,0.00,XXX,33.4009
J1010,"Inj, methylpred acetate 1 mg",E,0.00,0.00,0.00,XXX,33.4009
J1050,Medroxyprogesterone acetate,E,0.00,0.00,0.00,XXX,33.4009
J1071,Inj testosterone cypionate,E,0.00,0.00,0.00,XXX,33.4009
J1072,"Inj, testosterone, azmiro",E,0.00,0.00,0.00,XXX,33.4009
J1073,Testosterone pellet 75 mg,E,0.00,0.00,0.00,XXX,33.4009
J1095,"Injection, dexamethasone 9%",E,0.00,0.00,0.00,XXX,33.4009
J1096,Dexametha opth insert 0.1 mg,E,0.00,0.00,0.00,XXX,33.4009
J1097,Phenylep ketorolac opth soln,E,0.00,0.00,0.00,XXX,33.4009
J1098,Articaine ophthalmi 8% 0.4ml,E,0.00,0.00,0.00,XXX,33.4009
J1100,Dexamethasone sodium phos,E,0.00,0.00,0.00,XXX,33.4009
J1105,"Dexmedetomidine film, 1 mcg",N,0.00,0.00,0.00,XXX,33.4009
J1110,Inj dihydroergotamine mesylt,E,0.00,0.00,0.00,XXX,33.4009
J1120,Acetazolamid sodium injectio,E,0.00,0.00,0.00,XXX,33.4009
J1130,Inj diclofenac sodium 0.5mg,E,0.00,0.00,0.00,XXX,33.4009
J1160,Digoxin injection,E,0.00,0.00,0.00,XXX,33.4009
J1162,Digoxin immune fab (ovine),E,0.00,0.00,0.00,XXX,33.4009
J1163,"Inj, diltiazem hcl, 0.5 mg",E,0.00,0.00,0.00,XXX,33.4009
J1164,Inj diltiazem in 0.72% nacl,E,0.00,0.00,0.00,XXX,33.4009
J1165,Phenytoin sodium injection,E,0.00,0.00,0.00,XXX,33.4009
J1171,"Inj, hydromorphone, 0.1 mg",E,0.00,0.00,0.00,XXX,33.4009
J1180,Dyphylline injection,E,0.00,0.00,0.00,XXX,33.4009
J1190,Dexrazoxane hcl injection,E,0.00,0.00,0.00,XXX,33.4009
J1200,Diphenhydramine hcl injectio,E,0.00,0.00,0.00,XXX,33.4009
J1201,Inj. cetirizine hcl 0.5mg,E,0.00,0.00,0.00,XXX,33.4009
J1202,Miglustat oral 65 mg,I,0.00,0.00,0.00,XXX,33.4009
J1203,"Inj, cipaglucosidase, 5 mg",E,0.00,0.00,0.00,XXX,33.4009
J1205,Chlorothiazide sodium inj,E,0.00,0.00,0.00,XXX,33.4009
J1212,Dimethyl sulfoxide 50% 50 ml,E,0.00,0.00,0.00,XXX,33.4009
J1230,Methadone injection,E,0.00,0.00,0.00,XXX,33.4009
J1240,Dimenhydrinate injection,E,0.00,0.00,0.00,XXX,33.4009
J1245,Dipyridamole injection,E,0.00,0.00,0.00,XXX,33.4009
J1250,Inj dobutamine hcl/250 mg,E,0.00,0.00,0.00,XXX,33.4009
J1260,Dolasetron mesylate,E,0.00,0.00,0.00,XXX,33.4009
J1265,Dopamine injection,E,0.00,0.00,0.00,XXX,33.4009
J1270,"Injection, doxercalciferol",E,0.00,0.00,0.00,XXX,33.4009
J1271,Inj doxycycline hyclate 1 mg,E,0.00,0.00,0.00,XXX,33.4009
J1289,"Narsoplimab-wuug, 1 mg",E,0.00,0.00,0.00,XXX,33.4009
J1290,Ecallantide injection,E,0.00,0.00,0.00,XXX,33.4009
J1299,"Inj, eculizumab, 2 mg",E,0.00,0.00,0.00,XXX,33.4009
J1301,"Injection, edaravone, 1 mg",E,0.00,0.00,0.00,XXX,33.4009
J1302,"Inj, sutimlimab-jome, 10 mg",E,0.00,0.00,0.00,XXX,33.4009
J1303,"Inj., ravulizumab-cwvz 10 mg",E,0.00,0.00,0.00,XXX,33.4009
J1304,Inj tofersen intrathec 1 mg,E,0.00,0.00,0.00,XXX,33.4009
J1305,"Inj, evinacumab-dgnb, 5mg",E,0.00,0.00,0.00,XXX,33.4009
J1306,"Injection, inclisiran, 1 mg",E,0.00,0.00,0.00,XXX,33.4009
J1307,"Inj, crovalimab-akkz, 10 mg",E,0.00,0.00,0.00,XXX,33.4009
J1308,"Inj, famotidine, 0.25 mg",E,0.00,0.00,0.00,XXX,33.4009
J1320,Amitriptyline injection,E,0.00,0.00,0.00,XXX,33.4009
J1322,"Elosulfase alfa, injection",E,0.00,0.00,0.00,XXX,33.4009
J1323,"Inj, elranatamab-bcmm, 1 mg",E,0.00,0.00,0.00,XXX,33.4009
J1324,Enfuvirtide injection,E,0.00,0.00,0.00,XXX,33.4009
J1325,Epoprostenol injection,E,0.00,0.00,0.00,XXX,33.4009
J1326,"Inj, zolbetuximab-clzb, 2 mg",E,0.00,0.00,0.00,XXX,33.4009
J1327,Eptifibatide injection,E,0.00,0.00,0.00,XXX,33.4009
J1335,Ertapenem injection,E,0.00,0.00,0.00,XXX,33.4009
J1364,Erythro lactobionate /500 mg,E,0.00,0.00,0.00,XXX,33.4009
J1370,"Inj, esomeprazole sod, 1 mg",E,0.00,0.00,0.00,XXX,33.4009
J1380,Estradiol valerate 10 mg inj,E,0.00,0.00,0.00,XXX,33.4009
J1410,Inj estrogen conjugate 25 mg,E,0.00,0.00,0.00,XXX,33.4009
J1411,"Inj, hemgenix, per tx dose",E,0.00,0.00,0.00,XXX,33.4009
J1412,Inj roctavian ml 2x10^13vc g,E,0.00,0.00,0.00,XXX,33.4009
J1413,Inj delandistrogene mox rokl,E,0.00,0.00,0.00,XXX,33.4009
J1414,"Inj, beqvez, per tx dose",E,0.00,0.00,0.00,XXX,33.4009
J1426,"Injection, casimersen, 10 mg",E,0.00,0.00,0.00,XXX,33.4009
J1427,Inj. viltolarsen,E,0.00,0.00,0.00,XXX,33.4009
J1428,"Inj, eteplirsen, 10 mg",E,0.00,0.00,0.00,XXX,33.4009
J1429,Inj golodirsen 10 mg,E,0.00,0.00,0.00,XXX,33.4009
J1430,Ethanolamine oleate 100 mg,E,0.00,0.00,0.00,XXX,33.4009
J1434,"Inj, focinvez, 1mg",E,0.00,0.00,0.00,XXX,33.4009
J1435,Injection estrone per 1 mg,E,0.00,0.00,0.00,XXX,33.4009
J1436,Etidronate disodium inj,E,0.00,0.00,0.00,XXX,33.4009
J1437,Inj. fe derisomaltose 10 mg,E,0.00,0.00,0.00,XXX,33.4009
J1438,Etanercept injection,E,0.00,0.00,0.00,XXX,33.4009
J1439,Inj ferric carboxymaltos 1mg,E,0.00,0.00,0.00,XXX,33.4009
J1440,Fecal microbiota jslm 1 ml,E,0.00,0.00,0.00,XXX,33.4009
J1442,Inj filgrastim excl biosimil,E,0.00,0.00,0.00,XXX,33.4009
J1447,Inj tbo filgrastim 1 microg,E,0.00,0.00,0.00,XXX,33.4009
J1448,"Injection, trilaciclib, 1mg",E,0.00,0.00,0.00,XXX,33.4009
J1449,Inj eflapegrastim-xnst 0.1mg,E,0.00,0.00,0.00,XXX,33.4009
J1450,Fluconazole,E,0.00,0.00,0.00,XXX,33.4009
J1451,"Fomepizole, 15 mg",E,0.00,0.00,0.00,XXX,33.4009
J1453,Fosaprepitant injection,E,0.00,0.00,0.00,XXX,33.4009
J1454,"Inj fosnetupitant, palonoset",E,0.00,0.00,0.00,XXX,33.4009
J1455,Foscarnet sodium injection,E,0.00,0.00,0.00,XXX,33.4009
J1456,"Inj, fosaprepitant (teva)",E,0.00,0.00,0.00,XXX,33.4009
J1458,Galsulfase injection,E,0.00,0.00,0.00,XXX,33.4009
J1459,Inj ivig privigen 500 mg,E,0.00,0.00,0.00,XXX,33.4009
J1460,Gamma globulin 1 cc inj,E,0.00,0.00,0.00,XXX,33.4009
J1551,Inj cutaquig 100 mg,E,0.00,0.00,0.00,XXX,33.4009
J1552,"Inj, alyglo, 500 mg",E,0.00,0.00,0.00,XXX,33.4009
J1553,Inj yimmugo 100 mg,E,0.00,0.00,0.00,XXX,33.4009
J1554,Inj. asceniv,E,0.00,0.00,0.00,XXX,33.4009
J1555,"Inj cuvitru, 100 mg",E,0.00,0.00,0.00,XXX,33.4009
J1556,"Inj, imm glob bivigam, 500mg",E,0.00,0.00,0.00,XXX,33.4009
J1557,Gammaplex injection,E,0.00,0.00,0.00,XXX,33.4009
J1558,"Inj. xembify, 100 mg",E,0.00,0.00,0.00,XXX,33.4009
J1559,Hizentra injection,E,0.00,0.00,0.00,XXX,33.4009
J1560,Gamma globulin > 10 cc inj,E,0.00,0.00,0.00,XXX,33.4009
J1561,Gamunex-c/gammaked,E,0.00,0.00,0.00,XXX,33.4009
J1566,"Immune globulin, powder",E,0.00,0.00,0.00,XXX,33.4009
J1568,Octagam injection,E,0.00,0.00,0.00,XXX,33.4009
J1569,Gammagard liquid/erc inj,E,0.00,0.00,0.00,XXX,33.4009
J1570,Ganciclovir sodium injection,E,0.00,0.00,0.00,XXX,33.4009
J1571,Hepagam b im injection,E,0.00,0.00,0.00,XXX,33.4009
J1572,Flebogamma injection,E,0.00,0.00,0.00,XXX,33.4009
J1573,"Hepagam b intravenous, inj",E,0.00,0.00,0.00,XXX,33.4009
J1574,"Inj, ganciclovir (exela)",E,0.00,0.00,0.00,XXX,33.4009
J1575,Hyqvia 100mg immuneglobulin,E,0.00,0.00,0.00,XXX,33.4009
J1576,"Inj, panzyga, 500 mg",E,0.00,0.00,0.00,XXX,33.4009
J1577,"Inj, qivigy, 100mg",E,0.00,0.00,0.00,XXX,33.4009
J1580,Garamycin gentamicin inj,E,0.00,0.00,0.00,XXX,33.4009
J1595,Injection glatiramer acetate,E,0.00,0.00,0.00,XXX,33.4009
J1596,"Inj, glycopyrrolate, 0.1 mg",E,0.00,0.00,0.00,XXX,33.4009
J1597,"Inj glycopyrrolate, glyrx-pf",E,0.00,0.00,0.00,XXX,33.4009
J1598,Inj glycopyrrolate fres kabi,E,0.00,0.00,0.00,XXX,33.4009
J1599,"Ivig non-lyophilized, nos",E,0.00,0.00,0.00,XXX,33.4009
J1600,Gold sodium thiomaleate inj,E,0.00,0.00,0.00,XXX,33.4009
J1602,Golimumab for iv use 1mg,E,0.00,0.00,0.00,XXX,33.4009
J1610,Glucagon hydrochloride/1 mg,E,0.00,0.00,0.00,XXX,33.4009
J1611,"Inj glucagon hcl, fresenius",E,0.00,0.00,0.00,XXX,33.4009
J1612,Inj glucagon (gvoke) 0.01 mg,E,0.00,0.00,0.00,XXX,33.4009
J1626,Granisetron hcl injection,E,0.00,0.00,0.00,XXX,33.4009
J1627,"Inj, granisetron, xr, 0.1 mg",E,0.00,0.00,0.00,XXX,33.4009
J1628,"Inj., guselkumab, 1 mg",E,0.00,0.00,0.00,XXX,33.4009
J1630,Haloperidol injection,E,0.00,0.00,0.00,XXX,33.4009
J1631,Haloperidol decanoate inj,E,0.00,0.00,0.00,XXX,33.4009
J1632,"Inj., brexanolone, 1 mg",E,0.00,0.00,0.00,XXX,33.4009
J1640,"Hemin, 1 mg",E,0.00,0.00,0.00,XXX,33.4009
J1642,Inj heparin sodium per 10 u,E,0.00,0.00,0.00,XXX,33.4009
J1643,"Inj heparin, pfizer, 1000u",E,0.00,0.00,0.00,XXX,33.4009
J1644,Inj heparin sodium per 1000u,E,0.00,0.00,0.00,XXX,33.4009
J1645,Dalteparin sodium,E,0.00,0.00,0.00,XXX,33.4009
J1650,Inj enoxaparin sodium,E,0.00,0.00,0.00,XXX,33.4009
J1652,Fondaparinux sodium,E,0.00,0.00,0.00,XXX,33.4009
J1670,Tetanus immune globulin inj,E,0.00,0.00,0.00,XXX,33.4009
J1675,Histrelin acetate,E,0.00,0.00,0.00,XXX,33.4009
J1700,Hydrocortisone acetate inj,E,0.00,0.00,0.00,XXX,33.4009
J1720,Hydrocortisone sodium succ i,E,0.00,0.00,0.00,XXX,33.4009
J1726,"Makena, 10 mg",E,0.00,0.00,0.00,XXX,33.4009
J1729,Inj hydroxyprogst capoat nos,E,0.00,0.00,0.00,XXX,33.4009
J1730,Diazoxide injection,E,0.00,0.00,0.00,XXX,33.4009
J1736,Inj meloxicam (delova) 1mg,E,0.00,0.00,0.00,XXX,33.4009
J1737,Inj meloxicam (azurity) 1mg,E,0.00,0.00,0.00,XXX,33.4009
J1738,Inj. meloxicam 1 mg,E,0.00,0.00,0.00,XXX,33.4009
J1740,Ibandronate sodium injection,E,0.00,0.00,0.00,XXX,33.4009
J1741,Ibuprofen injection,E,0.00,0.00,0.00,XXX,33.4009
J1742,Ibutilide fumarate injection,E,0.00,0.00,0.00,XXX,33.4009
J1743,Idursulfase injection,E,0.00,0.00,0.00,XXX,33.4009
J1744,Icatibant injection,E,0.00,0.00,0.00,XXX,33.4009
J1745,Infliximab not biosimil 10mg,E,0.00,0.00,0.00,XXX,33.4009
J1746,"Inj., ibalizumab-uiyk, 10 mg",E,0.00,0.00,0.00,XXX,33.4009
J1747,"Inj, spesolimab-sbzo, 1 mg",E,0.00,0.00,0.00,XXX,33.4009
J1748,"Inj, zymfentra, 10 mg",E,0.00,0.00,0.00,XXX,33.4009
J1749,"Inj, iloprost, 0.1 mcg",E,0.00,0.00,0.00,XXX,33.4009
J1750,Inj iron dextran,E,0.00,0.00,0.00,XXX,33.4009
J1756,Iron sucrose injection,E,0.00,0.00,0.00,XXX,33.4009
J1786,Imuglucerase injection,E,0.00,0.00,0.00,XXX,33.4009
J1790,Droperidol injection,E,0.00,0.00,0.00,XXX,33.4009
J1800,Propranolol injection,E,0.00,0.00,0.00,XXX,33.4009
J1805,"Inj, esmolol hcl, 10mg",E,0.00,0.00,0.00,XXX,33.4009
J1806,Inj esmolol hcl wg crit care,E,0.00,0.00,0.00,XXX,33.4009
J1807,"Inj, ethacrynate sod, 1 mg",E,0.00,0.00,0.00,XXX,33.4009
J1808,"Inj, folic acid, 0.1 mg",E,0.00,0.00,0.00,XXX,33.4009
J1809,"Inj, fosdenopterin, 0.1mg",E,0.00,0.00,0.00,XXX,33.4009
J1811,Fiasp for insulin pump use,E,0.00,0.00,0.00,XXX,33.4009
J1812,Inj. insulin (fiasp),E,0.00,0.00,0.00,XXX,33.4009
J1813,Lyumjev for insulin pump use,E,0.00,0.00,0.00,XXX,33.4009
J1814,Inj. insulin (lyumjev),E,0.00,0.00,0.00,XXX,33.4009
J1815,Insulin injection,E,0.00,0.00,0.00,XXX,33.4009
J1817,Insulin for insulin pump use,E,0.00,0.00,0.00,XXX,33.4009
J1823,"Inj. inebilizumab-cdon, 1 mg",E,0.00,0.00,0.00,XXX,33.4009
J1826,Interferon beta-1a inj,E,0.00,0.00,0.00,XXX,33.4009
J1830,Interferon beta-1b / .25 mg,E,0.00,0.00,0.00,XXX,33.4009
J1833,"Injection, isavuconazonium",E,0.00,0.00,0.00,XXX,33.4009
J1834,"Inj, isoniazid, 1 mg",E,0.00,0.00,0.00,XXX,33.4009
J1835,Itraconazole injection,E,0.00,0.00,0.00,XXX,33.4009
J1836,"Inj, metronidazole, 10 mg",E,0.00,0.00,0.00,XXX,33.4009
J1837,"Inj, posaconazole, 1 mg",E,0.00,0.00,0.00,XXX,33.4009
J1885,Ketorolac tromethamine inj,E,0.00,0.00,0.00,XXX,33.4009
J1920,"Inj, labetalol hcl, 5mg",E,0.00,0.00,0.00,XXX,33.4009
J1921,"Inj labetalol hcl hikma, 5mg",E,0.00,0.00,0.00,XXX,33.4009
J1930,Lanreotide injection,E,0.00,0.00,0.00,XXX,33.4009
J1931,Laronidase injection,E,0.00,0.00,0.00,XXX,33.4009
J1932,"Inj, lanreotide, (cipla) 1mg",E,0.00,0.00,0.00,XXX,33.4009
J1938,"Inj, furosemide, 1 mg",E,0.00,0.00,0.00,XXX,33.4009
J1939,"Inj, bumetanide, 0.5 mg",E,0.00,0.00,0.00,XXX,33.4009
J1941,"Inj, furoscix, 20 mg",E,0.00,0.00,0.00,XXX,33.4009
J1943,"Inj., aristada initio, 1 mg",E,0.00,0.00,0.00,XXX,33.4009
J1944,Aripiprazole lauroxil 1 mg,E,0.00,0.00,0.00,XXX,33.4009
J1950,Leuprolide acetate /3.75 mg,E,0.00,0.00,0.00,XXX,33.4009
J1951,Inj fensolvi 0.25 mg,E,0.00,0.00,0.00,XXX,33.4009
J1952,"Leuprolide inj, camcevi, 1mg",E,0.00,0.00,0.00,XXX,33.4009
J1953,Levetiracetam injection,E,0.00,0.00,0.00,XXX,33.4009
J1954,Inj leu acet lutr dpt 7.5 mg,E,0.00,0.00,0.00,XXX,33.4009
J1955,Inj levocarnitine per 1 gm,E,0.00,0.00,0.00,XXX,33.4009
J1956,Levofloxacin injection,E,0.00,0.00,0.00,XXX,33.4009
J1960,Levorphanol tartrate inj,E,0.00,0.00,0.00,XXX,33.4009
J1961,Inj lenacapavir (hiv tx) 1mg,E,0.00,0.00,0.00,XXX,33.4009
J1980,Hyoscyamine sulfate inj,E,0.00,0.00,0.00,XXX,33.4009
J1990,Chlordiazepoxide injection,E,0.00,0.00,0.00,XXX,33.4009
J2002,"Inj, lidocaine in d5w, 1 mg",E,0.00,0.00,0.00,XXX,33.4009
J2003,"Inj, lidocaine hcl, 1 mg",E,0.00,0.00,0.00,XXX,33.4009
J2004,"Inj, lidocaine w epinephrine",E,0.00,0.00,0.00,XXX,33.4009
J2010,Lincomycin injection,E,0.00,0.00,0.00,XXX,33.4009
J2020,Linezolid injection,E,0.00,0.00,0.00,XXX,33.4009
J2021,"Inj, linezolid (hospira)",E,0.00,0.00,0.00,XXX,33.4009
J2060,Lorazepam injection,E,0.00,0.00,0.00,XXX,33.4009
J2062,Loxapine for inhalation 1 mg,E,0.00,0.00,0.00,XXX,33.4009
J2151,"Inj, mannitol, 250 mg",E,0.00,0.00,0.00,XXX,33.4009
J2170,Mecasermin injection,E,0.00,0.00,0.00,XXX,33.4009
J2175,Meperidine hydrochl /100 mg,E,0.00,0.00,0.00,XXX,33.4009
J2180,Meperidine/promethazine inj,E,0.00,0.00,0.00,XXX,33.4009
J2182,"Injection, mepolizumab, 1mg",E,0.00,0.00,0.00,XXX,33.4009
J2183,Inj meropenem (wg crit care),E,0.00,0.00,0.00,XXX,33.4009
J2184,"Inj, meropenem (b. braun)",E,0.00,0.00,0.00,XXX,33.4009
J2185,Meropenem,E,0.00,0.00,0.00,XXX,33.4009
J2186,"Inj., meropenem, vaborbactam",E,0.00,0.00,0.00,XXX,33.4009
J2210,Methylergonovin maleate inj,E,0.00,0.00,0.00,XXX,33.4009
J2212,Methylnaltrexone injection,E,0.00,0.00,0.00,XXX,33.4009
J2246,"Inj, micafungin (baxter)",E,0.00,0.00,0.00,XXX,33.4009
J2247,"Inj, micafungin (par pharm)",E,0.00,0.00,0.00,XXX,33.4009
J2248,Micafungin sodium injection,E,0.00,0.00,0.00,XXX,33.4009
J2249,"Inj, remimazolam, 1 mg",E,0.00,0.00,0.00,XXX,33.4009
J2250,Inj midazolam hydrochloride,E,0.00,0.00,0.00,XXX,33.4009
J2251,Inj midazolam in 0.9% nacl,E,0.00,0.00,0.00,XXX,33.4009
J2252,Inj midazolam in 0.8% nacl,E,0.00,0.00,0.00,XXX,33.4009
J2253,Inj midazolam (seizalam),E,0.00,0.00,0.00,XXX,33.4009
J2260,Inj milrinone lactate / 5 mg,E,0.00,0.00,0.00,XXX,33.4009
J2265,Minocycline hydrochloride,E,0.00,0.00,0.00,XXX,33.4009
J2267,"Inj, mirikizumab-mrkz, 1 mg",E,0.00,0.00,0.00,XXX,33.4009
J2270,Morphine sulfate injection,E,0.00,0.00,0.00,XXX,33.4009
J2272,"Inj, morphine (fresenius)",E,0.00,0.00,0.00,XXX,33.4009
J2274,Inj morphine pf epid ithc,E,0.00,0.00,0.00,XXX,33.4009
J2277,"Inj, motixafortide, 0.25 mg",E,0.00,0.00,0.00,XXX,33.4009
J2278,Ziconotide injection,E,0.00,0.00,0.00,XXX,33.4009
J2280,"Inj, moxifloxacin 100 mg",E,0.00,0.00,0.00,XXX,33.4009
J2281,Inj moxifloxacin (fres kabi),E,0.00,0.00,0.00,XXX,33.4009
J2290,"Inj, nafcillin sodium, 20 mg",E,0.00,0.00,0.00,XXX,33.4009
J2291,"Inj, nafcillin (baxter) 20mg",E,0.00,0.00,0.00,XXX,33.4009
J2300,Inj nalbuphine hydrochloride,E,0.00,0.00,0.00,XXX,33.4009
J2305,"Inj, nitroglycerin, 5 mg",E,0.00,0.00,0.00,XXX,33.4009
J2312,"Inj naloxone hcl nos, 0.01mg",E,0.00,0.00,0.00,XXX,33.4009
J2313,"Inj, naloxone (zimhi) 0.01mg",E,0.00,0.00,0.00,XXX,33.4009
J2315,"Naltrexone, depot form",E,0.00,0.00,0.00,XXX,33.4009
J2320,Nandrolone decanoate 50 mg,E,0.00,0.00,0.00,XXX,33.4009
J2323,Natalizumab injection,E,0.00,0.00,0.00,XXX,33.4009
J2325,Nesiritide injection,E,0.00,0.00,0.00,XXX,33.4009
J2326,"Inj, nusinersen, 0.1mg",E,0.00,0.00,0.00,XXX,33.4009
J2327,Inj risankizumab-rzaa 1 mg,E,0.00,0.00,0.00,XXX,33.4009
J2329,"Inj ublituximab-xiiy, 1 mg",E,0.00,0.00,0.00,XXX,33.4009
J2350,"Injection, ocrelizumab, 1 mg",E,0.00,0.00,0.00,XXX,33.4009
J2351,Inj ocrelizumab 1mg hya-ocsq,E,0.00,0.00,0.00,XXX,33.4009
J2353,"Octreotide injection, depot",E,0.00,0.00,0.00,XXX,33.4009
J2354,"Octreotide inj, non-depot",E,0.00,0.00,0.00,XXX,33.4009
J2355,Oprelvekin injection,E,0.00,0.00,0.00,XXX,33.4009
J2356,"Inj tezepelumab-ekko, 1mg",E,0.00,0.00,0.00,XXX,33.4009
J2357,Omalizumab injection,E,0.00,0.00,0.00,XXX,33.4009
J2358,Olanzapine long-acting inj,E,0.00,0.00,0.00,XXX,33.4009
J2359,"Inj. olanzapine, 0.5mg",E,0.00,0.00,0.00,XXX,33.4009
J2360,Orphenadrine injection,E,0.00,0.00,0.00,XXX,33.4009
J2361,Inj depemokimab-ulaa 1 mg,E,0.00,0.00,0.00,XXX,33.4009
J2371,Inj phenylephrine hcl 20 mcg,E,0.00,0.00,0.00,XXX,33.4009
J2372,"Inj, biorphen, 20 micrograms",E,0.00,0.00,0.00,XXX,33.4009
J2373,"Inj, immphentiv, 20 mcg",E,0.00,0.00,0.00,XXX,33.4009
J2374,Apraclonidine hcl opht 0.1ml,E,0.00,0.00,0.00,XXX,33.4009
J2401,Chloroprocaine hcl injection,E,0.00,0.00,0.00,XXX,33.4009
J2402,Chloroprocaine (clorotekal),E,0.00,0.00,0.00,XXX,33.4009
J2403,"Chloroprocaine opht gel, 1mg",E,0.00,0.00,0.00,XXX,33.4009
J2404,"Inj, nicardipine 0.1 mg",E,0.00,0.00,0.00,XXX,33.4009
J2405,Ondansetron hcl injection,E,0.00,0.00,0.00,XXX,33.4009
J2406,"Injection, oritavancin 10 mg",E,0.00,0.00,0.00,XXX,33.4009
J2407,"Injection, oritavancin",E,0.00,0.00,0.00,XXX,33.4009
J2410,Oxymorphone hcl injection,E,0.00,0.00,0.00,XXX,33.4009
J2425,Palifermin injection,E,0.00,0.00,0.00,XXX,33.4009
J2426,"Inj, invega sustenna, 1 mg",E,0.00,0.00,0.00,XXX,33.4009
J2427,"Inj, invega hafyera/trinza",E,0.00,0.00,0.00,XXX,33.4009
J2428,"Inj, erzofri, 1 mg",E,0.00,0.00,0.00,XXX,33.4009
J2430,Pamidronate disodium /30 mg,E,0.00,0.00,0.00,XXX,33.4009
J2440,Papaverin hcl injection,E,0.00,0.00,0.00,XXX,33.4009
J2460,Oxytetracycline injection,E,0.00,0.00,0.00,XXX,33.4009
J2468,"Inj, palonosetron (posfrea)",E,0.00,0.00,0.00,XXX,33.4009
J2469,Palonosetron hcl,E,0.00,0.00,0.00,XXX,33.4009
J2470,Inj pantoprazole sodium 40mg,E,0.00,0.00,0.00,XXX,33.4009
J2471,Inj pantoprazole(hikma) 40mg,E,0.00,0.00,0.00,XXX,33.4009
J2472,"Inj, pantoprazole sodium chl",E,0.00,0.00,0.00,XXX,33.4009
J2501,Paricalcitol,E,0.00,0.00,0.00,XXX,33.4009
J2502,"Inj, pasireotide long acting",E,0.00,0.00,0.00,XXX,33.4009
J2506,Inj pegfilgrast ex bio 0.5mg,E,0.00,0.00,0.00,XXX,33.4009
J2507,Pegloticase injection,E,0.00,0.00,0.00,XXX,33.4009
J2508,Pegunigalsidase alfa-iwxj,E,0.00,0.00,0.00,XXX,33.4009
J2510,Penicillin g procaine inj,E,0.00,0.00,0.00,XXX,33.4009
J2515,Pentobarbital sodium inj,E,0.00,0.00,0.00,XXX,33.4009
J2516,"Inj, pentamidine isethionate",E,0.00,0.00,0.00,XXX,33.4009
J2540,Penicillin g potassium inj,E,0.00,0.00,0.00,XXX,33.4009
J2543,Piperacillin/tazobactam,E,0.00,0.00,0.00,XXX,33.4009
J2545,Pentamidine non-comp unit,E,0.00,0.00,0.00,XXX,33.4009
J2547,"Injection, peramivir",E,0.00,0.00,0.00,XXX,33.4009
J2550,Promethazine hcl injection,E,0.00,0.00,0.00,XXX,33.4009
J2560,Phenobarbital sodium inj,E,0.00,0.00,0.00,XXX,33.4009
J2561,"Inj, sezaby, 1 mg",E,0.00,0.00,0.00,XXX,33.4009
J2562,Plerixafor injection,E,0.00,0.00,0.00,XXX,33.4009
J2590,Oxytocin injection,E,0.00,0.00,0.00,XXX,33.4009
J2596,Vasopressin (long grove) 1 u,E,0.00,0.00,0.00,XXX,33.4009
J2597,Inj desmopressin acetate,E,0.00,0.00,0.00,XXX,33.4009
J2598,"Inj, vasopressin, 1 unit",E,0.00,0.00,0.00,XXX,33.4009
J2599,Inj vasopressin (am reg) 1 u,E,0.00,0.00,0.00,XXX,33.4009
J2601,"Inj, vasopressin (baxter)",E,0.00,0.00,0.00,XXX,33.4009
J2650,Prednisolone acetate inj,E,0.00,0.00,0.00,XXX,33.4009
J2670,Totazoline hcl injection,E,0.00,0.00,0.00,XXX,33.4009
J2675,Inj progesterone per 50 mg,E,0.00,0.00,0.00,XXX,33.4009
J2679,Inj fluphenazine hcl 1.25 mg,E,0.00,0.00,0.00,XXX,33.4009
J2680,Fluphenazine decanoate 25 mg,E,0.00,0.00,0.00,XXX,33.4009
J2690,Procainamide hcl injection,E,0.00,0.00,0.00,XXX,33.4009
J2700,Oxacillin sodium injeciton,E,0.00,0.00,0.00,XXX,33.4009
J2704,"Inj, propofol, 10 mg",E,0.00,0.00,0.00,XXX,33.4009
J2710,Neostigmine methylslfte inj,E,0.00,0.00,0.00,XXX,33.4009
J2711,Inj neostigmin/glycopyrrolat,E,0.00,0.00,0.00,XXX,33.4009
J2720,Inj protamine sulfate/10 mg,E,0.00,0.00,0.00,XXX,33.4009
J2724,Protein c concentrate,E,0.00,0.00,0.00,XXX,33.4009
J2725,Inj protirelin per 250 mcg,E,0.00,0.00,0.00,XXX,33.4009
J2730,Pralidoxime chloride inj,E,0.00,0.00,0.00,XXX,33.4009
J2760,Phentolaine mesylate inj,E,0.00,0.00,0.00,XXX,33.4009
J2765,Metoclopramide hcl injection,E,0.00,0.00,0.00,XXX,33.4009
J2770,Quinupristin/dalfopristin,E,0.00,0.00,0.00,XXX,33.4009
J2777,"Inj, faricimab-svoa, 0.1mg",E,0.00,0.00,0.00,XXX,33.4009
J2778,Ranibizumab injection,E,0.00,0.00,0.00,XXX,33.4009
J2779,"Inj, susvimo 0.1 mg",E,0.00,0.00,0.00,XXX,33.4009
J2781,"Inj, pegcetacoplan, 1mg",E,0.00,0.00,0.00,XXX,33.4009
J2782,Inj avacincaptad pegol 0.1mg,E,0.00,0.00,0.00,XXX,33.4009
J2783,Rasburicase,E,0.00,0.00,0.00,XXX,33.4009
J2785,Regadenoson injection,E,0.00,0.00,0.00,XXX,33.4009
J2786,"Injection, reslizumab, 1mg",E,0.00,0.00,0.00,XXX,33.4009
J2787,Riboflavin photrexa/viscous,E,0.00,0.00,0.00,XXX,33.4009
J2788,Rho d immune globulin 50 mcg,E,0.00,0.00,0.00,XXX,33.4009
J2789,Riboflavin epioxa/hd<=2ml,E,0.00,0.00,0.00,XXX,33.4009
J2790,Rho d immune globulin inj,E,0.00,0.00,0.00,XXX,33.4009
J2791,Rhophylac injection,E,0.00,0.00,0.00,XXX,33.4009
J2792,"Rho(d) immune globulin h, sd",E,0.00,0.00,0.00,XXX,33.4009
J2793,Rilonacept injection,E,0.00,0.00,0.00,XXX,33.4009
J2794,"Inj risperdal consta, 0.5 mg",E,0.00,0.00,0.00,XXX,33.4009
J2795,Ropivacaine hcl injection,E,0.00,0.00,0.00,XXX,33.4009
J2797,"Inj., rolapitant, 0.5 mg",E,0.00,0.00,0.00,XXX,33.4009
J2798,"Inj., perseris, 0.5 mg",E,0.00,0.00,0.00,XXX,33.4009
J2799,"Inj, uzedy, 1 mg",E,0.00,0.00,0.00,XXX,33.4009
J2800,Methocarbamol injection,E,0.00,0.00,0.00,XXX,33.4009
J2801,"Inj, rykindo, 0.5 mg",E,0.00,0.00,0.00,XXX,33.4009
J2802,"Inj, romiplostim 1 microgram",E,0.00,0.00,0.00,XXX,33.4009
J2804,"Inj, rifampin, 1 mg",E,0.00,0.00,0.00,XXX,33.4009
J2805,Sincalide injection,E,0.00,0.00,0.00,XXX,33.4009
J2810,Inj theophylline per 40 mg,E,0.00,0.00,0.00,XXX,33.4009
J2820,Sargramostim injection,E,0.00,0.00,0.00,XXX,33.4009
J2840,Inj sebelipase alfa 1 mg,E,0.00,0.00,0.00,XXX,33.4009
J2850,Inj secretin synthetic human,E,0.00,0.00,0.00,XXX,33.4009
J2860,"Injection, siltuximab",E,0.00,0.00,0.00,XXX,33.4009
J2865,Inj sulfameth/trim 5 mg/1 mg,E,0.00,0.00,0.00,XXX,33.4009
J2916,Na ferric gluconate complex,E,0.00,0.00,0.00,XXX,33.4009
J2919,"Inj, methylpred sod succ 5mg",E,0.00,0.00,0.00,XXX,33.4009
J2941,Somatropin injection,E,0.00,0.00,0.00,XXX,33.4009
J2950,Promazine hcl injection,E,0.00,0.00,0.00,XXX,33.4009
J2993,Reteplase injection,E,0.00,0.00,0.00,XXX,33.4009
J2997,Alteplase recombinant,E,0.00,0.00,0.00,XXX,33.4009
J2998,Inj plasminogen tvmh 1mg,E,0.00,0.00,0.00,XXX,33.4009
J3000,Streptomycin injection,E,0.00,0.00,0.00,XXX,33.4009
J3010,Fentanyl citrate injection,E,0.00,0.00,0.00,XXX,33.4009
J3030,Sumatriptan succinate / 6 mg,E,0.00,0.00,0.00,XXX,33.4009
J3031,"Inj., fremanezumab-vfrm 1 mg",E,0.00,0.00,0.00,XXX,33.4009
J3032,Inj. eptinezumab-jjmr 1 mg,E,0.00,0.00,0.00,XXX,33.4009
J3055,Inj talquetamab-tgvs 0.25 mg,E,0.00,0.00,0.00,XXX,33.4009
J3060,"Inj, taliglucerase alfa 10 u",E,0.00,0.00,0.00,XXX,33.4009
J3070,Pentazocine injection,E,0.00,0.00,0.00,XXX,33.4009
J3090,Inj tedizolid phosphate,E,0.00,0.00,0.00,XXX,33.4009
J3095,Telavancin injection,E,0.00,0.00,0.00,XXX,33.4009
J3101,Tenecteplase injection,E,0.00,0.00,0.00,XXX,33.4009
J3105,Terbutaline sulfate inj,E,0.00,0.00,0.00,XXX,33.4009
J3110,Teriparatide injection,E,0.00,0.00,0.00,XXX,33.4009
J3111,Inj. romosozumab-aqqg 1 mg,E,0.00,0.00,0.00,XXX,33.4009
J3121,Inj testostero enanthate 1mg,E,0.00,0.00,0.00,XXX,33.4009
J3145,Testosterone undecanoate 1mg,E,0.00,0.00,0.00,XXX,33.4009
J3230,Chlorpromazine hcl injection,E,0.00,0.00,0.00,XXX,33.4009
J3240,Thyrotropin injection,E,0.00,0.00,0.00,XXX,33.4009
J3241,Inj. teprotumumab-trbw 10 mg,E,0.00,0.00,0.00,XXX,33.4009
J3243,Tigecycline injection,E,0.00,0.00,0.00,XXX,33.4009
J3244,Inj. tigecycline (accord),E,0.00,0.00,0.00,XXX,33.4009
J3245,"Inj., tildrakizumab, 1 mg",E,0.00,0.00,0.00,XXX,33.4009
J3246,Tirofiban hcl,E,0.00,0.00,0.00,XXX,33.4009
J3247,Inj secukinumab intrav 1mg,E,0.00,0.00,0.00,XXX,33.4009
J3250,Trimethobenzamide hcl inj,E,0.00,0.00,0.00,XXX,33.4009
J3260,Tobramycin sulfate injection,E,0.00,0.00,0.00,XXX,33.4009
J3262,Tocilizumab injection,E,0.00,0.00,0.00,XXX,33.4009
J3263,"Inj, toripalimab-tpzi, 1 mg",E,0.00,0.00,0.00,XXX,33.4009
J3265,Injection torsemide 10 mg/ml,E,0.00,0.00,0.00,XXX,33.4009
J3285,Treprostinil injection,E,0.00,0.00,0.00,XXX,33.4009
J3290,"Inj, tranexamic acid 5 mg",E,0.00,0.00,0.00,XXX,33.4009
J3291,Tranexamic acid in sod chlor,N,0.00,0.00,0.00,XXX,33.4009
J3299,Inj xipere 1 mg,E,0.00,0.00,0.00,XXX,33.4009
J3300,Triamcinolone a inj prs-free,E,0.00,0.00,0.00,XXX,33.4009
J3301,Triamcinolone acet inj nos,E,0.00,0.00,0.00,XXX,33.4009
J3302,Triamcinolone diacetate inj,E,0.00,0.00,0.00,XXX,33.4009
J3303,Triamcinolone hexacetonl inj,E,0.00,0.00,0.00,XXX,33.4009
J3304,Inj triamcinolone ace xr 1mg,E,0.00,0.00,0.00,XXX,33.4009
J3315,Triptorelin pamoate,E,0.00,0.00,0.00,XXX,33.4009
J3316,"Inj., triptorelin xr 3.75 mg",E,0.00,0.00,0.00,XXX,33.4009
J3350,Urea injection,E,0.00,0.00,0.00,XXX,33.4009
J3357,"Ustekinumab sub cu inj, 1 mg",E,0.00,0.00,0.00,XXX,33.4009
J3358,"Ustekinumab, iv inject, 1 mg",E,0.00,0.00,0.00,XXX,33.4009
J3360,Diazepam injection,E,0.00,0.00,0.00,XXX,33.4009
J3373,"Inj, vancomycin hcl, 10 mg",E,0.00,0.00,0.00,XXX,33.4009
J3374,"Inj, vancomycin (mylan) 10mg",E,0.00,0.00,0.00,XXX,33.4009
J3375,"Inj, vanco (tyzavan) 10mg",E,0.00,0.00,0.00,XXX,33.4009
J3376,Inj vancomycin (hikma) 10mg,E,0.00,0.00,0.00,XXX,33.4009
J3379,"Inj, valproate sod, 5 mg",E,0.00,0.00,0.00,XXX,33.4009
J3380,Inj vedolizumab iv 1 mg,E,0.00,0.00,0.00,XXX,33.4009
J3385,Velaglucerase alfa,E,0.00,0.00,0.00,XXX,33.4009
J3386,Etuvetidigene autotemecel,E,0.00,0.00,0.00,XXX,33.4009
J3387,Inj elivaldogene autotemecel,E,0.00,0.00,0.00,XXX,33.4009
J3389,Topi adm prad zami per treat,E,0.00,0.00,0.00,XXX,33.4009
J3391,"Inj, atidarsagene autotemcel",E,0.00,0.00,0.00,XXX,33.4009
J3392,"Inj, exagamglogene autotem",E,0.00,0.00,0.00,XXX,33.4009
J3393,"Inj, betibeglogene autotemce",E,0.00,0.00,0.00,XXX,33.4009
J3394,"Inj, lovotibeglogene autotem",E,0.00,0.00,0.00,XXX,33.4009
J3396,Verteporfin injection,E,0.00,0.00,0.00,XXX,33.4009
J3397,"Inj., vestronidase alfa-vjbk",E,0.00,0.00,0.00,XXX,33.4009
J3398,Inj luxturna 1 billion vec g,E,0.00,0.00,0.00,XXX,33.4009
J3399,Inj onase abepar-xioi treat,E,0.00,0.00,0.00,XXX,33.4009
J3401,"Vyjuvek 5x10^9pfu/ml, 0.1 ml",E,0.00,0.00,0.00,XXX,33.4009
J3402,Inj. remestemcel-l-rknd/ td,E,0.00,0.00,0.00,XXX,33.4009
J3403,"Revakinagene, per implant",E,0.00,0.00,0.00,XXX,33.4009
J3404,Inj zopapogene per ther dose,E,0.00,0.00,0.00,XXX,33.4009
J3405,Inj onase abepar-brve treat,E,0.00,0.00,0.00,XXX,33.4009
J3410,Hydroxyzine hcl injection,E,0.00,0.00,0.00,XXX,33.4009
J3411,Thiamine hcl 100 mg,E,0.00,0.00,0.00,XXX,33.4009
J3415,Pyridoxine hcl 100 mg,E,0.00,0.00,0.00,XXX,33.4009
J3420,Vitamin b12 injection,E,0.00,0.00,0.00,XXX,33.4009
J3424,Inj hydroxocobalamin iv 25mg,E,0.00,0.00,0.00,XXX,33.4009
J3425,Hydroxocobalamin im 10mcg,E,0.00,0.00,0.00,XXX,33.4009
J3430,Vitamin k phytonadione inj,E,0.00,0.00,0.00,XXX,33.4009
J3465,"Injection, voriconazole",E,0.00,0.00,0.00,XXX,33.4009
J3470,Hyaluronidase injection,E,0.00,0.00,0.00,XXX,33.4009
J3471,"Ovine, up to 999 usp units",E,0.00,0.00,0.00,XXX,33.4009
J3472,"Ovine, 1000 usp units",E,0.00,0.00,0.00,XXX,33.4009
J3473,Hyaluronidase recombinant,E,0.00,0.00,0.00,XXX,33.4009
J3475,Inj magnesium sulfate,E,0.00,0.00,0.00,XXX,33.4009
J3480,Inj potassium chloride,E,0.00,0.00,0.00,XXX,33.4009
J3485,Zidovudine,E,0.00,0.00,0.00,XXX,33.4009
J3486,Ziprasidone mesylate,E,0.00,0.00,0.00,XXX,33.4009
J3489,Zoledronic acid 1mg,E,0.00,0.00,0.00,XXX,33.4009
J3490,Drugs unclassified injection,E,0.00,0.00,0.00,XXX,33.4009
J3520,Edetate disodium per 150 mg,N,0.00,0.00,0.00,XXX,33.4009
J3530,Nasal vaccine inhalation,E,0.00,0.00,0.00,XXX,33.4009
J3535,Metered dose inhaler drug,N,0.00,0.00,0.00,XXX,33.4009
J3570,Laetrile amygdalin vit b17,N,0.00,0.00,0.00,XXX,33.4009
J3590,Unclassified biologics,E,0.00,0.00,0.00,XXX,33.4009
J3591,Esrd on dialysi drug/bio noc,E,0.00,0.00,0.00,XXX,33.4009
J7030,Normal saline solution infus,E,0.00,0.00,0.00,XXX,33.4009
J7040,Normal saline solution infus,E,0.00,0.00,0.00,XXX,33.4009
J7042,5% dextrose/normal saline,E,0.00,0.00,0.00,XXX,33.4009
J7050,Normal saline solution infus,E,0.00,0.00,0.00,XXX,33.4009
J7060,5% dextrose/water,E,0.00,0.00,0.00,XXX,33.4009
J7070,D5w infusion,E,0.00,0.00,0.00,XXX,33.4009
J7100,Dextran 40 infusion,E,0.00,0.00,0.00,XXX,33.4009
J7110,Dextran 75 infusion,E,0.00,0.00,0.00,XXX,33.4009
J7120,Ringers lactate infusion,E,0.00,0.00,0.00,XXX,33.4009
J7121,5% dextrose in lac ringers,E,0.00,0.00,0.00,XXX,33.4009
J7131,Hypertonic saline sol,E,0.00,0.00,0.00,XXX,33.4009
J7165,"Inj, human-lans, per i.u",E,0.00,0.00,0.00,XXX,33.4009
J7168,Prothrombin complex kcentra,E,0.00,0.00,0.00,XXX,33.4009
J7169,"Inj andexxa, 10 mg",E,0.00,0.00,0.00,XXX,33.4009
J7170,"Inj., emicizumab-kxwh 0.5 mg",E,0.00,0.00,0.00,XXX,33.4009
J7171,"Inj, adzynma, 10 iu",E,0.00,0.00,0.00,XXX,33.4009
J7172,"Inj marstacim-hncq, 0.5 mg",E,0.00,0.00,0.00,XXX,33.4009
J7173,"Inj. concizumab-mtci, 0.5 mg",E,0.00,0.00,0.00,XXX,33.4009
J7174,Injection fitusiran 0.04 mg,E,0.00,0.00,0.00,XXX,33.4009
J7175,"Inj, factor x, (human), 1iu",E,0.00,0.00,0.00,XXX,33.4009
J7176,"Inj. fesilty, 1 mg",E,0.00,0.00,0.00,XXX,33.4009
J7177,"Inj., fibryga, 1 mg",E,0.00,0.00,0.00,XXX,33.4009
J7178,Inj human fibrinogen con nos,E,0.00,0.00,0.00,XXX,33.4009
J7179,Vonvendi inj 1 iu vwf:rco,E,0.00,0.00,0.00,XXX,33.4009
J7180,Factor xiii anti-hem factor,E,0.00,0.00,0.00,XXX,33.4009
J7181,Factor xiii recomb a-subunit,E,0.00,0.00,0.00,XXX,33.4009
J7182,Factor viii recomb novoeight,E,0.00,0.00,0.00,XXX,33.4009
J7183,Wilate injection,E,0.00,0.00,0.00,XXX,33.4009
J7185,Xyntha inj,E,0.00,0.00,0.00,XXX,33.4009
J7186,Antihemophilic viii/vwf comp,E,0.00,0.00,0.00,XXX,33.4009
J7187,"Humate-p, inj",E,0.00,0.00,0.00,XXX,33.4009
J7188,Factor viii recomb obizur,E,0.00,0.00,0.00,XXX,33.4009
J7189,Factor viia recomb novoseven,E,0.00,0.00,0.00,XXX,33.4009
J7190,Factor viii,X,0.00,0.00,0.00,XXX,33.4009
J7191,Factor viii (porcine),X,0.00,0.00,0.00,XXX,33.4009
J7192,Factor viii recombinant nos,X,0.00,0.00,0.00,XXX,33.4009
J7193,Factor ix non-recombinant,X,0.00,0.00,0.00,XXX,33.4009
J7194,Factor ix complex,X,0.00,0.00,0.00,XXX,33.4009
J7195,Factor ix recombinant nos,X,0.00,0.00,0.00,XXX,33.4009
J7196,Antithrombin recombinant,E,0.00,0.00,0.00,XXX,33.4009
J7197,Antithrombin iii injection,X,0.00,0.00,0.00,XXX,33.4009
J7198,Anti-inhibitor,X,0.00,0.00,0.00,XXX,33.4009
J7199,Hemophilia clot factor noc,X,0.00,0.00,0.00,XXX,33.4009
J7200,Factor ix recombinan rixubis,E,0.00,0.00,0.00,XXX,33.4009
J7201,Factor ix alprolix recomb,E,0.00,0.00,0.00,XXX,33.4009
J7202,Factor ix idelvion inj,E,0.00,0.00,0.00,XXX,33.4009
J7203,Factor ix recomb gly rebinyn,E,0.00,0.00,0.00,XXX,33.4009
J7204,Inj recombin esperoct per iu,E,0.00,0.00,0.00,XXX,33.4009
J7205,Factor viii fc fusion recomb,E,0.00,0.00,0.00,XXX,33.4009
J7207,Factor viii pegylated recomb,E,0.00,0.00,0.00,XXX,33.4009
J7208,Inj. jivi 1 iu,E,0.00,0.00,0.00,XXX,33.4009
J7209,Factor viii nuwiq recomb 1iu,E,0.00,0.00,0.00,XXX,33.4009
J7210,"Inj, afstyla, 1 i.u.",E,0.00,0.00,0.00,XXX,33.4009
J7211,"Inj, kovaltry, 1 i.u.",E,0.00,0.00,0.00,XXX,33.4009
J7212,Factor viia recomb sevenfact,E,0.00,0.00,0.00,XXX,33.4009
J7213,"Inj, ixinity, 1 i.u.",E,0.00,0.00,0.00,XXX,33.4009
J7214,Altuviiio per factor viii iu,E,0.00,0.00,0.00,XXX,33.4009
J7294,Seg acet and eth estr yearly,N,0.00,0.00,0.00,XXX,33.4009
J7295,Eth estr and eton monthly,N,0.00,0.00,0.00,XXX,33.4009
J7296,"Kyleena, 19.5 mg",N,0.00,0.00,0.00,XXX,33.4009
J7297,"Liletta, 52 mg",N,0.00,0.00,0.00,XXX,33.4009
J7298,"Mirena, 52 mg",N,0.00,0.00,0.00,XXX,33.4009
J7299,Intraut copp cont (miudella),N,0.00,0.00,0.00,XXX,33.4009
J7300,Intra copp contra (paragard),N,0.00,0.00,0.00,XXX,33.4009
J7301,"Skyla, 13.5 mg",N,0.00,0.00,0.00,XXX,33.4009
J7304,Contraceptive hormone patch,N,0.00,0.00,0.00,XXX,33.4009
J7306,Levonorgestrel implant sys,I,0.00,0.00,0.00,XXX,33.4009
J7307,Etonogestrel implant system,I,0.00,0.00,0.00,XXX,33.4009
J7308,Aminolevulinic acid hcl top,E,0.00,0.00,0.00,XXX,33.4009
J7311,"Inj., retisert, 0.01 mg",E,0.00,0.00,0.00,XXX,33.4009
J7312,Dexamethasone intra implant,E,0.00,0.00,0.00,XXX,33.4009
J7313,"Inj., iluvien, 0.01 mg",E,0.00,0.00,0.00,XXX,33.4009
J7314,"Inj., yutiq, 0.01 mg",E,0.00,0.00,0.00,XXX,33.4009
J7315,Ophthalmic mitomycin,E,0.00,0.00,0.00,XXX,33.4009
J7316,"Inj, ocriplasmin, 0.125 mg",E,0.00,0.00,0.00,XXX,33.4009
J7318,"Inj, durolane 1 mg",E,0.00,0.00,0.00,XXX,33.4009
J7320,"Genvisc 850, inj, 1mg",E,0.00,0.00,0.00,XXX,33.4009
J7321,Hyalgan supartz visco-3 dose,E,0.00,0.00,0.00,XXX,33.4009
J7322,"Hyaluronan, hymo or hymo one",E,0.00,0.00,0.00,XXX,33.4009
J7323,Euflexxa inj per dose,E,0.00,0.00,0.00,XXX,33.4009
J7324,Orthovisc inj per dose,E,0.00,0.00,0.00,XXX,33.4009
J7325,Synvisc or synvisc-one,E,0.00,0.00,0.00,XXX,33.4009
J7326,Gel-one,E,0.00,0.00,0.00,XXX,33.4009
J7327,Monovisc inj per dose,E,0.00,0.00,0.00,XXX,33.4009
J7328,Gelsyn-3 injection 0.1 mg,E,0.00,0.00,0.00,XXX,33.4009
J7329,"Inj, trivisc 1 mg",E,0.00,0.00,0.00,XXX,33.4009
J7330,Cultured chondrocytes implnt,E,0.00,0.00,0.00,XXX,33.4009
J7331,"Synojoynt, inj., 1 mg",E,0.00,0.00,0.00,XXX,33.4009
J7332,"Inj., triluron, 1 mg",E,0.00,0.00,0.00,XXX,33.4009
J7336,Capsaicin 8% patch,E,0.00,0.00,0.00,XXX,33.4009
J7340,Carbidopa levodopa ent 100ml,E,0.00,0.00,0.00,XXX,33.4009
J7342,Ciprofloxacin otic susp 6 mg,E,0.00,0.00,0.00,XXX,33.4009
J7345,"Aminolevulinic acid, 10% gel",E,0.00,0.00,0.00,XXX,33.4009
J7351,Inj bimatoprost itc imp1mcg,E,0.00,0.00,0.00,XXX,33.4009
J7352,"Afamelanotide implant, 1 mg",E,0.00,0.00,0.00,XXX,33.4009
J7353,Anacaulase-bcdb 8.8% gel 1 g,E,0.00,0.00,0.00,XXX,33.4009
J7354,"Cantharidin top, applicator",E,0.00,0.00,0.00,XXX,33.4009
J7355,Inj travoprost intra impl,E,0.00,0.00,0.00,XXX,33.4009
J7356,Inj foscarb/foslevodopa 5 mg,E,0.00,0.00,0.00,XXX,33.4009
J7402,Mometasone sinus sinuva,E,0.00,0.00,0.00,XXX,33.4009
J7500,Azathioprine oral 50mg,X,0.00,0.00,0.00,XXX,33.4009
J7501,Azathioprine parenteral,X,0.00,0.00,0.00,XXX,33.4009
J7502,Cyclosporine oral 100 mg,E,0.00,0.00,0.00,XXX,33.4009
J7503,Tacrol envarsus ex rel oral,E,0.00,0.00,0.00,XXX,33.4009
J7504,Lymphocyte immune globulin,X,0.00,0.00,0.00,XXX,33.4009
J7507,Tacrolimus imme rel oral 1mg,E,0.00,0.00,0.00,XXX,33.4009
J7508,Tacrol astagraf ex rel oral,E,0.00,0.00,0.00,XXX,33.4009
J7509,Methylprednisolone oral,X,0.00,0.00,0.00,XXX,33.4009
J7510,Prednisolone oral per 5 mg,X,0.00,0.00,0.00,XXX,33.4009
J7511,Antithymocyte globuln rabbit,E,0.00,0.00,0.00,XXX,33.4009
J7512,Prednisone ir or dr oral 1mg,E,0.00,0.00,0.00,XXX,33.4009
J7514,Mycophenol (myhibbin) 100 mg,E,0.00,0.00,0.00,XXX,33.4009
J7515,Cyclosporine oral 25 mg,E,0.00,0.00,0.00,XXX,33.4009
J7516,"Inj, cyclosporine 250mg",E,0.00,0.00,0.00,XXX,33.4009
J7517,Mycophenolate mofetil oral,E,0.00,0.00,0.00,XXX,33.4009
J7518,Mycophenolic acid,E,0.00,0.00,0.00,XXX,33.4009
J7519,Inj. mycophenolate mofetil,E,0.00,0.00,0.00,XXX,33.4009
J7520,"Sirolimus, oral",E,0.00,0.00,0.00,XXX,33.4009
J7521,Tacrolim granules oral susp,E,0.00,0.00,0.00,XXX,33.4009
J7525,Tacrolimus injection,E,0.00,0.00,0.00,XXX,33.4009
J7527,Oral everolimus,E,0.00,0.00,0.00,XXX,33.4009
J7528,Mycophen mofetil for susp,E,0.00,0.00,0.00,XXX,33.4009
J7599,Immunosuppressive drug noc,X,0.00,0.00,0.00,XXX,33.4009
J7601,Ensifentrine inh 3 mg,E,0.00,0.00,0.00,XXX,33.4009
J7604,Acetylcysteine comp unit,E,0.00,0.00,0.00,XXX,33.4009
J7605,Arformoterol non-comp unit,E,0.00,0.00,0.00,XXX,33.4009
J7606,"Formoterol fumarate, inh",E,0.00,0.00,0.00,XXX,33.4009
J7607,Levalbuterol comp con,E,0.00,0.00,0.00,XXX,33.4009
J7608,Acetylcysteine non-comp unit,E,0.00,0.00,0.00,XXX,33.4009
J7609,Albuterol comp unit,E,0.00,0.00,0.00,XXX,33.4009
J7610,Albuterol comp con,E,0.00,0.00,0.00,XXX,33.4009
J7611,Albuterol non-comp con,E,0.00,0.00,0.00,XXX,33.4009
J7612,Levalbuterol non-comp con,E,0.00,0.00,0.00,XXX,33.4009
J7613,Albuterol non-comp unit,E,0.00,0.00,0.00,XXX,33.4009
J7614,Levalbuterol non-comp unit,E,0.00,0.00,0.00,XXX,33.4009
J7615,Levalbuterol comp unit,E,0.00,0.00,0.00,XXX,33.4009
J7620,Albuterol ipratrop non-comp,E,0.00,0.00,0.00,XXX,33.4009
J7622,Beclomethasone comp unit,E,0.00,0.00,0.00,XXX,33.4009
J7624,Betamethasone comp unit,E,0.00,0.00,0.00,XXX,33.4009
J7626,Budesonide non-comp unit,E,0.00,0.00,0.00,XXX,33.4009
J7627,Budesonide comp unit,E,0.00,0.00,0.00,XXX,33.4009
J7628,Bitolterol mesylate comp con,E,0.00,0.00,0.00,XXX,33.4009
J7629,Bitolterol mesylate comp unt,E,0.00,0.00,0.00,XXX,33.4009
J7631,Cromolyn sodium noncomp unit,E,0.00,0.00,0.00,XXX,33.4009
J7632,Cromolyn sodium comp unit,E,0.00,0.00,0.00,XXX,33.4009
J7633,Budesonide non-comp con,E,0.00,0.00,0.00,XXX,33.4009
J7634,Budesonide comp con,E,0.00,0.00,0.00,XXX,33.4009
J7635,Atropine comp con,E,0.00,0.00,0.00,XXX,33.4009
J7636,Atropine comp unit,E,0.00,0.00,0.00,XXX,33.4009
J7637,Dexamethasone comp con,E,0.00,0.00,0.00,XXX,33.4009
J7638,Dexamethasone comp unit,E,0.00,0.00,0.00,XXX,33.4009
J7639,Dornase alfa non-comp unit,E,0.00,0.00,0.00,XXX,33.4009
J7640,Formoterol comp unit,E,0.00,0.00,0.00,XXX,33.4009
J7641,Flunisolide comp unit,E,0.00,0.00,0.00,XXX,33.4009
J7642,Glycopyrrolate comp con,E,0.00,0.00,0.00,XXX,33.4009
J7643,Glycopyrrolate comp unit,E,0.00,0.00,0.00,XXX,33.4009
J7644,Ipratropium bromide non-comp,E,0.00,0.00,0.00,XXX,33.4009
J7645,Ipratropium bromide comp,E,0.00,0.00,0.00,XXX,33.4009
J7647,Isoetharine comp con,E,0.00,0.00,0.00,XXX,33.4009
J7648,Isoetharine non-comp con,E,0.00,0.00,0.00,XXX,33.4009
J7649,Isoetharine non-comp unit,E,0.00,0.00,0.00,XXX,33.4009
J7650,Isoetharine comp unit,E,0.00,0.00,0.00,XXX,33.4009
J7657,Isoproterenol comp con,E,0.00,0.00,0.00,XXX,33.4009
J7658,Isoproterenol non-comp con,E,0.00,0.00,0.00,XXX,33.4009
J7659,Isoproterenol non-comp unit,E,0.00,0.00,0.00,XXX,33.4009
J7660,Isoproterenol comp unit,E,0.00,0.00,0.00,XXX,33.4009
J7665,Mannitol for inhaler,E,0.00,0.00,0.00,XXX,33.4009
J7667,Metaproterenol comp con,E,0.00,0.00,0.00,XXX,33.4009
J7668,Metaproterenol non-comp con,E,0.00,0.00,0.00,XXX,33.4009
J7669,Metaproterenol non-comp unit,E,0.00,0.00,0.00,XXX,33.4009
J7670,Metaproterenol comp unit,E,0.00,0.00,0.00,XXX,33.4009
J7674,"Methacholine chloride, neb",E,0.00,0.00,0.00,XXX,33.4009
J7676,Pentamidine comp unit dose,E,0.00,0.00,0.00,XXX,33.4009
J7677,Revefenacin inh non-com 1mcg,E,0.00,0.00,0.00,XXX,33.4009
J7680,Terbutaline sulf comp con,E,0.00,0.00,0.00,XXX,33.4009
J7681,Terbutaline sulf comp unit,E,0.00,0.00,0.00,XXX,33.4009
J7682,Tobramycin non-comp unit,E,0.00,0.00,0.00,XXX,33.4009
J7683,Triamcinolone comp con,E,0.00,0.00,0.00,XXX,33.4009
J7684,Triamcinolone comp unit,E,0.00,0.00,0.00,XXX,33.4009
J7685,Tobramycin comp unit,E,0.00,0.00,0.00,XXX,33.4009
J7686,"Treprostinil, non-comp unit",E,0.00,0.00,0.00,XXX,33.4009
J7699,Inhalation solution for dme,E,0.00,0.00,0.00,XXX,33.4009
J7799,Non-inhalation drug for dme,E,0.00,0.00,0.00,XXX,33.4009
J7999,"Compounded drug, noc",E,0.00,0.00,0.00,XXX,33.4009
J8498,Antiemetic rectal/supp nos,E,0.00,0.00,0.00,XXX,33.4009
J8499,Oral prescrip drug non chemo,N,0.00,0.00,0.00,XXX,33.4009
J8501,Oral aprepitant,E,0.00,0.00,0.00,XXX,33.4009
J8502,"Inj, aponvie, 1 mg",E,0.00,0.00,0.00,XXX,33.4009
J8510,Oral busulfan,E,0.00,0.00,0.00,XXX,33.4009
J8515,"Cabergoline, oral 0.25mg",N,0.00,0.00,0.00,XXX,33.4009
J8522,"Capecitabine, oral, 50 mg",E,0.00,0.00,0.00,XXX,33.4009
J8530,Cyclophosphamide oral 25 mg,E,0.00,0.00,0.00,XXX,33.4009
J8540,Oral dexamethasone,E,0.00,0.00,0.00,XXX,33.4009
J8541,"Oral, hemady, 0.25 mg",E,0.00,0.00,0.00,XXX,33.4009
J8560,Etoposide oral 50 mg,E,0.00,0.00,0.00,XXX,33.4009
J8565,Gefitinib oral,I,0.00,0.00,0.00,XXX,33.4009
J8597,Antiemetic drug oral nos,E,0.00,0.00,0.00,XXX,33.4009
J8600,Melphalan oral 2 mg,E,0.00,0.00,0.00,XXX,33.4009
J8610,Methotrexate oral 2.5 mg,E,0.00,0.00,0.00,XXX,33.4009
J8611,Oral methotrexate (jylamvo),E,0.00,0.00,0.00,XXX,33.4009
J8612,Oral methotrexate (xatmep),E,0.00,0.00,0.00,XXX,33.4009
J8655,"Oral netupitant, palonosetro",E,0.00,0.00,0.00,XXX,33.4009
J8670,"Rolapitant, oral, 1mg",E,0.00,0.00,0.00,XXX,33.4009
J8700,Temozolomide,E,0.00,0.00,0.00,XXX,33.4009
J8705,Topotecan oral,E,0.00,0.00,0.00,XXX,33.4009
J8999,Oral prescription drug chemo,E,0.00,0.00,0.00,XXX,33.4009
J9000,Doxorubicin hcl injection,E,0.00,0.00,0.00,XXX,33.4009
J9003,"Leupro inj, camcevi etm, 1mg",E,0.00,0.00,0.00,XXX,33.4009
J9011,"Datopotamab deruxtecan, 1 mg",E,0.00,0.00,0.00,XXX,33.4009
J9015,Aldesleukin injection,E,0.00,0.00,0.00,XXX,33.4009
J9017,Arsenic trioxide injection,E,0.00,0.00,0.00,XXX,33.4009
J9021,"Inj, aspara, rylaze, 0.1 mg",E,0.00,0.00,0.00,XXX,33.4009
J9022,"Inj, atezolizumab,10 mg",E,0.00,0.00,0.00,XXX,33.4009
J9023,"Injection, avelumab, 10 mg",E,0.00,0.00,0.00,XXX,33.4009
J9024,Inj atezolizumb 5mg hya-tqjs,E,0.00,0.00,0.00,XXX,33.4009
J9025,Azacitidine injection,E,0.00,0.00,0.00,XXX,33.4009
J9026,"Inj, tarlatamab-dlle, 1 mg",E,0.00,0.00,0.00,XXX,33.4009
J9027,Clofarabine injection,E,0.00,0.00,0.00,XXX,33.4009
J9028,"Inj, nogapendekin pmln, 1mcg",E,0.00,0.00,0.00,XXX,33.4009
J9029,"Instill adstiladrin, tx dose",E,0.00,0.00,0.00,XXX,33.4009
J9030,Bcg live intravesical 1mg,E,0.00,0.00,0.00,XXX,33.4009
J9032,"Injection, belinostat, 10mg",E,0.00,0.00,0.00,XXX,33.4009
J9033,"Inj, bendamustine hcl, 1mg",E,0.00,0.00,0.00,XXX,33.4009
J9034,"Inj., bendeka 1 mg",E,0.00,0.00,0.00,XXX,33.4009
J9035,Bevacizumab injection,E,0.00,0.00,0.00,XXX,33.4009
J9036,Inj. belrapzo/bendamustine,E,0.00,0.00,0.00,XXX,33.4009
J9038,Inj axatilimab-csfr 0.1 mg,E,0.00,0.00,0.00,XXX,33.4009
J9039,"Injection, blinatumomab",E,0.00,0.00,0.00,XXX,33.4009
J9040,Bleomycin sulfate injection,E,0.00,0.00,0.00,XXX,33.4009
J9041,"Injection, bortezomib, 0.1mg",E,0.00,0.00,0.00,XXX,33.4009
J9042,Brentuximab vedotin inj,E,0.00,0.00,0.00,XXX,33.4009
J9043,Cabazitaxel injection,E,0.00,0.00,0.00,XXX,33.4009
J9045,Carboplatin injection,E,0.00,0.00,0.00,XXX,33.4009
J9046,"Inj, bortezomib, dr. reddy's",E,0.00,0.00,0.00,XXX,33.4009
J9047,"Injection, carfilzomib, 1 mg",E,0.00,0.00,0.00,XXX,33.4009
J9048,"Inj, bortezomib freseniuskab",E,0.00,0.00,0.00,XXX,33.4009
J9049,"Inj, bortezomib, hospira",E,0.00,0.00,0.00,XXX,33.4009
J9050,Carmustine injection,E,0.00,0.00,0.00,XXX,33.4009
J9051,"Inj, bortezomib (maia)",E,0.00,0.00,0.00,XXX,33.4009
J9052,"Inj, carmustine (accord)",E,0.00,0.00,0.00,XXX,33.4009
J9053,Inj belantamab mafodot blmf,E,0.00,0.00,0.00,XXX,33.4009
J9054,Inj bortezomib boruzu 0.1 mg,E,0.00,0.00,0.00,XXX,33.4009
J9055,Cetuximab injection,E,0.00,0.00,0.00,XXX,33.4009
J9056,"Inj, vivimusta, 1 mg",E,0.00,0.00,0.00,XXX,33.4009
J9057,"Inj., copanlisib, 1 mg",E,0.00,0.00,0.00,XXX,33.4009
J9060,Cisplatin 10 mg injection,E,0.00,0.00,0.00,XXX,33.4009
J9061,"Inj, amivantamab-vmjw",E,0.00,0.00,0.00,XXX,33.4009
J9062,Inj amivantamab 5mg hyaluron,E,0.00,0.00,0.00,XXX,33.4009
J9063,"Inj, elahere, 1 mg",E,0.00,0.00,0.00,XXX,33.4009
J9064,"Inj, cabazitaxel (sandoz)",E,0.00,0.00,0.00,XXX,33.4009
J9065,Inj cladribine per 1 mg,E,0.00,0.00,0.00,XXX,33.4009
J9071,Inj cyclophosphamd auromedic,E,0.00,0.00,0.00,XXX,33.4009
J9072,Inj cyclophos frindovyx 5 mg,E,0.00,0.00,0.00,XXX,33.4009
J9073,Inj cyclophos dr reddys 5 mg,E,0.00,0.00,0.00,XXX,33.4009
J9074,"Inj, cyclophosphamd, sandoz",E,0.00,0.00,0.00,XXX,33.4009
J9075,"Inj, cyclophosphamide, nos",E,0.00,0.00,0.00,XXX,33.4009
J9076,"Inj, cyclophos (baxter) 5mg",E,0.00,0.00,0.00,XXX,33.4009
J9100,Cytarabine hcl 100 mg inj,E,0.00,0.00,0.00,XXX,33.4009
J9118,Inj. calaspargase pegol-mknl,E,0.00,0.00,0.00,XXX,33.4009
J9119,"Inj., cemiplimab-rwlc, 1 mg",E,0.00,0.00,0.00,XXX,33.4009
J9120,Dactinomycin injection,E,0.00,0.00,0.00,XXX,33.4009
J9130,Dacarbazine 100 mg inj,E,0.00,0.00,0.00,XXX,33.4009
J9144,"Daratumumab, hyaluronidase",E,0.00,0.00,0.00,XXX,33.4009
J9145,"Injection, daratumumab 10 mg",E,0.00,0.00,0.00,XXX,33.4009
J9150,Daunorubicin injection,E,0.00,0.00,0.00,XXX,33.4009
J9153,"Inj daunorubicin, cytarabine",E,0.00,0.00,0.00,XXX,33.4009
J9155,Degarelix injection,E,0.00,0.00,0.00,XXX,33.4009
J9161,Inj denileuk difti-cxdl 1mcg,E,0.00,0.00,0.00,XXX,33.4009
J9171,Docetaxel injection,E,0.00,0.00,0.00,XXX,33.4009
J9172,"Docetaxel (docivyx), 1 mg",E,0.00,0.00,0.00,XXX,33.4009
J9173,"Inj., durvalumab, 10 mg",E,0.00,0.00,0.00,XXX,33.4009
J9174,"Inj, docetaxel (beizray) 1mg",E,0.00,0.00,0.00,XXX,33.4009
J9175,Elliotts b solution per ml,E,0.00,0.00,0.00,XXX,33.4009
J9176,"Injection, elotuzumab, 1mg",E,0.00,0.00,0.00,XXX,33.4009
J9177,Inj enfort vedo-ejfv 0.25mg,E,0.00,0.00,0.00,XXX,33.4009
J9178,"Inj, epirubicin hcl, 2 mg",E,0.00,0.00,0.00,XXX,33.4009
J9179,Eribulin mesylate injection,E,0.00,0.00,0.00,XXX,33.4009
J9181,Etoposide injection,E,0.00,0.00,0.00,XXX,33.4009
J9183,Gemcitabine intravesical sys,E,0.00,0.00,0.00,XXX,33.4009
J9184,Inj gemcitabin (avyxa) 200mg,E,0.00,0.00,0.00,XXX,33.4009
J9185,Fludarabine phosphate inj,E,0.00,0.00,0.00,XXX,33.4009
J9190,Fluorouracil injection,E,0.00,0.00,0.00,XXX,33.4009
J9196,Inj gemcitabine hcl (accord),E,0.00,0.00,0.00,XXX,33.4009
J9198,"Inj. infugem, 100 mg",E,0.00,0.00,0.00,XXX,33.4009
J9200,Floxuridine injection,E,0.00,0.00,0.00,XXX,33.4009
J9201,In gemcitabine hcl nos 200mg,E,0.00,0.00,0.00,XXX,33.4009
J9202,Goserelin acetate implant,E,0.00,0.00,0.00,XXX,33.4009
J9203,Gemtuzumab ozogamicin 0.1 mg,E,0.00,0.00,0.00,XXX,33.4009
J9204,"Inj mogamulizumab-kpkc, 1 mg",E,0.00,0.00,0.00,XXX,33.4009
J9205,Inj irinotecan liposome 1 mg,E,0.00,0.00,0.00,XXX,33.4009
J9206,Irinotecan injection,E,0.00,0.00,0.00,XXX,33.4009
J9207,Ixabepilone injection,E,0.00,0.00,0.00,XXX,33.4009
J9208,Ifosfamide injection,E,0.00,0.00,0.00,XXX,33.4009
J9209,Mesna injection,E,0.00,0.00,0.00,XXX,33.4009
J9210,"Inj., emapalumab-lzsg, 1 mg",E,0.00,0.00,0.00,XXX,33.4009
J9211,Idarubicin hcl injection,E,0.00,0.00,0.00,XXX,33.4009
J9213,Interferon alfa-2a inj,E,0.00,0.00,0.00,XXX,33.4009
J9214,Interferon alfa-2b inj,E,0.00,0.00,0.00,XXX,33.4009
J9215,Interferon alfa-n3 inj,E,0.00,0.00,0.00,XXX,33.4009
J9216,Interferon gamma 1-b inj,E,0.00,0.00,0.00,XXX,33.4009
J9217,Leuprolide acetate suspnsion,E,0.00,0.00,0.00,XXX,33.4009
J9218,Leuprolide acetate injeciton,E,0.00,0.00,0.00,XXX,33.4009
J9219,Leuprolide acetate implant,E,0.00,0.00,0.00,XXX,33.4009
J9220,Indigotindisulfonate sod 1mg,E,0.00,0.00,0.00,XXX,33.4009
J9223,"Inj. lurbinectedin, 0.1 mg",E,0.00,0.00,0.00,XXX,33.4009
J9225,Vantas implant,E,0.00,0.00,0.00,XXX,33.4009
J9226,Supprelin la implant,E,0.00,0.00,0.00,XXX,33.4009
J9227,Inj. isatuximab-irfc 10 mg,E,0.00,0.00,0.00,XXX,33.4009
J9228,Ipilimumab injection,E,0.00,0.00,0.00,XXX,33.4009
J9229,Inj inotuzumab ozogam 0.1 mg,E,0.00,0.00,0.00,XXX,33.4009
J9230,Mechlorethamine hcl inj,E,0.00,0.00,0.00,XXX,33.4009
J9232,Inj docetaxel (hospira) 1 mg,E,0.00,0.00,0.00,XXX,33.4009
J9245,Inj melpha hydroch nos 50 mg,E,0.00,0.00,0.00,XXX,33.4009
J9246,"Inj., evomela, 1 mg",E,0.00,0.00,0.00,XXX,33.4009
J9248,Inj melphalan (hepzato) 1 mg,E,0.00,0.00,0.00,XXX,33.4009
J9249,"Inj, melphalan (apotex) 1 mg",E,0.00,0.00,0.00,XXX,33.4009
J9255,"Inj, methotrexate (accord)",E,0.00,0.00,0.00,XXX,33.4009
J9256,"Inj, nipocalimab-aahu, 3 mg",E,0.00,0.00,0.00,XXX,33.4009
J9260,Inj methotrexate sodium 50mg,E,0.00,0.00,0.00,XXX,33.4009
J9261,Nelarabine injection,E,0.00,0.00,0.00,XXX,33.4009
J9262,"Inj, omacetaxine mep, 0.01mg",E,0.00,0.00,0.00,XXX,33.4009
J9263,Oxaliplatin,E,0.00,0.00,0.00,XXX,33.4009
J9264,Paclitaxel protein bound,E,0.00,0.00,0.00,XXX,33.4009
J9266,Pegaspargase injection,E,0.00,0.00,0.00,XXX,33.4009
J9267,Paclitaxel injection,E,0.00,0.00,0.00,XXX,33.4009
J9268,Pentostatin injection,E,0.00,0.00,0.00,XXX,33.4009
J9269,Inj. tagraxofusp-erzs 10 mcg,E,0.00,0.00,0.00,XXX,33.4009
J9271,Inj pembrolizumab,E,0.00,0.00,0.00,XXX,33.4009
J9272,"Inj, dostarlimab-gxly, 10 mg",E,0.00,0.00,0.00,XXX,33.4009
J9273,"Inj tisotu vedotin-tftv, 1mg",E,0.00,0.00,0.00,XXX,33.4009
J9274,"Inj, tebentafusp-tebn, 1 mcg",E,0.00,0.00,0.00,XXX,33.4009
J9275,"Inj cosibelimab-ipdl, 2 mg",E,0.00,0.00,0.00,XXX,33.4009
J9276,"Inj zanidatamab-hrii, 2 mg",E,0.00,0.00,0.00,XXX,33.4009
J9277,Pembrolizumab 1mg berahyalur,E,0.00,0.00,0.00,XXX,33.4009
J9278,"Inj, carboplatin (avyxa)",E,0.00,0.00,0.00,XXX,33.4009
J9280,Mitomycin injection,E,0.00,0.00,0.00,XXX,33.4009
J9281,Mitomycin instillation,E,0.00,0.00,0.00,XXX,33.4009
J9282,Mitomycin intravesical inst,E,0.00,0.00,0.00,XXX,33.4009
J9285,"Inj, olaratumab, 10 mg",E,0.00,0.00,0.00,XXX,33.4009
J9286,"Inj glofitamab gxbm, 2.5 mg",E,0.00,0.00,0.00,XXX,33.4009
J9289,Inj nivolumab 2 mg hyaluron,E,0.00,0.00,0.00,XXX,33.4009
J9292,"Inj, pemetrexed dipotassium",E,0.00,0.00,0.00,XXX,33.4009
J9293,Mitoxantrone hydrochl / 5 mg,E,0.00,0.00,0.00,XXX,33.4009
J9294,"Inj pemetrexed, hospira 10mg",E,0.00,0.00,0.00,XXX,33.4009
J9295,"Injection, necitumumab, 1 mg",E,0.00,0.00,0.00,XXX,33.4009
J9296,Inj pemetrexed (accord) 10mg,E,0.00,0.00,0.00,XXX,33.4009
J9297,Inj pemetrexed (sandoz) 10mg,E,0.00,0.00,0.00,XXX,33.4009
J9298,Inj nivol relatlimab 3mg/1mg,E,0.00,0.00,0.00,XXX,33.4009
J9299,"Injection, nivolumab",E,0.00,0.00,0.00,XXX,33.4009
J9301,Obinutuzumab inj,E,0.00,0.00,0.00,XXX,33.4009
J9302,Ofatumumab injection,E,0.00,0.00,0.00,XXX,33.4009
J9303,Panitumumab injection,E,0.00,0.00,0.00,XXX,33.4009
J9304,"Inj. pemetrexed, 10 mg",E,0.00,0.00,0.00,XXX,33.4009
J9305,Inj. pemetrexed nos 10mg,E,0.00,0.00,0.00,XXX,33.4009
J9306,"Injection, pertuzumab, 1 mg",E,0.00,0.00,0.00,XXX,33.4009
J9307,Pralatrexate injection,E,0.00,0.00,0.00,XXX,33.4009
J9308,"Injection, ramucirumab",E,0.00,0.00,0.00,XXX,33.4009
J9309,"Inj, polatuzumab vedotin 1mg",E,0.00,0.00,0.00,XXX,33.4009
J9311,"Inj rituximab, hyaluronidase",E,0.00,0.00,0.00,XXX,33.4009
J9312,"Inj., rituximab, 10 mg",E,0.00,0.00,0.00,XXX,33.4009
J9313,"Inj., lumoxiti, 0.01 mg",E,0.00,0.00,0.00,XXX,33.4009
J9314,Inj pemetrexed (teva) 10mg,E,0.00,0.00,0.00,XXX,33.4009
J9316,"Pertuzu, trastuzu, 10 mg",E,0.00,0.00,0.00,XXX,33.4009
J9317,Sacituzumab govitecan-hziy,E,0.00,0.00,0.00,XXX,33.4009
J9318,Inj romidepsin non-lyo 0.1mg,E,0.00,0.00,0.00,XXX,33.4009
J9319,Inj romidepsin lyophil 0.1mg,E,0.00,0.00,0.00,XXX,33.4009
J9320,Streptozocin injection,E,0.00,0.00,0.00,XXX,33.4009
J9321,Inj epcoritamab-bysp 0.16 mg,E,0.00,0.00,0.00,XXX,33.4009
J9322,Inj pemetrexed (bluepoint),E,0.00,0.00,0.00,XXX,33.4009
J9323,Inj pemetrexed ditromethamin,E,0.00,0.00,0.00,XXX,33.4009
J9324,"Inj, pemrydi rtu, 10 mg",E,0.00,0.00,0.00,XXX,33.4009
J9325,Inj talimogene laherparepvec,E,0.00,0.00,0.00,XXX,33.4009
J9326,Telisotuzumab vedotin-tllv,E,0.00,0.00,0.00,XXX,33.4009
J9328,Temozolomide injection,E,0.00,0.00,0.00,XXX,33.4009
J9329,"Inj, tislelizumab-jsgr",E,0.00,0.00,0.00,XXX,33.4009
J9330,Temsirolimus injection,E,0.00,0.00,0.00,XXX,33.4009
J9331,Inj sirolimus prot part 1 mg,E,0.00,0.00,0.00,XXX,33.4009
J9332,Inj efgartigimod 2mg,E,0.00,0.00,0.00,XXX,33.4009
J9333,Inj rozanolixizum-noli 1 mg,E,0.00,0.00,0.00,XXX,33.4009
J9334,Inj efgart-alfa 2mg hya-qvfc,E,0.00,0.00,0.00,XXX,33.4009
J9341,Inj thiotepa (tepylute) 1 mg,E,0.00,0.00,0.00,XXX,33.4009
J9342,Inj thiotepa nos 1 mg,E,0.00,0.00,0.00,XXX,33.4009
J9345,"Inj, retifanlimab-dlwr, 1 mg",E,0.00,0.00,0.00,XXX,33.4009
J9347,"Inj, tremelimumab-actl, 1 mg",E,0.00,0.00,0.00,XXX,33.4009
J9348,"Inj. naxitamab-gqgk, 1 mg",E,0.00,0.00,0.00,XXX,33.4009
J9349,"Inj., tafasitamab-cxix",E,0.00,0.00,0.00,XXX,33.4009
J9350,"Inj mosunetuzumab-axgb, 1 mg",E,0.00,0.00,0.00,XXX,33.4009
J9351,Topotecan injection,E,0.00,0.00,0.00,XXX,33.4009
J9352,Injection trabectedin 0.1mg,E,0.00,0.00,0.00,XXX,33.4009
J9353,"Inj. margetuximab-cmkb, 5 mg",E,0.00,0.00,0.00,XXX,33.4009
J9354,"Inj, ado-trastuzumab emt 1mg",E,0.00,0.00,0.00,XXX,33.4009
J9355,Inj trastuzumab excl biosimi,E,0.00,0.00,0.00,XXX,33.4009
J9356,"Inj. herceptin hylecta, 10mg",E,0.00,0.00,0.00,XXX,33.4009
J9357,Valrubicin injection,E,0.00,0.00,0.00,XXX,33.4009
J9358,Inj fam-trastu deru-nxki 1mg,E,0.00,0.00,0.00,XXX,33.4009
J9359,Inj lon tesirin-lpyl 0.075mg,E,0.00,0.00,0.00,XXX,33.4009
J9360,Vinblastine sulfate inj,E,0.00,0.00,0.00,XXX,33.4009
J9361,"Inj, efbemalenograstim alfa-",E,0.00,0.00,0.00,XXX,33.4009
J9370,Vincristine sulfate 1 mg inj,E,0.00,0.00,0.00,XXX,33.4009
J9376,"Inj pozelimab-bbfg, 1 mg",E,0.00,0.00,0.00,XXX,33.4009
J9380,Inj teclistamab cqyv 0.5 mg,E,0.00,0.00,0.00,XXX,33.4009
J9381,Inj teplizumab mzwv 5 mcg,E,0.00,0.00,0.00,XXX,33.4009
J9382,Inj zenocutuzumab-zbco 1 mg,E,0.00,0.00,0.00,XXX,33.4009
J9390,Vinorelbine tartrate inj,E,0.00,0.00,0.00,XXX,33.4009
J9393,"Inj, fulvestrant (teva)",E,0.00,0.00,0.00,XXX,33.4009
J9394,"Inj, fulvestrant (fresenius)",E,0.00,0.00,0.00,XXX,33.4009
J9395,"Injection, fulvestrant",E,0.00,0.00,0.00,XXX,33.4009
J9400,"Inj, ziv-aflibercept, 1mg",E,0.00,0.00,0.00,XXX,33.4009
J9600,Porfimer sodium injection,E,0.00,0.00,0.00,XXX,33.4009
J9601,Inj linvoseltamab-gcpt 1 mg,E,0.00,0.00,0.00,XXX,33.4009
J9999,Chemotherapy drug,E,0.00,0.00,0.00,XXX,33.4009
M0001,Advancing cancer care mvp,M,0.00,0.00,0.00,XXX,33.4009
M0002,Opt care kidney hlth mvp,M,0.00,0.00,0.00,XXX,33.4009
M0004,Qual care neurologic cnd mvp,M,0.00,0.00,0.00,XXX,33.4009
M0005,Value in primary care mvp,M,0.00,0.00,0.00,XXX,33.4009
M0010,Eom meos payment,X,0.00,0.00,0.00,XXX,33.4009
M0075,Cellular therapy,N,0.00,0.00,0.00,XXX,33.4009
M0076,Prolotherapy,N,0.00,0.00,0.00,XXX,33.4009
M0100,Intragastric hypothermia,N,0.00,0.00,0.00,XXX,33.4009
M0201,Pne flu hepb cov home admin,X,0.00,0.00,0.00,XXX,33.4009
M0224,Pemivibart infusion,X,0.00,0.00,0.00,XXX,33.4009
M0231,Inf tocilizumab-bavi 1st dos,X,0.00,0.00,0.00,XXX,33.4009
M0232,Inf tocilizumab-bavi 2nd dos,X,0.00,0.00,0.00,XXX,33.4009
M0233,"Intra inf, toci, first dose",X,0.00,0.00,0.00,XXX,33.4009
M0234,"Intra inf, toci, second dos",X,0.00,0.00,0.00,XXX,33.4009
M0235,"Intrav inf, mon anti, fir do",X,0.00,0.00,0.00,XXX,33.4009
M0236,"Intrav inf, mon anti, sec do",X,0.00,0.00,0.00,XXX,33.4009
M0237,"Intrav inf, toci, first dose",X,0.00,0.00,0.00,XXX,33.4009
M0238,"Intrav inf, toci, second dos",X,0.00,0.00,0.00,XXX,33.4009
M0249,Adm tocilizu covid-19 1st,X,0.00,0.00,0.00,XXX,33.4009
M0250,Adm tocilizu covid-19 2nd,X,0.00,0.00,0.00,XXX,33.4009
M0300,Iv chelationtherapy,N,0.00,0.00,0.00,XXX,33.4009
M0301,Fabric wrapping of aneurysm,N,0.00,0.00,0.00,XXX,33.4009
M1003,Tb scr 12 mo pri fst bio dz,M,0.00,0.00,0.00,XXX,33.4009
M1004,Doc med rsn no srn tb,M,0.00,0.00,0.00,XXX,33.4009
M1005,Tb scr no perf,M,0.00,0.00,0.00,XXX,33.4009
M1006,"Dz not ases, no rsn",M,0.00,0.00,0.00,XXX,33.4009
M1007,>=50% total pt outpt ra enct,M,0.00,0.00,0.00,XXX,33.4009
M1008,<50% total pt outpt ra encts,M,0.00,0.00,0.00,XXX,33.4009
M1009,Dc eoc doc med rec,M,0.00,0.00,0.00,XXX,33.4009
M1010,Dc eoc doc med rec,M,0.00,0.00,0.00,XXX,33.4009
M1011,Dc eoc doc med rec,M,0.00,0.00,0.00,XXX,33.4009
M1012,Dc eoc doc med rec,M,0.00,0.00,0.00,XXX,33.4009
M1013,Dc eoc doc med rec,M,0.00,0.00,0.00,XXX,33.4009
M1014,Dc epi care doc medrec,M,0.00,0.00,0.00,XXX,33.4009
M1016,Pt dx meop or sur steri,M,0.00,0.00,0.00,XXX,33.4009
M1018,Pt dx hst cr pt sk lg cr scr,M,0.00,0.00,0.00,XXX,33.4009
M1019,Adl pt mj dep ds rs 12 phq<5,M,0.00,0.00,0.00,XXX,33.4009
M1020,Adl pt mj dep ds no rs 12 mo,M,0.00,0.00,0.00,XXX,33.4009
M1021,Pt uc in pp,M,0.00,0.00,0.00,XXX,33.4009
M1027,Img head (ct or mri) obtnd,M,0.00,0.00,0.00,XXX,33.4009
M1028,Doc of pt prm hda dx and otr,M,0.00,0.00,0.00,XXX,33.4009
M1029,Doc sysm rsn img hd,M,0.00,0.00,0.00,XXX,33.4009
M1032,Adt tkng pharmthry for oud,M,0.00,0.00,0.00,XXX,33.4009
M1034,Adt 180 dys pharmthry oud,M,0.00,0.00,0.00,XXX,33.4009
M1035,Adt pd out mat pr 180 dys tx,M,0.00,0.00,0.00,XXX,33.4009
M1036,Adt no 180 dys pharmthry oud,M,0.00,0.00,0.00,XXX,33.4009
M1037,Pt dx lum sp reg cacr,M,0.00,0.00,0.00,XXX,33.4009
M1038,Pt dx lum sp reg fract,M,0.00,0.00,0.00,XXX,33.4009
M1039,Pt dx lum sp reg inf,M,0.00,0.00,0.00,XXX,33.4009
M1040,Pt dx lum idi or cong scol,M,0.00,0.00,0.00,XXX,33.4009
M1041,Pt cr ft inf lm or pt id sl,M,0.00,0.00,0.00,XXX,33.4009
M1043,Fs no odi 9-15mo,M,0.00,0.00,0.00,XXX,33.4009
M1045,Fs oks 9-15mo >= 37 >= 71,M,0.00,0.00,0.00,XXX,33.4009
M1046,Fs oks 9-15mo < 37 < 71,M,0.00,0.00,0.00,XXX,33.4009
M1049,Fs wth scr no odi pre and p,M,0.00,0.00,0.00,XXX,33.4009
M1051,Pt w/cancer scoliosis,M,0.00,0.00,0.00,XXX,33.4009
M1052,Lg pn not meas w/ vas 1yr po,M,0.00,0.00,0.00,XXX,33.4009
M1054,Pt uc in pp,M,0.00,0.00,0.00,XXX,33.4009
M1055,Aspirin used,M,0.00,0.00,0.00,XXX,33.4009
M1056,Presc antico med in pp,M,0.00,0.00,0.00,XXX,33.4009
M1057,"Aspirin not used, no rsn",M,0.00,0.00,0.00,XXX,33.4009
M1058,Pt prm nurs hm res in pp,M,0.00,0.00,0.00,XXX,33.4009
M1059,Pt no prm nurs hm res in pp,M,0.00,0.00,0.00,XXX,33.4009
M1060,Pt died in pp,M,0.00,0.00,0.00,XXX,33.4009
M1067,Hspc pt prv time meam per,M,0.00,0.00,0.00,XXX,33.4009
M1068,Pt not ambulatory,M,0.00,0.00,0.00,XXX,33.4009
M1069,Pt scr ft fall rsk,M,0.00,0.00,0.00,XXX,33.4009
M1070,Pt not scrn fut fall no rsn,M,0.00,0.00,0.00,XXX,33.4009
M1106,Start eoc doc med rec,M,0.00,0.00,0.00,XXX,33.4009
M1107,Docu dx degen neuro,M,0.00,0.00,0.00,XXX,33.4009
M1108,Oc ni pt home prog,M,0.00,0.00,0.00,XXX,33.4009
M1109,Oc ni pt dc,M,0.00,0.00,0.00,XXX,33.4009
M1110,Oc not p pt selfdc,M,0.00,0.00,0.00,XXX,33.4009
M1111,Start eoc doc med rec,M,0.00,0.00,0.00,XXX,33.4009
M1112,Docu dx degen neuro,M,0.00,0.00,0.00,XXX,33.4009
M1113,Oc ni pt home prog,M,0.00,0.00,0.00,XXX,33.4009
M1114,Oc ni pt dc,M,0.00,0.00,0.00,XXX,33.4009
M1115,Oc ni pt selfdc,M,0.00,0.00,0.00,XXX,33.4009
M1116,Start eoc doc med rec,M,0.00,0.00,0.00,XXX,33.4009
M1117,Docu dx degen neuro,M,0.00,0.00,0.00,XXX,33.4009
M1118,Oc ni pt home prog,M,0.00,0.00,0.00,XXX,33.4009
M1119,Oc ni pt dc,M,0.00,0.00,0.00,XXX,33.4009
M1120,Oc ni pt selfdc,M,0.00,0.00,0.00,XXX,33.4009
M1121,Start eoc doc med rec,M,0.00,0.00,0.00,XXX,33.4009
M1122,Docu dx degen neuro,M,0.00,0.00,0.00,XXX,33.4009
M1123,Oc ni pt home prog,M,0.00,0.00,0.00,XXX,33.4009
M1124,Oc ni pt dc 1-2 vis,M,0.00,0.00,0.00,XXX,33.4009
M1125,Oc ni pt selfdc 1-2 vis,M,0.00,0.00,0.00,XXX,33.4009
M1126,Start eoc doc med rec,M,0.00,0.00,0.00,XXX,33.4009
M1127,Docu dx degen neuro,M,0.00,0.00,0.00,XXX,33.4009
M1128,Oc ni pt home prog,M,0.00,0.00,0.00,XXX,33.4009
M1129,Oc ni pt dc,M,0.00,0.00,0.00,XXX,33.4009
M1130,Oc ni pt selfdc,M,0.00,0.00,0.00,XXX,33.4009
M1131,Docu dx degen neuro,M,0.00,0.00,0.00,XXX,33.4009
M1132,Oc ni pt home prog,M,0.00,0.00,0.00,XXX,33.4009
M1133,Oc ni pt dc,M,0.00,0.00,0.00,XXX,33.4009
M1134,Oc ni pt selfdc,M,0.00,0.00,0.00,XXX,33.4009
M1135,Start eoc doc med rec,M,0.00,0.00,0.00,XXX,33.4009
M1141,Fs no oks,M,0.00,0.00,0.00,XXX,33.4009
M1142,Emerge cases,M,0.00,0.00,0.00,XXX,33.4009
M1143,Ni rehab med chiro,M,0.00,0.00,0.00,XXX,33.4009
M1146,Ongoing care not ind,M,0.00,0.00,0.00,XXX,33.4009
M1147,Care not poss med rsn,M,0.00,0.00,0.00,XXX,33.4009
M1148,Pt self dschg,M,0.00,0.00,0.00,XXX,33.4009
M1149,No neck fs prom incap,M,0.00,0.00,0.00,XXX,33.4009
M1150,Lvef <=40% or mod/sev l vsf,M,0.00,0.00,0.00,XXX,33.4009
M1151,Pt w/ hx trnsplt or lvad,M,0.00,0.00,0.00,XXX,33.4009
M1152,Pt w/ hx trnsplt or lvad,M,0.00,0.00,0.00,XXX,33.4009
M1153,Pt w/ dx osteo doe,M,0.00,0.00,0.00,XXX,33.4009
M1159,Hospc serv dur meas pd,M,0.00,0.00,0.00,XXX,33.4009
M1160,Pt anphx due to mengb bef 13,M,0.00,0.00,0.00,XXX,33.4009
M1161,Pt anphx due to dtp bef 13,M,0.00,0.00,0.00,XXX,33.4009
M1162,Pt enceph due to dtp bef 13,M,0.00,0.00,0.00,XXX,33.4009
M1163,Pt anphx due to hpv bef 13,M,0.00,0.00,0.00,XXX,33.4009
M1164,Pt w/ dementia any time,M,0.00,0.00,0.00,XXX,33.4009
M1165,Pt use hspc dur meas pd,M,0.00,0.00,0.00,XXX,33.4009
M1166,Path rpt tis spec wle/reexc,M,0.00,0.00,0.00,XXX,33.4009
M1167,Hspc dur meas pd,M,0.00,0.00,0.00,XXX,33.4009
M1168,Pt recd flu vax 7/1-6/30,M,0.00,0.00,0.00,XXX,33.4009
M1169,Doc med rsn no flu vax,M,0.00,0.00,0.00,XXX,33.4009
M1170,Pt w/o flu vax 7/1-6/30,M,0.00,0.00,0.00,XXX,33.4009
M1171,Pt recd 1 td/tdap 9yrs prior,M,0.00,0.00,0.00,XXX,33.4009
M1172,Doc med rsn no td/tdap,M,0.00,0.00,0.00,XXX,33.4009
M1173,Pt no rec td/tdap 9yrs prior,M,0.00,0.00,0.00,XXX,33.4009
M1174,Pt w/ 2 hzv 10/2017 - mp,M,0.00,0.00,0.00,XXX,33.4009
M1175,Doc med rsn no hzv,M,0.00,0.00,0.00,XXX,33.4009
M1176,No 2 hzv 10/2017-meas pd,M,0.00,0.00,0.00,XXX,33.4009
M1177,Pt recd pcv on/aft 19,M,0.00,0.00,0.00,XXX,33.4009
M1178,Doc med rsn no pcv,M,0.00,0.00,0.00,XXX,33.4009
M1179,No pcv recd,M,0.00,0.00,0.00,XXX,33.4009
M1180,Pt imm ckpt inhib therapy,M,0.00,0.00,0.00,XXX,33.4009
M1181,Gr 2 or> dia or gr2 or> col,M,0.00,0.00,0.00,XXX,33.4009
M1182,Not elg pre ex ibd/uc/crohn,M,0.00,0.00,0.00,XXX,33.4009
M1183,Doc imm ckpt inhib hld,M,0.00,0.00,0.00,XXX,33.4009
M1184,Doc med rsn no cst/ist rx,M,0.00,0.00,0.00,XXX,33.4009
M1185,Imm ckpt inhib not hld no rx,M,0.00,0.00,0.00,XXX,33.4009
M1186,Pt w/ rx for hspc/plltv care,M,0.00,0.00,0.00,XXX,33.4009
M1187,Pt w/ esrd,M,0.00,0.00,0.00,XXX,33.4009
M1188,Pt w/ ckd stg 5,M,0.00,0.00,0.00,XXX,33.4009
M1189,Doc khe pef w/efgr/uacr,M,0.00,0.00,0.00,XXX,33.4009
M1190,Doc khe not pef w/efgr/uacr,M,0.00,0.00,0.00,XXX,33.4009
M1191,Hspc svc any time in meas pd,M,0.00,0.00,0.00,XXX,33.4009
M1192,Pt w/ dx sq cell ca of esoph,M,0.00,0.00,0.00,XXX,33.4009
M1193,Rpts w/ imp/con mmr/msi,M,0.00,0.00,0.00,XXX,33.4009
M1194,Med rsn no imp/con mmr/msi,M,0.00,0.00,0.00,XXX,33.4009
M1195,Rpt wo imp/con mmr/msi,M,0.00,0.00,0.00,XXX,33.4009
M1196,Ixv nrs vrs iqa >=4,M,0.00,0.00,0.00,XXX,33.4009
M1197,Isa reduced >=3 fr ixv,M,0.00,0.00,0.00,XXX,33.4009
M1198,Isa not red 3pts /no assess,M,0.00,0.00,0.00,XXX,33.4009
M1199,Pt rec'g rrt,M,0.00,0.00,0.00,XXX,33.4009
M1200,Ace-i/arb rx,M,0.00,0.00,0.00,XXX,33.4009
M1201,Med rsn no ace-i/arb rx,M,0.00,0.00,0.00,XXX,33.4009
M1202,Pt rsn no ace-i/arb rx,M,0.00,0.00,0.00,XXX,33.4009
M1203,No rsn ace-i/arb rx,M,0.00,0.00,0.00,XXX,33.4009
M1204,Ixv nrs vrs iqa >=4,M,0.00,0.00,0.00,XXX,33.4009
M1205,Isa reduced >=3,M,0.00,0.00,0.00,XXX,33.4009
M1206,Isa not red 3pts/no assess,M,0.00,0.00,0.00,XXX,33.4009
M1207,Pt scrn sdoh,M,0.00,0.00,0.00,XXX,33.4009
M1208,Pt no scrn sdoh,M,0.00,0.00,0.00,XXX,33.4009
M1209,>=2 same hi-rsk med w/o diag,M,0.00,0.00,0.00,XXX,33.4009
M1210,>=2 same meds tbl4 not ord,M,0.00,0.00,0.00,XXX,33.4009
M1211,Gsa level>9.0%,M,0.00,0.00,0.00,XXX,33.4009
M1212,Missing gsa not perf,M,0.00,0.00,0.00,XXX,33.4009
M1213,No hx spiro prs spiro>=70%,M,0.00,0.00,0.00,XXX,33.4009
M1214,Spiro results wth obs doc,M,0.00,0.00,0.00,XXX,33.4009
M1215,Med rsn for no doc spiro,M,0.00,0.00,0.00,XXX,33.4009
M1216,No spiro doc no res doc,M,0.00,0.00,0.00,XXX,33.4009
M1217,Sys rsn no doc spiro,M,0.00,0.00,0.00,XXX,33.4009
M1218,Pt copd symptoms,M,0.00,0.00,0.00,XXX,33.4009
M1220,Dre wth interp rtnopthy,M,0.00,0.00,0.00,XXX,33.4009
M1221,Dre w/o rtnopthy,M,0.00,0.00,0.00,XXX,33.4009
M1222,Glaucoma pln of care not doc,M,0.00,0.00,0.00,XXX,33.4009
M1223,Glaucoma plan of care doc,M,0.00,0.00,0.00,XXX,33.4009
M1224,Iop dec <20% from base,M,0.00,0.00,0.00,XXX,33.4009
M1225,Iop dec>=20% from base,M,0.00,0.00,0.00,XXX,33.4009
M1226,Iop not doc,M,0.00,0.00,0.00,XXX,33.4009
M1227,Eb therapy prescribed,M,0.00,0.00,0.00,XXX,33.4009
M1228,Pt + hcv aby +vir w/ rx 3 mo,M,0.00,0.00,0.00,XXX,33.4009
M1229,Pt w/ +hcv +vir ref win 1 mo,M,0.00,0.00,0.00,XXX,33.4009
M1230,Pt hcv rctv aby no f/u tst,M,0.00,0.00,0.00,XXX,33.4009
M1231,Pt hcv tst no reactive res,M,0.00,0.00,0.00,XXX,33.4009
M1232,Pt hcv tst reactive result,M,0.00,0.00,0.00,XXX,33.4009
M1233,Pt no hcv aby or result,M,0.00,0.00,0.00,XXX,33.4009
M1234,Pt hcv rctv aby f/u neg,M,0.00,0.00,0.00,XXX,33.4009
M1235,Doc pt hcv aby rna tst,M,0.00,0.00,0.00,XXX,33.4009
M1236,Baseline mrs > 2,M,0.00,0.00,0.00,XXX,33.4009
M1237,Pt rsn no scrn,M,0.00,0.00,0.00,XXX,33.4009
M1238,Doc 2nd recom hzv 2-6 mo int,M,0.00,0.00,0.00,XXX,33.4009
M1239,Pt no resp heard,M,0.00,0.00,0.00,XXX,33.4009
M1240,Pt no resp best int,M,0.00,0.00,0.00,XXX,33.4009
M1241,Pt no resp seen as person,M,0.00,0.00,0.00,XXX,33.4009
M1242,Pt no resp imprt to me,M,0.00,0.00,0.00,XXX,33.4009
M1243,Pt othr thn true heard,M,0.00,0.00,0.00,XXX,33.4009
M1244,Pt othr thn true best int,M,0.00,0.00,0.00,XXX,33.4009
M1245,Pt othr thn true person,M,0.00,0.00,0.00,XXX,33.4009
M1246,Pt othr thn true imprt to me,M,0.00,0.00,0.00,XXX,33.4009
M1247,Pt resp true best int,M,0.00,0.00,0.00,XXX,33.4009
M1248,Pt resp true seen as person,M,0.00,0.00,0.00,XXX,33.4009
M1249,Pt resp true imprt to me,M,0.00,0.00,0.00,XXX,33.4009
M1250,Pt resp true heard,M,0.00,0.00,0.00,XXX,33.4009
M1251,Pts proxy cmplt hu surv,M,0.00,0.00,0.00,XXX,33.4009
M1252,Pts no cmplt hu survey,M,0.00,0.00,0.00,XXX,33.4009
M1253,Pts hu surv no amb plltv,M,0.00,0.00,0.00,XXX,33.4009
M1254,Pts deceased prior hu surv,M,0.00,0.00,0.00,XXX,33.4009
M1255,"Pts w/ othr rsn vst,+prg tst",M,0.00,0.00,0.00,XXX,33.4009
M1256,Prior history of known cvd,M,0.00,0.00,0.00,XXX,33.4009
M1257,Cvd risk assess not perf,M,0.00,0.00,0.00,XXX,33.4009
M1258,Cvd risk assess perf,M,0.00,0.00,0.00,XXX,33.4009
M1259,Pt stat doc <= 1 yr dialysis,M,0.00,0.00,0.00,XXX,33.4009
M1260,Pt not doc <= 1 yr dialysis,M,0.00,0.00,0.00,XXX,33.4009
M1261,Pts on wtlist bef dialysis,M,0.00,0.00,0.00,XXX,33.4009
M1262,Pts transplt bef dialysis,M,0.00,0.00,0.00,XXX,33.4009
M1263,Pts hosp dialysis dt,M,0.00,0.00,0.00,XXX,33.4009
M1265,Cms 2728 completed,M,0.00,0.00,0.00,XXX,33.4009
M1266,Pts admit snf,M,0.00,0.00,0.00,XXX,33.4009
M1267,Pt no act kid transplt wtlst,M,0.00,0.00,0.00,XXX,33.4009
M1268,Pt ac stat kid trnsplt wtlst,M,0.00,0.00,0.00,XXX,33.4009
M1269,Rec'd esrd mcp lst day of mo,M,0.00,0.00,0.00,XXX,33.4009
M1270,Pts no kid transplt wtlst,M,0.00,0.00,0.00,XXX,33.4009
M1271,Pts dem any time/dur mo,M,0.00,0.00,0.00,XXX,33.4009
M1272,Pts kid transplt wtlst,M,0.00,0.00,0.00,XXX,33.4009
M1273,Pts snf 1 yr dialysis,M,0.00,0.00,0.00,XXX,33.4009
M1274,Pts snf exl mo,M,0.00,0.00,0.00,XXX,33.4009
M1275,Pts hosp exl,M,0.00,0.00,0.00,XXX,33.4009
M1276,Calc bmi out nrm param nof/u,M,0.00,0.00,0.00,XXX,33.4009
M1277,Colorectal ca screen doc rev,M,0.00,0.00,0.00,XXX,33.4009
M1278,"Pre-htn or htn doc, f/u indc",M,0.00,0.00,0.00,XXX,33.4009
M1279,"Pre-htn/htn, no f/u, not gvn",M,0.00,0.00,0.00,XXX,33.4009
M1280,Bilat mast/hx bi /unilat mas,M,0.00,0.00,0.00,XXX,33.4009
M1281,Bp scrn no perf at interval,M,0.00,0.00,0.00,XXX,33.4009
M1282,Pt scrn tbco id as non user,M,0.00,0.00,0.00,XXX,33.4009
M1283,Pt scrn tbco and id as user,M,0.00,0.00,0.00,XXX,33.4009
M1284,Pt 66+ snp or ltc pos > 90d,M,0.00,0.00,0.00,XXX,33.4009
M1285,Scrn mam perf rslts not doc,M,0.00,0.00,0.00,XXX,33.4009
M1286,Bmi doc onl fup not cmpltd,M,0.00,0.00,0.00,XXX,33.4009
M1287,Calc bmi blw low param f/u,M,0.00,0.00,0.00,XXX,33.4009
M1288,Doc rsn no hbp scrn or f/u,M,0.00,0.00,0.00,XXX,33.4009
M1289,No pt tbco cess interv rng,M,0.00,0.00,0.00,XXX,33.4009
M1290,Pt not eli d/t act dig htn,M,0.00,0.00,0.00,XXX,33.4009
M1291,Pt 66+ frailty and med dem,M,0.00,0.00,0.00,XXX,33.4009
M1292,Pt 66+ frail inpt adv ill,M,0.00,0.00,0.00,XXX,33.4009
M1293,Calc bmi abv up param f/u,M,0.00,0.00,0.00,XXX,33.4009
M1294,Bp scrn perf rec interval,M,0.00,0.00,0.00,XXX,33.4009
M1295,Pt hx tot col or colon ca,M,0.00,0.00,0.00,XXX,33.4009
M1296,Calc bmi norm parameters,M,0.00,0.00,0.00,XXX,33.4009
M1297,Bmi not doc medrsn ptref,M,0.00,0.00,0.00,XXX,33.4009
M1298,Doc pt preg dur msrmt pd,M,0.00,0.00,0.00,XXX,33.4009
M1299,Flu immunize order/admin,M,0.00,0.00,0.00,XXX,33.4009
M1300,Flu imm no admin doc rea,M,0.00,0.00,0.00,XXX,33.4009
M1301,Pt recv tbco cess interv,M,0.00,0.00,0.00,XXX,33.4009
M1302,Scrn mam perf rslts doc,M,0.00,0.00,0.00,XXX,33.4009
M1303,Hospc serv dur meas pd,M,0.00,0.00,0.00,XXX,33.4009
M1304,No pneum vax admin 19+,M,0.00,0.00,0.00,XXX,33.4009
M1305,Pneum vax admin 19+,M,0.00,0.00,0.00,XXX,33.4009
M1306,Pt anphx due to pneum,M,0.00,0.00,0.00,XXX,33.4009
M1307,Doc pt pal or hospice,M,0.00,0.00,0.00,XXX,33.4009
M1308,Flu immunize no admin,M,0.00,0.00,0.00,XXX,33.4009
M1309,Pall serv during meas,M,0.00,0.00,0.00,XXX,33.4009
M1310,Pt scr tob & cess int,M,0.00,0.00,0.00,XXX,33.4009
M1311,Aphlx to vax bef enc,M,0.00,0.00,0.00,XXX,33.4009
M1312,No pt tbco scrn rng,M,0.00,0.00,0.00,XXX,33.4009
M1313,No tob scr/cess int,M,0.00,0.00,0.00,XXX,33.4009
M1314,Bmi not calculated,M,0.00,0.00,0.00,XXX,33.4009
M1315,Crc no doc no rsn,M,0.00,0.00,0.00,XXX,33.4009
M1316,Tobacco non-user,M,0.00,0.00,0.00,XXX,33.4009
M1317,Pts counsl cpt opt out,M,0.00,0.00,0.00,XXX,33.4009
M1318,Pts no csp doc contact,M,0.00,0.00,0.00,XXX,33.4009
M1319,Pts csp doc contact,M,0.00,0.00,0.00,XXX,33.4009
M1320,Pts scrn + hrsn,M,0.00,0.00,0.00,XXX,33.4009
M1321,"Pts no 7wk inj,no iop,iop>25",M,0.00,0.00,0.00,XXX,33.4009
M1322,"Pts 7wk inj, scrn iop =<25",M,0.00,0.00,0.00,XXX,33.4009
M1323,"Pts 7wk inj, scrn iop >25",M,0.00,0.00,0.00,XXX,33.4009
M1324,Pts intravitreal/pci,M,0.00,0.00,0.00,XXX,33.4009
M1325,Doc med rsn not seen,M,0.00,0.00,0.00,XXX,33.4009
M1326,Pts dx hypotony,M,0.00,0.00,0.00,XXX,33.4009
M1327,Pts no eval ini xm no 8 wks,M,0.00,0.00,0.00,XXX,33.4009
M1328,Pts dx acute vitreous hem,M,0.00,0.00,0.00,XXX,33.4009
M1329,Pts act pvd 2 wks 8 wks,M,0.00,0.00,0.00,XXX,33.4009
M1330,Doc pts rsn no f/u xm,M,0.00,0.00,0.00,XXX,33.4009
M1331,Pts eval ini xm 8 wks,M,0.00,0.00,0.00,XXX,33.4009
M1332,Pts no eval ini xm no 2 wks,M,0.00,0.00,0.00,XXX,33.4009
M1333,Acute vitreous hemorrhage,M,0.00,0.00,0.00,XXX,33.4009
M1334,Pts act pvd 2 wks 2 wks,M,0.00,0.00,0.00,XXX,33.4009
M1335,Doc pts rsn no f/u xm,M,0.00,0.00,0.00,XXX,33.4009
M1336,Pts eval ini xm 2 wks,M,0.00,0.00,0.00,XXX,33.4009
M1337,Acute pvd,M,0.00,0.00,0.00,XXX,33.4009
M1338,Pt f/u 30-180 dys no + imprv,M,0.00,0.00,0.00,XXX,33.4009
M1339,Pts f/u 30-180 dys + improv,M,0.00,0.00,0.00,XXX,33.4009
M1340,Indx whodas 2.0 or sds,M,0.00,0.00,0.00,XXX,33.4009
M1341,Pt no f/u 30-180 dys,M,0.00,0.00,0.00,XXX,33.4009
M1342,Pts died perf per,M,0.00,0.00,0.00,XXX,33.4009
M1343,Pt pam lvl 4 base or srt lin,M,0.00,0.00,0.00,XXX,33.4009
M1344,No bsln/2nd pam score 4-12mo,M,0.00,0.00,0.00,XXX,33.4009
M1345,"Pt bsln pam, 2nd scr 4-12 mo",M,0.00,0.00,0.00,XXX,33.4009
M1346,No pam inc 6 pts 4-12 mo,M,0.00,0.00,0.00,XXX,33.4009
M1347,Pt pam incr 3 pt 4-12 mo,M,0.00,0.00,0.00,XXX,33.4009
M1348,Pam incr 6 pt 4-12 mo,M,0.00,0.00,0.00,XXX,33.4009
M1349,No pam inc 3 pts 4-12 mo,M,0.00,0.00,0.00,XXX,33.4009
M1350,Pt w/ suic saf pln init rev,M,0.00,0.00,0.00,XXX,33.4009
M1351,Pt cmplt suicd saf pln 120dy,M,0.00,0.00,0.00,XXX,33.4009
M1352,"Suicd c-ssrs assessment, equ",M,0.00,0.00,0.00,XXX,33.4009
M1353,Pts no cmplt suicd saf pln,M,0.00,0.00,0.00,XXX,33.4009
M1354,Pt no suicd saf pln 120dy,M,0.00,0.00,0.00,XXX,33.4009
M1355,Suicd based cln eval,M,0.00,0.00,0.00,XXX,33.4009
M1356,Pt died dur meas pd,M,0.00,0.00,0.00,XXX,33.4009
M1357,Pt w/red suic idea 120 days,M,0.00,0.00,0.00,XXX,33.4009
M1358,Pts no <suicd idea 120 dys,M,0.00,0.00,0.00,XXX,33.4009
M1359,"Indx suicd idea, no 0 scr",M,0.00,0.00,0.00,XXX,33.4009
M1360,Suicd c-ssrs assessment,M,0.00,0.00,0.00,XXX,33.4009
M1361,Suicd based cln eval,M,0.00,0.00,0.00,XXX,33.4009
M1362,Pt died dur meas pd,M,0.00,0.00,0.00,XXX,33.4009
M1363,Pts no f/u 120 dys,M,0.00,0.00,0.00,XXX,33.4009
M1364,Ascvd risk >=20pct,M,0.00,0.00,0.00,XXX,33.4009
M1365,Hosp+pall care spec code 17,M,0.00,0.00,0.00,XXX,33.4009
M1366,Focus on women's health mvp,M,0.00,0.00,0.00,XXX,33.4009
M1367,Qual care ent disorder mvp,M,0.00,0.00,0.00,XXX,33.4009
M1368,Prev trt inf d/o hiv/hep mvp,M,0.00,0.00,0.00,XXX,33.4009
M1369,Qualcare mental hlth/sud mvp,M,0.00,0.00,0.00,XXX,33.4009
M1370,Rehab support msk care mvp,M,0.00,0.00,0.00,XXX,33.4009
M1371,Mst rec gsa<7,M,0.00,0.00,0.00,XXX,33.4009
M1372,Mst rec gsa >=7 and<8,M,0.00,0.00,0.00,XXX,33.4009
M1373,Mst rec gsa >=8 and <=9,M,0.00,0.00,0.00,XXX,33.4009
M1374,Ra dx enc 90 days dur per pd,M,0.00,0.00,0.00,XXX,33.4009
M1375,Ra dx enc 90 days dur per pd,M,0.00,0.00,0.00,XXX,33.4009
M1376,Ra dx enc 90 days dur per pd,M,0.00,0.00,0.00,XXX,33.4009
M1377,Fu colscop 10 yr doc w/ disc,M,0.00,0.00,0.00,XXX,33.4009
M1378,Med rsn no 10 yr fu colscope,M,0.00,0.00,0.00,XXX,33.4009
M1379,10 yr fu no rec rsn not giv,M,0.00,0.00,0.00,XXX,33.4009
M1380,2 rx in perf pd any com meds,M,0.00,0.00,0.00,XXX,33.4009
M1381,Pt sec strk wthin 5 days,M,0.00,0.00,0.00,XXX,33.4009
M1382,Enc dur perf pd pos 11,M,0.00,0.00,0.00,XXX,33.4009
M1383,Acute pvd,M,0.00,0.00,0.00,XXX,33.4009
M1384,Pt died dur perf pd,M,0.00,0.00,0.00,XXX,33.4009
M1385,Pt rsn not seen 2nd pam,M,0.00,0.00,0.00,XXX,33.4009
M1386,Exc sx melmn or mlnm is,M,0.00,0.00,0.00,XXX,33.4009
M1387,Pt died dur perf pd,M,0.00,0.00,0.00,XXX,33.4009
M1388,Pt doc exm rec melmn,M,0.00,0.00,0.00,XXX,33.4009
M1390,Pt no doc exm for rec,M,0.00,0.00,0.00,XXX,33.4009
M1391,All pt dx w/ rec mlnm,M,0.00,0.00,0.00,XXX,33.4009
M1392,Pt rsn no exm or lst to fu,M,0.00,0.00,0.00,XXX,33.4009
M1393,Pr no dx rec mlnm,M,0.00,0.00,0.00,XXX,33.4009
M1394,Stg i-iii br ca,M,0.00,0.00,0.00,XXX,33.4009
M1395,Init chemo w/def dur ec grp,M,0.00,0.00,0.00,XXX,33.4009
M1396,Pt ther clin trial,M,0.00,0.00,0.00,XXX,33.4009
M1397,Pt w/ recur/prog,M,0.00,0.00,0.00,XXX,33.4009
M1398,Bslne and  fu promis doc,M,0.00,0.00,0.00,XXX,33.4009
M1399,Pt lve prac,M,0.00,0.00,0.00,XXX,33.4009
M1400,Pt died dur perf pd,M,0.00,0.00,0.00,XXX,33.4009
M1401,Stg i-iii br ca,M,0.00,0.00,0.00,XXX,33.4009
M1402,Init chemo w/def dur ec grp,M,0.00,0.00,0.00,XXX,33.4009
M1403,Bslne and fu promis doc,M,0.00,0.00,0.00,XXX,33.4009
M1404,Pt ther clin trial,M,0.00,0.00,0.00,XXX,33.4009
M1405,Pt w/ recur/prog,M,0.00,0.00,0.00,XXX,33.4009
M1406,Pt lve prac,M,0.00,0.00,0.00,XXX,33.4009
M1407,Pt died dur perf pd,M,0.00,0.00,0.00,XXX,33.4009
M1408,Gmln brca bef dx ca,M,0.00,0.00,0.00,XXX,33.4009
M1409,Recd gmln brca1/brca2 couns,M,0.00,0.00,0.00,XXX,33.4009
M1410,No gmln brca1/brca2 couns,M,0.00,0.00,0.00,XXX,33.4009
M1411,1st ln ici no chemo,M,0.00,0.00,0.00,XXX,33.4009
M1412,Met nsclc w/ egfr alk oth ab,M,0.00,0.00,0.00,XXX,33.4009
M1413,Pos pdl1 bef init ici tx,M,0.00,0.00,0.00,XXX,33.4009
M1414,Med rsn no pdl1 bef 1st ther,M,0.00,0.00,0.00,XXX,33.4009
M1415,No pos pdl1 bef ici ther,M,0.00,0.00,0.00,XXX,33.4009
M1416,Pt rec hosp,M,0.00,0.00,0.00,XXX,33.4009
M1417,Pt up to date cov,M,0.00,0.00,0.00,XXX,33.4009
M1418,Med rsn not up to date cov,M,0.00,0.00,0.00,XXX,33.4009
M1419,Pt not up to date cov,M,0.00,0.00,0.00,XXX,33.4009
M1420,Complete ophthalmologic mvp,M,0.00,0.00,0.00,XXX,33.4009
M1421,Dermatological care mvp,M,0.00,0.00,0.00,XXX,33.4009
M1422,Gastroenterology care mvp,M,0.00,0.00,0.00,XXX,33.4009
M1423,Opt care urologic cnd mvp,M,0.00,0.00,0.00,XXX,33.4009
M1424,Pulmonology care mvp,M,0.00,0.00,0.00,XXX,33.4009
M1425,Surgical care mvp,M,0.00,0.00,0.00,XXX,33.4009
M1426,Telehealth enc,M,0.00,0.00,0.00,XXX,33.4009
M1427,Doc med rsn bone scn,M,0.00,0.00,0.00,XXX,33.4009
M1428,Bilateral absence of eyes,M,0.00,0.00,0.00,XXX,33.4009
M1429,"Retinopathy in od, os, ou",M,0.00,0.00,0.00,XXX,33.4009
M1430,Ret exm ou no retinopthy doc,M,0.00,0.00,0.00,XXX,33.4009
M1431,Telehealth enc,M,0.00,0.00,0.00,XXX,33.4009
M1432,Telehealth enc,M,0.00,0.00,0.00,XXX,33.4009
M1433,Oral chemo wthn 30 days enc,M,0.00,0.00,0.00,XXX,33.4009
M1434,Orl chemo wthn 30 d post enc,M,0.00,0.00,0.00,XXX,33.4009
M1435,Oral chemo in perf pd,M,0.00,0.00,0.00,XXX,33.4009
M1436,Telehealth enc,M,0.00,0.00,0.00,XXX,33.4009
M1437,Telehealth enc,M,0.00,0.00,0.00,XXX,33.4009
M1438,Lst knwn well <=210 min,M,0.00,0.00,0.00,XXX,33.4009
M1439,Sig ocu cond imp surg out,M,0.00,0.00,0.00,XXX,33.4009
M1440,Telehealth enc,M,0.00,0.00,0.00,XXX,33.4009
M1441,Init dx slp apn = 1st enc,M,0.00,0.00,0.00,XXX,33.4009
M1442,Telehealth enc,M,0.00,0.00,0.00,XXX,33.4009
M1443,Telehealth enc,M,0.00,0.00,0.00,XXX,33.4009
M1444,Del < 39 weeks gest,M,0.00,0.00,0.00,XXX,33.4009
M1445,Pp care visit by 12 weeks,M,0.00,0.00,0.00,XXX,33.4009
M1446,Pt died bef end meas pd,M,0.00,0.00,0.00,XXX,33.4009
M1447,Pt dx bd bef end meas pd,M,0.00,0.00,0.00,XXX,33.4009
M1448,Pt dx pd bef end meas pd,M,0.00,0.00,0.00,XXX,33.4009
M1449,Pt dx scz/pys bef end msr pd,M,0.00,0.00,0.00,XXX,33.4009
M1450,Pt hos/pal care dur id/pf pd,M,0.00,0.00,0.00,XXX,33.4009
M1451,Pt dx ppd dur id/pf pd,M,0.00,0.00,0.00,XXX,33.4009
M1452,Pt dx dementia ever,M,0.00,0.00,0.00,XXX,33.4009
M1453,Preop vis acu > 20/40,M,0.00,0.00,0.00,XXX,33.4009
M1454,New cied,M,0.00,0.00,0.00,XXX,33.4009
M1455,Rep/rev cied,M,0.00,0.00,0.00,XXX,33.4009
M1456,Pt had htx,M,0.00,0.00,0.00,XXX,33.4009
M1457,Dx asth dur crnt/prv perf pd,M,0.00,0.00,0.00,XXX,33.4009
M1458,Pt died bef end meas pd,M,0.00,0.00,0.00,XXX,33.4009
M1459,Pt hosp/pal care dur perf pd,M,0.00,0.00,0.00,XXX,33.4009
M1460,"Dx copd, cf, or arf",M,0.00,0.00,0.00,XXX,33.4009
M1461,Pt dx chron hepc,M,0.00,0.00,0.00,XXX,33.4009
M1462,Pt clin ind hd image,M,0.00,0.00,0.00,XXX,33.4009
M1463,2 f/u wthn 180 day rx atmp,M,0.00,0.00,0.00,XXX,33.4009
M1464,No record of f/u by 180 days,M,0.00,0.00,0.00,XXX,33.4009
M1465,F/u > 180 days after rx,M,0.00,0.00,0.00,XXX,33.4009
M1466,Pt disc/lam proc same day,M,0.00,0.00,0.00,XXX,33.4009
M1467,Pt dx lynch syn,M,0.00,0.00,0.00,XXX,33.4009
M1468,Hep b vaccine received,M,0.00,0.00,0.00,XXX,33.4009
M1469,"Hx of hep b, or pos bld test",M,0.00,0.00,0.00,XXX,33.4009
M1470,Hep b vac not rec'd med rsn,M,0.00,0.00,0.00,XXX,33.4009
M1471,Ffs hep b not covered,M,0.00,0.00,0.00,XXX,33.4009
M1472,Hep b vaccine not received,M,0.00,0.00,0.00,XXX,33.4009
M1473,Pt func cap not allow impr,M,0.00,0.00,0.00,XXX,33.4009
M1474,Pt dx dementia,M,0.00,0.00,0.00,XXX,33.4009
M1475,Pt dx huntington,M,0.00,0.00,0.00,XXX,33.4009
M1476,Pt dx cog imp or ad,M,0.00,0.00,0.00,XXX,33.4009
M1477,Dx delirium,M,0.00,0.00,0.00,XXX,33.4009
M1478,Psychoactive sub abuse,M,0.00,0.00,0.00,XXX,33.4009
M1479,Pt func cap not allow impr,M,0.00,0.00,0.00,XXX,33.4009
M1480,Pt func cap not allow impr,M,0.00,0.00,0.00,XXX,33.4009
M1481,Pt in hosp/pal care who died,M,0.00,0.00,0.00,XXX,33.4009
M1482,Pos quan hep c or qual rna,M,0.00,0.00,0.00,XXX,33.4009
M1483,Neg quan hep c or qual rna,M,0.00,0.00,0.00,XXX,33.4009
M1484,No rpt hcv rna perf med rsn,M,0.00,0.00,0.00,XXX,33.4009
M1485,Neg viro resp hep c/qual rna,M,0.00,0.00,0.00,XXX,33.4009
M1486,Pt admitted to snf dur eval,M,0.00,0.00,0.00,XXX,33.4009
M1487,Pt adm to hospice dur eval,M,0.00,0.00,0.00,XXX,33.4009
M1488,Dx dementia in msr timeframe,M,0.00,0.00,0.00,XXX,33.4009
M1489,Pt status doc,M,0.00,0.00,0.00,XXX,33.4009
M1490,Pt status not doc,M,0.00,0.00,0.00,XXX,33.4009
M1491,Rec'd esrd mcp dur perf pd,M,0.00,0.00,0.00,XXX,33.4009
M1492,No reported fall,M,0.00,0.00,0.00,XXX,33.4009
M1493,No fall doc med rsn,M,0.00,0.00,0.00,XXX,33.4009
M1494,Fall rep since last visit,M,0.00,0.00,0.00,XXX,33.4009
M1495,"Fall w/ poc, no fall",M,0.00,0.00,0.00,XXX,33.4009
M1496,No doc of fall or poc,M,0.00,0.00,0.00,XXX,33.4009
M1497,No doc fall med rsn,M,0.00,0.00,0.00,XXX,33.4009
M1498,Diagnostic radiology mvp,M,0.00,0.00,0.00,XXX,33.4009
M1499,Interventional radiology mvp,M,0.00,0.00,0.00,XXX,33.4009
M1500,Neuropsychology mvp,M,0.00,0.00,0.00,XXX,33.4009
M1501,Pathology mvp,M,0.00,0.00,0.00,XXX,33.4009
M1502,Podiatry mvp,M,0.00,0.00,0.00,XXX,33.4009
M1503,Vascular surgery mvp,M,0.00,0.00,0.00,XXX,33.4009
P2028,Cephalin floculation test,X,0.00,0.00,0.00,XXX,33.4009
P2029,Congo red blood test,X,0.00,0.00,0.00,XXX,33.4009
P2031,Hair analysis,N,0.00,0.00,0.00,XXX,33.4009
P2033,Blood thymol turbidity,X,0.00,0.00,0.00,XXX,33.4009
P2038,Blood mucoprotein,X,0.00,0.00,0.00,XXX,33.4009
P3000,Screen pap by tech w md supv,X,0.00,0.00,0.00,XXX,33.4009
P3001,Screening pap smear by phys,A,0.25,0.46,0.01,XXX,33.4009
P7001,Culture bacterial urine,I,0.00,0.00,0.00,XXX,33.4009
P9010,Whole blood for transfusion,E,0.00,0.00,0.00,XXX,33.4009
P9011,Blood split unit,E,0.00,0.00,0.00,XXX,33.4009
P9012,Cryoprecipitate each unit,E,0.00,0.00,0.00,XXX,33.4009
P9016,Rbc leukocytes reduced,E,0.00,0.00,0.00,XXX,33.4009
P9017,Plasma 1 donor frz w/in 8 hr,E,0.00,0.00,0.00,XXX,33.4009
P9019,"Platelets, each unit",E,0.00,0.00,0.00,XXX,33.4009
P9020,Plaelet rich plasma unit,E,0.00,0.00,0.00,XXX,33.4009
P9021,Red blood cells unit,E,0.00,0.00,0.00,XXX,33.4009
P9022,Washed red blood cells unit,E,0.00,0.00,0.00,XXX,33.4009
P9023,"Frozen plasma, pooled, sd",X,0.00,0.00,0.00,XXX,33.4009
P9025,Plasma cryo redu path each,X,0.00,0.00,0.00,XXX,33.4009
P9026,Cryo fib comp path redu each,E,0.00,0.00,0.00,XXX,33.4009
P9027,Rbc o2 co2 reduced,X,0.00,0.00,0.00,XXX,33.4009
P9031,Platelets leukocytes reduced,X,0.00,0.00,0.00,XXX,33.4009
P9032,"Platelets, irradiated",X,0.00,0.00,0.00,XXX,33.4009
P9033,Platelets leukoreduced irrad,X,0.00,0.00,0.00,XXX,33.4009
P9034,"Platelets, pheresis",X,0.00,0.00,0.00,XXX,33.4009
P9035,Platelet pheres leukoreduced,X,0.00,0.00,0.00,XXX,33.4009
P9036,Platelet pheresis irradiated,X,0.00,0.00,0.00,XXX,33.4009
P9037,Plate pheres leukoredu irrad,X,0.00,0.00,0.00,XXX,33.4009
P9038,Rbc irradiated,X,0.00,0.00,0.00,XXX,33.4009
P9039,Rbc deglycerolized,X,0.00,0.00,0.00,XXX,33.4009
P9040,Rbc leukoreduced irradiated,X,0.00,0.00,0.00,XXX,33.4009
P9041,"Albumin (human),5%, 50ml",X,0.00,0.00,0.00,XXX,33.4009
P9043,"Plasma protein fract,5%,50ml",X,0.00,0.00,0.00,XXX,33.4009
P9044,Cryoprecipitatereducedplasma,X,0.00,0.00,0.00,XXX,33.4009
P9045,"Albumin (human), 5%, 250 ml",X,0.00,0.00,0.00,XXX,33.4009
P9046,"Albumin (human), 25%, 20 ml",X,0.00,0.00,0.00,XXX,33.4009
P9047,"Albumin (human), 25%, 50ml",X,0.00,0.00,0.00,XXX,33.4009
P9048,"Plasmaprotein fract,5%,250ml",X,0.00,0.00,0.00,XXX,33.4009
P9050,"Granulocytes, pheresis unit",X,0.00,0.00,0.00,XXX,33.4009
P9051,"Blood, l/r, cmv-neg",X,0.00,0.00,0.00,XXX,33.4009
P9052,"Platelets, hla-m, l/r, unit",X,0.00,0.00,0.00,XXX,33.4009
P9053,"Plt, pher, l/r cmv-neg, irr",X,0.00,0.00,0.00,XXX,33.4009
P9054,"Blood, l/r, froz/degly/wash",X,0.00,0.00,0.00,XXX,33.4009
P9055,"Plt, aph/pher, l/r, cmv-neg",X,0.00,0.00,0.00,XXX,33.4009
P9056,"Blood, l/r, irradiated",X,0.00,0.00,0.00,XXX,33.4009
P9057,"Rbc, frz/deg/wsh, l/r, irrad",X,0.00,0.00,0.00,XXX,33.4009
P9058,"Rbc, l/r, cmv-neg, irrad",X,0.00,0.00,0.00,XXX,33.4009
P9059,"Plasma, frz between 8-24hour",X,0.00,0.00,0.00,XXX,33.4009
P9060,Fr frz plasma donor retested,X,0.00,0.00,0.00,XXX,33.4009
P9070,Pathogen reduced plasma pool,X,0.00,0.00,0.00,XXX,33.4009
P9071,Pathogen reduced plasma sing,X,0.00,0.00,0.00,XXX,33.4009
P9073,Platelets pheresis path redu,X,0.00,0.00,0.00,XXX,33.4009
P9099,Blood component/product noc,X,0.00,0.00,0.00,XXX,33.4009
P9100,Pathogen test for platelets,X,0.00,0.00,0.00,XXX,33.4009
P9603,One-way allow prorated miles,X,0.00,0.00,0.00,XXX,33.4009
P9604,One-way allow prorated trip,X,0.00,0.00,0.00,XXX,33.4009
P9612,Catheterize for urine spec,X,0.00,0.00,0.00,XXX,33.4009
P9615,Urine specimen collect mult,X,0.00,0.00,0.00,XXX,33.4009
Q0035,Cardiokymography,A,0.00,0.32,0.01,XXX,33.4009
Q0081,Infusion ther other than che,E,0.00,0.00,0.00,XXX,33.4009
Q0083,Chemo by other than infusion,E,0.00,0.00,0.00,XXX,33.4009
Q0084,Chemotherapy by infusion,E,0.00,0.00,0.00,XXX,33.4009
Q0085,Chemo by both infusion and o,E,0.00,0.00,0.00,XXX,33.4009
Q0091,Obtaining screen pap smear,A,0.36,0.08,0.03,XXX,33.4009
Q0092,Set up port xray equipment,A,0.00,0.76,0.01,XXX,33.4009
Q0111,Wet mounts/ w preparations,X,0.00,0.00,0.00,XXX,33.4009
Q0112,Potassium hydroxide preps,X,0.00,0.00,0.00,XXX,33.4009
Q0113,Pinworm examinations,X,0.00,0.00,0.00,XXX,33.4009
Q0114,Fern test,X,0.00,0.00,0.00,XXX,33.4009
Q0115,Post-coital mucous exam,X,0.00,0.00,0.00,XXX,33.4009
Q0138,"Ferumoxytol, non-esrd",E,0.00,0.00,0.00,XXX,33.4009
Q0139,"Ferumoxytol, esrd use",E,0.00,0.00,0.00,XXX,33.4009
Q0144,"Azithromycin dihydrate, oral",N,0.00,0.00,0.00,XXX,33.4009
Q0155,Dronabinol (syndros) 0.1 mg,E,0.00,0.00,0.00,XXX,33.4009
Q0161,Chlorpromazine hcl 5mg oral,E,0.00,0.00,0.00,XXX,33.4009
Q0162,Ondansetron oral,E,0.00,0.00,0.00,XXX,33.4009
Q0163,Diphenhydramine hcl 50mg,X,0.00,0.00,0.00,XXX,33.4009
Q0164,Prochlorperazine maleate 5mg,X,0.00,0.00,0.00,XXX,33.4009
Q0166,Granisetron hcl 1 mg oral,X,0.00,0.00,0.00,XXX,33.4009
Q0167,Dronabinol 2.5mg oral,X,0.00,0.00,0.00,XXX,33.4009
Q0169,Promethazine hcl 12.5mg oral,X,0.00,0.00,0.00,XXX,33.4009
Q0173,Trimethobenzamide hcl 250mg,X,0.00,0.00,0.00,XXX,33.4009
Q0175,Perphenazine 4mg oral,X,0.00,0.00,0.00,XXX,33.4009
Q0177,Hydroxyzine pamoate 25mg,X,0.00,0.00,0.00,XXX,33.4009
Q0180,Dolasetron mesylate oral,X,0.00,0.00,0.00,XXX,33.4009
Q0181,Unspecified oral anti-emetic,X,0.00,0.00,0.00,XXX,33.4009
Q0224,"Inj, pemivibart, 4500 mg",X,0.00,0.00,0.00,XXX,33.4009
Q0234,"Inj, tocilizumab-bavi, 1mg",X,0.00,0.00,0.00,XXX,33.4009
Q0235,"Inj, monoclon antibody, 1 mg",X,0.00,0.00,0.00,XXX,33.4009
Q0237,"Inj, tocilizumab-anoh, hospi",X,0.00,0.00,0.00,XXX,33.4009
Q0238,"Inj, tocilizumab-aazg, hospi",X,0.00,0.00,0.00,XXX,33.4009
Q0249,Tocilizumab for covid-19,X,0.00,0.00,0.00,XXX,33.4009
Q0477,Pwr module pt cable lvad rpl,X,0.00,0.00,0.00,XXX,33.4009
Q0478,"Power adapter, combo vad",E,0.00,0.00,0.00,XXX,33.4009
Q0479,"Power module combo vad, rep",E,0.00,0.00,0.00,XXX,33.4009
Q0480,"Driver pneumatic vad, rep",E,0.00,0.00,0.00,XXX,33.4009
Q0481,"Microprcsr cu elec vad, rep",E,0.00,0.00,0.00,XXX,33.4009
Q0482,"Microprcsr cu combo vad, rep",E,0.00,0.00,0.00,XXX,33.4009
Q0483,"Monitor elec vad, rep",E,0.00,0.00,0.00,XXX,33.4009
Q0484,Monitor elec or comb vad rep,E,0.00,0.00,0.00,XXX,33.4009
Q0485,"Monitor cable elec vad, rep",E,0.00,0.00,0.00,XXX,33.4009
Q0486,Mon cable elec/pneum vad rep,E,0.00,0.00,0.00,XXX,33.4009
Q0487,"Leads any type vad, rep only",E,0.00,0.00,0.00,XXX,33.4009
Q0488,"Pwr pack base elec vad, rep",E,0.00,0.00,0.00,XXX,33.4009
Q0489,"Pwr pck base combo vad, rep",E,0.00,0.00,0.00,XXX,33.4009
Q0490,"Emr pwr source elec vad, rep",E,0.00,0.00,0.00,XXX,33.4009
Q0491,Emr pwr source combo vad rep,E,0.00,0.00,0.00,XXX,33.4009
Q0492,"Emr pwr cbl elec vad, rep",E,0.00,0.00,0.00,XXX,33.4009
Q0493,"Emr pwr cbl combo vad, rep",E,0.00,0.00,0.00,XXX,33.4009
Q0494,"Emr hd pmp elec/combo, rep",E,0.00,0.00,0.00,XXX,33.4009
Q0495,"Charger elec/combo vad, rep",E,0.00,0.00,0.00,XXX,33.4009
Q0496,"Battery elec/combo vad, rep",E,0.00,0.00,0.00,XXX,33.4009
Q0497,"Bat clps elec/comb vad, rep",E,0.00,0.00,0.00,XXX,33.4009
Q0498,"Holster elec/combo vad, rep",E,0.00,0.00,0.00,XXX,33.4009
Q0499,Belt/vest elec/combo vad rep,E,0.00,0.00,0.00,XXX,33.4009
Q0500,"Filters elec/combo vad, rep",E,0.00,0.00,0.00,XXX,33.4009
Q0501,"Shwr cov elec/combo vad, rep",E,0.00,0.00,0.00,XXX,33.4009
Q0502,"Mobility cart pneum vad, rep",E,0.00,0.00,0.00,XXX,33.4009
Q0503,Battery pneum vad replacemnt,E,0.00,0.00,0.00,XXX,33.4009
Q0504,"Pwr adpt pneum vad, rep veh",E,0.00,0.00,0.00,XXX,33.4009
Q0506,Lith-ion batt elec/pneum vad,E,0.00,0.00,0.00,XXX,33.4009
Q0507,Misc sup/acc ext vad,E,0.00,0.00,0.00,XXX,33.4009
Q0508,Mis sup/acc imp vad,E,0.00,0.00,0.00,XXX,33.4009
Q0509,Mis sup/ac imp vad nopay med,E,0.00,0.00,0.00,XXX,33.4009
Q0510,Dispens fee immunosupressive,E,0.00,0.00,0.00,XXX,33.4009
Q0511,"Sup fee antiem,antica,immuno",E,0.00,0.00,0.00,XXX,33.4009
Q0512,Px sup fee anti-can sub pres,E,0.00,0.00,0.00,XXX,33.4009
Q0513,Disp fee inhal drugs/30 days,E,0.00,0.00,0.00,XXX,33.4009
Q0514,Disp fee inhal drugs/90 days,E,0.00,0.00,0.00,XXX,33.4009
Q0515,Sermorelin acetate injection,E,0.00,0.00,0.00,XXX,33.4009
Q0521,Supply fee hiv prep fda appr,X,0.00,0.00,0.00,XXX,33.4009
Q1004,Ntiol category 4,X,0.00,0.00,0.00,XXX,33.4009
Q1005,Ntiol category 5,X,0.00,0.00,0.00,XXX,33.4009
Q2004,Bladder calculi irrig sol,E,0.00,0.00,0.00,XXX,33.4009
Q2009,Fosphenytoin inj pe,E,0.00,0.00,0.00,XXX,33.4009
Q2026,Radiesse injection,E,0.00,0.00,0.00,XXX,33.4009
Q2028,"Inj, sculptra, 0.5mg",E,0.00,0.00,0.00,XXX,33.4009
Q2034,Agriflu vaccine,X,0.00,0.00,0.00,XXX,33.4009
Q2035,"Afluria vacc, 3 yrs & >, im",X,0.00,0.00,0.00,XXX,33.4009
Q2036,"Flulaval vacc, 3 yrs & >, im",X,0.00,0.00,0.00,XXX,33.4009
Q2037,"Fluvirin vacc, 3 yrs & >, im",X,0.00,0.00,0.00,XXX,33.4009
Q2038,"Fluzone vacc, 3 yrs & >, im",X,0.00,0.00,0.00,XXX,33.4009
Q2039,"Influenza virus vaccine, nos",X,0.00,0.00,0.00,XXX,33.4009
Q2041,Axicabtagene ciloleucel car+,E,0.00,0.00,0.00,XXX,33.4009
Q2042,Tisagenlecleucel car-pos t,E,0.00,0.00,0.00,XXX,33.4009
Q2043,Sipuleucel-t auto cd54+,E,0.00,0.00,0.00,XXX,33.4009
Q2049,Imported lipodox inj,E,0.00,0.00,0.00,XXX,33.4009
Q2050,Doxorubicin inj 10mg,E,0.00,0.00,0.00,XXX,33.4009
Q2052,"Home ivig, services/supplies",E,0.00,0.00,0.00,XXX,33.4009
Q2053,Brexucabtagene car pos t,E,0.00,0.00,0.00,XXX,33.4009
Q2054,Lisocabtagene mara car pos t,E,0.00,0.00,0.00,XXX,33.4009
Q2055,Idecabtagene vicleucel car,E,0.00,0.00,0.00,XXX,33.4009
Q2056,Ciltacabtagene car-pos t,E,0.00,0.00,0.00,XXX,33.4009
Q2057,Afamitresgene autoleucel,E,0.00,0.00,0.00,XXX,33.4009
Q2058,Obecbtge autol up to 400 mil,E,0.00,0.00,0.00,XXX,33.4009
Q3001,Brachytherapy radioelements,C,0.00,0.00,0.00,XXX,33.4009
Q3014,Telehealth facility fee,X,0.00,0.00,0.00,XXX,33.4009
Q3027,Inj beta interferon im 1 mcg,E,0.00,0.00,0.00,XXX,33.4009
Q3028,Inj beta interferon sq 1 mcg,I,0.00,0.00,0.00,XXX,33.4009
Q3031,Collagen skin test,B,0.00,0.00,0.00,XXX,33.4009
Q4001,Cast sup body cast plaster,X,0.00,0.00,0.00,XXX,33.4009
Q4002,Cast sup body cast fiberglas,X,0.00,0.00,0.00,XXX,33.4009
Q4003,Cast sup shoulder cast plstr,X,0.00,0.00,0.00,XXX,33.4009
Q4004,Cast sup shoulder cast fbrgl,X,0.00,0.00,0.00,XXX,33.4009
Q4005,Cast sup long arm adult plst,X,0.00,0.00,0.00,XXX,33.4009
Q4006,Cast sup long arm adult fbrg,X,0.00,0.00,0.00,XXX,33.4009
Q4007,Cast sup long arm ped plster,X,0.00,0.00,0.00,XXX,33.4009
Q4008,Cast sup long arm ped fbrgls,X,0.00,0.00,0.00,XXX,33.4009
Q4009,Cast sup sht arm adult plstr,X,0.00,0.00,0.00,XXX,33.4009
Q4010,Cast sup sht arm adult fbrgl,X,0.00,0.00,0.00,XXX,33.4009
Q4011,Cast sup sht arm ped plaster,X,0.00,0.00,0.00,XXX,33.4009
Q4012,Cast sup sht arm ped fbrglas,X,0.00,0.00,0.00,XXX,33.4009
Q4013,Cast sup gauntlet plaster,X,0.00,0.00,0.00,XXX,33.4009
Q4014,Cast sup gauntlet fiberglass,X,0.00,0.00,0.00,XXX,33.4009
Q4015,Cast sup gauntlet ped plster,X,0.00,0.00,0.00,XXX,33.4009
Q4016,Cast sup gauntlet ped fbrgls,X,0.00,0.00,0.00,XXX,33.4009
Q4017,Cast sup lng arm splint plst,X,0.00,0.00,0.00,XXX,33.4009
Q4018,Cast sup lng arm splint fbrg,X,0.00,0.00,0.00,XXX,33.4009
Q4019,Cast sup lng arm splnt ped p,X,0.00,0.00,0.00,XXX,33.4009
Q4020,Cast sup lng arm splnt ped f,X,0.00,0.00,0.00,XXX,33.4009
Q4021,Cast sup sht arm splint plst,X,0.00,0.00,0.00,XXX,33.4009
Q4022,Cast sup sht arm splint fbrg,X,0.00,0.00,0.00,XXX,33.4009
Q4023,Cast sup sht arm splnt ped p,X,0.00,0.00,0.00,XXX,33.4009
Q4024,Cast sup sht arm splnt ped f,X,0.00,0.00,0.00,XXX,33.4009
Q4025,Cast sup hip spica plaster,X,0.00,0.00,0.00,XXX,33.4009
Q4026,Cast sup hip spica fiberglas,X,0.00,0.00,0.00,XXX,33.4009
Q4027,Cast sup hip spica ped plstr,X,0.00,0.00,0.00,XXX,33.4009
Q4028,Cast sup hip spica ped fbrgl,X,0.00,0.00,0.00,XXX,33.4009
Q4029,Cast sup long leg plaster,X,0.00,0.00,0.00,XXX,33.4009
Q4030,Cast sup long leg fiberglass,X,0.00,0.00,0.00,XXX,33.4009
Q4031,Cast sup lng leg ped plaster,X,0.00,0.00,0.00,XXX,33.4009
Q4032,Cast sup lng leg ped fbrgls,X,0.00,0.00,0.00,XXX,33.4009
Q4033,Cast sup lng leg cylinder pl,X,0.00,0.00,0.00,XXX,33.4009
Q4034,Cast sup lng leg cylinder fb,X,0.00,0.00,0.00,XXX,33.4009
Q4035,Cast sup lngleg cylndr ped p,X,0.00,0.00,0.00,XXX,33.4009
Q4036,Cast sup lngleg cylndr ped f,X,0.00,0.00,0.00,XXX,33.4009
Q4037,Cast sup shrt leg plaster,X,0.00,0.00,0.00,XXX,33.4009
Q4038,Cast sup shrt leg fiberglass,X,0.00,0.00,0.00,XXX,33.4009
Q4039,Cast sup shrt leg ped plster,X,0.00,0.00,0.00,XXX,33.4009
Q4040,Cast sup shrt leg ped fbrgls,X,0.00,0.00,0.00,XXX,33.4009
Q4041,Cast sup lng leg splnt plstr,X,0.00,0.00,0.00,XXX,33.4009
Q4042,Cast sup lng leg splnt fbrgl,X,0.00,0.00,0.00,XXX,33.4009
Q4043,Cast sup lng leg splnt ped p,X,0.00,0.00,0.00,XXX,33.4009
Q4044,Cast sup lng leg splnt ped f,X,0.00,0.00,0.00,XXX,33.4009
Q4045,Cast sup sht leg splnt plstr,X,0.00,0.00,0.00,XXX,33.4009
Q4046,Cast sup sht leg splnt fbrgl,X,0.00,0.00,0.00,XXX,33.4009
Q4047,Cast sup sht leg splnt ped p,X,0.00,0.00,0.00,XXX,33.4009
Q4048,Cast sup sht leg splnt ped f,X,0.00,0.00,0.00,XXX,33.4009
Q4049,"Finger splint, static",X,0.00,0.00,0.00,XXX,33.4009
Q4050,Cast supplies unlisted,X,0.00,0.00,0.00,XXX,33.4009
Q4051,Splint supplies misc,X,0.00,0.00,0.00,XXX,33.4009
Q4074,Iloprost non-comp unit dose,E,0.00,0.00,0.00,XXX,33.4009
Q4081,"Epoetin alfa, 100 units esrd",E,0.00,0.00,0.00,XXX,33.4009
Q4082,Drug/bio noc part b drug cap,E,0.00,0.00,0.00,XXX,33.4009
Q4101,Apligraf,A,0.00,3.81,0.00,ZZZ,33.4009
Q4102,Oasis wound matrix,A,0.00,3.81,0.00,ZZZ,33.4009
Q4103,Oasis burn matrix,A,0.00,3.81,0.00,ZZZ,33.4009
Q4104,Integra bmwd,A,0.00,3.81,0.00,ZZZ,33.4009
Q4105,Integra drt or omnigraft,A,0.00,3.81,0.00,ZZZ,33.4009
Q4107,Graftjacket,A,0.00,3.81,0.00,ZZZ,33.4009
Q4108,Integra matrix,A,0.00,3.81,0.00,ZZZ,33.4009
Q4110,Primatrix,A,0.00,3.81,0.00,ZZZ,33.4009
Q4111,Gammagraft,A,0.00,3.81,0.00,ZZZ,33.4009
Q4112,Cymetra injectable,C,0.00,0.00,0.00,XXX,33.4009
Q4113,Graftjacket xpress,C,0.00,0.00,0.00,XXX,33.4009
Q4114,Integra flowable wound matri,C,0.00,0.00,0.00,XXX,33.4009
Q4115,Alloskin,A,0.00,3.81,0.00,ZZZ,33.4009
Q4116,Alloderm,A,0.00,3.81,0.00,ZZZ,33.4009
Q4117,Hyalomatrix,A,0.00,3.81,0.00,ZZZ,33.4009
Q4118,Matristem micromatrix,C,0.00,0.00,0.00,XXX,33.4009
Q4121,Theraskin,A,0.00,3.81,0.00,ZZZ,33.4009
Q4122,"Dermacell, awm, porous sq cm",A,0.00,3.81,0.00,ZZZ,33.4009
Q4123,Alloskin,A,0.00,3.81,0.00,ZZZ,33.4009
Q4124,Oasis tri-layer wound matrix,A,0.00,3.81,0.00,ZZZ,33.4009
Q4125,Arthroflex,A,0.00,3.81,0.00,ZZZ,33.4009
Q4126,Memoderm/derma/tranz/integup,A,0.00,3.81,0.00,ZZZ,33.4009
Q4127,Talymed,A,0.00,3.81,0.00,ZZZ,33.4009
Q4128,Flexhd/allopatchhd/sq cm,A,0.00,3.81,0.00,ZZZ,33.4009
Q4130,Strattice tm,A,0.00,3.81,0.00,ZZZ,33.4009
Q4132,"Grafix core, grafixpl core",A,0.00,3.81,0.00,ZZZ,33.4009
Q4133,Grafix stravix prime pl sqcm,A,0.00,3.81,0.00,ZZZ,33.4009
Q4134,Hmatrix,A,0.00,3.81,0.00,ZZZ,33.4009
Q4135,Mediskin,A,0.00,3.81,0.00,ZZZ,33.4009
Q4136,Ezderm,A,0.00,3.81,0.00,ZZZ,33.4009
Q4137,Amnioexcel biodexcel 1sq cm,A,0.00,3.81,0.00,ZZZ,33.4009
Q4138,"Biodfence dryflex, 1cm",A,0.00,3.81,0.00,ZZZ,33.4009
Q4139,"Amnio or biodmatrix, inj 1cc",C,0.00,0.00,0.00,XXX,33.4009
Q4140,Biodfence 1cm,A,0.00,3.81,0.00,ZZZ,33.4009
Q4141,"Alloskin ac, 1 cm",A,0.00,3.81,0.00,ZZZ,33.4009
Q4142,Xcm biologic tiss matrix 1cm,A,0.00,3.81,0.00,ZZZ,33.4009
Q4143,"Repriza, 1cm",A,0.00,3.81,0.00,ZZZ,33.4009
Q4145,"Epifix, inj, 1mg",C,0.00,0.00,0.00,XXX,33.4009
Q4146,"Tensix, 1cm",A,0.00,3.81,0.00,ZZZ,33.4009
Q4147,Architect ecm px fx 1 sq cm,A,0.00,3.81,0.00,ZZZ,33.4009
Q4148,Neox neox rt or clarix cord,A,0.00,3.81,0.00,ZZZ,33.4009
Q4149,"Excellagen, 0.1 cc",C,0.00,0.00,0.00,XXX,33.4009
Q4150,Allowrap ds or dry 1 sq cm,A,0.00,3.81,0.00,ZZZ,33.4009
Q4151,"Amnioband, guardian 1 sq cm",A,0.00,3.81,0.00,ZZZ,33.4009
Q4152,Dermapure 1 square cm,A,0.00,3.81,0.00,ZZZ,33.4009
Q4153,"Dermavest, plurivest sq cm",A,0.00,3.81,0.00,ZZZ,33.4009
Q4154,Biovance 1 square cm,A,0.00,3.81,0.00,ZZZ,33.4009
Q4155,Neoxflo or clarixflo 1 mg,C,0.00,0.00,0.00,XXX,33.4009
Q4156,Neox 100 or clarix 100,A,0.00,3.81,0.00,ZZZ,33.4009
Q4157,Revitalon 1 square cm,A,0.00,3.81,0.00,ZZZ,33.4009
Q4158,"Kerecis omega3, per sq cm",A,0.00,3.81,0.00,ZZZ,33.4009
Q4159,Affinity1 square cm,A,0.00,3.81,0.00,ZZZ,33.4009
Q4160,Nushield 1 square cm,A,0.00,3.81,0.00,ZZZ,33.4009
Q4161,Bio-connekt per square cm,A,0.00,3.81,0.00,ZZZ,33.4009
Q4162,"Wndex flw, bioskn flw, 0.5cc",C,0.00,0.00,0.00,XXX,33.4009
Q4163,"Woundex, bioskin, per sq cm",A,0.00,3.81,0.00,ZZZ,33.4009
Q4164,"Helicoll, per square cm",A,0.00,3.81,0.00,ZZZ,33.4009
Q4165,"Keramatrix, kerasorb sq cm",A,0.00,3.81,0.00,ZZZ,33.4009
Q4166,"Cytal, per square centimeter",A,0.00,3.81,0.00,ZZZ,33.4009
Q4167,"Truskin, per sq centimeter",A,0.00,3.81,0.00,ZZZ,33.4009
Q4168,"Amnioband, 1 mg",C,0.00,0.00,0.00,XXX,33.4009
Q4169,"Artacent wound, per sq cm",A,0.00,3.81,0.00,ZZZ,33.4009
Q4170,"Cygnus, per sq cm",A,0.00,3.81,0.00,ZZZ,33.4009
Q4171,"Interfyl, 1 mg",C,0.00,0.00,0.00,XXX,33.4009
Q4173,Palingen or palingen xplus,A,0.00,3.81,0.00,ZZZ,33.4009
Q4174,Palingen or promatrx,C,0.00,0.00,0.00,XXX,33.4009
Q4175,Miroderm,A,0.00,3.81,0.00,ZZZ,33.4009
Q4176,"Neopatch or therion, 1 sq cm",A,0.00,3.81,0.00,ZZZ,33.4009
Q4177,"Floweramnioflo, 0.1 cc",C,0.00,0.00,0.00,XXX,33.4009
Q4178,"Floweramniopatch, per sq cm",A,0.00,3.81,0.00,ZZZ,33.4009
Q4179,"Flowerderm, per sq cm",A,0.00,3.81,0.00,ZZZ,33.4009
Q4180,"Revita, per sq cm",A,0.00,3.81,0.00,ZZZ,33.4009
Q4181,"Amnio wound, per square cm",A,0.00,3.81,0.00,ZZZ,33.4009
Q4182,"Transcyte, per sq centimeter",A,0.00,3.81,0.00,ZZZ,33.4009
Q4183,"Surgigraft, 1 sq cm",A,0.00,3.81,0.00,ZZZ,33.4009
Q4184,Cellesta or duo per sq cm,A,0.00,3.81,0.00,ZZZ,33.4009
Q4185,Cellesta flowab amnion 0.5cc,C,0.00,0.00,0.00,XXX,33.4009
Q4186,Epifix 1 sq cm,A,0.00,3.81,0.00,ZZZ,33.4009
Q4187,Epicord 1 sq cm,A,0.00,3.81,0.00,ZZZ,33.4009
Q4188,Amnioarmor 1 sq cm,A,0.00,3.81,0.00,ZZZ,33.4009
Q4189,"Artacent ac, 1 mg",C,0.00,0.00,0.00,XXX,33.4009
Q4190,Artacent ac 1 sq cm,A,0.00,3.81,0.00,ZZZ,33.4009
Q4191,Restorigin 1 sq cm,A,0.00,3.81,0.00,ZZZ,33.4009
Q4192,"Restorigin, 1 cc",C,0.00,0.00,0.00,XXX,33.4009
Q4193,Coll-e-derm 1 sq cm,A,0.00,3.81,0.00,ZZZ,33.4009
Q4194,Novachor 1 sq cm,A,0.00,3.81,0.00,ZZZ,33.4009
Q4195,Puraply 1 sq cm,A,0.00,3.81,0.00,ZZZ,33.4009
Q4196,Puraply am 1 sq cm,A,0.00,3.81,0.00,ZZZ,33.4009
Q4197,Puraply xt 1 sq cm,A,0.00,3.81,0.00,ZZZ,33.4009
Q4198,Genesis amnio membrane 1sqcm,A,0.00,3.81,0.00,ZZZ,33.4009
Q4199,"Cygnus matrix, per sq cm",A,0.00,3.81,0.00,ZZZ,33.4009
Q4200,Skin te 1 sq cm,A,0.00,3.81,0.00,ZZZ,33.4009
Q4201,Matrion 1 sq cm,A,0.00,3.81,0.00,ZZZ,33.4009
Q4202,"Keroxx (2.5g/cc), 1cc",C,0.00,0.00,0.00,XXX,33.4009
Q4203,"Derma-gide, 1 sq cm",A,0.00,3.81,0.00,ZZZ,33.4009
Q4204,Xwrap 1 sq cm,A,0.00,3.81,0.00,ZZZ,33.4009
Q4205,Membrane graft or wrap sq cm,A,0.00,3.81,0.00,ZZZ,33.4009
Q4206,Fluid flow or fluid gf 1 cc,C,0.00,0.00,0.00,XXX,33.4009
Q4208,Novafix per sq cm,A,0.00,3.81,0.00,ZZZ,33.4009
Q4209,Surgraft per sq cm,A,0.00,3.81,0.00,ZZZ,33.4009
Q4211,Amnion bio or axobio sq cm,A,0.00,3.81,0.00,ZZZ,33.4009
Q4212,"Allogen, per cc",C,0.00,0.00,0.00,XXX,33.4009
Q4213,"Ascent, 0.5 mg",C,0.00,0.00,0.00,XXX,33.4009
Q4214,Cellesta cord per sq cm,A,0.00,3.81,0.00,ZZZ,33.4009
Q4215,"Axolotl ambient, cryo 0.1 mg",C,0.00,0.00,0.00,XXX,33.4009
Q4216,Artacent cord per sq cm,A,0.00,3.81,0.00,ZZZ,33.4009
Q4217,Woundfix biowound plus xplus,A,0.00,3.81,0.00,ZZZ,33.4009
Q4218,Surgicord per sq cm,A,0.00,3.81,0.00,ZZZ,33.4009
Q4219,Surgigraft dual per sq cm,A,0.00,3.81,0.00,ZZZ,33.4009
Q4220,"Bellacell hd, surederm sq cm",A,0.00,3.81,0.00,ZZZ,33.4009
Q4221,Amniowrap2 per sq cm,A,0.00,3.81,0.00,ZZZ,33.4009
Q4222,"Progenamatrix, per sq cm",A,0.00,3.81,0.00,ZZZ,33.4009
Q4224,Hhf10-p per sq cm,A,0.00,3.81,0.00,ZZZ,33.4009
Q4225,"Amnio or derma tl, per sq cm",A,0.00,3.81,0.00,ZZZ,33.4009
Q4226,Myown harv prep proc sq cm,E,0.00,0.00,0.00,XXX,33.4009
Q4227,Amniocore per sq cm,A,0.00,3.81,0.00,ZZZ,33.4009
Q4229,Cogenex amnio memb per sq cm,A,0.00,3.81,0.00,ZZZ,33.4009
Q4230,Cogenex flow amnion 0.5 cc,C,0.00,0.00,0.00,XXX,33.4009
Q4232,"Corplex, per sq cm",A,0.00,3.81,0.00,ZZZ,33.4009
Q4233,Surfactor /nudyn per 0.5 cc,C,0.00,0.00,0.00,XXX,33.4009
Q4234,"Xcellerate, per sq cm",A,0.00,3.81,0.00,ZZZ,33.4009
Q4235,Amniorepair or altiply sq cm,A,0.00,3.81,0.00,ZZZ,33.4009
Q4236,Carepatch per sq cm,A,0.00,3.81,0.00,ZZZ,33.4009
Q4237,"Cryo-cord, per sq cm",A,0.00,3.81,0.00,ZZZ,33.4009
Q4238,"Derm-maxx, per sq cm",A,0.00,3.81,0.00,ZZZ,33.4009
Q4239,Amnio-maxx or lite per sq cm,A,0.00,3.81,0.00,ZZZ,33.4009
Q4240,Corecyte topical only 0.5 cc,C,0.00,0.00,0.00,XXX,33.4009
Q4241,"Polycyte, topical only 0.5cc",C,0.00,0.00,0.00,XXX,33.4009
Q4242,"Amniocyte plus, per 0.5 cc",C,0.00,0.00,0.00,XXX,33.4009
Q4245,"Amniotext, per cc",C,0.00,0.00,0.00,XXX,33.4009
Q4246,"Coretext or protext, per cc",C,0.00,0.00,0.00,XXX,33.4009
Q4247,"Amniotext patch, per sq cm",A,0.00,3.81,0.00,ZZZ,33.4009
Q4248,Dermacyte amn mem allo sq cm,A,0.00,3.81,0.00,ZZZ,33.4009
Q4249,"Amniply, per sq cm",A,0.00,3.81,0.00,ZZZ,33.4009
Q4250,Amnioamp-mp per sq cm,A,0.00,3.81,0.00,ZZZ,33.4009
Q4251,"Vim, per square centimeter",A,0.00,3.81,0.00,ZZZ,33.4009
Q4252,"Vendaje, per square centimet",A,0.00,3.81,0.00,ZZZ,33.4009
Q4253,Zenith amniotic membrane psc,A,0.00,3.81,0.00,ZZZ,33.4009
Q4254,Novafix dl per sq cm,A,0.00,3.81,0.00,ZZZ,33.4009
Q4255,"Reguard, topical use per sq",A,0.00,3.81,0.00,ZZZ,33.4009
Q4256,"Mlg complet, per sq cm",A,0.00,3.81,0.00,ZZZ,33.4009
Q4257,"Relese, per sq cm",A,0.00,3.81,0.00,ZZZ,33.4009
Q4258,"Enverse, per sq cm",A,0.00,3.81,0.00,ZZZ,33.4009
Q4259,Celera per sq cm,A,0.00,3.81,0.00,ZZZ,33.4009
Q4260,"Signature apatch, per sq cm",A,0.00,3.81,0.00,ZZZ,33.4009
Q4261,"Tag, per square centimeter",A,0.00,3.81,0.00,ZZZ,33.4009
Q4262,"Dual layer impax, per sq cm",A,0.00,3.81,0.00,ZZZ,33.4009
Q4263,"Surgraft tl, per sq cm",A,0.00,3.81,0.00,ZZZ,33.4009
Q4264,"Cocoon membrane, per sq cm",A,0.00,3.81,0.00,ZZZ,33.4009
Q4265,Neostim tl per sq cm,A,0.00,3.81,0.00,ZZZ,33.4009
Q4266,Neostim per sq cm,A,0.00,3.81,0.00,ZZZ,33.4009
Q4267,Neostim dl per sq cm,A,0.00,3.81,0.00,ZZZ,33.4009
Q4268,Surgraft ft per sq cm,A,0.00,3.81,0.00,ZZZ,33.4009
Q4269,Surgraft xt per sq cm,A,0.00,3.81,0.00,ZZZ,33.4009
Q4270,Complete sl per sq cm,A,0.00,3.81,0.00,ZZZ,33.4009
Q4271,Complete ft per sq cm,A,0.00,3.81,0.00,ZZZ,33.4009
Q4272,"Esano a, per sq cm",A,0.00,3.81,0.00,ZZZ,33.4009
Q4273,"Esano aaa, per sq cm",A,0.00,3.81,0.00,ZZZ,33.4009
Q4274,"Esano ac, per sq cm",A,0.00,3.81,0.00,ZZZ,33.4009
Q4275,"Esano aca, per sq cm",A,0.00,3.81,0.00,ZZZ,33.4009
Q4276,"Orion, per sq cm",A,0.00,3.81,0.00,ZZZ,33.4009
Q4278,"Epieffect, per sq cm",A,0.00,3.81,0.00,ZZZ,33.4009
Q4279,"Vendaje ac, per sq cm",A,0.00,3.81,0.00,ZZZ,33.4009
Q4280,Xcell amnio matrix per sq cm,A,0.00,3.81,0.00,ZZZ,33.4009
Q4281,Barrera slor dl per sq cm,A,0.00,3.81,0.00,ZZZ,33.4009
Q4282,Cygnus dual per sq cm,A,0.00,3.81,0.00,ZZZ,33.4009
Q4283,"Biovance tri or 3l, sq cm",A,0.00,3.81,0.00,ZZZ,33.4009
Q4284,"Dermabind sl, per sq cm",A,0.00,3.81,0.00,ZZZ,33.4009
Q4285,Nudyn dl or dl mesh pr sq cm,A,0.00,3.81,0.00,ZZZ,33.4009
Q4286,"Nudyn sl or slw, per sq cm",A,0.00,3.81,0.00,ZZZ,33.4009
Q4287,"Dermabind dl, per sq cm",A,0.00,3.81,0.00,ZZZ,33.4009
Q4288,"Dermabind ch, per sq cm",A,0.00,3.81,0.00,ZZZ,33.4009
Q4289,"Revoshield+ amnio, per sq cm",A,0.00,3.81,0.00,ZZZ,33.4009
Q4290,Membrane wrap hydr per sq cm,A,0.00,3.81,0.00,ZZZ,33.4009
Q4291,"Lamellas xt, per sq cm",A,0.00,3.81,0.00,ZZZ,33.4009
Q4292,"Lamellas, per sq cm",A,0.00,3.81,0.00,ZZZ,33.4009
Q4293,"Acesso dl, per sq cm",A,0.00,3.81,0.00,ZZZ,33.4009
Q4294,"Amnio quad-core, per sq cm",A,0.00,3.81,0.00,ZZZ,33.4009
Q4295,"Amnio tri-core, per sq cm",A,0.00,3.81,0.00,ZZZ,33.4009
Q4296,"Rebound matrix, per sq cm",A,0.00,3.81,0.00,ZZZ,33.4009
Q4297,"Emerge matrix, per sq cm",A,0.00,3.81,0.00,ZZZ,33.4009
Q4298,"Amniocore pro, per sq cm",A,0.00,3.81,0.00,ZZZ,33.4009
Q4299,"Amniocore pro+, per sq cm",A,0.00,3.81,0.00,ZZZ,33.4009
Q4300,"Acesso tl, per sq cm",A,0.00,3.81,0.00,ZZZ,33.4009
Q4301,"Activate matrix, per sq cm",A,0.00,3.81,0.00,ZZZ,33.4009
Q4302,"Complete aca, per sq cm",A,0.00,3.81,0.00,ZZZ,33.4009
Q4303,"Complete aa, per sq cm",A,0.00,3.81,0.00,ZZZ,33.4009
Q4304,"Grafix plus, per sq cm",A,0.00,3.81,0.00,ZZZ,33.4009
Q4305,Amer am ac tri-lay per sq cm,A,0.00,3.81,0.00,ZZZ,33.4009
Q4306,Americ amnion ac per sq cm,A,0.00,3.81,0.00,ZZZ,33.4009
Q4307,"American amnion, per sq cm",A,0.00,3.81,0.00,ZZZ,33.4009
Q4308,"Sanopellis, per sq cm",A,0.00,3.81,0.00,ZZZ,33.4009
Q4309,"Via matrix, per sq cm",A,0.00,3.81,0.00,ZZZ,33.4009
Q4310,"Procenta, per 100 mg",C,0.00,0.00,0.00,XXX,33.4009
Q4311,"Acesso, per sq cm",A,0.00,3.81,0.00,ZZZ,33.4009
Q4312,"Acesso ac, per sq cm",A,0.00,3.81,0.00,ZZZ,33.4009
Q4313,"Dermabind fm, per sq cm",A,0.00,3.81,0.00,ZZZ,33.4009
Q4314,"Reeva, per sq cm",A,0.00,3.81,0.00,ZZZ,33.4009
Q4315,Regenelink amniotic mem allo,A,0.00,3.81,0.00,ZZZ,33.4009
Q4316,"Amchoplast, per sq cm",A,0.00,3.81,0.00,ZZZ,33.4009
Q4317,"Vitograft, per sq cm",A,0.00,3.81,0.00,ZZZ,33.4009
Q4318,"E-graft, per sq cm",A,0.00,3.81,0.00,ZZZ,33.4009
Q4319,"Sanograft, per sq cm",A,0.00,3.81,0.00,ZZZ,33.4009
Q4320,"Pellograft, per sq cm",A,0.00,3.81,0.00,ZZZ,33.4009
Q4321,"Renograft, per sq cm",A,0.00,3.81,0.00,ZZZ,33.4009
Q4322,"Caregraft, per sq cm",A,0.00,3.81,0.00,ZZZ,33.4009
Q4323,"Alloply, per sq cm",A,0.00,3.81,0.00,ZZZ,33.4009
Q4324,"Amniotx, per sq cm",A,0.00,3.81,0.00,ZZZ,33.4009
Q4325,"Acapatch, per sq cm",A,0.00,3.81,0.00,ZZZ,33.4009
Q4326,"Woundplus, per sq cm",A,0.00,3.81,0.00,ZZZ,33.4009
Q4327,"Duoamnion, per sq cm",A,0.00,3.81,0.00,ZZZ,33.4009
Q4328,"Most, per sq cm",A,0.00,3.81,0.00,ZZZ,33.4009
Q4329,"Singlay, per sq cm",A,0.00,3.81,0.00,ZZZ,33.4009
Q4330,"Total, per sq cm",A,0.00,3.81,0.00,ZZZ,33.4009
Q4331,"Axolotl graft, per sq cm",A,0.00,3.81,0.00,ZZZ,33.4009
Q4332,"Axolotl dualgraft, per sq cm",A,0.00,3.81,0.00,ZZZ,33.4009
Q4333,"Ardeograft, per sq cm",A,0.00,3.81,0.00,ZZZ,33.4009
Q4334,"Amnioplast 1, per sq cm",A,0.00,3.81,0.00,ZZZ,33.4009
Q4335,"Amnioplast 2, per sq cm",A,0.00,3.81,0.00,ZZZ,33.4009
Q4336,"Artecent c, per sq cm",A,0.00,3.81,0.00,ZZZ,33.4009
Q4337,"Artecent trident, per sq cm",A,0.00,3.81,0.00,ZZZ,33.4009
Q4338,"Artacent velos, per sq cm",A,0.00,3.81,0.00,ZZZ,33.4009
Q4339,"Artacent vericlen, per sq cm",A,0.00,3.81,0.00,ZZZ,33.4009
Q4340,"Simpligraft, per sq cm",A,0.00,3.81,0.00,ZZZ,33.4009
Q4341,"Simplimax, per sq cm",A,0.00,3.81,0.00,ZZZ,33.4009
Q4342,"Theramend, per sq cm",A,0.00,3.81,0.00,ZZZ,33.4009
Q4343,Dermacyte ac matrx per sq cm,A,0.00,3.81,0.00,ZZZ,33.4009
Q4344,"Tri membrane wrap, per sq cm",A,0.00,3.81,0.00,ZZZ,33.4009
Q4345,Matrix hd allogrft per sq cm,A,0.00,3.81,0.00,ZZZ,33.4009
Q4346,Shelter dm matrix per sq cm,A,0.00,3.81,0.00,ZZZ,33.4009
Q4347,Rampart dl matrix per sq cm,A,0.00,3.81,0.00,ZZZ,33.4009
Q4348,Sentry sl matrix per sq cm,A,0.00,3.81,0.00,ZZZ,33.4009
Q4349,Mantle dl matrix per sq cm,A,0.00,3.81,0.00,ZZZ,33.4009
Q4350,Palisade dm matrix per sq cm,A,0.00,3.81,0.00,ZZZ,33.4009
Q4351,"Enclose tl matrix, per sq cm",A,0.00,3.81,0.00,ZZZ,33.4009
Q4352,"Overlay sl matrix, per sq cm",A,0.00,3.81,0.00,ZZZ,33.4009
Q4353,Xceed tl matrix per sq cm,A,0.00,3.81,0.00,ZZZ,33.4009
Q4354,Palingen dl-palingen dl-x,A,0.00,3.81,0.00,ZZZ,33.4009
Q4355,Abio xpl abio xpl hy p sq cm,A,0.00,3.81,0.00,ZZZ,33.4009
Q4356,Abio mem abio hyd per sq cm,A,0.00,3.81,0.00,ZZZ,33.4009
Q4357,"Xwrap plus, per sq cm",A,0.00,3.81,0.00,ZZZ,33.4009
Q4358,"Xwrap dual, per sq cm",A,0.00,3.81,0.00,ZZZ,33.4009
Q4359,"Choriply, per sq cm",A,0.00,3.81,0.00,ZZZ,33.4009
Q4360,Amchoplast fd per sq cm,A,0.00,3.81,0.00,ZZZ,33.4009
Q4361,"Epixpress, per sq cm",A,0.00,3.81,0.00,ZZZ,33.4009
Q4362,"Cygnus disk, per sq cm",A,0.00,3.81,0.00,ZZZ,33.4009
Q4363,Am bur mem hydro per sq cm,A,0.00,3.81,0.00,ZZZ,33.4009
Q4364,Am bur xp mem xpl hy p sq cm,A,0.00,3.81,0.00,ZZZ,33.4009
Q4365,Amnio bur dl mem per sq cm,A,0.00,3.81,0.00,ZZZ,33.4009
Q4366,Dl amnio bur x-mem per sq cm,A,0.00,3.81,0.00,ZZZ,33.4009
Q4367,"Amniocore sl, per sq cm",A,0.00,3.81,0.00,ZZZ,33.4009
Q4368,Amchothick per sq cm,A,0.00,3.81,0.00,ZZZ,33.4009
Q4369,Amnioplast 3 per sq cm,A,0.00,3.81,0.00,ZZZ,33.4009
Q4370,Aeroguard per sq cm,A,0.00,3.81,0.00,ZZZ,33.4009
Q4371,Neoguard per sq cm,A,0.00,3.81,0.00,ZZZ,33.4009
Q4372,Amchoplast excl per sq cm,A,0.00,3.81,0.00,ZZZ,33.4009
Q4373,Membrane wrp lt per sq cm,A,0.00,3.81,0.00,ZZZ,33.4009
Q4375,Duograft ac per sq cm,A,0.00,3.81,0.00,ZZZ,33.4009
Q4376,Duograft aa per sq cm,A,0.00,3.81,0.00,ZZZ,33.4009
Q4377,Trigraft ft per sq cm,A,0.00,3.81,0.00,ZZZ,33.4009
Q4378,Renew ft matrix per sq cm,A,0.00,3.81,0.00,ZZZ,33.4009
Q4379,Amniodefend ft per sq cm,A,0.00,3.81,0.00,ZZZ,33.4009
Q4380,Advograft one per sq cm,A,0.00,3.81,0.00,ZZZ,33.4009
Q4382,Advograft dual per sq cm,A,0.00,3.81,0.00,ZZZ,33.4009
Q4383,Axolotl graft ult per sq cm,A,0.00,3.81,0.00,ZZZ,33.4009
Q4384,Axolotl dual ult per sq cm,A,0.00,3.81,0.00,ZZZ,33.4009
Q4385,Apollo ft per sq cm,A,0.00,3.81,0.00,ZZZ,33.4009
Q4386,Acesso trifaca per sq cm,A,0.00,3.81,0.00,ZZZ,33.4009
Q4387,Neothelium ft per sq cm,A,0.00,3.81,0.00,ZZZ,33.4009
Q4388,Neothelium 4l per sq cm,A,0.00,3.81,0.00,ZZZ,33.4009
Q4389,Neothelium 4l+ per sq cm,A,0.00,3.81,0.00,ZZZ,33.4009
Q4390,Ascendion per sq cm,A,0.00,3.81,0.00,ZZZ,33.4009
Q4391,Amnioplast double per sq cm,A,0.00,3.81,0.00,ZZZ,33.4009
Q4392,Grafix duo per sq cm,A,0.00,3.81,0.00,ZZZ,33.4009
Q4393,Surgraft ac per sq cm,A,0.00,3.81,0.00,ZZZ,33.4009
Q4394,Surgraft aca per sq cm,A,0.00,3.81,0.00,ZZZ,33.4009
Q4395,Acelagraft per sq cm,A,0.00,3.81,0.00,ZZZ,33.4009
Q4396,Natalin per sq cm,A,0.00,3.81,0.00,ZZZ,33.4009
Q4397,Summit aaa per sq cm,A,0.00,3.81,0.00,ZZZ,33.4009
Q4398,Summit ac per sq cm,A,0.00,3.81,0.00,ZZZ,33.4009
Q4399,Summit fx per sq cm,A,0.00,3.81,0.00,ZZZ,33.4009
Q4400,Polygon3 per sq cm,A,0.00,3.81,0.00,ZZZ,33.4009
Q4401,Absolv3 per sq cm,A,0.00,3.81,0.00,ZZZ,33.4009
Q4402,Xwrap 2.0 per sq cm,A,0.00,3.81,0.00,ZZZ,33.4009
Q4403,Xwrap dual plus per sq cm,A,0.00,3.81,0.00,ZZZ,33.4009
Q4404,Xwrap hydro plus per sq cm,A,0.00,3.81,0.00,ZZZ,33.4009
Q4405,Xwrap fenestra plus sq cm,A,0.00,3.81,0.00,ZZZ,33.4009
Q4406,Xwrap fenestra per sq cm,A,0.00,3.81,0.00,ZZZ,33.4009
Q4407,Xwrap tribus per sq cm,A,0.00,3.81,0.00,ZZZ,33.4009
Q4408,Xwrap hydro per sq cm,A,0.00,3.81,0.00,ZZZ,33.4009
Q4409,Amniomatrixf3x per sq cm,A,0.00,3.81,0.00,ZZZ,33.4009
Q4410,Amchomatrixdl per sq cm,A,0.00,3.81,0.00,ZZZ,33.4009
Q4411,Amniomatrixf4x per sq cm,A,0.00,3.81,0.00,ZZZ,33.4009
Q4412,Choriofix per sq cm,A,0.00,3.81,0.00,ZZZ,33.4009
Q4413,Cygnus solo per sq cm,A,0.00,3.81,0.00,ZZZ,33.4009
Q4414,Simplichor per sq cm,A,0.00,3.81,0.00,ZZZ,33.4009
Q4415,Alexiguard st-l per sq cm,A,0.00,3.81,0.00,ZZZ,33.4009
Q4416,Alexiguard tl-t per sq cm,A,0.00,3.81,0.00,ZZZ,33.4009
Q4417,Alexiguard dl-t per sq cm,A,0.00,3.81,0.00,ZZZ,33.4009
Q4418,Biolab wrap flow per sq cm,A,0.00,3.81,0.00,ZZZ,33.4009
Q4419,Biolab wrap flw lt per sq cm,A,0.00,3.81,0.00,ZZZ,33.4009
Q4420,Nuform per sq cm,A,0.00,3.81,0.00,ZZZ,33.4009
Q4421,Biolab wrap solo per sq cm,A,0.00,3.81,0.00,ZZZ,33.4009
Q4422,Ac wrap per sq cm,A,0.00,3.81,0.00,ZZZ,33.4009
Q4423,Biolab tri wrap fl per sq cm,A,0.00,3.81,0.00,ZZZ,33.4009
Q4424,Revive ft per sq cm,A,0.00,3.81,0.00,ZZZ,33.4009
Q4425,Revive tl per sq cm,A,0.00,3.81,0.00,ZZZ,33.4009
Q4426,"Dermbnd tl+, tlx per sq cm",A,0.00,3.81,0.00,ZZZ,33.4009
Q4427,Dermbnd dln dl+ dlx sq cm,A,0.00,3.81,0.00,ZZZ,33.4009
Q4428,Dermbnd sln sl+ slx sq cm,A,0.00,3.81,0.00,ZZZ,33.4009
Q4429,"Dermbnd chn, chx per sq cm",A,0.00,3.81,0.00,ZZZ,33.4009
Q4431,"Pma skin substitute, nos",C,0.00,0.00,0.00,XXX,33.4009
Q4432,"510(k) skin subs, nos",C,0.00,0.00,0.00,XXX,33.4009
Q4433,"361 hct/p skin subs, nos",C,0.00,0.00,0.00,XXX,33.4009
Q4435,Renati membrane per sq cm,A,0.00,3.81,0.00,ZZZ,33.4009
Q4436,Renati ac membrane per sq cm,A,0.00,3.81,0.00,ZZZ,33.4009
Q4437,Revival ac per sq cm,A,0.00,3.81,0.00,ZZZ,33.4009
Q4438,Pretect per sq cm,A,0.00,3.81,0.00,ZZZ,33.4009
Q4439,Instagraft per sq cm,A,0.00,3.81,0.00,ZZZ,33.4009
Q4440,Curamatrix per sq cm,A,0.00,3.81,0.00,ZZZ,33.4009
Q5001,Hospice or home hlth in home,E,0.00,0.00,0.00,XXX,33.4009
Q5002,Hospice/home hlth in asst lv,E,0.00,0.00,0.00,XXX,33.4009
Q5003,Hospice in lt/non-skilled nf,E,0.00,0.00,0.00,XXX,33.4009
Q5004,Hospice in snf,E,0.00,0.00,0.00,XXX,33.4009
Q5005,"Hospice, inpatient hospital",E,0.00,0.00,0.00,XXX,33.4009
Q5006,Hospice in hospice facility,E,0.00,0.00,0.00,XXX,33.4009
Q5007,Hospice in ltch,E,0.00,0.00,0.00,XXX,33.4009
Q5008,Hospice in inpatient psych,E,0.00,0.00,0.00,XXX,33.4009
Q5009,"Hospice/home hlth, place nos",E,0.00,0.00,0.00,XXX,33.4009
Q5010,Hospice home care in hospice,E,0.00,0.00,0.00,XXX,33.4009
Q5098,"Inj ustekinumab-srlf, 1 mg",E,0.00,0.00,0.00,XXX,33.4009
Q5099,"Inj ustekinumab-stba, 1 mg",E,0.00,0.00,0.00,XXX,33.4009
Q5100,"Inj ustekinumab-kfce, 1 mg",E,0.00,0.00,0.00,XXX,33.4009
Q5101,"Injection, zarxio",E,0.00,0.00,0.00,XXX,33.4009
Q5103,"Injection, inflectra",E,0.00,0.00,0.00,XXX,33.4009
Q5104,"Injection, renflexis",E,0.00,0.00,0.00,XXX,33.4009
Q5105,Inj retacrit esrd on dialysi,E,0.00,0.00,0.00,XXX,33.4009
Q5106,Inj retacrit non-esrd use,E,0.00,0.00,0.00,XXX,33.4009
Q5107,Inj mvasi 10 mg,E,0.00,0.00,0.00,XXX,33.4009
Q5108,"Injection, fulphila",E,0.00,0.00,0.00,XXX,33.4009
Q5110,Nivestym,E,0.00,0.00,0.00,XXX,33.4009
Q5111,"Injection, udenyca 0.5 mg",E,0.00,0.00,0.00,XXX,33.4009
Q5112,Inj ontruzant 10 mg,E,0.00,0.00,0.00,XXX,33.4009
Q5113,Inj herzuma 10 mg,E,0.00,0.00,0.00,XXX,33.4009
Q5114,Inj ogivri 10 mg,E,0.00,0.00,0.00,XXX,33.4009
Q5115,Inj truxima 10 mg,E,0.00,0.00,0.00,XXX,33.4009
Q5116,"Inj., trazimera, 10 mg",E,0.00,0.00,0.00,XXX,33.4009
Q5117,"Inj., kanjinti, 10 mg",E,0.00,0.00,0.00,XXX,33.4009
Q5118,"Inj., zirabev, 10 mg",E,0.00,0.00,0.00,XXX,33.4009
Q5119,"Inj ruxience, 10 mg",E,0.00,0.00,0.00,XXX,33.4009
Q5120,Inj pegfilgrastim-bmez 0.5mg,E,0.00,0.00,0.00,XXX,33.4009
Q5121,"Inj. avsola, 10 mg",E,0.00,0.00,0.00,XXX,33.4009
Q5122,"Inj, nyvepria",E,0.00,0.00,0.00,XXX,33.4009
Q5123,"Inj. riabni, 10 mg",E,0.00,0.00,0.00,XXX,33.4009
Q5124,"Inj. byooviz, 0.1 mg",E,0.00,0.00,0.00,XXX,33.4009
Q5125,"Inj, releuko 1 mcg",E,0.00,0.00,0.00,XXX,33.4009
Q5126,Inj alymsys 10 mg,E,0.00,0.00,0.00,XXX,33.4009
Q5127,"Inj, stimufend, 0.5 mg",E,0.00,0.00,0.00,XXX,33.4009
Q5128,"Inj, cimerli, 0.1 mg",E,0.00,0.00,0.00,XXX,33.4009
Q5129,"Inj, vegzelma, 10 mg",E,0.00,0.00,0.00,XXX,33.4009
Q5130,"Inj, fylnetra, 0.5 mg",E,0.00,0.00,0.00,XXX,33.4009
Q5133,"Inj, tofidence, 1 mg",E,0.00,0.00,0.00,XXX,33.4009
Q5134,"Inj, tyruko, 1 mg",E,0.00,0.00,0.00,XXX,33.4009
Q5135,"Inj, tyenne, 1 mg",E,0.00,0.00,0.00,XXX,33.4009
Q5136,"Inj. denosumab-bbdz, 1 mg",E,0.00,0.00,0.00,XXX,33.4009
Q5137,"Inj, wezlana, sub cu, 1 mg",E,0.00,0.00,0.00,XXX,33.4009
Q5138,"Inj, wezlana, iv, 1 mg",E,0.00,0.00,0.00,XXX,33.4009
Q5140,"Inj adalimumab-fkjp, 1 mg",N,0.00,0.00,0.00,XXX,33.4009
Q5141,"Inj adalimumab-aaty, 1 mg",N,0.00,0.00,0.00,XXX,33.4009
Q5142,"Inj adalimumab-ryvk, 1 mg",N,0.00,0.00,0.00,XXX,33.4009
Q5143,"Inj adalimumab-adbm, 1 mg",N,0.00,0.00,0.00,XXX,33.4009
Q5144,"Inj, idacio, 1 mg",N,0.00,0.00,0.00,XXX,33.4009
Q5145,"Inj, abrilada, 1 mg",N,0.00,0.00,0.00,XXX,33.4009
Q5146,"Inj, hercessi, 10 mg",E,0.00,0.00,0.00,XXX,33.4009
Q5147,"Inj, aflibercept-ayyh, 1 mg",E,0.00,0.00,0.00,XXX,33.4009
Q5148,"Inj, nyposi 1 mcg",E,0.00,0.00,0.00,XXX,33.4009
Q5149,"Inj, aflibercept-abzv, 1 mg",E,0.00,0.00,0.00,XXX,33.4009
Q5150,"Inj, aflibercept-mrbb, 1 mg",E,0.00,0.00,0.00,XXX,33.4009
Q5151,"Inj, eculizumab-aagh, 2 mg",E,0.00,0.00,0.00,XXX,33.4009
Q5152,"Inj, eculizumab-aeeb, 2 mg",E,0.00,0.00,0.00,XXX,33.4009
Q5153,"Inj, aflibercept-yszy, 1 mg",E,0.00,0.00,0.00,XXX,33.4009
Q5154,"Inj, omlyclo, 5 mg",E,0.00,0.00,0.00,XXX,33.4009
Q5155,"Inj, aflibercept-jbvf, 1 mg",E,0.00,0.00,0.00,XXX,33.4009
Q5156,"Inj, tocilizumab-anoh, 1 mg",E,0.00,0.00,0.00,XXX,33.4009
Q5157,"Inj, denosumab-bmwo, 1 mg",E,0.00,0.00,0.00,XXX,33.4009
Q5158,"Inj, denosumab-bnht, 1 mg",E,0.00,0.00,0.00,XXX,33.4009
Q5159,"Inj, denosumab-dssb, 1 mg",E,0.00,0.00,0.00,XXX,33.4009
Q5160,"Inj, jobevne, 10 mg",E,0.00,0.00,0.00,XXX,33.4009
Q5161,"Inj, denosumab-kyqq, 1 mg",E,0.00,0.00,0.00,XXX,33.4009
Q5162,"Inj, denosumab-nxxp, 1 mg",E,0.00,0.00,0.00,XXX,33.4009
Q5164,"Ustekinumab-hmny, 1 mg",E,0.00,0.00,0.00,XXX,33.4009
Q5165,"Inj, denosumab-mobz, 1 mg",E,0.00,0.00,0.00,XXX,33.4009
Q5166,"Inj, denosumab-desu, 1 mg",E,0.00,0.00,0.00,XXX,33.4009
Q5167,"Inj, denosumab-qbde, 1 mg",E,0.00,0.00,0.00,XXX,33.4009
Q5168,"Inj. nufymco, 0.1 mg",E,0.00,0.00,0.00,XXX,33.4009
Q5169,"Inj, armlupeg, 0.5 mg",E,0.00,0.00,0.00,XXX,33.4009
Q5170,"Inj, aflibercept-boav, 1 mg",E,0.00,0.00,0.00,XXX,33.4009
Q5171,"Inj, den (boncres), bio, 1mg",E,0.00,0.00,0.00,XXX,33.4009
Q9001,Chaplain assessment,I,0.00,0.00,0.00,XXX,33.4009
Q9002,Chaplain counsel individu,I,0.00,0.00,0.00,XXX,33.4009
Q9003,Chaplain counsel group,I,0.00,0.00,0.00,XXX,33.4009
Q9004,Va whole health partner serv,I,0.00,0.00,0.00,XXX,33.4009
Q9950,Inj sulf hexa lipid microsph,E,0.00,0.00,0.00,XXX,33.4009
Q9951,"Locm >= 400 mg/ml iodine,1ml",E,0.00,0.00,0.00,XXX,33.4009
Q9953,"Inj fe-based mr contrast,1ml",E,0.00,0.00,0.00,XXX,33.4009
Q9954,"Oral mr contrast, 100 ml",E,0.00,0.00,0.00,XXX,33.4009
Q9955,"Inj perflexane lip micros,ml",E,0.00,0.00,0.00,XXX,33.4009
Q9956,"Inj octafluoropropane mic,ml",E,0.00,0.00,0.00,XXX,33.4009
Q9957,"Inj perflutren lip micros,ml",E,0.00,0.00,0.00,XXX,33.4009
Q9958,"Hocm <=149 mg/ml iodine, 1ml",E,0.00,0.00,0.00,XXX,33.4009
Q9959,"Hocm 150-199mg/ml iodine,1ml",E,0.00,0.00,0.00,XXX,33.4009
Q9960,"Hocm 200-249mg/ml iodine,1ml",E,0.00,0.00,0.00,XXX,33.4009
Q9961,"Hocm 250-299mg/ml iodine,1ml",E,0.00,0.00,0.00,XXX,33.4009
Q9962,"Hocm 300-349mg/ml iodine,1ml",E,0.00,0.00,0.00,XXX,33.4009
Q9963,"Hocm 350-399mg/ml iodine,1ml",E,0.00,0.00,0.00,XXX,33.4009
Q9964,"Hocm>= 400mg/ml iodine, 1ml",E,0.00,0.00,0.00,XXX,33.4009
Q9965,"Locm 100-199mg/ml iodine,1ml",E,0.00,0.00,0.00,XXX,33.4009
Q9966,"Locm 200-299mg/ml iodine,1ml",E,0.00,0.00,0.00,XXX,33.4009
Q9967,"Locm 300-399mg/ml iodine,1ml",E,0.00,0.00,0.00,XXX,33.4009
Q9968,Visualization adjunct,E,0.00,0.00,0.00,XXX,33.4009
Q9982,Flutemetamol f18 diagnostic,E,0.00,0.00,0.00,XXX,33.4009
Q9983,Florbetaben f18 diagnostic,E,0.00,0.00,0.00,XXX,33.4009
Q9991,Buprenorph xr 100 mg or less,E,0.00,0.00,0.00,XXX,33.4009
Q9992,Buprenorphine xr over 100 mg,E,0.00,0.00,0.00,XXX,33.4009
Q9996,Ustekinumab- ttwe sub cu inj,E,0.00,0.00,0.00,XXX,33.4009
Q9997,Ustekinumab-ttwe iv inj 1 mg,E,0.00,0.00,0.00,XXX,33.4009
Q9998,"Inj ustekinumab-aekn, 1 mg",E,0.00,0.00,0.00,XXX,33.4009
Q9999,Inj ustekinumab-aauz 1 mg,E,0.00,0.00,0.00,XXX,33.4009
R0070,Transport portable x-ray,C,0.00,0.00,0.00,XXX,33.4009
R0075,Transport port x-ray multipl,C,0.00,0.00,0.00,XXX,33.4009
R0076,Transport portable ekg,B,0.00,0.00,0.00,XXX,33.4009
S0012,"Butorphanol tartrate, nasal",I,0.00,0.00,0.00,XXX,33.4009
S0014,"Tacrine hydrochloride, 10 mg",I,0.00,0.00,0.00,XXX,33.4009
S0021,"Injection, cefoperazone sod",I,0.00,0.00,0.00,XXX,33.4009
S0023,"Injection, cimetidine hydroc",I,0.00,0.00,0.00,XXX,33.4009
S0034,"Injection, ofloxacin, 400 mg",I,0.00,0.00,0.00,XXX,33.4009
S0040,"Injection, ticarcillin disod",I,0.00,0.00,0.00,XXX,33.4009
S0078,"Injection, fosphenytoin sodi",I,0.00,0.00,0.00,XXX,33.4009
S0081,"Injection, piperacillin sodi",I,0.00,0.00,0.00,XXX,33.4009
S0088,Imatinib 100 mg,I,0.00,0.00,0.00,XXX,33.4009
S0090,"Sildenafil citrate, 25 mg",I,0.00,0.00,0.00,XXX,33.4009
S0091,Granisetron 1mg,I,0.00,0.00,0.00,XXX,33.4009
S0092,Hydromorphone 250 mg,I,0.00,0.00,0.00,XXX,33.4009
S0093,Morphine 500 mg,I,0.00,0.00,0.00,XXX,33.4009
S0104,"Zidovudine, oral, 100 mg",I,0.00,0.00,0.00,XXX,33.4009
S0106,Bupropion hcl sr 60 tablets,I,0.00,0.00,0.00,XXX,33.4009
S0108,Mercaptopurine 50 mg,I,0.00,0.00,0.00,XXX,33.4009
S0109,Methadone oral 5mg,I,0.00,0.00,0.00,XXX,33.4009
S0117,Tretinoin topical 5 g,I,0.00,0.00,0.00,XXX,33.4009
S0119,Ondansetron 4 mg,I,0.00,0.00,0.00,XXX,33.4009
S0122,Inj menotropins 75 iu,I,0.00,0.00,0.00,XXX,33.4009
S0126,Inj follitropin alfa 75 iu,I,0.00,0.00,0.00,XXX,33.4009
S0128,Inj follitropin beta 75 iu,I,0.00,0.00,0.00,XXX,33.4009
S0132,Inj ganirelix acetat 250 mcg,I,0.00,0.00,0.00,XXX,33.4009
S0136,"Clozapine, 25 mg",I,0.00,0.00,0.00,XXX,33.4009
S0137,"Didanosine, 25 mg",I,0.00,0.00,0.00,XXX,33.4009
S0138,"Finasteride, 5 mg",I,0.00,0.00,0.00,XXX,33.4009
S0139,"Minoxidil, 10 mg",I,0.00,0.00,0.00,XXX,33.4009
S0140,"Saquinavir, 200 mg",I,0.00,0.00,0.00,XXX,33.4009
S0142,Colistimethate inh sol mg,I,0.00,0.00,0.00,XXX,33.4009
S0145,Peg interferon alfa-2a/180,I,0.00,0.00,0.00,XXX,33.4009
S0148,Peg interferon alfa-2b/10,I,0.00,0.00,0.00,XXX,33.4009
S0155,Epoprostenol dilutant,I,0.00,0.00,0.00,XXX,33.4009
S0156,"Exemestane, 25 mg",I,0.00,0.00,0.00,XXX,33.4009
S0157,"Becaplermin gel 1%, 0.5 gm",I,0.00,0.00,0.00,XXX,33.4009
S0160,Dextroamphetamine,I,0.00,0.00,0.00,XXX,33.4009
S0169,Calcitrol,I,0.00,0.00,0.00,XXX,33.4009
S0170,Anastrozole 1 mg,I,0.00,0.00,0.00,XXX,33.4009
S0172,Chlorambucil 2 mg,I,0.00,0.00,0.00,XXX,33.4009
S0174,Dolasetron 50 mg,I,0.00,0.00,0.00,XXX,33.4009
S0175,Flutamide 125 mg,I,0.00,0.00,0.00,XXX,33.4009
S0176,Hydroxyurea 500 mg,I,0.00,0.00,0.00,XXX,33.4009
S0177,Levamisole 50 mg,I,0.00,0.00,0.00,XXX,33.4009
S0178,Lomustine 10 mg,I,0.00,0.00,0.00,XXX,33.4009
S0179,Megestrol 20 mg,I,0.00,0.00,0.00,XXX,33.4009
S0182,"Procarbazine, oral",I,0.00,0.00,0.00,XXX,33.4009
S0183,Prochlorperazine 5 mg,I,0.00,0.00,0.00,XXX,33.4009
S0187,Tamoxifen 10 mg,I,0.00,0.00,0.00,XXX,33.4009
S0190,"Mifepristone, oral, 200 mg",I,0.00,0.00,0.00,XXX,33.4009
S0191,"Misoprostol, oral, 200 mcg",I,0.00,0.00,0.00,XXX,33.4009
S0194,Vitamin suppl 100 caps,I,0.00,0.00,0.00,XXX,33.4009
S0197,Prenatal vitamins 30 day,I,0.00,0.00,0.00,XXX,33.4009
S0199,Med abortion inc all ex drug,I,0.00,0.00,0.00,XXX,33.4009
S0201,Partial hospitalization serv,I,0.00,0.00,0.00,XXX,33.4009
S0207,Paramedicintercep nonhospals,I,0.00,0.00,0.00,XXX,33.4009
S0208,Paramed intrcept nonvol,I,0.00,0.00,0.00,XXX,33.4009
S0209,Wc van mileage per mi,I,0.00,0.00,0.00,XXX,33.4009
S0215,Nonemerg transp mileage,I,0.00,0.00,0.00,XXX,33.4009
S0220,Medical conference by physic,I,0.00,0.00,0.00,XXX,33.4009
S0221,"Medical conference, 60 min",I,0.00,0.00,0.00,XXX,33.4009
S0250,Comp geriatr assmt team,I,0.00,0.00,0.00,XXX,33.4009
S0255,Hospice refer visit nonmd,I,0.00,0.00,0.00,XXX,33.4009
S0257,End of life counseling,I,0.00,0.00,0.00,XXX,33.4009
S0260,H&p for surgery,I,0.00,0.00,0.00,XXX,33.4009
S0265,Genetic counsel 15 mins,I,0.00,0.00,0.00,XXX,33.4009
S0270,Home std case rate 30 days,I,0.00,0.00,0.00,XXX,33.4009
S0271,Home hospice case 30 days,I,0.00,0.00,0.00,XXX,33.4009
S0272,Home episodic case 30 days,I,0.00,0.00,0.00,XXX,33.4009
S0273,Md home visit outside cap,I,0.00,0.00,0.00,XXX,33.4009
S0274,Nurse practr visit outs cap,I,0.00,0.00,0.00,XXX,33.4009
S0280,"Medical home, initial plan",I,0.00,0.00,0.00,XXX,33.4009
S0281,"Medical home, maintenance",I,0.00,0.00,0.00,XXX,33.4009
S0285,Cnslt before screen colonosc,I,0.00,0.00,0.00,XXX,33.4009
S0302,Completed epsdt,I,0.00,0.00,0.00,XXX,33.4009
S0310,Hospitalist visit,I,0.00,0.00,0.00,XXX,33.4009
S0311,Comp mgmt care coord adv ill,I,0.00,0.00,0.00,XXX,33.4009
S0315,Disease management program,I,0.00,0.00,0.00,XXX,33.4009
S0316,Follow-up/reassessment,I,0.00,0.00,0.00,XXX,33.4009
S0317,Disease mgmt per diem,I,0.00,0.00,0.00,XXX,33.4009
S0320,Rn telephone calls to dmp,I,0.00,0.00,0.00,XXX,33.4009
S0340,Lifestyle mod 1st stage,I,0.00,0.00,0.00,XXX,33.4009
S0341,Lifestyle mod 2 or 3 stage,I,0.00,0.00,0.00,XXX,33.4009
S0342,Lifestyle mod 4th stage,I,0.00,0.00,0.00,XXX,33.4009
S0353,Cancer treatmentplan initial,I,0.00,0.00,0.00,XXX,33.4009
S0354,Cancer treatment plan change,I,0.00,0.00,0.00,XXX,33.4009
S0390,Rout foot care per visit,I,0.00,0.00,0.00,XXX,33.4009
S0395,Impression casting ft,I,0.00,0.00,0.00,XXX,33.4009
S0400,Global eswl kidney,I,0.00,0.00,0.00,XXX,33.4009
S0500,Dispos cont lens,I,0.00,0.00,0.00,XXX,33.4009
S0504,Singl prscrp lens,I,0.00,0.00,0.00,XXX,33.4009
S0506,Bifoc prscp lens,I,0.00,0.00,0.00,XXX,33.4009
S0508,Trifoc prscrp lens,I,0.00,0.00,0.00,XXX,33.4009
S0510,Non-prscrp lens,I,0.00,0.00,0.00,XXX,33.4009
S0512,Daily cont lens,I,0.00,0.00,0.00,XXX,33.4009
S0514,Color cont lens,I,0.00,0.00,0.00,XXX,33.4009
S0515,Scleral lens liquid bandage,I,0.00,0.00,0.00,XXX,33.4009
S0516,Safety frames,I,0.00,0.00,0.00,XXX,33.4009
S0518,Sunglass frames,I,0.00,0.00,0.00,XXX,33.4009
S0580,Polycarb lens,I,0.00,0.00,0.00,XXX,33.4009
S0581,Nonstnd lens,I,0.00,0.00,0.00,XXX,33.4009
S0590,Misc integral lens serv,I,0.00,0.00,0.00,XXX,33.4009
S0592,Comp cont lens eval,I,0.00,0.00,0.00,XXX,33.4009
S0595,New lenses in pts old frame,I,0.00,0.00,0.00,XXX,33.4009
S0596,Phakic iol refractive error,I,0.00,0.00,0.00,XXX,33.4009
S0601,Screening proctoscopy,I,0.00,0.00,0.00,XXX,33.4009
S0610,Annual gynecological examina,I,0.00,0.00,0.00,XXX,33.4009
S0612,Annual gynecological examina,I,0.00,0.00,0.00,XXX,33.4009
S0613,Ann breast exam,I,0.00,0.00,0.00,XXX,33.4009
S0618,Audiometry for hearing aid,I,0.00,0.00,0.00,XXX,33.4009
S0620,Routine ophthalmological exa,I,0.00,0.00,0.00,XXX,33.4009
S0621,Routine ophthalmological exa,I,0.00,0.00,0.00,XXX,33.4009
S0622,Phys exam for college,I,0.00,0.00,0.00,XXX,33.4009
S0630,Removal of sutures,I,0.00,0.00,0.00,XXX,33.4009
S0800,Laser in situ keratomileusis,I,0.00,0.00,0.00,XXX,33.4009
S0810,Photorefractive keratectomy,I,0.00,0.00,0.00,XXX,33.4009
S0812,Phototherap keratect,I,0.00,0.00,0.00,XXX,33.4009
S1001,Deluxe item,I,0.00,0.00,0.00,XXX,33.4009
S1002,Custom item,I,0.00,0.00,0.00,XXX,33.4009
S1015,Iv tubing extension set,I,0.00,0.00,0.00,XXX,33.4009
S1016,Non-pvc intravenous administ,I,0.00,0.00,0.00,XXX,33.4009
S1030,Gluc monitor purchase,I,0.00,0.00,0.00,XXX,33.4009
S1031,Gluc monitor rental,I,0.00,0.00,0.00,XXX,33.4009
S1034,Art pancreas system,I,0.00,0.00,0.00,XXX,33.4009
S1035,Art pancreas inv disp sensor,I,0.00,0.00,0.00,XXX,33.4009
S1036,Art pancreas ext transmitter,I,0.00,0.00,0.00,XXX,33.4009
S1037,Art pancreas ext receiver,I,0.00,0.00,0.00,XXX,33.4009
S1040,Cranial remolding orthosis,I,0.00,0.00,0.00,XXX,33.4009
S1091,Stent non-coronary propel,I,0.00,0.00,0.00,XXX,33.4009
S2053,Transplantation of small int,I,0.00,0.00,0.00,XXX,33.4009
S2054,Transplantation of multivisc,I,0.00,0.00,0.00,XXX,33.4009
S2055,Harvesting of donor multivis,I,0.00,0.00,0.00,XXX,33.4009
S2060,Lobar lung transplantation,I,0.00,0.00,0.00,XXX,33.4009
S2061,Donor lobectomy (lung),I,0.00,0.00,0.00,XXX,33.4009
S2065,Simult panc kidn trans,I,0.00,0.00,0.00,XXX,33.4009
S2066,Breast gap flap reconst,I,0.00,0.00,0.00,XXX,33.4009
S2067,"Breast ""stacked"" diep/gap",I,0.00,0.00,0.00,XXX,33.4009
S2068,Breast diep or siea flap,I,0.00,0.00,0.00,XXX,33.4009
S2070,Cysto laser tx ureteral calc,I,0.00,0.00,0.00,XXX,33.4009
S2079,Lap esophagomyotomy,I,0.00,0.00,0.00,XXX,33.4009
S2080,Laup,I,0.00,0.00,0.00,XXX,33.4009
S2083,Adjustment gastric band,I,0.00,0.00,0.00,XXX,33.4009
S2095,Transcath emboliz microspher,I,0.00,0.00,0.00,XXX,33.4009
S2102,Islet cell tissue transplant,I,0.00,0.00,0.00,XXX,33.4009
S2103,Adrenal tissue transplant,I,0.00,0.00,0.00,XXX,33.4009
S2107,Adoptive immunotherapy,I,0.00,0.00,0.00,XXX,33.4009
S2112,Knee arthroscp harv,I,0.00,0.00,0.00,XXX,33.4009
S2115,Periacetabular osteotomy,I,0.00,0.00,0.00,XXX,33.4009
S2117,"Arthroereisis, subtalar",I,0.00,0.00,0.00,XXX,33.4009
S2118,Total hip resurfacing,I,0.00,0.00,0.00,XXX,33.4009
S2120,Low density lipoprotein(ldl),I,0.00,0.00,0.00,XXX,33.4009
S2140,Cord blood harvesting,I,0.00,0.00,0.00,XXX,33.4009
S2142,Cord blood-derived stem-cell,I,0.00,0.00,0.00,XXX,33.4009
S2150,Bmt harv/transpl 28d pkg,I,0.00,0.00,0.00,XXX,33.4009
S2152,Solid organ transpl pkg,I,0.00,0.00,0.00,XXX,33.4009
S2202,Echosclerotherapy,I,0.00,0.00,0.00,XXX,33.4009
S2205,Minimally invasive direct co,I,0.00,0.00,0.00,XXX,33.4009
S2206,Minimally invasive direct co,I,0.00,0.00,0.00,XXX,33.4009
S2207,Minimally invasive direct co,I,0.00,0.00,0.00,XXX,33.4009
S2208,Minimally invasive direct co,I,0.00,0.00,0.00,XXX,33.4009
S2209,Minimally invasive direct co,I,0.00,0.00,0.00,XXX,33.4009
S2225,Myringotomy laser-assist,I,0.00,0.00,0.00,XXX,33.4009
S2230,Implant semi-imp hear,I,0.00,0.00,0.00,XXX,33.4009
S2235,Implant auditory brain imp,I,0.00,0.00,0.00,XXX,33.4009
S2260,Induced abortion 17-24 weeks,I,0.00,0.00,0.00,XXX,33.4009
S2265,Induced abortion 25-28 wks,I,0.00,0.00,0.00,XXX,33.4009
S2266,Induced abortion 29-31 wks,I,0.00,0.00,0.00,XXX,33.4009
S2267,Induced abortion 32 or more,I,0.00,0.00,0.00,XXX,33.4009
S2300,"Arthroscopy, shoulder, surgi",I,0.00,0.00,0.00,XXX,33.4009
S2325,Hip core decompression,I,0.00,0.00,0.00,XXX,33.4009
S2340,Chemodenervation of abductor,I,0.00,0.00,0.00,XXX,33.4009
S2341,Chemodenerv adduct vocal,I,0.00,0.00,0.00,XXX,33.4009
S2342,Nasal endoscop po debrid,I,0.00,0.00,0.00,XXX,33.4009
S2348,Decompress disc rf lumbar,I,0.00,0.00,0.00,XXX,33.4009
S2350,"Diskectomy, anterior, with d",I,0.00,0.00,0.00,XXX,33.4009
S2351,"Diskectomy, anterior, with d",I,0.00,0.00,0.00,XXX,33.4009
S2400,Fetal surg congen hernia,I,0.00,0.00,0.00,XXX,33.4009
S2401,Fetal surg urin trac obstr,I,0.00,0.00,0.00,XXX,33.4009
S2402,Fetal surg cong cyst malf,I,0.00,0.00,0.00,XXX,33.4009
S2403,Fetal surg pulmon sequest,I,0.00,0.00,0.00,XXX,33.4009
S2404,Fetal surg myelomeningo,I,0.00,0.00,0.00,XXX,33.4009
S2405,Fetal surg sacrococ teratoma,I,0.00,0.00,0.00,XXX,33.4009
S2409,Fetal surg noc,I,0.00,0.00,0.00,XXX,33.4009
S2411,Fetoscop laser ther ttts,I,0.00,0.00,0.00,XXX,33.4009
S2900,Robotic surgical system,I,0.00,0.00,0.00,XXX,33.4009
S3000,Bilat dil retinal exam,I,0.00,0.00,0.00,XXX,33.4009
S3005,Eval self-assess depression,I,0.00,0.00,0.00,XXX,33.4009
S3600,Stat lab,I,0.00,0.00,0.00,XXX,33.4009
S3601,Stat lab home/nf,I,0.00,0.00,0.00,XXX,33.4009
S3620,Newborn metabolic screening,I,0.00,0.00,0.00,XXX,33.4009
S3630,Eosinophil blood count,I,0.00,0.00,0.00,XXX,33.4009
S3645,Hiv-1 antibody testing of or,I,0.00,0.00,0.00,XXX,33.4009
S3650,"Saliva test, hormone level;",I,0.00,0.00,0.00,XXX,33.4009
S3652,"Saliva test, hormone level;",I,0.00,0.00,0.00,XXX,33.4009
S3655,Antisperm antibodies test,I,0.00,0.00,0.00,XXX,33.4009
S3708,Gastrointestinal fat absorpt,I,0.00,0.00,0.00,XXX,33.4009
S3722,Dose optimization auc - 5fu,I,0.00,0.00,0.00,XXX,33.4009
S3800,Genetic testing als,I,0.00,0.00,0.00,XXX,33.4009
S3840,Dna analysis ret-oncogene,I,0.00,0.00,0.00,XXX,33.4009
S3841,Gene test retinoblastoma,I,0.00,0.00,0.00,XXX,33.4009
S3842,Gene test hippel-lindau,I,0.00,0.00,0.00,XXX,33.4009
S3844,Dna analysis deafness,I,0.00,0.00,0.00,XXX,33.4009
S3845,Gene test alpha-thalassemia,I,0.00,0.00,0.00,XXX,33.4009
S3846,Gene test beta-thalassemia,I,0.00,0.00,0.00,XXX,33.4009
S3849,Gene test niemann-pick,I,0.00,0.00,0.00,XXX,33.4009
S3850,Gene test sickle cell,I,0.00,0.00,0.00,XXX,33.4009
S3852,Dna analysis apoe alzheimer,I,0.00,0.00,0.00,XXX,33.4009
S3853,Gene test myo musclr dyst,I,0.00,0.00,0.00,XXX,33.4009
S3854,Gene profile panel breast,I,0.00,0.00,0.00,XXX,33.4009
S3861,Genetic test brugada,I,0.00,0.00,0.00,XXX,33.4009
S3865,Comp genet test hyp cardiomy,I,0.00,0.00,0.00,XXX,33.4009
S3866,Spec gene test hyp cardiomy,I,0.00,0.00,0.00,XXX,33.4009
S3870,Cgh test developmental delay,I,0.00,0.00,0.00,XXX,33.4009
S3900,Surface emg,I,0.00,0.00,0.00,XXX,33.4009
S3902,Ballistocardiogram,I,0.00,0.00,0.00,XXX,33.4009
S3904,Masters two step,I,0.00,0.00,0.00,XXX,33.4009
S4005,Interim labor facility globa,I,0.00,0.00,0.00,XXX,33.4009
S4011,Ivf package,I,0.00,0.00,0.00,XXX,33.4009
S4013,Compl gift case rate,I,0.00,0.00,0.00,XXX,33.4009
S4014,Compl zift case rate,I,0.00,0.00,0.00,XXX,33.4009
S4015,Complete ivf nos case rate,I,0.00,0.00,0.00,XXX,33.4009
S4016,Frozen ivf case rate,I,0.00,0.00,0.00,XXX,33.4009
S4017,Ivf canc a stim case rate,I,0.00,0.00,0.00,XXX,33.4009
S4018,F emb trns canc case rate,I,0.00,0.00,0.00,XXX,33.4009
S4020,Ivf canc b4 aspir case rate,I,0.00,0.00,0.00,XXX,33.4009
S4021,Ivf canc aftr aspr case rate,I,0.00,0.00,0.00,XXX,33.4009
S4022,Asst oocyte fert case rate,I,0.00,0.00,0.00,XXX,33.4009
S4023,Incompl donor egg case rate,I,0.00,0.00,0.00,XXX,33.4009
S4024,Air polymer foam per study,I,0.00,0.00,0.00,XXX,33.4009
S4025,Donor serv ivf case rate,I,0.00,0.00,0.00,XXX,33.4009
S4026,Procure donor sperm,I,0.00,0.00,0.00,XXX,33.4009
S4027,Store prev froz embryos,I,0.00,0.00,0.00,XXX,33.4009
S4028,Microsurg epi sperm asp,I,0.00,0.00,0.00,XXX,33.4009
S4030,Sperm procure init visit,I,0.00,0.00,0.00,XXX,33.4009
S4031,Sperm procure subs visit,I,0.00,0.00,0.00,XXX,33.4009
S4035,Stimulated iui case rate,I,0.00,0.00,0.00,XXX,33.4009
S4037,Cryo embryo transf case rate,I,0.00,0.00,0.00,XXX,33.4009
S4040,Monit store cryo embryo 30 d,I,0.00,0.00,0.00,XXX,33.4009
S4042,Ovulation mgmt per cycle,I,0.00,0.00,0.00,XXX,33.4009
S4981,Insert levonorgestrel ius,I,0.00,0.00,0.00,XXX,33.4009
S4989,Contracept iud,I,0.00,0.00,0.00,XXX,33.4009
S4990,Nicotine patch legend,I,0.00,0.00,0.00,XXX,33.4009
S4991,Nicotine patch nonlegend,I,0.00,0.00,0.00,XXX,33.4009
S4993,Contraceptive pills for bc,I,0.00,0.00,0.00,XXX,33.4009
S4995,Smoking cessation gum,I,0.00,0.00,0.00,XXX,33.4009
S5000,"Prescription drug, generic",I,0.00,0.00,0.00,XXX,33.4009
S5001,"Prescription drug,brand name",I,0.00,0.00,0.00,XXX,33.4009
S5010,5% dextrose and 0.45% saline,I,0.00,0.00,0.00,XXX,33.4009
S5012,5% dextrose with potassium,I,0.00,0.00,0.00,XXX,33.4009
S5013,5%dextrose/0.45%saline1000ml,I,0.00,0.00,0.00,XXX,33.4009
S5014,D5w/0.45ns w kcl and mgs04,I,0.00,0.00,0.00,XXX,33.4009
S5035,Hit routine device maint,I,0.00,0.00,0.00,XXX,33.4009
S5036,Hit device repair,I,0.00,0.00,0.00,XXX,33.4009
S5100,Adult daycare services 15min,I,0.00,0.00,0.00,XXX,33.4009
S5101,Adult day care per half day,I,0.00,0.00,0.00,XXX,33.4009
S5102,Adult day care per diem,I,0.00,0.00,0.00,XXX,33.4009
S5105,Centerbased day care perdiem,I,0.00,0.00,0.00,XXX,33.4009
S5108,Homecare train pt 15 min,I,0.00,0.00,0.00,XXX,33.4009
S5109,Homecare train pt session,I,0.00,0.00,0.00,XXX,33.4009
S5110,Family homecare training 15m,I,0.00,0.00,0.00,XXX,33.4009
S5111,Family homecare train/sessio,I,0.00,0.00,0.00,XXX,33.4009
S5115,Nonfamily homecare train/15m,I,0.00,0.00,0.00,XXX,33.4009
S5116,Nonfamily hc train/session,I,0.00,0.00,0.00,XXX,33.4009
S5120,Chore services per 15 min,I,0.00,0.00,0.00,XXX,33.4009
S5121,Chore services per diem,I,0.00,0.00,0.00,XXX,33.4009
S5125,Attendant care service /15m,I,0.00,0.00,0.00,XXX,33.4009
S5126,Attendant care service /diem,I,0.00,0.00,0.00,XXX,33.4009
S5130,Homaker service nos per 15m,I,0.00,0.00,0.00,XXX,33.4009
S5131,Homemaker service nos /diem,I,0.00,0.00,0.00,XXX,33.4009
S5135,Adult companioncare per 15m,I,0.00,0.00,0.00,XXX,33.4009
S5136,Adult companioncare per diem,I,0.00,0.00,0.00,XXX,33.4009
S5140,Adult foster care per diem,I,0.00,0.00,0.00,XXX,33.4009
S5141,Adult foster care per month,I,0.00,0.00,0.00,XXX,33.4009
S5145,Child fostercare th per diem,I,0.00,0.00,0.00,XXX,33.4009
S5146,Ther fostercare child /month,I,0.00,0.00,0.00,XXX,33.4009
S5150,Unskilled respite care /15m,I,0.00,0.00,0.00,XXX,33.4009
S5151,Unskilled respitecare /diem,I,0.00,0.00,0.00,XXX,33.4009
S5160,Emer response sys instal&tst,I,0.00,0.00,0.00,XXX,33.4009
S5161,Emer rspns sys serv permonth,I,0.00,0.00,0.00,XXX,33.4009
S5162,Emer rspns system purchase,I,0.00,0.00,0.00,XXX,33.4009
S5165,Home modifications per serv,I,0.00,0.00,0.00,XXX,33.4009
S5170,Homedelivered prepared meal,I,0.00,0.00,0.00,XXX,33.4009
S5175,"Laundry serv,ext,prof,/order",I,0.00,0.00,0.00,XXX,33.4009
S5180,Hh respiratory thrpy in eval,I,0.00,0.00,0.00,XXX,33.4009
S5181,Hh respiratory thrpy nos/day,I,0.00,0.00,0.00,XXX,33.4009
S5185,Med reminder serv per month,I,0.00,0.00,0.00,XXX,33.4009
S5190,Wellness assessment by nonph,I,0.00,0.00,0.00,XXX,33.4009
S5199,Personal care item nos each,I,0.00,0.00,0.00,XXX,33.4009
S5497,Hit cath care noc,I,0.00,0.00,0.00,XXX,33.4009
S5498,Hit simple cath care,I,0.00,0.00,0.00,XXX,33.4009
S5501,Hit complex cath care,I,0.00,0.00,0.00,XXX,33.4009
S5502,Hit interim cath care,I,0.00,0.00,0.00,XXX,33.4009
S5517,Hit declotting kit,I,0.00,0.00,0.00,XXX,33.4009
S5518,Hit cath repair kit,I,0.00,0.00,0.00,XXX,33.4009
S5520,Hit picc insert kit,I,0.00,0.00,0.00,XXX,33.4009
S5521,Hit midline cath insert kit,I,0.00,0.00,0.00,XXX,33.4009
S5522,Hit picc insert no supp,I,0.00,0.00,0.00,XXX,33.4009
S5523,Hip midline cath insert kit,I,0.00,0.00,0.00,XXX,33.4009
S5550,Insulin rapid 5 u,I,0.00,0.00,0.00,XXX,33.4009
S5551,Insulin most rapid 5 u,I,0.00,0.00,0.00,XXX,33.4009
S5552,Insulin intermed 5 u,I,0.00,0.00,0.00,XXX,33.4009
S5553,Insulin long acting 5 u,I,0.00,0.00,0.00,XXX,33.4009
S5560,Insulin reuse pen 1.5 ml,I,0.00,0.00,0.00,XXX,33.4009
S5561,Insulin reuse pen 3 ml,I,0.00,0.00,0.00,XXX,33.4009
S5565,Insulin cartridge 150 u,I,0.00,0.00,0.00,XXX,33.4009
S5566,Insulin cartridge 300 u,I,0.00,0.00,0.00,XXX,33.4009
S5570,Insulin dispos pen 1.5 ml,I,0.00,0.00,0.00,XXX,33.4009
S5571,Insulin dispos pen 3 ml,I,0.00,0.00,0.00,XXX,33.4009
S8030,Tantalum ring application,I,0.00,0.00,0.00,XXX,33.4009
S8035,Magnetic source imaging,I,0.00,0.00,0.00,XXX,33.4009
S8037,Mrcp,I,0.00,0.00,0.00,XXX,33.4009
S8040,Topographic brain mapping,I,0.00,0.00,0.00,XXX,33.4009
S8042,Mri low field,I,0.00,0.00,0.00,XXX,33.4009
S8055,Us guidance fetal reduct,I,0.00,0.00,0.00,XXX,33.4009
S8080,Scintimammography,I,0.00,0.00,0.00,XXX,33.4009
S8085,Fluorine-18 fluorodeoxygluco,I,0.00,0.00,0.00,XXX,33.4009
S8092,Electron beam computed tomog,I,0.00,0.00,0.00,XXX,33.4009
S8096,Portable peak flow meter,I,0.00,0.00,0.00,XXX,33.4009
S8097,Asthma kit,I,0.00,0.00,0.00,XXX,33.4009
S8100,Spacer without mask,I,0.00,0.00,0.00,XXX,33.4009
S8101,Spacer with mask,I,0.00,0.00,0.00,XXX,33.4009
S8110,Peak expiratory flow rate (p,I,0.00,0.00,0.00,XXX,33.4009
S8120,O2 contents gas cubic ft,I,0.00,0.00,0.00,XXX,33.4009
S8121,O2 contents liquid lb,I,0.00,0.00,0.00,XXX,33.4009
S8130,Interferential stim 2 chan,I,0.00,0.00,0.00,XXX,33.4009
S8131,Interferential stim 4 chan,I,0.00,0.00,0.00,XXX,33.4009
S8185,Flutter device,I,0.00,0.00,0.00,XXX,33.4009
S8186,Swivel adaptor,I,0.00,0.00,0.00,XXX,33.4009
S8189,Trach supply noc,I,0.00,0.00,0.00,XXX,33.4009
S8210,Mucus trap,I,0.00,0.00,0.00,XXX,33.4009
S8265,Haberman feeder,I,0.00,0.00,0.00,XXX,33.4009
S8270,Enuresis alarm,I,0.00,0.00,0.00,XXX,33.4009
S8301,Infect control supplies nos,I,0.00,0.00,0.00,XXX,33.4009
S8415,Supplies for home delivery,I,0.00,0.00,0.00,XXX,33.4009
S8420,Custom gradient sleev/glov,I,0.00,0.00,0.00,XXX,33.4009
S8421,Ready gradient sleev/glov,I,0.00,0.00,0.00,XXX,33.4009
S8422,Custom grad sleeve med,I,0.00,0.00,0.00,XXX,33.4009
S8423,Custom grad sleeve heavy,I,0.00,0.00,0.00,XXX,33.4009
S8424,Ready gradient sleeve,I,0.00,0.00,0.00,XXX,33.4009
S8425,Custom grad glove med,I,0.00,0.00,0.00,XXX,33.4009
S8426,Custom grad glove heavy,I,0.00,0.00,0.00,XXX,33.4009
S8427,Ready gradient glove,I,0.00,0.00,0.00,XXX,33.4009
S8428,Ready gradient gauntlet,I,0.00,0.00,0.00,XXX,33.4009
S8429,Gradient pressure wrap,I,0.00,0.00,0.00,XXX,33.4009
S8430,Padding for comprssn bdg,I,0.00,0.00,0.00,XXX,33.4009
S8431,Compression bandage,I,0.00,0.00,0.00,XXX,33.4009
S8450,Splint digit,I,0.00,0.00,0.00,XXX,33.4009
S8451,Splint wrist or ankle,I,0.00,0.00,0.00,XXX,33.4009
S8452,Splint elbow,I,0.00,0.00,0.00,XXX,33.4009
S8460,Camisole post-mast,I,0.00,0.00,0.00,XXX,33.4009
S8490,100 insulin syringes,I,0.00,0.00,0.00,XXX,33.4009
S8930,Auricular electrostimulation,I,0.00,0.00,0.00,XXX,33.4009
S8940,Hippotherapy per session,I,0.00,0.00,0.00,XXX,33.4009
S8948,Low-level laser trmt 15 min,I,0.00,0.00,0.00,XXX,33.4009
S8950,"Complex lymphedema therapy,",I,0.00,0.00,0.00,XXX,33.4009
S8990,Pt or manip for maint,I,0.00,0.00,0.00,XXX,33.4009
S8999,Resuscitation bag,I,0.00,0.00,0.00,XXX,33.4009
S9001,Home uterine monitor with or,I,0.00,0.00,0.00,XXX,33.4009
S9002,Intra-vag motion sens biofk,I,0.00,0.00,0.00,XXX,33.4009
S9007,Ultrafiltration monitor,I,0.00,0.00,0.00,XXX,33.4009
S9024,Paranasal sinus ultrasound,I,0.00,0.00,0.00,XXX,33.4009
S9025,Omnicardiogram/cardiointegra,I,0.00,0.00,0.00,XXX,33.4009
S9034,Eswl for gallstones,I,0.00,0.00,0.00,XXX,33.4009
S9055,Procuren or other growth fac,I,0.00,0.00,0.00,XXX,33.4009
S9056,Coma stimulation per diem,I,0.00,0.00,0.00,XXX,33.4009
S9061,Medical supplies and equipme,I,0.00,0.00,0.00,XXX,33.4009
S9083,Urgent care center global,I,0.00,0.00,0.00,XXX,33.4009
S9088,Services provided in urgent,I,0.00,0.00,0.00,XXX,33.4009
S9090,Vertebral axial decompressio,I,0.00,0.00,0.00,XXX,33.4009
S9097,Home visit wound care,I,0.00,0.00,0.00,XXX,33.4009
S9098,Home phototherapy visit,I,0.00,0.00,0.00,XXX,33.4009
S9110,Telemonitoring/home per mnth,I,0.00,0.00,0.00,XXX,33.4009
S9117,Back school visit,I,0.00,0.00,0.00,XXX,33.4009
S9122,Home health aide or certifie,I,0.00,0.00,0.00,XXX,33.4009
S9123,Nursing care in home rn,I,0.00,0.00,0.00,XXX,33.4009
S9124,"Nursing care, in the home; b",I,0.00,0.00,0.00,XXX,33.4009
S9125,"Respite care, in the home, p",I,0.00,0.00,0.00,XXX,33.4009
S9126,"Hospice care, in the home, p",I,0.00,0.00,0.00,XXX,33.4009
S9127,"Social work visit, in the ho",I,0.00,0.00,0.00,XXX,33.4009
S9128,"Speech therapy, in the home,",I,0.00,0.00,0.00,XXX,33.4009
S9129,"Occupational therapy, in the",I,0.00,0.00,0.00,XXX,33.4009
S9131,Pt in the home per diem,I,0.00,0.00,0.00,XXX,33.4009
S9140,"Diabetic management program,",I,0.00,0.00,0.00,XXX,33.4009
S9141,"Diabetic management program,",I,0.00,0.00,0.00,XXX,33.4009
S9145,Insulin pump initiation,I,0.00,0.00,0.00,XXX,33.4009
S9150,Evaluation by ocularist,I,0.00,0.00,0.00,XXX,33.4009
S9152,"Speech therapy, re-eval",I,0.00,0.00,0.00,XXX,33.4009
S9208,Home mgmt preterm labor,I,0.00,0.00,0.00,XXX,33.4009
S9209,Home mgmt pprom,I,0.00,0.00,0.00,XXX,33.4009
S9211,Home mgmt gest hypertension,I,0.00,0.00,0.00,XXX,33.4009
S9212,Hm postpar hyper per diem,I,0.00,0.00,0.00,XXX,33.4009
S9213,Hm preeclamp per diem,I,0.00,0.00,0.00,XXX,33.4009
S9214,Hm gest dm per diem,I,0.00,0.00,0.00,XXX,33.4009
S9325,Hit pain mgmt per diem,I,0.00,0.00,0.00,XXX,33.4009
S9326,Hit cont pain per diem,I,0.00,0.00,0.00,XXX,33.4009
S9327,Hit int pain per diem,I,0.00,0.00,0.00,XXX,33.4009
S9328,Hit pain imp pump diem,I,0.00,0.00,0.00,XXX,33.4009
S9329,Hit chemo per diem,I,0.00,0.00,0.00,XXX,33.4009
S9330,Hit cont chem diem,I,0.00,0.00,0.00,XXX,33.4009
S9331,Hit intermit chemo diem,I,0.00,0.00,0.00,XXX,33.4009
S9335,Ht hemodialysis diem,I,0.00,0.00,0.00,XXX,33.4009
S9336,Hit cont anticoag diem,I,0.00,0.00,0.00,XXX,33.4009
S9338,Hit immunotherapy diem,I,0.00,0.00,0.00,XXX,33.4009
S9339,Hit periton dialysis diem,I,0.00,0.00,0.00,XXX,33.4009
S9340,Hit enteral per diem,I,0.00,0.00,0.00,XXX,33.4009
S9341,Hit enteral grav diem,I,0.00,0.00,0.00,XXX,33.4009
S9342,Hit enteral pump diem,I,0.00,0.00,0.00,XXX,33.4009
S9343,Hit enteral bolus nurs,I,0.00,0.00,0.00,XXX,33.4009
S9345,Hit anti-hemophil diem,I,0.00,0.00,0.00,XXX,33.4009
S9346,Hit alpha-1-proteinas diem,I,0.00,0.00,0.00,XXX,33.4009
S9347,Hit longterm infusion diem,I,0.00,0.00,0.00,XXX,33.4009
S9348,Hit sympathomim diem,I,0.00,0.00,0.00,XXX,33.4009
S9349,Hit tocolysis diem,I,0.00,0.00,0.00,XXX,33.4009
S9351,Hit cont antiemetic diem,I,0.00,0.00,0.00,XXX,33.4009
S9353,Hit cont insulin diem,I,0.00,0.00,0.00,XXX,33.4009
S9355,Hit chelation diem,I,0.00,0.00,0.00,XXX,33.4009
S9357,Hit enzyme replace diem,I,0.00,0.00,0.00,XXX,33.4009
S9359,Hit anti-tnf per diem,I,0.00,0.00,0.00,XXX,33.4009
S9361,Hit diuretic infus diem,I,0.00,0.00,0.00,XXX,33.4009
S9363,Hit anti-spasmotic diem,I,0.00,0.00,0.00,XXX,33.4009
S9364,Hit tpn total diem,I,0.00,0.00,0.00,XXX,33.4009
S9365,Hit tpn 1 liter diem,I,0.00,0.00,0.00,XXX,33.4009
S9366,Hit tpn 2 liter diem,I,0.00,0.00,0.00,XXX,33.4009
S9367,Hit tpn 3 liter diem,I,0.00,0.00,0.00,XXX,33.4009
S9368,Hit tpn over 3l diem,I,0.00,0.00,0.00,XXX,33.4009
S9370,Ht inj antiemetic diem,I,0.00,0.00,0.00,XXX,33.4009
S9372,Ht inj anticoag diem,I,0.00,0.00,0.00,XXX,33.4009
S9373,Hit hydra total diem,I,0.00,0.00,0.00,XXX,33.4009
S9374,Hit hydra 1 liter diem,I,0.00,0.00,0.00,XXX,33.4009
S9375,Hit hydra 2 liter diem,I,0.00,0.00,0.00,XXX,33.4009
S9376,Hit hydra 3 liter diem,I,0.00,0.00,0.00,XXX,33.4009
S9377,Hit hydra over 3l diem,I,0.00,0.00,0.00,XXX,33.4009
S9379,Hit noc per diem,I,0.00,0.00,0.00,XXX,33.4009
S9381,Hit high risk/escort,I,0.00,0.00,0.00,XXX,33.4009
S9401,Anticoag clinic per session,I,0.00,0.00,0.00,XXX,33.4009
S9430,Pharmacy comp/disp serv,I,0.00,0.00,0.00,XXX,33.4009
S9432,Med food non inborn err meta,I,0.00,0.00,0.00,XXX,33.4009
S9433,Medical food oral 100% nutr,I,0.00,0.00,0.00,XXX,33.4009
S9434,Mod solid food suppl,I,0.00,0.00,0.00,XXX,33.4009
S9435,Medical foods for inborn err,I,0.00,0.00,0.00,XXX,33.4009
S9436,Lamaze class,I,0.00,0.00,0.00,XXX,33.4009
S9437,Childbirth refresher class,I,0.00,0.00,0.00,XXX,33.4009
S9438,Cesarean birth class,I,0.00,0.00,0.00,XXX,33.4009
S9439,Vbac class,I,0.00,0.00,0.00,XXX,33.4009
S9441,Asthma education,I,0.00,0.00,0.00,XXX,33.4009
S9442,Birthing class,I,0.00,0.00,0.00,XXX,33.4009
S9443,Lactation class,I,0.00,0.00,0.00,XXX,33.4009
S9444,Parenting class,I,0.00,0.00,0.00,XXX,33.4009
S9445,Pt education noc individ,I,0.00,0.00,0.00,XXX,33.4009
S9446,Pt education noc group,I,0.00,0.00,0.00,XXX,33.4009
S9447,Infant safety class,I,0.00,0.00,0.00,XXX,33.4009
S9449,Weight mgmt class,I,0.00,0.00,0.00,XXX,33.4009
S9451,Exercise class,I,0.00,0.00,0.00,XXX,33.4009
S9452,Nutrition class,I,0.00,0.00,0.00,XXX,33.4009
S9453,Smoking cessation class,I,0.00,0.00,0.00,XXX,33.4009
S9454,Stress mgmt class,I,0.00,0.00,0.00,XXX,33.4009
S9455,"Diabetic management program,",I,0.00,0.00,0.00,XXX,33.4009
S9460,"Diabetic management program,",I,0.00,0.00,0.00,XXX,33.4009
S9465,"Diabetic management program,",I,0.00,0.00,0.00,XXX,33.4009
S9470,"Nutritional counseling, diet",I,0.00,0.00,0.00,XXX,33.4009
S9472,Cardiac rehabilitation progr,I,0.00,0.00,0.00,XXX,33.4009
S9473,Pulmonary rehabilitation pro,I,0.00,0.00,0.00,XXX,33.4009
S9474,Enterostomal therapy by a re,I,0.00,0.00,0.00,XXX,33.4009
S9475,Ambulatory setting substance,I,0.00,0.00,0.00,XXX,33.4009
S9476,Vestibular rehab per diem,I,0.00,0.00,0.00,XXX,33.4009
S9480,Intensive outpatient psychia,I,0.00,0.00,0.00,XXX,33.4009
S9482,Family stabilization 15 min,I,0.00,0.00,0.00,XXX,33.4009
S9484,Crisis intervention per hour,I,0.00,0.00,0.00,XXX,33.4009
S9485,Crisis intervention mental h,I,0.00,0.00,0.00,XXX,33.4009
S9490,Hit corticosteroid/diem,I,0.00,0.00,0.00,XXX,33.4009
S9494,Hit antibiotic total diem,I,0.00,0.00,0.00,XXX,33.4009
S9497,Hit antibiotic q3h diem,I,0.00,0.00,0.00,XXX,33.4009
S9500,Hit antibiotic q24h diem,I,0.00,0.00,0.00,XXX,33.4009
S9501,Hit antibiotic q12h diem,I,0.00,0.00,0.00,XXX,33.4009
S9502,Hit antibiotic q8h diem,I,0.00,0.00,0.00,XXX,33.4009
S9503,Hit antibiotic q6h diem,I,0.00,0.00,0.00,XXX,33.4009
S9504,Hit antibiotic q4h diem,I,0.00,0.00,0.00,XXX,33.4009
S9529,Venipuncture home/snf,I,0.00,0.00,0.00,XXX,33.4009
S9537,Ht hem horm inj diem,I,0.00,0.00,0.00,XXX,33.4009
S9538,Hit blood products diem,I,0.00,0.00,0.00,XXX,33.4009
S9542,Ht inj noc per diem,I,0.00,0.00,0.00,XXX,33.4009
S9558,Ht inj growth horm diem,I,0.00,0.00,0.00,XXX,33.4009
S9559,Hit inj interferon diem,I,0.00,0.00,0.00,XXX,33.4009
S9560,Ht inj hormone diem,I,0.00,0.00,0.00,XXX,33.4009
S9562,Ht inj palivizumab/ab diem,I,0.00,0.00,0.00,XXX,33.4009
S9563,Ht inj immuno diem,I,0.00,0.00,0.00,XXX,33.4009
S9590,Ht irrigation diem,I,0.00,0.00,0.00,XXX,33.4009
S9810,Ht pharm per hour,I,0.00,0.00,0.00,XXX,33.4009
S9900,Christian sci pract visit,I,0.00,0.00,0.00,XXX,33.4009
S9901,Christian sci nurse visit,I,0.00,0.00,0.00,XXX,33.4009
S9960,Air ambulanc nonemerg fixed,I,0.00,0.00,0.00,XXX,33.4009
S9961,Air ambulan nonemerg rotary,I,0.00,0.00,0.00,XXX,33.4009
S9970,Health club membership yr,I,0.00,0.00,0.00,XXX,33.4009
S9975,Transplant related per diem,I,0.00,0.00,0.00,XXX,33.4009
S9976,Lodging per diem,I,0.00,0.00,0.00,XXX,33.4009
S9977,Meals per diem,I,0.00,0.00,0.00,XXX,33.4009
S9981,Med record copy admin,I,0.00,0.00,0.00,XXX,33.4009
S9982,Med record copy per page,I,0.00,0.00,0.00,XXX,33.4009
S9986,Not medically necessary svc,I,0.00,0.00,0.00,XXX,33.4009
S9988,Serv part of phase i trial,I,0.00,0.00,0.00,XXX,33.4009
S9989,Services outside us,I,0.00,0.00,0.00,XXX,33.4009
S9990,Services provided as part of,I,0.00,0.00,0.00,XXX,33.4009
S9991,Services provided as part of,I,0.00,0.00,0.00,XXX,33.4009
S9992,Transportation costs to and,I,0.00,0.00,0.00,XXX,33.4009
S9994,Lodging costs (e.g. hotel ch,I,0.00,0.00,0.00,XXX,33.4009
S9996,Meals for clinical trial par,I,0.00,0.00,0.00,XXX,33.4009
S9999,Sales tax,I,0.00,0.00,0.00,XXX,33.4009
T1000,Private duty/independent nsg,I,0.00,0.00,0.00,XXX,33.4009
T1001,Nursing assessment/evaluatn,I,0.00,0.00,0.00,XXX,33.4009
T1002,Rn services up to 15 minutes,I,0.00,0.00,0.00,XXX,33.4009
T1003,Lpn/lvn services up to 15min,I,0.00,0.00,0.00,XXX,33.4009
T1004,Nsg aide service up to 15min,I,0.00,0.00,0.00,XXX,33.4009
T1005,Respite care service 15 min,I,0.00,0.00,0.00,XXX,33.4009
T1006,Family/couple counseling,I,0.00,0.00,0.00,XXX,33.4009
T1007,Treatment plan development,I,0.00,0.00,0.00,XXX,33.4009
T1009,Child sitting services,I,0.00,0.00,0.00,XXX,33.4009
T1010,Meals when receive services,I,0.00,0.00,0.00,XXX,33.4009
T1012,Alcohol/substance abuse skil,I,0.00,0.00,0.00,XXX,33.4009
T1013,Sign lang/oral interpreter,I,0.00,0.00,0.00,XXX,33.4009
T1014,"Telehealth transmit, per min",I,0.00,0.00,0.00,XXX,33.4009
T1015,Clinic service,I,0.00,0.00,0.00,XXX,33.4009
T1016,Case management,I,0.00,0.00,0.00,XXX,33.4009
T1017,Targeted case management,I,0.00,0.00,0.00,XXX,33.4009
T1018,School-based iep ser bundled,I,0.00,0.00,0.00,XXX,33.4009
T1019,Personal care ser per 15 min,I,0.00,0.00,0.00,XXX,33.4009
T1020,Personal care ser per diem,I,0.00,0.00,0.00,XXX,33.4009
T1021,Hh aide or cn aide per visit,I,0.00,0.00,0.00,XXX,33.4009
T1022,Contracted services per day,I,0.00,0.00,0.00,XXX,33.4009
T1023,Program intake assessment,I,0.00,0.00,0.00,XXX,33.4009
T1024,Team evaluation & management,I,0.00,0.00,0.00,XXX,33.4009
T1025,"Ped compr care pkg, per diem",I,0.00,0.00,0.00,XXX,33.4009
T1026,"Ped compr care pkg, per hour",I,0.00,0.00,0.00,XXX,33.4009
T1027,Family training & counseling,I,0.00,0.00,0.00,XXX,33.4009
T1028,Home environment assessment,I,0.00,0.00,0.00,XXX,33.4009
T1029,Dwelling lead investigation,I,0.00,0.00,0.00,XXX,33.4009
T1030,Rn home care per diem,I,0.00,0.00,0.00,XXX,33.4009
T1031,Lpn home care per diem,I,0.00,0.00,0.00,XXX,33.4009
T1032,Sv doula brth wrk per 15 min,I,0.00,0.00,0.00,XXX,33.4009
T1033,Sv doula brth wrk per diem,I,0.00,0.00,0.00,XXX,33.4009
T1040,Comm bh clinic svc per diem,N,0.00,0.00,0.00,XXX,33.4009
T1041,Comm bh clinic svc per month,N,0.00,0.00,0.00,XXX,33.4009
T1502,Medication admin visit,I,0.00,0.00,0.00,XXX,33.4009
T1503,"Med admin, not oral/inject",I,0.00,0.00,0.00,XXX,33.4009
T1505,"Elec med comp dev, noc",I,0.00,0.00,0.00,XXX,33.4009
T1999,Noc retail items andsupplies,I,0.00,0.00,0.00,XXX,33.4009
T2001,N-et; patient attend/escort,I,0.00,0.00,0.00,XXX,33.4009
T2002,N-et; per diem,I,0.00,0.00,0.00,XXX,33.4009
T2003,N-et; encounter/trip,I,0.00,0.00,0.00,XXX,33.4009
T2004,N-et; commerc carrier pass,I,0.00,0.00,0.00,XXX,33.4009
T2005,N-et; stretcher van,I,0.00,0.00,0.00,XXX,33.4009
T2007,Non-emer transport wait time,I,0.00,0.00,0.00,XXX,33.4009
T2010,Pasrr level i,I,0.00,0.00,0.00,XXX,33.4009
T2011,Pasrr level ii,I,0.00,0.00,0.00,XXX,33.4009
T2012,"Habil ed waiver, per diem",I,0.00,0.00,0.00,XXX,33.4009
T2013,Habil ed waiver per hour,I,0.00,0.00,0.00,XXX,33.4009
T2014,"Habil prevoc waiver, per d",I,0.00,0.00,0.00,XXX,33.4009
T2015,Habil prevoc waiver per hr,I,0.00,0.00,0.00,XXX,33.4009
T2016,Habil res waiver per diem,I,0.00,0.00,0.00,XXX,33.4009
T2017,Habil res waiver 15 min,I,0.00,0.00,0.00,XXX,33.4009
T2018,Habil sup empl waiver/diem,I,0.00,0.00,0.00,XXX,33.4009
T2019,Habil sup empl waiver 15min,I,0.00,0.00,0.00,XXX,33.4009
T2020,Day habil waiver per diem,I,0.00,0.00,0.00,XXX,33.4009
T2021,Day habil waiver per 15 min,I,0.00,0.00,0.00,XXX,33.4009
T2022,"Case management, per month",I,0.00,0.00,0.00,XXX,33.4009
T2023,Targeted case mgmt per month,I,0.00,0.00,0.00,XXX,33.4009
T2024,Serv asmnt/care plan waiver,I,0.00,0.00,0.00,XXX,33.4009
T2025,"Waiver service, nos",I,0.00,0.00,0.00,XXX,33.4009
T2026,Special childcare waiver/d,I,0.00,0.00,0.00,XXX,33.4009
T2027,Spec childcare waiver 15 min,I,0.00,0.00,0.00,XXX,33.4009
T2028,"Special supply, nos waiver",I,0.00,0.00,0.00,XXX,33.4009
T2029,"Special med equip, noswaiver",I,0.00,0.00,0.00,XXX,33.4009
T2030,Assist living waiver/month,I,0.00,0.00,0.00,XXX,33.4009
T2031,Assist living waiver/diem,I,0.00,0.00,0.00,XXX,33.4009
T2032,"Res care, nos waiver/month",I,0.00,0.00,0.00,XXX,33.4009
T2033,"Res, nos waiver per diem",I,0.00,0.00,0.00,XXX,33.4009
T2034,Crisis interven waiver/diem,I,0.00,0.00,0.00,XXX,33.4009
T2035,Utility services waiver,I,0.00,0.00,0.00,XXX,33.4009
T2036,Camp overnite waiver/session,I,0.00,0.00,0.00,XXX,33.4009
T2037,Camp day waiver/session,I,0.00,0.00,0.00,XXX,33.4009
T2038,Comm trans waiver/service,I,0.00,0.00,0.00,XXX,33.4009
T2039,Vehicle mod waiver/service,I,0.00,0.00,0.00,XXX,33.4009
T2040,Financial mgt waiver/15min,I,0.00,0.00,0.00,XXX,33.4009
T2041,Support broker waiver/15 min,I,0.00,0.00,0.00,XXX,33.4009
T2042,Hospice routine home care,I,0.00,0.00,0.00,XXX,33.4009
T2043,Hospice continuous home care,I,0.00,0.00,0.00,XXX,33.4009
T2044,Hospice respite care,I,0.00,0.00,0.00,XXX,33.4009
T2045,Hospice general care,I,0.00,0.00,0.00,XXX,33.4009
T2046,"Hospice long term care, r&b",I,0.00,0.00,0.00,XXX,33.4009
T2047,Hab prevo waiver per 15,I,0.00,0.00,0.00,XXX,33.4009
T2048,"Bh ltc res r&b, per diem",I,0.00,0.00,0.00,XXX,33.4009
T2049,"N-et; stretcher van, mileage",I,0.00,0.00,0.00,XXX,33.4009
T2050,Financial mgt waiver/diem,I,0.00,0.00,0.00,XXX,33.4009
T2051,Support broker waiver/diem,I,0.00,0.00,0.00,XXX,33.4009
T2101,Breast milk proc/store/dist,I,0.00,0.00,0.00,XXX,33.4009
T4521,Adult size brief/diaper sm,N,0.00,0.00,0.00,XXX,33.4009
T4522,Adult size brief/diaper med,N,0.00,0.00,0.00,XXX,33.4009
T4523,Adult size brief/diaper lg,N,0.00,0.00,0.00,XXX,33.4009
T4524,Adult size brief/diaper xl,N,0.00,0.00,0.00,XXX,33.4009
T4525,Adult size pull-on sm,N,0.00,0.00,0.00,XXX,33.4009
T4526,Adult size pull-on med,N,0.00,0.00,0.00,XXX,33.4009
T4527,Adult size pull-on lg,N,0.00,0.00,0.00,XXX,33.4009
T4528,Adult size pull-on xl,N,0.00,0.00,0.00,XXX,33.4009
T4529,Ped size brief/diaper sm/med,N,0.00,0.00,0.00,XXX,33.4009
T4530,Ped size brief/diaper lg,N,0.00,0.00,0.00,XXX,33.4009
T4531,Ped size pull-on sm/med,N,0.00,0.00,0.00,XXX,33.4009
T4532,Ped size pull-on lg,N,0.00,0.00,0.00,XXX,33.4009
T4533,Youth size brief/diaper,N,0.00,0.00,0.00,XXX,33.4009
T4534,Youth size pull-on,N,0.00,0.00,0.00,XXX,33.4009
T4535,Disposable liner/shield/pad,N,0.00,0.00,0.00,XXX,33.4009
T4536,Reusable pull-on any size,N,0.00,0.00,0.00,XXX,33.4009
T4537,Reusable underpad bed size,N,0.00,0.00,0.00,XXX,33.4009
T4538,Diaper serv reusable diaper,N,0.00,0.00,0.00,XXX,33.4009
T4539,Reuse diaper/brief any size,N,0.00,0.00,0.00,XXX,33.4009
T4540,Reusable underpad chair size,N,0.00,0.00,0.00,XXX,33.4009
T4541,Large disposable underpad,I,0.00,0.00,0.00,XXX,33.4009
T4542,Small disposable underpad,I,0.00,0.00,0.00,XXX,33.4009
T4543,Adult disp brief/diap abv xl,N,0.00,0.00,0.00,XXX,33.4009
T4544,Adlt disp und/pull on abv xl,N,0.00,0.00,0.00,XXX,33.4009
T4545,Incon disposable penile wrap,N,0.00,0.00,0.00,XXX,33.4009
T5001,Position seat spec orth need,I,0.00,0.00,0.00,XXX,33.4009
T5999,"Supply, nos",I,0.00,0.00,0.00,XXX,33.4009
V2020,Vision svcs frames purchases,X,0.00,0.00,0.00,XXX,33.4009
V2025,Eyeglasses delux frames,N,0.00,0.00,0.00,XXX,33.4009
V2100,Lens spher single plano 4.00,X,0.00,0.00,0.00,XXX,33.4009
V2101,Single visn sphere 4.12-7.00,X,0.00,0.00,0.00,XXX,33.4009
V2102,Singl visn sphere 7.12-20.00,X,0.00,0.00,0.00,XXX,33.4009
V2103,Spherocylindr 4.00d/12-2.00d,X,0.00,0.00,0.00,XXX,33.4009
V2104,Spherocylindr 4.00d/2.12-4d,X,0.00,0.00,0.00,XXX,33.4009
V2105,Spherocylinder 4.00d/4.25-6d,X,0.00,0.00,0.00,XXX,33.4009
V2106,Spherocylinder 4.00d/>6.00d,X,0.00,0.00,0.00,XXX,33.4009
V2107,Spherocylinder 4.25d/12-2d,X,0.00,0.00,0.00,XXX,33.4009
V2108,Spherocylinder 4.25d/2.12-4d,X,0.00,0.00,0.00,XXX,33.4009
V2109,Spherocylinder 4.25d/4.25-6d,X,0.00,0.00,0.00,XXX,33.4009
V2110,Spherocylinder 4.25d/over 6d,X,0.00,0.00,0.00,XXX,33.4009
V2111,Spherocylindr 7.25d/.25-2.25,X,0.00,0.00,0.00,XXX,33.4009
V2112,Spherocylindr 7.25d/2.25-4d,X,0.00,0.00,0.00,XXX,33.4009
V2113,Spherocylindr 7.25d/4.25-6d,X,0.00,0.00,0.00,XXX,33.4009
V2114,Spherocylinder over 12.00d,X,0.00,0.00,0.00,XXX,33.4009
V2115,Lens lenticular bifocal,X,0.00,0.00,0.00,XXX,33.4009
V2118,Lens aniseikonic single,X,0.00,0.00,0.00,XXX,33.4009
V2121,"Lenticular lens, single",X,0.00,0.00,0.00,XXX,33.4009
V2199,Lens single vision not oth c,X,0.00,0.00,0.00,XXX,33.4009
V2200,Lens spher bifoc plano 4.00d,X,0.00,0.00,0.00,XXX,33.4009
V2201,Lens sphere bifocal 4.12-7.0,X,0.00,0.00,0.00,XXX,33.4009
V2202,Lens sphere bifocal 7.12-20.,X,0.00,0.00,0.00,XXX,33.4009
V2203,Lens sphcyl bifocal 4.00d/.1,X,0.00,0.00,0.00,XXX,33.4009
V2204,Lens sphcy bifocal 4.00d/2.1,X,0.00,0.00,0.00,XXX,33.4009
V2205,Lens sphcy bifocal 4.00d/4.2,X,0.00,0.00,0.00,XXX,33.4009
V2206,Lens sphcy bifocal 4.00d/ove,X,0.00,0.00,0.00,XXX,33.4009
V2207,Lens sphcy bifocal 4.25-7d/.,X,0.00,0.00,0.00,XXX,33.4009
V2208,Lens sphcy bifocal 4.25-7/2.,X,0.00,0.00,0.00,XXX,33.4009
V2209,Lens sphcy bifocal 4.25-7/4.,X,0.00,0.00,0.00,XXX,33.4009
V2210,Lens sphcy bifocal 4.25-7/ov,X,0.00,0.00,0.00,XXX,33.4009
V2211,Lens sphcy bifo 7.25-12/.25-,X,0.00,0.00,0.00,XXX,33.4009
V2212,Lens sphcyl bifo 7.25-12/2.2,X,0.00,0.00,0.00,XXX,33.4009
V2213,Lens sphcyl bifo 7.25-12/4.2,X,0.00,0.00,0.00,XXX,33.4009
V2214,Lens sphcyl bifocal over 12.,X,0.00,0.00,0.00,XXX,33.4009
V2215,Lens lenticular bifocal,X,0.00,0.00,0.00,XXX,33.4009
V2218,Lens aniseikonic bifocal,X,0.00,0.00,0.00,XXX,33.4009
V2219,Lens bifocal seg width over,X,0.00,0.00,0.00,XXX,33.4009
V2220,Lens bifocal add over 3.25d,X,0.00,0.00,0.00,XXX,33.4009
V2221,"Lenticular lens, bifocal",X,0.00,0.00,0.00,XXX,33.4009
V2299,Lens bifocal speciality,X,0.00,0.00,0.00,XXX,33.4009
V2300,Lens sphere trifocal 4.00d,X,0.00,0.00,0.00,XXX,33.4009
V2301,Lens sphere trifocal 4.12-7.,X,0.00,0.00,0.00,XXX,33.4009
V2302,Lens sphere trifocal 7.12-20,X,0.00,0.00,0.00,XXX,33.4009
V2303,Lens sphcy trifocal 4.0/.12-,X,0.00,0.00,0.00,XXX,33.4009
V2304,Lens sphcy trifocal 4.0/2.25,X,0.00,0.00,0.00,XXX,33.4009
V2305,Lens sphcy trifocal 4.0/4.25,X,0.00,0.00,0.00,XXX,33.4009
V2306,Lens sphcyl trifocal 4.00/>6,X,0.00,0.00,0.00,XXX,33.4009
V2307,Lens sphcy trifocal 4.25-7/.,X,0.00,0.00,0.00,XXX,33.4009
V2308,Lens sphc trifocal 4.25-7/2.,X,0.00,0.00,0.00,XXX,33.4009
V2309,Lens sphc trifocal 4.25-7/4.,X,0.00,0.00,0.00,XXX,33.4009
V2310,Lens sphc trifocal 4.25-7/>6,X,0.00,0.00,0.00,XXX,33.4009
V2311,Lens sphc trifo 7.25-12/.25-,X,0.00,0.00,0.00,XXX,33.4009
V2312,Lens sphc trifo 7.25-12/2.25,X,0.00,0.00,0.00,XXX,33.4009
V2313,Lens sphc trifo 7.25-12/4.25,X,0.00,0.00,0.00,XXX,33.4009
V2314,Lens sphcyl trifocal over 12,X,0.00,0.00,0.00,XXX,33.4009
V2315,Lens lenticular trifocal,X,0.00,0.00,0.00,XXX,33.4009
V2318,Lens aniseikonic trifocal,X,0.00,0.00,0.00,XXX,33.4009
V2319,Lens trifocal seg width > 28,X,0.00,0.00,0.00,XXX,33.4009
V2320,Lens trifocal add over 3.25d,X,0.00,0.00,0.00,XXX,33.4009
V2321,"Lenticular lens, trifocal",X,0.00,0.00,0.00,XXX,33.4009
V2399,Lens trifocal speciality,X,0.00,0.00,0.00,XXX,33.4009
V2410,Lens variab asphericity sing,X,0.00,0.00,0.00,XXX,33.4009
V2430,Lens variable asphericity bi,X,0.00,0.00,0.00,XXX,33.4009
V2499,Variable asphericity lens,X,0.00,0.00,0.00,XXX,33.4009
V2500,Contact lens pmma spherical,X,0.00,0.00,0.00,XXX,33.4009
V2501,Cntct lens pmma-toric/prism,X,0.00,0.00,0.00,XXX,33.4009
V2502,Contact lens pmma bifocal,X,0.00,0.00,0.00,XXX,33.4009
V2503,Cntct lens pmma color vision,X,0.00,0.00,0.00,XXX,33.4009
V2510,Cntct gas permeable sphericl,X,0.00,0.00,0.00,XXX,33.4009
V2511,Cntct toric prism ballast,X,0.00,0.00,0.00,XXX,33.4009
V2512,Cntct lens gas permbl bifocl,X,0.00,0.00,0.00,XXX,33.4009
V2513,Contact lens extended wear,X,0.00,0.00,0.00,XXX,33.4009
V2520,Contact lens hydrophilic,P,0.00,0.00,0.00,XXX,33.4009
V2521,Cntct lens hydrophilic toric,X,0.00,0.00,0.00,XXX,33.4009
V2522,Cntct lens hydrophil bifocl,X,0.00,0.00,0.00,XXX,33.4009
V2523,Cntct lens hydrophil extend,X,0.00,0.00,0.00,XXX,33.4009
V2524,Cntct lens hydrophil photoch,X,0.00,0.00,0.00,XXX,33.4009
V2525,"Cl, hydrophilic, dual focus",N,0.00,0.00,0.00,XXX,33.4009
V2526,Cntct lens blue violet,N,0.00,0.00,0.00,XXX,33.4009
V2530,Contact lens gas impermeable,X,0.00,0.00,0.00,XXX,33.4009
V2531,Contact lens gas permeable,X,0.00,0.00,0.00,XXX,33.4009
V2599,Contact lens/es other type,X,0.00,0.00,0.00,XXX,33.4009
V2600,Hand held low vision aids,X,0.00,0.00,0.00,XXX,33.4009
V2610,Single lens spectacle mount,X,0.00,0.00,0.00,XXX,33.4009
V2615,Telescop/othr compound lens,X,0.00,0.00,0.00,XXX,33.4009
V2623,Plastic eye prosth custom,X,0.00,0.00,0.00,XXX,33.4009
V2624,Polishing artifical eye,X,0.00,0.00,0.00,XXX,33.4009
V2625,Enlargemnt of eye prosthesis,X,0.00,0.00,0.00,XXX,33.4009
V2626,Reduction of eye prosthesis,X,0.00,0.00,0.00,XXX,33.4009
V2627,Scleral cover shell,X,0.00,0.00,0.00,XXX,33.4009
V2628,Fabrication & fitting,X,0.00,0.00,0.00,XXX,33.4009
V2629,Prosthetic eye other type,X,0.00,0.00,0.00,XXX,33.4009
V2630,Anter chamber intraocul lens,X,0.00,0.00,0.00,XXX,33.4009
V2631,Iris support intraoclr lens,X,0.00,0.00,0.00,XXX,33.4009
V2632,Post chmbr intraocular lens,X,0.00,0.00,0.00,XXX,33.4009
V2700,Balance lens,X,0.00,0.00,0.00,XXX,33.4009
V2702,Deluxe lens feature,N,0.00,0.00,0.00,XXX,33.4009
V2710,Glass/plastic slab off prism,X,0.00,0.00,0.00,XXX,33.4009
V2715,Prism lens/es,X,0.00,0.00,0.00,XXX,33.4009
V2718,Fresnell prism press-on lens,X,0.00,0.00,0.00,XXX,33.4009
V2730,Special base curve,X,0.00,0.00,0.00,XXX,33.4009
V2744,Tint photochromatic lens/es,X,0.00,0.00,0.00,XXX,33.4009
V2745,"Tint, any color/solid/grad",X,0.00,0.00,0.00,XXX,33.4009
V2750,Anti-reflective coating,X,0.00,0.00,0.00,XXX,33.4009
V2755,Uv lens/es,X,0.00,0.00,0.00,XXX,33.4009
V2756,Eye glass case,X,0.00,0.00,0.00,XXX,33.4009
V2760,Scratch resistant coating,X,0.00,0.00,0.00,XXX,33.4009
V2761,Mirror coating,X,0.00,0.00,0.00,XXX,33.4009
V2762,"Polarization, any lens",X,0.00,0.00,0.00,XXX,33.4009
V2770,Occluder lens/es,X,0.00,0.00,0.00,XXX,33.4009
V2780,Oversize lens/es,X,0.00,0.00,0.00,XXX,33.4009
V2781,Progressive lens per lens,X,0.00,0.00,0.00,XXX,33.4009
V2782,"Lens, 1.54-1.65 p/1.60-1.79g",X,0.00,0.00,0.00,XXX,33.4009
V2783,"Lens, >= 1.66 p/>=1.80 g",X,0.00,0.00,0.00,XXX,33.4009
V2784,Lens polycarb or equal,X,0.00,0.00,0.00,XXX,33.4009
V2785,Corneal tissue processing,X,0.00,0.00,0.00,XXX,33.4009
V2786,Occupational multifocal lens,X,0.00,0.00,0.00,XXX,33.4009
V2787,Astigmatism-correct function,N,0.00,0.00,0.00,XXX,33.4009
V2788,Presbyopia-correct function,N,0.00,0.00,0.00,XXX,33.4009
V2790,Amniotic membrane,X,0.00,0.00,0.00,XXX,33.4009
V2797,Vis item/svc in other code,X,0.00,0.00,0.00,XXX,33.4009
V2799,Misc vision item or service,X,0.00,0.00,0.00,XXX,33.4009
V5008,Hearing screening,N,0.00,0.00,0.00,XXX,33.4009
V5010,Assessment for hearing aid,N,0.00,0.00,0.00,XXX,33.4009
V5011,Hearing aid fitting/checking,N,0.00,0.00,0.00,XXX,33.4009
V5014,Hearing aid repair/modifying,N,0.00,0.00,0.00,XXX,33.4009
V5020,Conformity evaluation,N,0.00,0.00,0.00,XXX,33.4009
V5030,Body-worn hearing aid air,N,0.00,0.00,0.00,XXX,33.4009
V5040,Body-worn hearing aid bone,N,0.00,0.00,0.00,XXX,33.4009
V5050,Hearing aid monaural in ear,N,0.00,0.00,0.00,XXX,33.4009
V5060,Behind ear hearing aid,N,0.00,0.00,0.00,XXX,33.4009
V5070,Glasses air conduction,N,0.00,0.00,0.00,XXX,33.4009
V5080,Glasses bone conduction,N,0.00,0.00,0.00,XXX,33.4009
V5090,Hearing aid dispensing fee,N,0.00,0.00,0.00,XXX,33.4009
V5095,Implant mid ear hearing pros,N,0.00,0.00,0.00,XXX,33.4009
V5100,Body-worn bilat hearing aid,N,0.00,0.00,0.00,XXX,33.4009
V5110,Hearing aid dispensing fee,N,0.00,0.00,0.00,XXX,33.4009
V5120,Body-worn binaur hearing aid,N,0.00,0.00,0.00,XXX,33.4009
V5130,In ear binaural hearing aid,N,0.00,0.00,0.00,XXX,33.4009
V5140,Behind ear binaur hearing ai,N,0.00,0.00,0.00,XXX,33.4009
V5150,Glasses binaural hearing aid,N,0.00,0.00,0.00,XXX,33.4009
V5160,Dispensing fee binaural,N,0.00,0.00,0.00,XXX,33.4009
V5171,Hearing aid monaural ite,N,0.00,0.00,0.00,XXX,33.4009
V5172,Hearing aid monaural itc,N,0.00,0.00,0.00,XXX,33.4009
V5181,Hearing aid monaural bte,N,0.00,0.00,0.00,XXX,33.4009
V5190,Hearing aid monaural glasses,N,0.00,0.00,0.00,XXX,33.4009
V5200,Disp fee contralateral monau,N,0.00,0.00,0.00,XXX,33.4009
V5211,Hearing aid binaural ite/ite,N,0.00,0.00,0.00,XXX,33.4009
V5212,Hearing aid binaural ite/itc,N,0.00,0.00,0.00,XXX,33.4009
V5213,Hearing aid binaural ite/bte,N,0.00,0.00,0.00,XXX,33.4009
V5214,Hearing aid binaural itc/itc,N,0.00,0.00,0.00,XXX,33.4009
V5215,Hearing aid binaural itc/bte,N,0.00,0.00,0.00,XXX,33.4009
V5221,Hearing aid binaural bte/bte,N,0.00,0.00,0.00,XXX,33.4009
V5230,Hearing aid binaural glasses,N,0.00,0.00,0.00,XXX,33.4009
V5240,Disp fee contralateral binau,N,0.00,0.00,0.00,XXX,33.4009
V5241,"Dispensing fee, monaural",N,0.00,0.00,0.00,XXX,33.4009
V5242,"Hearing aid, monaural, cic",N,0.00,0.00,0.00,XXX,33.4009
V5243,"Hearing aid, monaural, itc",N,0.00,0.00,0.00,XXX,33.4009
V5244,"Hearing aid, prog, mon, cic",N,0.00,0.00,0.00,XXX,33.4009
V5245,"Hearing aid, prog, mon, itc",N,0.00,0.00,0.00,XXX,33.4009
V5246,"Hearing aid, prog, mon, ite",N,0.00,0.00,0.00,XXX,33.4009
V5247,"Hearing aid, prog, mon, bte",N,0.00,0.00,0.00,XXX,33.4009
V5248,"Hearing aid, binaural, cic",N,0.00,0.00,0.00,XXX,33.4009
V5249,"Hearing aid, binaural, itc",N,0.00,0.00,0.00,XXX,33.4009
V5250,"Hearing aid, prog, bin, cic",N,0.00,0.00,0.00,XXX,33.4009
V5251,"Hearing aid, prog, bin, itc",N,0.00,0.00,0.00,XXX,33.4009
V5252,"Hearing aid, prog, bin, ite",N,0.00,0.00,0.00,XXX,33.4009
V5253,"Hearing aid, prog, bin, bte",N,0.00,0.00,0.00,XXX,33.4009
V5254,"Hearing id, digit, mon, cic",N,0.00,0.00,0.00,XXX,33.4009
V5255,"Hearing aid, digit, mon, itc",N,0.00,0.00,0.00,XXX,33.4009
V5256,"Hearing aid, digit, mon, ite",N,0.00,0.00,0.00,XXX,33.4009
V5257,"Hearing aid, digit, mon, bte",N,0.00,0.00,0.00,XXX,33.4009
V5258,"Hearing aid, digit, bin, cic",N,0.00,0.00,0.00,XXX,33.4009
V5259,"Hearing aid, digit, bin, itc",N,0.00,0.00,0.00,XXX,33.4009
V5260,"Hearing aid, digit, bin, ite",N,0.00,0.00,0.00,XXX,33.4009
V5261,"Hearing aid, digit, bin, bte",N,0.00,0.00,0.00,XXX,33.4009
V5262,"Hearing aid, disp, monaural",N,0.00,0.00,0.00,XXX,33.4009
V5263,"Hearing aid, disp, binaural",N,0.00,0.00,0.00,XXX,33.4009
V5264,Ear mold/insert,N,0.00,0.00,0.00,XXX,33.4009
V5265,"Ear mold/insert, disp",N,0.00,0.00,0.00,XXX,33.4009
V5266,Battery for hearing device,N,0.00,0.00,0.00,XXX,33.4009
V5267,Hearing aid sup/access/dev,N,0.00,0.00,0.00,XXX,33.4009
V5268,Ald telephone amplifier,N,0.00,0.00,0.00,XXX,33.4009
V5269,"Alerting device, any type",N,0.00,0.00,0.00,XXX,33.4009
V5270,"Ald, tv amplifier, any type",N,0.00,0.00,0.00,XXX,33.4009
V5271,"Ald, tv caption decoder",N,0.00,0.00,0.00,XXX,33.4009
V5272,Tdd,N,0.00,0.00,0.00,XXX,33.4009
V5273,Ald for cochlear implant,N,0.00,0.00,0.00,XXX,33.4009
V5274,Ald unspecified,N,0.00,0.00,0.00,XXX,33.4009
V5275,Ear impression,N,0.00,0.00,0.00,XXX,33.4009
V5281,"Ald fm/dm system, monaural",N,0.00,0.00,0.00,XXX,33.4009
V5282,Ald fm/dm system binaural,N,0.00,0.00,0.00,XXX,33.4009
V5283,"Ald neck, loop ind receiver",N,0.00,0.00,0.00,XXX,33.4009
V5284,Ald fm/dm ear level receiver,N,0.00,0.00,0.00,XXX,33.4009
V5285,Ald fm/dm aud input receiver,N,0.00,0.00,0.00,XXX,33.4009
V5286,Ald blu tooth fm/dm receiver,N,0.00,0.00,0.00,XXX,33.4009
V5287,"Ald fm/dm receiver, nos",N,0.00,0.00,0.00,XXX,33.4009
V5288,Ald fm/dm transmitter ald,N,0.00,0.00,0.00,XXX,33.4009
V5289,Ald fm/dm adapt/boot couplin,N,0.00,0.00,0.00,XXX,33.4009
V5290,Ald transmitter microphone,N,0.00,0.00,0.00,XXX,33.4009
V5298,Hearing aid noc,N,0.00,0.00,0.00,XXX,33.4009
V5299,Hearing service,R,0.00,0.00,0.00,XXX,33.4009
V5336,Repair communication device,N,0.00,0.00,0.00,XXX,33.4009
V5362,Speech screening,N,0.00,0.00,0.00,XXX,33.4009
V5363,Language screening,N,0.00,0.00,0.00,XXX,33.4009
V5364,Dysphagia screening,N,0.00,0.00,0.00,XXX,33.4009
