cpt_code,site_active_cpt,present_in_cms_rvu26c,cms_status_indicator,payment_status,site_specialty,site_descriptor,cms_descriptor,site_work_rvu,cms_work_rvu,site_total_rvu,cms_total_rvu,appears_in_search,appears_in_case_builder,classification,risk_score,recommended_remediation
00100,Yes,Yes,J,"Anesthesia service; base-unit/payment methodology, no RVU total",anesthesia,Anesthesia for procedures on salivary glands,Anes px salivary gland w/bx,0,0.00,0,0.00,Yes,Yes,anesthesia/base-unit code,45.0,Keep active only if anesthesia base-unit workflow is intentional; classify as anesthesia/base-unit and prevent RVU/payment display as zero-dollar surgical CPT.
00120,Yes,Yes,J,"Anesthesia service; base-unit/payment methodology, no RVU total",anesthesia,Anesthesia for procedures on external ear,Anes px ear w/bx nos,0,0.00,0,0.00,Yes,Yes,anesthesia/base-unit code,45.0,Keep active only if anesthesia base-unit workflow is intentional; classify as anesthesia/base-unit and prevent RVU/payment display as zero-dollar surgical CPT.
00140,Yes,Yes,J,"Anesthesia service; base-unit/payment methodology, no RVU total",anesthesia,Anesthesia for procedures on eye,Anes procedures on eye nos,0,0.00,0,0.00,Yes,Yes,anesthesia/base-unit code,45.0,Keep active only if anesthesia base-unit workflow is intentional; classify as anesthesia/base-unit and prevent RVU/payment display as zero-dollar surgical CPT.
00142,Yes,Yes,J,"Anesthesia service; base-unit/payment methodology, no RVU total",anesthesia,Anesthesia for lens surgery,Anes px on eye lens surgery,0,0.00,0,0.00,Yes,Yes,anesthesia/base-unit code,45.0,Keep active only if anesthesia base-unit workflow is intentional; classify as anesthesia/base-unit and prevent RVU/payment display as zero-dollar surgical CPT.
00160,Yes,Yes,J,"Anesthesia service; base-unit/payment methodology, no RVU total",anesthesia,Anesthesia for procedures on nose and sinuses,Anes px nose&sinus nos,0,0.00,0,0.00,Yes,Yes,anesthesia/base-unit code,45.0,Keep active only if anesthesia base-unit workflow is intentional; classify as anesthesia/base-unit and prevent RVU/payment display as zero-dollar surgical CPT.
00170,Yes,Yes,J,"Anesthesia service; base-unit/payment methodology, no RVU total",anesthesia,Anesthesia for intraoral procedures,Anes intraoral px nos,0,0.00,0,0.00,Yes,Yes,anesthesia/base-unit code,45.0,Keep active only if anesthesia base-unit workflow is intentional; classify as anesthesia/base-unit and prevent RVU/payment display as zero-dollar surgical CPT.
00190,Yes,Yes,J,"Anesthesia service; base-unit/payment methodology, no RVU total",anesthesia,Anesthesia for procedures on facial bones,Anes px facial b1/skull nos,0,0.00,0,0.00,Yes,Yes,anesthesia/base-unit code,45.0,Keep active only if anesthesia base-unit workflow is intentional; classify as anesthesia/base-unit and prevent RVU/payment display as zero-dollar surgical CPT.
00300,Yes,Yes,J,"Anesthesia service; base-unit/payment methodology, no RVU total",anesthesia,Anesthesia for procedures on head,Anes all px integ h/n/ptrunk,0,0.00,0,0.00,Yes,Yes,anesthesia/base-unit code,45.0,Keep active only if anesthesia base-unit workflow is intentional; classify as anesthesia/base-unit and prevent RVU/payment display as zero-dollar surgical CPT.
00320,Yes,Yes,J,"Anesthesia service; base-unit/payment methodology, no RVU total",anesthesia,Anesthesia for procedures on major vessels of neck,Anes all px neck nos 1yr/>,0,0.00,0,0.00,Yes,Yes,anesthesia/base-unit code,45.0,Keep active only if anesthesia base-unit workflow is intentional; classify as anesthesia/base-unit and prevent RVU/payment display as zero-dollar surgical CPT.
00400,Yes,Yes,J,"Anesthesia service; base-unit/payment methodology, no RVU total",anesthesia,"Anesthesia for procedures on integumentary system, anterior trunk",Anes integumentary sys nos,0,0.00,0,0.00,Yes,Yes,anesthesia/base-unit code,45.0,Keep active only if anesthesia base-unit workflow is intentional; classify as anesthesia/base-unit and prevent RVU/payment display as zero-dollar surgical CPT.
00500,Yes,Yes,J,"Anesthesia service; base-unit/payment methodology, no RVU total",anesthesia,Anesthesia for esophageal procedures,Anes all px on esophagus,0,0.00,0,0.00,Yes,Yes,anesthesia/base-unit code,45.0,Keep active only if anesthesia base-unit workflow is intentional; classify as anesthesia/base-unit and prevent RVU/payment display as zero-dollar surgical CPT.
00520,Yes,Yes,J,"Anesthesia service; base-unit/payment methodology, no RVU total",anesthesia,Anesthesia for closed chest procedures,Anes closed chest px nos,0,0.00,0,0.00,Yes,Yes,anesthesia/base-unit code,45.0,Keep active only if anesthesia base-unit workflow is intentional; classify as anesthesia/base-unit and prevent RVU/payment display as zero-dollar surgical CPT.
00540,Yes,Yes,J,"Anesthesia service; base-unit/payment methodology, no RVU total",anesthesia,"Anesthesia for thoracotomy, not otherwise specified",Anes thoracotomy px nos,0,0.00,0,0.00,Yes,Yes,anesthesia/base-unit code,45.0,Keep active only if anesthesia base-unit workflow is intentional; classify as anesthesia/base-unit and prevent RVU/payment display as zero-dollar surgical CPT.
00560,Yes,Yes,J,"Anesthesia service; base-unit/payment methodology, no RVU total",anesthesia,Anesthesia for cardiac procedures with pump oxygenator,Anes px heart w/o pump oxtj,0,0.00,0,0.00,Yes,Yes,anesthesia/base-unit code,45.0,Keep active only if anesthesia base-unit workflow is intentional; classify as anesthesia/base-unit and prevent RVU/payment display as zero-dollar surgical CPT.
00600,Yes,Yes,J,"Anesthesia service; base-unit/payment methodology, no RVU total",anesthesia,Anesthesia for procedures on cervical spine,Anes px crv spine&cord nos,0,0.00,0,0.00,Yes,Yes,anesthesia/base-unit code,45.0,Keep active only if anesthesia base-unit workflow is intentional; classify as anesthesia/base-unit and prevent RVU/payment display as zero-dollar surgical CPT.
00620,Yes,Yes,J,"Anesthesia service; base-unit/payment methodology, no RVU total",anesthesia,Anesthesia for procedures on thoracic spine,Anes px thrc spine&cord nos,0,0.00,0,0.00,Yes,Yes,anesthesia/base-unit code,45.0,Keep active only if anesthesia base-unit workflow is intentional; classify as anesthesia/base-unit and prevent RVU/payment display as zero-dollar surgical CPT.
00630,Yes,Yes,J,"Anesthesia service; base-unit/payment methodology, no RVU total",anesthesia,Anesthesia for procedures on lumbar spine,Anes px lumbar region nos,0,0.00,0,0.00,Yes,Yes,anesthesia/base-unit code,45.0,Keep active only if anesthesia base-unit workflow is intentional; classify as anesthesia/base-unit and prevent RVU/payment display as zero-dollar surgical CPT.
00700,Yes,Yes,J,"Anesthesia service; base-unit/payment methodology, no RVU total",anesthesia,Anesthesia for procedures on upper anterior abdominal wall,Anes px upr ant abd wall nos,0,0.00,0,0.00,Yes,Yes,anesthesia/base-unit code,45.0,Keep active only if anesthesia base-unit workflow is intentional; classify as anesthesia/base-unit and prevent RVU/payment display as zero-dollar surgical CPT.
00740,Yes,No,ABSENT,No row in CMS RVU26C baseline,anesthesia,Anesthesia for upper GI endoscopy,,5,,0,,Yes,Yes,anesthesia/base-unit code,50.0,Keep active only if anesthesia base-unit workflow is intentional; classify as anesthesia/base-unit and prevent RVU/payment display as zero-dollar surgical CPT.
00790,Yes,Yes,J,"Anesthesia service; base-unit/payment methodology, no RVU total",anesthesia,Anesthesia for intraperitoneal upper abdominal procedures,Anes iper upr abd nos,0,0.00,0,0.00,Yes,Yes,anesthesia/base-unit code,45.0,Keep active only if anesthesia base-unit workflow is intentional; classify as anesthesia/base-unit and prevent RVU/payment display as zero-dollar surgical CPT.
00800,Yes,Yes,J,"Anesthesia service; base-unit/payment methodology, no RVU total",anesthesia,Anesthesia for procedures on lower anterior abdominal wall,Anes px lwr ant abdl wal nos,0,0.00,0,0.00,Yes,Yes,anesthesia/base-unit code,45.0,Keep active only if anesthesia base-unit workflow is intentional; classify as anesthesia/base-unit and prevent RVU/payment display as zero-dollar surgical CPT.
00840,Yes,Yes,J,"Anesthesia service; base-unit/payment methodology, no RVU total",anesthesia,Anesthesia for intraperitoneal lower abdominal procedures,Anes iper px lower abd nos,0,0.00,0,0.00,Yes,Yes,anesthesia/base-unit code,45.0,Keep active only if anesthesia base-unit workflow is intentional; classify as anesthesia/base-unit and prevent RVU/payment display as zero-dollar surgical CPT.
00860,Yes,Yes,J,"Anesthesia service; base-unit/payment methodology, no RVU total",anesthesia,Anesthesia for renal procedures,Anes xtrprtl px lwr abd nos,0,0.00,0,0.00,Yes,Yes,anesthesia/base-unit code,45.0,Keep active only if anesthesia base-unit workflow is intentional; classify as anesthesia/base-unit and prevent RVU/payment display as zero-dollar surgical CPT.
00880,Yes,Yes,J,"Anesthesia service; base-unit/payment methodology, no RVU total",anesthesia,Anesthesia for procedures on major abdominal blood vessels,Anes maj lwr abd vessel nos,0,0.00,0,0.00,Yes,Yes,anesthesia/base-unit code,45.0,Keep active only if anesthesia base-unit workflow is intentional; classify as anesthesia/base-unit and prevent RVU/payment display as zero-dollar surgical CPT.
00902,Yes,Yes,J,"Anesthesia service; base-unit/payment methodology, no RVU total",anesthesia,Anesthesia for anorectal procedures,Anes anorectal px,0,0.00,0,0.00,Yes,Yes,anesthesia/base-unit code,45.0,Keep active only if anesthesia base-unit workflow is intentional; classify as anesthesia/base-unit and prevent RVU/payment display as zero-dollar surgical CPT.
00910,Yes,Yes,J,"Anesthesia service; base-unit/payment methodology, no RVU total",anesthesia,Anesthesia for transurethral procedures,Anes transurethral px nos,0,0.00,0,0.00,Yes,Yes,anesthesia/base-unit code,45.0,Keep active only if anesthesia base-unit workflow is intentional; classify as anesthesia/base-unit and prevent RVU/payment display as zero-dollar surgical CPT.
00940,Yes,Yes,J,"Anesthesia service; base-unit/payment methodology, no RVU total",anesthesia,Anesthesia for vaginal procedures,Anes vaginal px nos,0,0.00,0,0.00,Yes,Yes,anesthesia/base-unit code,45.0,Keep active only if anesthesia base-unit workflow is intentional; classify as anesthesia/base-unit and prevent RVU/payment display as zero-dollar surgical CPT.
01112,Yes,Yes,J,"Anesthesia service; base-unit/payment methodology, no RVU total",anesthesia,Anesthesia for bone marrow aspiration,Anes bone marrow aspir&/bx,0,0.00,0,0.00,Yes,Yes,anesthesia/base-unit code,45.0,Keep active only if anesthesia base-unit workflow is intentional; classify as anesthesia/base-unit and prevent RVU/payment display as zero-dollar surgical CPT.
01200,Yes,Yes,J,"Anesthesia service; base-unit/payment methodology, no RVU total",anesthesia,Anesthesia for procedures on hip joint,Anes all closed px hip joint,0,0.00,0,0.00,Yes,Yes,anesthesia/base-unit code,45.0,Keep active only if anesthesia base-unit workflow is intentional; classify as anesthesia/base-unit and prevent RVU/payment display as zero-dollar surgical CPT.
01210,Yes,Yes,J,"Anesthesia service; base-unit/payment methodology, no RVU total",anesthesia,Anesthesia for open hip procedures,Anes open px hip joint nos,0,0.00,0,0.00,Yes,Yes,anesthesia/base-unit code,45.0,Keep active only if anesthesia base-unit workflow is intentional; classify as anesthesia/base-unit and prevent RVU/payment display as zero-dollar surgical CPT.
01214,Yes,Yes,J,"Anesthesia service; base-unit/payment methodology, no RVU total",anesthesia,Anesthesia for total hip replacement,Anes open px tot hip arthrp,0,0.00,0,0.00,Yes,Yes,anesthesia/base-unit code,45.0,Keep active only if anesthesia base-unit workflow is intentional; classify as anesthesia/base-unit and prevent RVU/payment display as zero-dollar surgical CPT.
01400,Yes,Yes,J,"Anesthesia service; base-unit/payment methodology, no RVU total",anesthesia,Anesthesia for procedures on knee,Anes opn/arthrs knee jt nos,0,0.00,0,0.00,Yes,Yes,anesthesia/base-unit code,45.0,Keep active only if anesthesia base-unit workflow is intentional; classify as anesthesia/base-unit and prevent RVU/payment display as zero-dollar surgical CPT.
01402,Yes,Yes,J,"Anesthesia service; base-unit/payment methodology, no RVU total",anesthesia,Anesthesia for knee arthroplasty,Anes opn/arth tot kne arthrp,0,0.00,0,0.00,Yes,Yes,anesthesia/base-unit code,45.0,Keep active only if anesthesia base-unit workflow is intentional; classify as anesthesia/base-unit and prevent RVU/payment display as zero-dollar surgical CPT.
01480,Yes,Yes,J,"Anesthesia service; base-unit/payment methodology, no RVU total",anesthesia,Anesthesia for open procedures on lower leg/ankle/foot,Anes open px lower l/a/f nos,0,0.00,0,0.00,Yes,Yes,anesthesia/base-unit code,45.0,Keep active only if anesthesia base-unit workflow is intentional; classify as anesthesia/base-unit and prevent RVU/payment display as zero-dollar surgical CPT.
01630,Yes,Yes,J,"Anesthesia service; base-unit/payment methodology, no RVU total",anesthesia,Anesthesia for open shoulder procedures,Anes opn/arthr px sho jt nos,0,0.00,0,0.00,Yes,Yes,anesthesia/base-unit code,45.0,Keep active only if anesthesia base-unit workflow is intentional; classify as anesthesia/base-unit and prevent RVU/payment display as zero-dollar surgical CPT.
01710,Yes,Yes,J,"Anesthesia service; base-unit/payment methodology, no RVU total",anesthesia,Anesthesia for elbow procedures,Anes px nrv musc upr a&e nos,0,0.00,0,0.00,Yes,Yes,anesthesia/base-unit code,45.0,Keep active only if anesthesia base-unit workflow is intentional; classify as anesthesia/base-unit and prevent RVU/payment display as zero-dollar surgical CPT.
01810,Yes,Yes,J,"Anesthesia service; base-unit/payment methodology, no RVU total",anesthesia,Anesthesia for procedures on forearm/wrist/hand,Anes px nrv musc f/arm wrst,0,0.00,0,0.00,Yes,Yes,anesthesia/base-unit code,45.0,Keep active only if anesthesia base-unit workflow is intentional; classify as anesthesia/base-unit and prevent RVU/payment display as zero-dollar surgical CPT.
01920,Yes,Yes,J,"Anesthesia service; base-unit/payment methodology, no RVU total",anesthesia,Anesthesia for cardiac catheterization,Anes cardiac catheterization,0,0.00,0,0.00,Yes,Yes,anesthesia/base-unit code,45.0,Keep active only if anesthesia base-unit workflow is intentional; classify as anesthesia/base-unit and prevent RVU/payment display as zero-dollar surgical CPT.
01924,Yes,Yes,J,"Anesthesia service; base-unit/payment methodology, no RVU total",anesthesia,Anesthesia for therapeutic interventional radiology,Anes ther ivntl rad artl nos,0,0.00,0,0.00,Yes,Yes,anesthesia/base-unit code,45.0,Keep active only if anesthesia base-unit workflow is intentional; classify as anesthesia/base-unit and prevent RVU/payment display as zero-dollar surgical CPT.
01935,Yes,No,ABSENT,No row in CMS RVU26C baseline,anesthesia,Anesthesia for percutaneous liver procedures,,5,,0,,Yes,Yes,anesthesia/base-unit code,50.0,Keep active only if anesthesia base-unit workflow is intentional; classify as anesthesia/base-unit and prevent RVU/payment display as zero-dollar surgical CPT.
01936,Yes,No,ABSENT,No row in CMS RVU26C baseline,anesthesia,Anesthesia for percutaneous biliary procedures,,5,,0,,Yes,Yes,anesthesia/base-unit code,50.0,Keep active only if anesthesia base-unit workflow is intentional; classify as anesthesia/base-unit and prevent RVU/payment display as zero-dollar surgical CPT.
01960,Yes,Yes,J,"Anesthesia service; base-unit/payment methodology, no RVU total",anesthesia,Anesthesia for vaginal delivery,Anes vaginal delivery only,0,0.00,0,0.00,Yes,Yes,anesthesia/base-unit code,45.0,Keep active only if anesthesia base-unit workflow is intentional; classify as anesthesia/base-unit and prevent RVU/payment display as zero-dollar surgical CPT.
01961,Yes,Yes,J,"Anesthesia service; base-unit/payment methodology, no RVU total",anesthesia,Anesthesia for cesarean delivery,Anes cesarean delivery only,0,0.00,0,0.00,Yes,Yes,anesthesia/base-unit code,45.0,Keep active only if anesthesia base-unit workflow is intentional; classify as anesthesia/base-unit and prevent RVU/payment display as zero-dollar surgical CPT.
01967,Yes,Yes,J,"Anesthesia service; base-unit/payment methodology, no RVU total",anesthesia,Epidural neuraxial analgesia for labor,Neuraxl lbr anes vag dlvr,0,0.00,0,0.00,Yes,Yes,anesthesia/base-unit code,45.0,Keep active only if anesthesia base-unit workflow is intentional; classify as anesthesia/base-unit and prevent RVU/payment display as zero-dollar surgical CPT.
01968,Yes,Yes,J,"Anesthesia service; base-unit/payment methodology, no RVU total",anesthesia,Anesthesia for cesarean hysterectomy,Anes/analg cs dlvr neuraxial,0,0.00,0,0.00,Yes,Yes,anesthesia/base-unit code,45.0,Keep active only if anesthesia base-unit workflow is intentional; classify as anesthesia/base-unit and prevent RVU/payment display as zero-dollar surgical CPT.
01990,Yes,Yes,J,"Anesthesia service; base-unit/payment methodology, no RVU total",anesthesia,Physiological support for organ harvesting,Physiol support hrvg organs,0,0.00,0,0.00,Yes,Yes,anesthesia/base-unit code,45.0,Keep active only if anesthesia base-unit workflow is intentional; classify as anesthesia/base-unit and prevent RVU/payment display as zero-dollar surgical CPT.
01999,Yes,Yes,J,"Anesthesia service; base-unit/payment methodology, no RVU total",anesthesia,Unlisted anesthesia procedure,Unlisted anes procedure,0,0.00,0,0.00,Yes,Yes,anesthesia/base-unit code,45.0,Keep active only if anesthesia base-unit workflow is intentional; classify as anesthesia/base-unit and prevent RVU/payment display as zero-dollar surgical CPT.
10011,Yes,Yes,C,Carrier-priced by Medicare contractor,interventional_radiology,"Core needle biopsy, first lesion, without imaging",Fna bx w/mr gdn 1st les,0,0.00,0,0.00,Yes,Yes,carrier-priced code,70.0,Classify as carrier-priced; keep searchable only with warning that Medicare payment is contractor-priced and not estimated by RVU formula.
11040,Yes,No,ABSENT,No row in CMS RVU26C baseline,orthopedic_surgery,"Debridement; skin, partial thickness",,0.0,,0.0,,Yes,Yes,deleted/inactive code,108.0,"Move to inactive/deleted handling: remove from active search/Case Builder, keep URL with warning or redirect after replacement-family review."
11041,Yes,No,ABSENT,No row in CMS RVU26C baseline,orthopedic_surgery,"Debridement; skin, full thickness",,0.0,,0.0,,Yes,Yes,deleted/inactive code,108.0,"Move to inactive/deleted handling: remove from active search/Case Builder, keep URL with warning or redirect after replacement-family review."
11100,Yes,No,ABSENT,No row in CMS RVU26C baseline,orthopedic_surgery,"Biopsy of skin, subcutaneous tissue and/or mucous membrane (including simple closure), unless",,0.0,,0.0,,Yes,Yes,deleted/inactive code,108.0,"Move to inactive/deleted handling: remove from active search/Case Builder, keep URL with warning or redirect after replacement-family review."
11101,Yes,No,ABSENT,No row in CMS RVU26C baseline,orthopedic_surgery,"Biopsy of skin, subcutaneous tissue and/or mucous membrane (including simple closure), unless",,0.0,,0.0,,Yes,Yes,deleted/inactive code,108.0,"Move to inactive/deleted handling: remove from active search/Case Builder, keep URL with warning or redirect after replacement-family review."
11752,Yes,No,ABSENT,No row in CMS RVU26C baseline,orthopedic_surgery,"Excision of nail and nail matrix, partial or complete, eg, ingrown or deformed nail) for permanent",,0.0,,0.0,,Yes,Yes,deleted/inactive code,108.0,"Move to inactive/deleted handling: remove from active search/Case Builder, keep URL with warning or redirect after replacement-family review."
14300,Yes,No,ABSENT,No row in CMS RVU26C baseline,orthopedic_surgery,"Adjacent tissue transfer or rearrangement, more than 30 sq cm, unusual or complicated, any area",,0.0,,0.0,,Yes,Yes,deleted/inactive code,108.0,"Move to inactive/deleted handling: remove from active search/Case Builder, keep URL with warning or redirect after replacement-family review."
15000,Yes,No,ABSENT,No row in CMS RVU26C baseline,orthopedic_surgery,"Excisional preparation or creation of recipient site by excision of essentially intact skin (including subcutaneous tissues), scar, or other lesion prior to repair with free skin graft (list as separate service) Surgical preparation or creation of recipient site by excision of open wounds, burn eschar, or scar",,0.0,,0.0,,Yes,Yes,deleted/inactive code,108.0,"Move to inactive/deleted handling: remove from active search/Case Builder, keep URL with warning or redirect after replacement-family review."
15170,Yes,No,ABSENT,No row in CMS RVU26C baseline,orthopedic_surgery,"Acellular dermal replacement, trunk, arms, legs; first 100 sq cm less, or 1 per cent of body area of infants",,0.0,,0.0,,Yes,Yes,deleted/inactive code,108.0,"Move to inactive/deleted handling: remove from active search/Case Builder, keep URL with warning or redirect after replacement-family review."
15171,Yes,No,ABSENT,No row in CMS RVU26C baseline,orthopedic_surgery,"Acellular dermal replacement, trunk, arms, legs; each additional 100 sq cm, or each additional 1 per cent",,0.0,,0.0,,Yes,Yes,deleted/inactive code,108.0,"Move to inactive/deleted handling: remove from active search/Case Builder, keep URL with warning or redirect after replacement-family review."
15175,Yes,No,ABSENT,No row in CMS RVU26C baseline,orthopedic_surgery,"Acellular dermal replacement, face, scalp, eyelids, mouth, neck, ears, orbits, genitalia, hands, feet, and or",,0.0,,0.0,,Yes,Yes,deleted/inactive code,108.0,"Move to inactive/deleted handling: remove from active search/Case Builder, keep URL with warning or redirect after replacement-family review."
15176,Yes,No,ABSENT,No row in CMS RVU26C baseline,orthopedic_surgery,"Acellular dermal replacement, face, scalp, eyelids, mouth, neck, ears, orbits, genitalia, hands, feet, and or",,0.0,,0.0,,Yes,Yes,deleted/inactive code,108.0,"Move to inactive/deleted handling: remove from active search/Case Builder, keep URL with warning or redirect after replacement-family review."
15300,Yes,No,ABSENT,No row in CMS RVU26C baseline,orthopedic_surgery,"Allograft skin for temporary wound closure, trunk, arms, legs; first 100 sq cm less, or 1 per cent of body area of infants and children",,0.0,,0.0,,Yes,Yes,deleted/inactive code,108.0,"Move to inactive/deleted handling: remove from active search/Case Builder, keep URL with warning or redirect after replacement-family review."
15301,Yes,No,ABSENT,No row in CMS RVU26C baseline,orthopedic_surgery,"Allograft skin for temporary wound closure, trunk, arms, legs; each additional 100 sq cm, or each",,0.0,,0.0,,Yes,Yes,deleted/inactive code,108.0,"Move to inactive/deleted handling: remove from active search/Case Builder, keep URL with warning or redirect after replacement-family review."
15320,Yes,No,ABSENT,No row in CMS RVU26C baseline,orthopedic_surgery,"Allograft skin for temporary wound closure, face, scalp, eyelids, mouth, neck, ears, orbits, genitalia, hands, feet, and or multiple digits; first 100 sq cm or less, or 1 per cent of body area of infants and",,0.0,,0.0,,Yes,Yes,deleted/inactive code,108.0,"Move to inactive/deleted handling: remove from active search/Case Builder, keep URL with warning or redirect after replacement-family review."
15321,Yes,No,ABSENT,No row in CMS RVU26C baseline,orthopedic_surgery,"Allograft skin for temporary wound closure, face, scalp, eyelids, mouth, neck, ears, orbits, genitalia, hands, feet, and or multiple digits; each additional 100 sq cm, or each additional 1 per cent of body area",,0.0,,0.0,,Yes,Yes,deleted/inactive code,108.0,"Move to inactive/deleted handling: remove from active search/Case Builder, keep URL with warning or redirect after replacement-family review."
15330,Yes,No,ABSENT,No row in CMS RVU26C baseline,orthopedic_surgery,"Acellular dermal allograft, face, scalp, eyelids, mouth, neck, ears, orbits, genitalia, hands, feet, and or multiple digits; first 100 sq cm or less, or 1 per cent of body area of infants and children",,0.0,,0.0,,Yes,Yes,deleted/inactive code,108.0,"Move to inactive/deleted handling: remove from active search/Case Builder, keep URL with warning or redirect after replacement-family review."
15335,Yes,No,ABSENT,No row in CMS RVU26C baseline,orthopedic_surgery,"Acellular dermal allograft, face, scalp, eyelids, mouth, neck, ears, orbits, genitalia, hands, feet, and or multiple digits; first 100 sq cm or less, or 1 per cent of body area of infants and children",,0.0,,0.0,,Yes,Yes,deleted/inactive code,108.0,"Move to inactive/deleted handling: remove from active search/Case Builder, keep URL with warning or redirect after replacement-family review."
15336,Yes,No,ABSENT,No row in CMS RVU26C baseline,orthopedic_surgery,"Acellular dermal allograft, face, scalp, eyelids, mouth, neck, ears, orbits, genitalia, hands, feet, and or multiple digits; each additional 100 sq cm, or each additional 1 per cent of body area of infants and",,0.0,,0.0,,Yes,Yes,deleted/inactive code,108.0,"Move to inactive/deleted handling: remove from active search/Case Builder, keep URL with warning or redirect after replacement-family review."
15400,Yes,No,ABSENT,No row in CMS RVU26C baseline,orthopedic_surgery,"Xenograft, skin dermal for temporary wound closure, trunk, arms, legs; first 100 sq cm less, or 1 per cent of body area of infants and children",,0.0,,0.0,,Yes,Yes,deleted/inactive code,108.0,"Move to inactive/deleted handling: remove from active search/Case Builder, keep URL with warning or redirect after replacement-family review."
15401,Yes,No,ABSENT,No row in CMS RVU26C baseline,orthopedic_surgery,"Xenograft, skin dermal for temporary wound closure, trunk, arms, legs; each additional 100 sq cm, or each additional 1 per cent of body area of infants and children, or part thereof List separately in addition",,0.0,,0.0,,Yes,Yes,deleted/inactive code,108.0,"Move to inactive/deleted handling: remove from active search/Case Builder, keep URL with warning or redirect after replacement-family review."
15420,Yes,No,ABSENT,No row in CMS RVU26C baseline,orthopedic_surgery,"Xenograft, skin dermal for temporary wound closure, face, scalp, eyelids, mouth, neck, ears, orbits, genitalia, hands, feet, and or multiple digits; first 100 sq cm or less, or 1 per cent of body area of infants",,0.0,,0.0,,Yes,Yes,deleted/inactive code,108.0,"Move to inactive/deleted handling: remove from active search/Case Builder, keep URL with warning or redirect after replacement-family review."
15421,Yes,No,ABSENT,No row in CMS RVU26C baseline,orthopedic_surgery,"Xenograft, skin dermal for temporary wound closure, face, scalp, eyelids, mouth, neck, ears, orbits, genitalia, hands, feet, and or multiple digits; each additional 100 sq cm, or each additional 1 per cent of",,0.0,,0.0,,Yes,Yes,deleted/inactive code,108.0,"Move to inactive/deleted handling: remove from active search/Case Builder, keep URL with warning or redirect after replacement-family review."
15430,Yes,No,ABSENT,No row in CMS RVU26C baseline,orthopedic_surgery,"Acellular xenograft implant; first 100 sq cm less, or 1 per cent of body area of infants and children",,0.0,,0.0,,Yes,Yes,deleted/inactive code,108.0,"Move to inactive/deleted handling: remove from active search/Case Builder, keep URL with warning or redirect after replacement-family review."
15431,Yes,No,ABSENT,No row in CMS RVU26C baseline,orthopedic_surgery,"Acellular xenograft implant; each additional 100 sq cm, or each additional 1 per cent of body area of infants and children, or part thereof List separately in addition to code for primary procedure",,0.0,,0.0,,Yes,Yes,deleted/inactive code,108.0,"Move to inactive/deleted handling: remove from active search/Case Builder, keep URL with warning or redirect after replacement-family review."
15732,Yes,No,ABSENT,No row in CMS RVU26C baseline,plastic_surgery,"Muscle/myocutaneous flap, head and neck",,18.86,,0,,Yes,Yes,dataset defect,128.86,"High priority: source-row mismatch or legacy specialty-import artifact. Verify current CPT/CMS status, then either restore CMS total/payment or reclassify inactive/deleted."
15847,Yes,Yes,C,Carrier-priced by Medicare contractor,plastic_surgery,"Excision, excessive skin, abdomen (abdominoplasty)",Exc skin abd add-on,0,0.00,0,0.00,Yes,Yes,carrier-priced code,70.0,Classify as carrier-priced; keep searchable only with warning that Medicare payment is contractor-priced and not estimated by RVU formula.
15850,Yes,No,ABSENT,No row in CMS RVU26C baseline,orthopedic_surgery,"Removal of sutures under anesthesia (other than local), same surgeon",,0.0,,0.0,,Yes,Yes,deleted/inactive code,108.0,"Move to inactive/deleted handling: remove from active search/Case Builder, keep URL with warning or redirect after replacement-family review."
19260,Yes,No,ABSENT,No row in CMS RVU26C baseline,general_surgery,Excision of chest wall tumor including ribs,,12.53,,0,,Yes,Yes,dataset defect,130.53,"High priority: source-row mismatch or legacy specialty-import artifact. Verify current CPT/CMS status, then either restore CMS total/payment or reclassify inactive/deleted."
19271,Yes,No,ABSENT,No row in CMS RVU26C baseline,general_surgery,"Excision of chest wall tumor including ribs, with reconstruction",,18.55,,0,,Yes,Yes,dataset defect,136.55,"High priority: source-row mismatch or legacy specialty-import artifact. Verify current CPT/CMS status, then either restore CMS total/payment or reclassify inactive/deleted."
19272,Yes,No,ABSENT,No row in CMS RVU26C baseline,general_surgery,"Excision of chest wall tumor, including ribs, with mesh/prosthesis",,20.42,,0,,Yes,Yes,dataset defect,138.42,"High priority: source-row mismatch or legacy specialty-import artifact. Verify current CPT/CMS status, then either restore CMS total/payment or reclassify inactive/deleted."
19304,Yes,No,ABSENT,No row in CMS RVU26C baseline,general_surgery,"Mastectomy, subcutaneous",,8.95,,0,,Yes,Yes,dataset defect,126.95,"High priority: source-row mismatch or legacy specialty-import artifact. Verify current CPT/CMS status, then either restore CMS total/payment or reclassify inactive/deleted."
20000,Yes,No,ABSENT,No row in CMS RVU26C baseline,orthopedic_surgery,"Incision of soft tissue abscess eg, secondary to osteomyelitis); superficial",,0.0,,0.0,,Yes,Yes,deleted/inactive code,108.0,"Move to inactive/deleted handling: remove from active search/Case Builder, keep URL with warning or redirect after replacement-family review."
20005,Yes,No,ABSENT,No row in CMS RVU26C baseline,orthopedic_surgery,"Incision of soft tissue abscess eg, secondary to osteomyelitis); deep or complicated",,0.0,,0.0,,Yes,Yes,deleted/inactive code,108.0,"Move to inactive/deleted handling: remove from active search/Case Builder, keep URL with warning or redirect after replacement-family review."
20926,Yes,No,ABSENT,No row in CMS RVU26C baseline,orthopedic_surgery,"Tissue grafts other; fat, dermis, fascia",,3.45,,0,,Yes,Yes,dataset defect,121.45,"High priority: source-row mismatch or legacy specialty-import artifact. Verify current CPT/CMS status, then either restore CMS total/payment or reclassify inactive/deleted."
20930,Yes,Yes,B,Bundled/non-payable under MPFS,orthopedic_surgery,Allograft morselized for spine surgery only,Sp bone algrft morsel add-on,0,0.00,0,0.00,Yes,Yes,bundled/non-payable code,93.0,"Classify as non-payable/bundled; keep informational page if useful, exclude from payable workflows unless a supported payer-specific path exists."
20936,Yes,Yes,B,Bundled/non-payable under MPFS,orthopedic_surgery,Autograft for spine surgery only local,Sp bone agrft local add-on,0,0.00,0,0.00,Yes,Yes,bundled/non-payable code,93.0,"Classify as non-payable/bundled; keep informational page if useful, exclude from payable workflows unless a supported payer-specific path exists."
22841,Yes,Yes,B,Bundled/non-payable under MPFS,orthopedic_surgery,Internal spinal fixation by wiring of spinous processes,Insert spine fixation device,0,0.00,0,0.00,Yes,Yes,bundled/non-payable code,93.0,"Classify as non-payable/bundled; keep informational page if useful, exclude from payable workflows unless a supported payer-specific path exists."
22851,Yes,No,ABSENT,No row in CMS RVU26C baseline,orthopedic_surgery,Application of intervertebral biomechanical device to vertebral defect,,6.78,,0,,Yes,Yes,dataset defect,124.78,"High priority: source-row mismatch or legacy specialty-import artifact. Verify current CPT/CMS status, then either restore CMS total/payment or reclassify inactive/deleted."
22899,Yes,Yes,C,Carrier-priced by Medicare contractor,orthopedic_surgery,Unlisted procedure spine,Unlisted procedure spine,0,0.00,0,0.00,Yes,Yes,carrier-priced code,78.0,Classify as carrier-priced; keep searchable only with warning that Medicare payment is contractor-priced and not estimated by RVU formula.
24151,Yes,No,ABSENT,No row in CMS RVU26C baseline,orthopedic_surgery,"Radical resection for tumor, shaft or distal humerus, with autograft, including graft harvest",,0.0,,0.0,,Yes,Yes,deleted/inactive code,108.0,"Move to inactive/deleted handling: remove from active search/Case Builder, keep URL with warning or redirect after replacement-family review."
24153,Yes,No,ABSENT,No row in CMS RVU26C baseline,orthopedic_surgery,"Radical resection for tumor, radial head or neck, with autograft, including graft harvest",,0.0,,0.0,,Yes,Yes,deleted/inactive code,108.0,"Move to inactive/deleted handling: remove from active search/Case Builder, keep URL with warning or redirect after replacement-family review."
24940,Yes,Yes,C,Carrier-priced by Medicare contractor,orthopedic_surgery,"Cineplasty, upper extremity, complete procedure",Revision of upper arm,0.0,0.00,0.0,0.00,Yes,Yes,carrier-priced code,78.0,Classify as carrier-priced; keep searchable only with warning that Medicare payment is contractor-priced and not estimated by RVU formula.
24999,Yes,Yes,C,Carrier-priced by Medicare contractor,orthopedic_surgery,"Unlisted procedure, upper extremity",Unlisted px humerus/elbow,0.0,0.00,0.0,0.00,Yes,Yes,carrier-priced code,78.0,Classify as carrier-priced; keep searchable only with warning that Medicare payment is contractor-priced and not estimated by RVU formula.
25999,Yes,Yes,C,Carrier-priced by Medicare contractor,orthopedic_surgery,"Unlisted procedure, forearm or wrist",Unlisted px forearm/wrist,0.0,0.00,0.0,0.00,Yes,Yes,carrier-priced code,78.0,Classify as carrier-priced; keep searchable only with warning that Medicare payment is contractor-priced and not estimated by RVU formula.
26255,Yes,No,ABSENT,No row in CMS RVU26C baseline,orthopedic_surgery,"Radical resection ostectomy for tumor, metacarpal; with autograft (includes obtaining graft)",,0.0,,0.0,,Yes,Yes,deleted/inactive code,108.0,"Move to inactive/deleted handling: remove from active search/Case Builder, keep URL with warning or redirect after replacement-family review."
26261,Yes,No,ABSENT,No row in CMS RVU26C baseline,orthopedic_surgery,Radical resection proximal or middle phalanx with autograft,,12.78,,0,,Yes,Yes,dataset defect,130.78,"High priority: source-row mismatch or legacy specialty-import artifact. Verify current CPT/CMS status, then either restore CMS total/payment or reclassify inactive/deleted."
26989,Yes,Yes,C,Carrier-priced by Medicare contractor,hand_surgery,Unlisted procedure hands or fingers,Unlisted px hands/fingers,0,0.00,0,0.00,Yes,Yes,carrier-priced code,70.0,Classify as carrier-priced; keep searchable only with warning that Medicare payment is contractor-priced and not estimated by RVU formula.
27194,Yes,No,ABSENT,No row in CMS RVU26C baseline,orthopedics,Closed tx pelvic ring fx; with manipulation,,6.55,,0,,Yes,Yes,dataset defect,116.55,"High priority: source-row mismatch or legacy specialty-import artifact. Verify current CPT/CMS status, then either restore CMS total/payment or reclassify inactive/deleted."
27299,Yes,Yes,C,Carrier-priced by Medicare contractor,orthopedic_surgery,Unlisted procedure pelvis or hip joint,Unlisted px pelvis/hip joint,0,0.00,0,0.00,Yes,Yes,carrier-priced code,78.0,Classify as carrier-priced; keep searchable only with warning that Medicare payment is contractor-priced and not estimated by RVU formula.
27445,Yes,No,ABSENT,No row in CMS RVU26C baseline,orthopedic_surgery,Arthroplasty knee hinge prosthesis,,20.89,,0,,Yes,Yes,dataset defect,138.89,"High priority: source-row mismatch or legacy specialty-import artifact. Verify current CPT/CMS status, then either restore CMS total/payment or reclassify inactive/deleted."
27468,Yes,No,ABSENT,No row in CMS RVU26C baseline,orthopedic_surgery,Lengthening of long bone tibia,,15.67,,0,,Yes,Yes,dataset defect,133.67,"High priority: source-row mismatch or legacy specialty-import artifact. Verify current CPT/CMS status, then either restore CMS total/payment or reclassify inactive/deleted."
27599,Yes,Yes,C,Carrier-priced by Medicare contractor,orthopedic_surgery,Unlisted procedure leg or ankle,Unlisted px femur/knee,0,0.00,0,0.00,Yes,Yes,carrier-priced code,78.0,Classify as carrier-priced; keep searchable only with warning that Medicare payment is contractor-priced and not estimated by RVU formula.
28440,Yes,No,ABSENT,No row in CMS RVU26C baseline,orthopedics,Closed tx tarsal bone fx (excl talus/calcaneus); without manipulation,,2.15,,0,,Yes,Yes,dataset defect,112.15,"High priority: source-row mismatch or legacy specialty-import artifact. Verify current CPT/CMS status, then either restore CMS total/payment or reclassify inactive/deleted."
29020,Yes,No,ABSENT,No row in CMS RVU26C baseline,orthopedic_surgery,Application of turnbuckle jacket body cast,,5.89,,0,,Yes,Yes,dataset defect,123.89,"High priority: source-row mismatch or legacy specialty-import artifact. Verify current CPT/CMS status, then either restore CMS total/payment or reclassify inactive/deleted."
29025,Yes,No,ABSENT,No row in CMS RVU26C baseline,orthopedics,"Application of body cast, shoulder to hips, Minerva type",,3.55,,0,,Yes,Yes,dataset defect,113.55,"High priority: source-row mismatch or legacy specialty-import artifact. Verify current CPT/CMS status, then either restore CMS total/payment or reclassify inactive/deleted."
29582,Yes,No,ABSENT,No row in CMS RVU26C baseline,orthopedics,Application of multi-layer compression; thigh and leg,,1.05,,0,,Yes,Yes,dataset defect,111.05,"High priority: source-row mismatch or legacy specialty-import artifact. Verify current CPT/CMS status, then either restore CMS total/payment or reclassify inactive/deleted."
29583,Yes,No,ABSENT,No row in CMS RVU26C baseline,orthopedics,Application of multi-layer compression; upper arm and forearm,,0.85,,0,,Yes,Yes,dataset defect,110.85,"High priority: source-row mismatch or legacy specialty-import artifact. Verify current CPT/CMS status, then either restore CMS total/payment or reclassify inactive/deleted."
29715,Yes,No,ABSENT,No row in CMS RVU26C baseline,orthopedic_surgery,Removal or bivalving of turnbuckle jacket body cast,,1.56,,0,,Yes,Yes,dataset defect,119.56,"High priority: source-row mismatch or legacy specialty-import artifact. Verify current CPT/CMS status, then either restore CMS total/payment or reclassify inactive/deleted."
29799,Yes,Yes,C,Carrier-priced by Medicare contractor,orthopedic_surgery,Unlisted procedure casting or strapping,Unlisted px casting/strpg,0,0.00,0,0.00,Yes,Yes,carrier-priced code,78.0,Classify as carrier-priced; keep searchable only with warning that Medicare payment is contractor-priced and not estimated by RVU formula.
29999,Yes,Yes,C,Carrier-priced by Medicare contractor,orthopedic_surgery,Unlisted procedure arthroscopy,Unlisted px arthroscopy,0,0.00,0,0.00,Yes,Yes,carrier-priced code,78.0,Classify as carrier-priced; keep searchable only with warning that Medicare payment is contractor-priced and not estimated by RVU formula.
31299,Yes,Yes,C,Carrier-priced by Medicare contractor,ent,"Unlisted procedure, accessory sinuses",Unlisted px accessory sinus,0,0.00,0,0.00,Yes,Yes,carrier-priced code,70.0,Classify as carrier-priced; keep searchable only with warning that Medicare payment is contractor-priced and not estimated by RVU formula.
32020,Yes,No,ABSENT,No row in CMS RVU26C baseline,general_surgery,"Thoracotomy, with or without pleural biopsy",,12.85,,0,,Yes,Yes,dataset defect,130.85,"High priority: source-row mismatch or legacy specialty-import artifact. Verify current CPT/CMS status, then either restore CMS total/payment or reclassify inactive/deleted."
32602,Yes,No,ABSENT,No row in CMS RVU26C baseline,general_surgery,"Thoracoscopy, with biopsy",,5.3,,0,,Yes,Yes,dataset defect,123.3,"High priority: source-row mismatch or legacy specialty-import artifact. Verify current CPT/CMS status, then either restore CMS total/payment or reclassify inactive/deleted."
34800,Yes,No,ABSENT,No row in CMS RVU26C baseline,vascular,"Endovascular AAA repair, aorto-aortic tube graft",,25,,0,,Yes,Yes,dataset defect,143.0,"High priority: source-row mismatch or legacy specialty-import artifact. Verify current CPT/CMS status, then either restore CMS total/payment or reclassify inactive/deleted."
34802,Yes,No,ABSENT,No row in CMS RVU26C baseline,vascular,"Endovascular AAA repair, aorto-bi-iliac graft",,27.54,,0,,Yes,Yes,dataset defect,145.54,"High priority: source-row mismatch or legacy specialty-import artifact. Verify current CPT/CMS status, then either restore CMS total/payment or reclassify inactive/deleted."
35450,Yes,No,ABSENT,No row in CMS RVU26C baseline,vascular,"Transluminal balloon angioplasty, renal or visceral artery",,9.84,,0,,Yes,Yes,dataset defect,127.84,"High priority: source-row mismatch or legacy specialty-import artifact. Verify current CPT/CMS status, then either restore CMS total/payment or reclassify inactive/deleted."
37220,Yes,No,ABSENT,No row in CMS RVU26C baseline,vascular,Iliac artery angioplasty,,7.16,,0,,Yes,Yes,dataset defect,125.16,"High priority: source-row mismatch or legacy specialty-import artifact. Verify current CPT/CMS status, then either restore CMS total/payment or reclassify inactive/deleted."
37221,Yes,No,ABSENT,No row in CMS RVU26C baseline,vascular,Iliac artery stent placement,,8.72,,0,,Yes,Yes,dataset defect,126.72,"High priority: source-row mismatch or legacy specialty-import artifact. Verify current CPT/CMS status, then either restore CMS total/payment or reclassify inactive/deleted."
37224,Yes,No,ABSENT,No row in CMS RVU26C baseline,vascular,Femoral/popliteal angioplasty,,7.16,,0,,Yes,Yes,dataset defect,125.16,"High priority: source-row mismatch or legacy specialty-import artifact. Verify current CPT/CMS status, then either restore CMS total/payment or reclassify inactive/deleted."
37226,Yes,No,ABSENT,No row in CMS RVU26C baseline,vascular,Femoral/popliteal stent placement,,8.72,,0,,Yes,Yes,dataset defect,126.72,"High priority: source-row mismatch or legacy specialty-import artifact. Verify current CPT/CMS status, then either restore CMS total/payment or reclassify inactive/deleted."
37229,Yes,No,ABSENT,No row in CMS RVU26C baseline,vascular,"Revascularization, tibial/peroneal, atherectomy",,12.64,,0,,Yes,Yes,dataset defect,130.64,"High priority: source-row mismatch or legacy specialty-import artifact. Verify current CPT/CMS status, then either restore CMS total/payment or reclassify inactive/deleted."
37799,Yes,Yes,C,Carrier-priced by Medicare contractor,orthopedic_surgery,Unlisted vascular procedure,Unlisted px vascular surgery,0.0,0.00,0.0,0.00,Yes,Yes,carrier-priced code,78.0,Classify as carrier-priced; keep searchable only with warning that Medicare payment is contractor-priced and not estimated by RVU formula.
39400,Yes,No,ABSENT,No row in CMS RVU26C baseline,cardiothoracic_surgery,"Mediastinoscopy; includes biopsy(ies), when performed",,5.85,,0,,Yes,Yes,dataset defect,123.85,"High priority: source-row mismatch or legacy specialty-import artifact. Verify current CPT/CMS status, then either restore CMS total/payment or reclassify inactive/deleted."
41899,Yes,Yes,C,Carrier-priced by Medicare contractor,general_surgery,"Unlisted procedure, dentoalveolar structures",Unlisted px dentalvlr strux,0,0.00,0,0.00,Yes,Yes,carrier-priced code,78.0,Classify as carrier-priced; keep searchable only with warning that Medicare payment is contractor-priced and not estimated by RVU formula.
43324,Yes,No,ABSENT,No row in CMS RVU26C baseline,general_surgery,"Esophagogastric fundoplasty (eg, Nissen, Belsey IV, Hill procedures)",,19.06,,0,,Yes,Yes,dataset defect,137.06,"High priority: source-row mismatch or legacy specialty-import artifact. Verify current CPT/CMS status, then either restore CMS total/payment or reclassify inactive/deleted."
43647,Yes,Yes,C,Carrier-priced by Medicare contractor,general_surgery,Laparoscopic implantation of gastric neurostimulator electrodes,Lap impl electrode antrum,0.0,0.00,0.0,0.00,Yes,Yes,carrier-priced code,78.0,Classify as carrier-priced; keep searchable only with warning that Medicare payment is contractor-priced and not estimated by RVU formula.
43648,Yes,Yes,C,Carrier-priced by Medicare contractor,general_surgery,Laparoscopic revision or removal of gastric neurostimulator electrodes,Lap revise/remv eltrd antrum,0.0,0.00,0.0,0.00,Yes,Yes,carrier-priced code,78.0,Classify as carrier-priced; keep searchable only with warning that Medicare payment is contractor-priced and not estimated by RVU formula.
43659,Yes,Yes,C,Carrier-priced by Medicare contractor,general_surgery,"Unlisted laparoscopy procedure, stomach",Unlisted laps px stomach,0.0,0.00,0.0,0.00,Yes,Yes,carrier-priced code,78.0,Classify as carrier-priced; keep searchable only with warning that Medicare payment is contractor-priced and not estimated by RVU formula.
43881,Yes,Yes,C,Carrier-priced by Medicare contractor,general_surgery,Open implantation or replacement of gastric neurostimulator electrodes,Impl/rplcmt gstr nstim eltrd,0.0,0.00,0.0,0.00,Yes,Yes,carrier-priced code,78.0,Classify as carrier-priced; keep searchable only with warning that Medicare payment is contractor-priced and not estimated by RVU formula.
43882,Yes,Yes,C,Carrier-priced by Medicare contractor,general_surgery,Open revision or removal of gastric neurostimulator electrodes,Rev/rmvl gstr nstim eltrd,0.0,0.00,0.0,0.00,Yes,Yes,carrier-priced code,78.0,Classify as carrier-priced; keep searchable only with warning that Medicare payment is contractor-priced and not estimated by RVU formula.
43999,Yes,Yes,C,Carrier-priced by Medicare contractor,general_surgery,"Unlisted procedure, stomach",Unlisted procedure stomach,0.0,0.00,0.0,0.00,Yes,Yes,carrier-priced code,78.0,Classify as carrier-priced; keep searchable only with warning that Medicare payment is contractor-priced and not estimated by RVU formula.
44979,Yes,Yes,C,Carrier-priced by Medicare contractor,general_surgery,"Unlisted laparoscopy procedure, appendix",Unlisted laps px appendix,0,0.00,0,0.00,Yes,Yes,carrier-priced code,78.0,Classify as carrier-priced; keep searchable only with warning that Medicare payment is contractor-priced and not estimated by RVU formula.
47133,Yes,Yes,X,Statutory exclusion/non-MPFS payment path,general_surgery,"Donor hepatectomy, from living donor",Removal of donor liver,0,0.00,0,0.00,Yes,Yes,technical-only code,68.0,Classify as non-MPFS/statutory-exclusion or technical/lab-only; remove from payable surgical Case Builder unless separate fee-schedule logic exists.
47136,Yes,No,ABSENT,No row in CMS RVU26C baseline,gastroenterology,Liver allotransplantation heterotopic partial or whole from cadaver or living donor any age any method,,52.34,,0,,Yes,Yes,dataset defect,170.34,"High priority: source-row mismatch or legacy specialty-import artifact. Verify current CPT/CMS status, then either restore CMS total/payment or reclassify inactive/deleted."
47379,Yes,Yes,C,Carrier-priced by Medicare contractor,gastroenterology,Unlisted laparoscopic procedure liver,Unlisted laps px liver,0,0.00,0,0.00,Yes,Yes,carrier-priced code,78.0,Classify as carrier-priced; keep searchable only with warning that Medicare payment is contractor-priced and not estimated by RVU formula.
47399,Yes,Yes,C,Carrier-priced by Medicare contractor,gastroenterology,Unlisted procedure liver,Unlisted procedure liver,0,0.00,0,0.00,Yes,Yes,carrier-priced code,78.0,Classify as carrier-priced; keep searchable only with warning that Medicare payment is contractor-priced and not estimated by RVU formula.
47505,Yes,No,ABSENT,No row in CMS RVU26C baseline,gastroenterology,Injection procedure for cholangiography through an existing catheter,,1.23,,0,,Yes,Yes,dataset defect,119.23,"High priority: source-row mismatch or legacy specialty-import artifact. Verify current CPT/CMS status, then either restore CMS total/payment or reclassify inactive/deleted."
47510,Yes,No,ABSENT,No row in CMS RVU26C baseline,general_surgery,"Percutaneous biliary drainage, external",,5.5,,0,,Yes,Yes,dataset defect,123.5,"High priority: source-row mismatch or legacy specialty-import artifact. Verify current CPT/CMS status, then either restore CMS total/payment or reclassify inactive/deleted."
47525,Yes,No,ABSENT,No row in CMS RVU26C baseline,gastroenterology,Change of percutaneous biliary drainage catheter,,2.34,,0,,Yes,Yes,dataset defect,120.34,"High priority: source-row mismatch or legacy specialty-import artifact. Verify current CPT/CMS status, then either restore CMS total/payment or reclassify inactive/deleted."
47530,Yes,No,ABSENT,No row in CMS RVU26C baseline,gastroenterology,Revision and/or reinsertion of transhepatic tube,,3.56,,0,,Yes,Yes,dataset defect,121.56,"High priority: source-row mismatch or legacy specialty-import artifact. Verify current CPT/CMS status, then either restore CMS total/payment or reclassify inactive/deleted."
47560,Yes,No,ABSENT,No row in CMS RVU26C baseline,gastroenterology,Laparoscopy surgical with guided transhepatic cholangiography without biopsy,,5.89,,0,,Yes,Yes,dataset defect,123.89,"High priority: source-row mismatch or legacy specialty-import artifact. Verify current CPT/CMS status, then either restore CMS total/payment or reclassify inactive/deleted."
47561,Yes,No,ABSENT,No row in CMS RVU26C baseline,gastroenterology,Laparoscopy surgical with guided transhepatic cholangiography with biopsy,,6.78,,0,,Yes,Yes,dataset defect,124.78,"High priority: source-row mismatch or legacy specialty-import artifact. Verify current CPT/CMS status, then either restore CMS total/payment or reclassify inactive/deleted."
47579,Yes,Yes,C,Carrier-priced by Medicare contractor,gastroenterology,Unlisted laparoscopic procedure biliary tract,Unlisted laps px biliary trc,0,0.00,0,0.00,Yes,Yes,carrier-priced code,78.0,Classify as carrier-priced; keep searchable only with warning that Medicare payment is contractor-priced and not estimated by RVU formula.
47802,Yes,No,ABSENT,No row in CMS RVU26C baseline,gastroenterology,U-tube hepaticoenterostomy,,24.56,,0,,Yes,Yes,dataset defect,142.56,"High priority: source-row mismatch or legacy specialty-import artifact. Verify current CPT/CMS status, then either restore CMS total/payment or reclassify inactive/deleted."
47999,Yes,Yes,C,Carrier-priced by Medicare contractor,general_surgery,"Unlisted procedure, liver",Unlisted px biliary tract,0,0.00,0,0.00,Yes,Yes,carrier-priced code,78.0,Classify as carrier-priced; keep searchable only with warning that Medicare payment is contractor-priced and not estimated by RVU formula.
48160,Yes,Yes,N,Non-covered/non-payable under MPFS,general_surgery,"Pancreatojejunostomy, side-to-side anastomosis",Pancreas removal/transplant,0,0.00,0,0.00,Yes,Yes,bundled/non-payable code,93.0,"Classify as non-payable/bundled; keep informational page if useful, exclude from payable workflows unless a supported payer-specific path exists."
48999,Yes,Yes,C,Carrier-priced by Medicare contractor,general_surgery,"Unlisted procedure, pancreas",Unlisted procedure pancreas,0,0.00,0,0.00,Yes,Yes,carrier-priced code,78.0,Classify as carrier-priced; keep searchable only with warning that Medicare payment is contractor-priced and not estimated by RVU formula.
49203,Yes,No,ABSENT,No row in CMS RVU26C baseline,general_surgery,"Excision or destruction, open, intra-abdominal tumors, cysts or endometriomas, 1 or more peritoneal, mesenteric, or retroperitoneal primary or secondary tumors; largest tumor 5 cm diameter or less",,16.76,,0,,Yes,Yes,dataset defect,134.76,"High priority: source-row mismatch or legacy specialty-import artifact. Verify current CPT/CMS status, then either restore CMS total/payment or reclassify inactive/deleted."
49566,Yes,No,ABSENT,No row in CMS RVU26C baseline,hernia_repair,Repair recurrent incisional or ventral hernia; incarcerated or strangulated (legacy/deleted 2023),,15.53,,0,,Yes,Yes,dataset defect,125.53,"High priority: source-row mismatch or legacy specialty-import artifact. Verify current CPT/CMS status, then either restore CMS total/payment or reclassify inactive/deleted."
49568,Yes,No,ABSENT,No row in CMS RVU26C baseline,hernia_repair,Implantation of mesh or other prosthesis for open incisional or ventral hernia repair (add-on),,4.88,,0,,Yes,Yes,dataset defect,114.88,"High priority: source-row mismatch or legacy specialty-import artifact. Verify current CPT/CMS status, then either restore CMS total/payment or reclassify inactive/deleted."
49580,Yes,No,ABSENT,No row in CMS RVU26C baseline,hernia_repair,"Repair umbilical hernia, younger than age 5 years; reducible",,2.46,,0,,Yes,Yes,dataset defect,112.46,"High priority: source-row mismatch or legacy specialty-import artifact. Verify current CPT/CMS status, then either restore CMS total/payment or reclassify inactive/deleted."
49582,Yes,No,ABSENT,No row in CMS RVU26C baseline,general_surgery,"Umbilical hernia repair, <5 years, incarcerated",,5.58,,0,,Yes,Yes,dataset defect,123.58,"High priority: source-row mismatch or legacy specialty-import artifact. Verify current CPT/CMS status, then either restore CMS total/payment or reclassify inactive/deleted."
49585,Yes,No,ABSENT,No row in CMS RVU26C baseline,hernia_repair,"Repair umbilical hernia, age 5 years or older; reducible",,4.8,,0,,Yes,Yes,dataset defect,114.8,"High priority: source-row mismatch or legacy specialty-import artifact. Verify current CPT/CMS status, then either restore CMS total/payment or reclassify inactive/deleted."
49587,Yes,No,ABSENT,No row in CMS RVU26C baseline,hernia_repair,"Repair umbilical hernia, age 5 years or older; incarcerated or strangulated",,9.13,,0,,Yes,Yes,dataset defect,119.13,"High priority: source-row mismatch or legacy specialty-import artifact. Verify current CPT/CMS status, then either restore CMS total/payment or reclassify inactive/deleted."
49590,Yes,No,ABSENT,No row in CMS RVU26C baseline,general_surgery,"Spigelian hernia repair, reducible",,7.83,,0,,Yes,Yes,dataset defect,125.83,"High priority: source-row mismatch or legacy specialty-import artifact. Verify current CPT/CMS status, then either restore CMS total/payment or reclassify inactive/deleted."
49652,Yes,No,ABSENT,No row in CMS RVU26C baseline,general_surgery,"Laparoscopy, surgical; repair initial ventral hernia",,8.86,,0,,Yes,Yes,dataset defect,126.86,"High priority: source-row mismatch or legacy specialty-import artifact. Verify current CPT/CMS status, then either restore CMS total/payment or reclassify inactive/deleted."
49653,Yes,No,ABSENT,No row in CMS RVU26C baseline,general_surgery,"Laparoscopy, surgical; repair ventral hernia 3-10 cm",,20.28,,0,,Yes,Yes,dataset defect,138.28,"High priority: source-row mismatch or legacy specialty-import artifact. Verify current CPT/CMS status, then either restore CMS total/payment or reclassify inactive/deleted."
49654,Yes,No,ABSENT,No row in CMS RVU26C baseline,general_surgery,"Laparoscopy, surgical; repair ventral hernia >10 cm",,22.85,,0,,Yes,Yes,dataset defect,140.85,"High priority: source-row mismatch or legacy specialty-import artifact. Verify current CPT/CMS status, then either restore CMS total/payment or reclassify inactive/deleted."
49656,Yes,No,ABSENT,No row in CMS RVU26C baseline,general_surgery,"Laparoscopy, repair recurrent ventral hernia; <3 cm",,12.5,,0,,Yes,Yes,dataset defect,130.5,"High priority: source-row mismatch or legacy specialty-import artifact. Verify current CPT/CMS status, then either restore CMS total/payment or reclassify inactive/deleted."
49657,Yes,No,ABSENT,No row in CMS RVU26C baseline,general_surgery,"Laparoscopy, repair recurrent ventral hernia; 3-10 cm or larger",,16,,0,,Yes,Yes,dataset defect,134.0,"High priority: source-row mismatch or legacy specialty-import artifact. Verify current CPT/CMS status, then either restore CMS total/payment or reclassify inactive/deleted."
49999,Yes,Yes,C,Carrier-priced by Medicare contractor,general_surgery,"Unlisted procedure, abdomen (e.g., temporary abdominal closure with NPWT)",Unlisted px abd pertm&omn,0,0.00,0,0.00,Yes,Yes,carrier-priced code,78.0,Classify as carrier-priced; keep searchable only with warning that Medicare payment is contractor-priced and not estimated by RVU formula.
52647,Yes,No,ABSENT,No row in CMS RVU26C baseline,urology,Laser vaporization of prostate including control of postoperative bleeding with coagulation,,10.89,,0,,Yes,Yes,dataset defect,128.89,"High priority: source-row mismatch or legacy specialty-import artifact. Verify current CPT/CMS status, then either restore CMS total/payment or reclassify inactive/deleted."
55700,Yes,No,ABSENT,No row in CMS RVU26C baseline,urology,"Prostate biopsy, any approach",,2.96,,0,,Yes,Yes,dataset defect,120.96,"High priority: source-row mismatch or legacy specialty-import artifact. Verify current CPT/CMS status, then either restore CMS total/payment or reclassify inactive/deleted."
55899,Yes,Yes,C,Carrier-priced by Medicare contractor,urology,Unlisted procedure male genital system,Unlisted px male genital sys,0,0.00,0,0.00,Yes,Yes,carrier-priced code,78.0,Classify as carrier-priced; keep searchable only with warning that Medicare payment is contractor-priced and not estimated by RVU formula.
57112,Yes,No,ABSENT,No row in CMS RVU26C baseline,obgyn,Exenteration of vagina; complete,,35.4,,0,,Yes,Yes,dataset defect,153.4,"High priority: source-row mismatch or legacy specialty-import artifact. Verify current CPT/CMS status, then either restore CMS total/payment or reclassify inactive/deleted."
64402,Yes,No,ABSENT,No row in CMS RVU26C baseline,pain_management,Injection anesthetic agent facial nerve,,1.34,,0,,Yes,Yes,dataset defect,111.34,"High priority: source-row mismatch or legacy specialty-import artifact. Verify current CPT/CMS status, then either restore CMS total/payment or reclassify inactive/deleted."
64410,Yes,No,ABSENT,No row in CMS RVU26C baseline,pain_management,Injection anesthetic agent phrenic nerve,,1.34,,0,,Yes,Yes,dataset defect,111.34,"High priority: source-row mismatch or legacy specialty-import artifact. Verify current CPT/CMS status, then either restore CMS total/payment or reclassify inactive/deleted."
64412,Yes,No,ABSENT,No row in CMS RVU26C baseline,pain_management,Injection anesthetic agent spinal accessory nerve,,1.34,,0,,Yes,Yes,dataset defect,111.34,"High priority: source-row mismatch or legacy specialty-import artifact. Verify current CPT/CMS status, then either restore CMS total/payment or reclassify inactive/deleted."
64413,Yes,No,ABSENT,No row in CMS RVU26C baseline,pain_management,Injection anesthetic agent cervical plexus,,1.56,,0,,Yes,Yes,dataset defect,111.56,"High priority: source-row mismatch or legacy specialty-import artifact. Verify current CPT/CMS status, then either restore CMS total/payment or reclassify inactive/deleted."
64508,Yes,No,ABSENT,No row in CMS RVU26C baseline,vascular,"Injection, anesthetic agent; carotid sinus (separate procedure)",,1.85,,0,,Yes,Yes,dataset defect,119.85,"High priority: source-row mismatch or legacy specialty-import artifact. Verify current CPT/CMS status, then either restore CMS total/payment or reclassify inactive/deleted."
64999,Yes,Yes,C,Carrier-priced by Medicare contractor,orthopedic_surgery,"Nerve procedure, unlisted",Unlisted px nervous system,0.0,0.00,0.0,0.00,Yes,Yes,carrier-priced code,78.0,Classify as carrier-priced; keep searchable only with warning that Medicare payment is contractor-priced and not estimated by RVU formula.
65455,Yes,No,ABSENT,No row in CMS RVU26C baseline,ophthalmology,Removal of corneal epithelium; with chelation,,1.4,,0,,Yes,Yes,dataset defect,111.4,"High priority: source-row mismatch or legacy specialty-import artifact. Verify current CPT/CMS status, then either restore CMS total/payment or reclassify inactive/deleted."
65470,Yes,No,ABSENT,No row in CMS RVU26C baseline,ophthalmology,Fistulectomy of cornea,,4.2,,0,,Yes,Yes,dataset defect,114.2,"High priority: source-row mismatch or legacy specialty-import artifact. Verify current CPT/CMS status, then either restore CMS total/payment or reclassify inactive/deleted."
65471,Yes,No,ABSENT,No row in CMS RVU26C baseline,ophthalmology,Fistulectomy of sclera,,4.6,,0,,Yes,Yes,dataset defect,114.6,"High priority: source-row mismatch or legacy specialty-import artifact. Verify current CPT/CMS status, then either restore CMS total/payment or reclassify inactive/deleted."
65472,Yes,No,ABSENT,No row in CMS RVU26C baseline,ophthalmology,Treatment of recurrent corneal erosion by laser,,3.2,,0,,Yes,Yes,dataset defect,113.2,"High priority: source-row mismatch or legacy specialty-import artifact. Verify current CPT/CMS status, then either restore CMS total/payment or reclassify inactive/deleted."
65473,Yes,No,ABSENT,No row in CMS RVU26C baseline,ophthalmology,Corneal relaxing incision for refractive correction,,3.3,,0,,Yes,Yes,dataset defect,113.3,"High priority: source-row mismatch or legacy specialty-import artifact. Verify current CPT/CMS status, then either restore CMS total/payment or reclassify inactive/deleted."
65474,Yes,No,ABSENT,No row in CMS RVU26C baseline,ophthalmology,Phototherapeutic keratectomy,,4.8,,0,,Yes,Yes,dataset defect,114.8,"High priority: source-row mismatch or legacy specialty-import artifact. Verify current CPT/CMS status, then either restore CMS total/payment or reclassify inactive/deleted."
65480,Yes,No,ABSENT,No row in CMS RVU26C baseline,ophthalmology,Destruction of lesion of sclera,,2.5,,0,,Yes,Yes,dataset defect,112.5,"High priority: source-row mismatch or legacy specialty-import artifact. Verify current CPT/CMS status, then either restore CMS total/payment or reclassify inactive/deleted."
65485,Yes,No,ABSENT,No row in CMS RVU26C baseline,ophthalmology,Translation or repositioning of corneal transplant,,5.5,,0,,Yes,Yes,dataset defect,115.5,"High priority: source-row mismatch or legacy specialty-import artifact. Verify current CPT/CMS status, then either restore CMS total/payment or reclassify inactive/deleted."
65490,Yes,No,ABSENT,No row in CMS RVU26C baseline,ophthalmology,"Removal of implanted material, anterior segment",,4,,0,,Yes,Yes,dataset defect,114.0,"High priority: source-row mismatch or legacy specialty-import artifact. Verify current CPT/CMS status, then either restore CMS total/payment or reclassify inactive/deleted."
65491,Yes,No,ABSENT,No row in CMS RVU26C baseline,ophthalmology,"Removal of implanted material, posterior segment",,6.6,,0,,Yes,Yes,dataset defect,116.6,"High priority: source-row mismatch or legacy specialty-import artifact. Verify current CPT/CMS status, then either restore CMS total/payment or reclassify inactive/deleted."
65757,Yes,Yes,C,Carrier-priced by Medicare contractor,ophthalmology,Backbench preparation of corneal endothelial allograft,Prep corneal endo allograft,0,0.00,0,0.00,Yes,Yes,carrier-priced code,70.0,Classify as carrier-priced; keep searchable only with warning that Medicare payment is contractor-priced and not estimated by RVU formula.
65760,Yes,Yes,N,Non-covered/non-payable under MPFS,ophthalmology,Keratomileusis,Keratomileusis,0,0.00,0,0.00,Yes,Yes,bundled/non-payable code,85.0,"Classify as non-payable/bundled; keep informational page if useful, exclude from payable workflows unless a supported payer-specific path exists."
65765,Yes,Yes,N,Non-covered/non-payable under MPFS,ophthalmology,Ocular surface reconstruction; amniotic membrane transplantation,Keratophakia,0,0.00,0,0.00,Yes,Yes,bundled/non-payable code,85.0,"Classify as non-payable/bundled; keep informational page if useful, exclude from payable workflows unless a supported payer-specific path exists."
65767,Yes,Yes,N,Non-covered/non-payable under MPFS,ophthalmology,Epikeratophakia,Epikeratoplasty,0,0.00,0,0.00,Yes,Yes,bundled/non-payable code,85.0,"Classify as non-payable/bundled; keep informational page if useful, exclude from payable workflows unless a supported payer-specific path exists."
65771,Yes,Yes,N,Non-covered/non-payable under MPFS,ophthalmology,Radial keratotomy,Radial keratotomy,0,0.00,0,0.00,Yes,Yes,bundled/non-payable code,85.0,"Classify as non-payable/bundled; keep informational page if useful, exclude from payable workflows unless a supported payer-specific path exists."
65897,Yes,No,ABSENT,No row in CMS RVU26C baseline,ophthalmology,Aqueous drainage device revision without extraocular reservoir,,6.3,,0,,Yes,Yes,dataset defect,116.3,"High priority: source-row mismatch or legacy specialty-import artifact. Verify current CPT/CMS status, then either restore CMS total/payment or reclassify inactive/deleted."
69605,Yes,No,ABSENT,No row in CMS RVU26C baseline,ent,"Mastoidectomy, complete, modified radical",,14,,0,,Yes,Yes,dataset defect,124.0,"High priority: source-row mismatch or legacy specialty-import artifact. Verify current CPT/CMS status, then either restore CMS total/payment or reclassify inactive/deleted."
70170,Yes,Yes,C,Carrier-priced by Medicare contractor,radiology,Radiologic examination dacryocystography,X-ray exam of tear duct,0,0.00,0,0.00,Yes,Yes,carrier-priced code,70.0,Classify as carrier-priced; keep searchable only with warning that Medicare payment is contractor-priced and not estimated by RVU formula.
72010,Yes,No,ABSENT,No row in CMS RVU26C baseline,radiology,"XR spine, entire survey",,0.75,,0,,Yes,Yes,dataset defect,110.75,"High priority: source-row mismatch or legacy specialty-import artifact. Verify current CPT/CMS status, then either restore CMS total/payment or reclassify inactive/deleted."
73500,Yes,No,ABSENT,No row in CMS RVU26C baseline,radiology,Radiologic examination hip unilateral with pelvis when performed 1 view,,0.22,,0,,Yes,Yes,dataset defect,110.22,"High priority: source-row mismatch or legacy specialty-import artifact. Verify current CPT/CMS status, then either restore CMS total/payment or reclassify inactive/deleted."
76001,Yes,No,ABSENT,No row in CMS RVU26C baseline,radiology,Fluoroscopy physician or other qualified health care professional time more than 1 hour,,2.34,,0,,Yes,Yes,dataset defect,112.34,"High priority: source-row mismatch or legacy specialty-import artifact. Verify current CPT/CMS status, then either restore CMS total/payment or reclassify inactive/deleted."
76101,Yes,No,ABSENT,No row in CMS RVU26C baseline,radiology,Radiologic examination complex motion body section other than with urography,,0.78,,0,,Yes,Yes,dataset defect,110.78,"High priority: source-row mismatch or legacy specialty-import artifact. Verify current CPT/CMS status, then either restore CMS total/payment or reclassify inactive/deleted."
76102,Yes,No,ABSENT,No row in CMS RVU26C baseline,radiology,Radiologic examination complex motion body section other than with urography each additional section,,0.34,,0,,Yes,Yes,dataset defect,110.34,"High priority: source-row mismatch or legacy specialty-import artifact. Verify current CPT/CMS status, then either restore CMS total/payment or reclassify inactive/deleted."
76125,Yes,Yes,C,Carrier-priced by Medicare contractor,radiology,Cineradiography/videoradiography to complement routine examination,Cine/video x-rays add-on,0,0.00,0,0.00,Yes,Yes,carrier-priced code,70.0,Classify as carrier-priced; keep searchable only with warning that Medicare payment is contractor-priced and not estimated by RVU formula.
76140,Yes,Yes,I,Not valid for Medicare purposes,radiology,Consultation on X-ray examination made elsewhere written report,X-ray consultation,0,0.00,0,0.00,Yes,Yes,bundled/non-payable code,85.0,"Classify as non-payable/bundled; keep informational page if useful, exclude from payable workflows unless a supported payer-specific path exists."
76390,Yes,Yes,C,Carrier-priced by Medicare contractor,radiology,Magnetic resonance spectroscopy,Mr spectroscopy,0,0.00,0,0.00,Yes,Yes,carrier-priced code,70.0,Classify as carrier-priced; keep searchable only with warning that Medicare payment is contractor-priced and not estimated by RVU formula.
77013,Yes,Yes,C,Carrier-priced by Medicare contractor,interventional_radiology,CT guidance for tissue ablation,Ct guide for tissue ablation,0,0.00,0,0.00,Yes,Yes,carrier-priced code,70.0,Classify as carrier-priced; keep searchable only with warning that Medicare payment is contractor-priced and not estimated by RVU formula.
77014,Yes,No,ABSENT,No row in CMS RVU26C baseline,interventional_radiology,CT guidance for drainage procedure,,1.44,,0,,Yes,Yes,dataset defect,111.44,"High priority: source-row mismatch or legacy specialty-import artifact. Verify current CPT/CMS status, then either restore CMS total/payment or reclassify inactive/deleted."
77022,Yes,Yes,C,Carrier-priced by Medicare contractor,interventional_radiology,MRI guidance for tissue ablation,Mri gdn parnchyma tiss abltj,0,0.00,0,0.00,Yes,Yes,carrier-priced code,70.0,Classify as carrier-priced; keep searchable only with warning that Medicare payment is contractor-priced and not estimated by RVU formula.
77299,Yes,Yes,C,Carrier-priced by Medicare contractor,radiation_oncology,"Unlisted procedure, therapeutic radiology clinical treatment planning",Unlisted px ther rad tx plng,0,0.00,0,0.00,Yes,Yes,carrier-priced code,70.0,Classify as carrier-priced; keep searchable only with warning that Medicare payment is contractor-priced and not estimated by RVU formula.
77371,Yes,Yes,C,Carrier-priced by Medicare contractor,radiation_oncology,"Radiation treatment delivery, stereotactic radiosurgery (SRS), complete course of treatment of cranial lesion(s); per session",Srs multisource,0,0.00,0,0.00,Yes,Yes,carrier-priced code,70.0,Classify as carrier-priced; keep searchable only with warning that Medicare payment is contractor-priced and not estimated by RVU formula.
77385,Yes,No,ABSENT,No row in CMS RVU26C baseline,radiation_oncology,Intensity modulated radiation treatment delivery; simple,,0.85,,0,,Yes,Yes,dataset defect,110.85,"High priority: source-row mismatch or legacy specialty-import artifact. Verify current CPT/CMS status, then either restore CMS total/payment or reclassify inactive/deleted."
77386,Yes,No,ABSENT,No row in CMS RVU26C baseline,radiation_oncology,Intensity modulated radiation treatment delivery; complex,,1.25,,0,,Yes,Yes,dataset defect,111.25,"High priority: source-row mismatch or legacy specialty-import artifact. Verify current CPT/CMS status, then either restore CMS total/payment or reclassify inactive/deleted."
77401,Yes,No,ABSENT,No row in CMS RVU26C baseline,radiation_oncology,"Radiation treatment delivery, superficial and/or ortho voltage",,0.2,,0,,Yes,Yes,dataset defect,110.2,"High priority: source-row mismatch or legacy specialty-import artifact. Verify current CPT/CMS status, then either restore CMS total/payment or reclassify inactive/deleted."
77520,Yes,Yes,C,Carrier-priced by Medicare contractor,radiation_oncology,"Proton treatment delivery; simple, without compensation",Proton trmt simple w/o comp,0,0.00,0,0.00,Yes,Yes,carrier-priced code,70.0,Classify as carrier-priced; keep searchable only with warning that Medicare payment is contractor-priced and not estimated by RVU formula.
77522,Yes,Yes,C,Carrier-priced by Medicare contractor,radiation_oncology,"Proton treatment delivery; simple, with compensation",Proton trmt simple w/comp,0,0.00,0,0.00,Yes,Yes,carrier-priced code,70.0,Classify as carrier-priced; keep searchable only with warning that Medicare payment is contractor-priced and not estimated by RVU formula.
77523,Yes,Yes,C,Carrier-priced by Medicare contractor,radiation_oncology,Proton treatment delivery; intermediate,Proton trmt intermediate,0,0.00,0,0.00,Yes,Yes,carrier-priced code,70.0,Classify as carrier-priced; keep searchable only with warning that Medicare payment is contractor-priced and not estimated by RVU formula.
77525,Yes,Yes,C,Carrier-priced by Medicare contractor,radiation_oncology,Proton treatment delivery; complex,Proton treatment complex,0,0.00,0,0.00,Yes,Yes,carrier-priced code,70.0,Classify as carrier-priced; keep searchable only with warning that Medicare payment is contractor-priced and not estimated by RVU formula.
77799,Yes,Yes,C,Carrier-priced by Medicare contractor,radiation_oncology,"Unlisted procedure, clinical brachytherapy",Unlisted px clin brachytx,0,0.00,0,0.00,Yes,Yes,carrier-priced code,70.0,Classify as carrier-priced; keep searchable only with warning that Medicare payment is contractor-priced and not estimated by RVU formula.
78815,Yes,Yes,C,Carrier-priced by Medicare contractor,radiology,"PET imaging, limited area",Pet image w/ct skull-thigh,0,0.00,0,0.00,Yes,Yes,carrier-priced code,70.0,Classify as carrier-priced; keep searchable only with warning that Medicare payment is contractor-priced and not estimated by RVU formula.
78816,Yes,Yes,C,Carrier-priced by Medicare contractor,radiology,"PET/CT imaging, whole body",Pet image w/ct full body,0,0.00,0,0.00,Yes,Yes,carrier-priced code,70.0,Classify as carrier-priced; keep searchable only with warning that Medicare payment is contractor-priced and not estimated by RVU formula.
80048,Yes,Yes,X,Statutory exclusion/non-MPFS payment path,pathology,Basic metabolic panel,Basic metabolic pnl total ca,0,0.00,0,0.00,Yes,Yes,technical-only code,60.0,Classify as non-MPFS/statutory-exclusion or technical/lab-only; remove from payable surgical Case Builder unless separate fee-schedule logic exists.
80050,Yes,Yes,N,Non-covered/non-payable under MPFS,pathology,General health panel,General health panel,0,0.00,0,0.00,Yes,Yes,bundled/non-payable code,85.0,"Classify as non-payable/bundled; keep informational page if useful, exclude from payable workflows unless a supported payer-specific path exists."
80053,Yes,Yes,X,Statutory exclusion/non-MPFS payment path,pathology,Comprehensive metabolic panel,Comprehen metabolic panel,0,0.00,0,0.00,Yes,Yes,technical-only code,60.0,Classify as non-MPFS/statutory-exclusion or technical/lab-only; remove from payable surgical Case Builder unless separate fee-schedule logic exists.
80061,Yes,Yes,X,Statutory exclusion/non-MPFS payment path,pathology,Lipid panel,Lipid panel,0,0.00,0,0.00,Yes,Yes,technical-only code,60.0,Classify as non-MPFS/statutory-exclusion or technical/lab-only; remove from payable surgical Case Builder unless separate fee-schedule logic exists.
80076,Yes,Yes,X,Statutory exclusion/non-MPFS payment path,pathology,Hepatic function panel,Hepatic function panel,0,0.00,0,0.00,Yes,Yes,technical-only code,60.0,Classify as non-MPFS/statutory-exclusion or technical/lab-only; remove from payable surgical Case Builder unless separate fee-schedule logic exists.
81001,Yes,Yes,X,Statutory exclusion/non-MPFS payment path,pathology,Urinalysis with microscopy,Urinalysis auto w/scope,0,0.00,0,0.00,Yes,Yes,technical-only code,60.0,Classify as non-MPFS/statutory-exclusion or technical/lab-only; remove from payable surgical Case Builder unless separate fee-schedule logic exists.
81003,Yes,Yes,X,Statutory exclusion/non-MPFS payment path,pathology,"Urinalysis, automated without microscopy",Urinalysis auto w/o scope,0,0.00,0,0.00,Yes,Yes,technical-only code,60.0,Classify as non-MPFS/statutory-exclusion or technical/lab-only; remove from payable surgical Case Builder unless separate fee-schedule logic exists.
82040,Yes,Yes,X,Statutory exclusion/non-MPFS payment path,pathology,"Albumin, serum",Assay of serum albumin,0,0.00,0,0.00,Yes,Yes,technical-only code,60.0,Classify as non-MPFS/statutory-exclusion or technical/lab-only; remove from payable surgical Case Builder unless separate fee-schedule logic exists.
82247,Yes,Yes,X,Statutory exclusion/non-MPFS payment path,pathology,"Bilirubin, total",Bilirubin total,0,0.00,0,0.00,Yes,Yes,technical-only code,60.0,Classify as non-MPFS/statutory-exclusion or technical/lab-only; remove from payable surgical Case Builder unless separate fee-schedule logic exists.
82248,Yes,Yes,X,Statutory exclusion/non-MPFS payment path,pathology,"Bilirubin, direct",Bilirubin direct,0,0.00,0,0.00,Yes,Yes,technical-only code,60.0,Classify as non-MPFS/statutory-exclusion or technical/lab-only; remove from payable surgical Case Builder unless separate fee-schedule logic exists.
82306,Yes,Yes,X,Statutory exclusion/non-MPFS payment path,pathology,"Vitamin D, 25-hydroxy",Vitamin d 25 hydroxy,0,0.00,0,0.00,Yes,Yes,technical-only code,60.0,Classify as non-MPFS/statutory-exclusion or technical/lab-only; remove from payable surgical Case Builder unless separate fee-schedule logic exists.
82310,Yes,Yes,X,Statutory exclusion/non-MPFS payment path,pathology,"Calcium, total",Assay of calcium,0,0.00,0,0.00,Yes,Yes,technical-only code,60.0,Classify as non-MPFS/statutory-exclusion or technical/lab-only; remove from payable surgical Case Builder unless separate fee-schedule logic exists.
82374,Yes,Yes,X,Statutory exclusion/non-MPFS payment path,pathology,CO2 (bicarbonate),Assay blood carbon dioxide,0,0.00,0,0.00,Yes,Yes,technical-only code,60.0,Classify as non-MPFS/statutory-exclusion or technical/lab-only; remove from payable surgical Case Builder unless separate fee-schedule logic exists.
82435,Yes,Yes,X,Statutory exclusion/non-MPFS payment path,pathology,"Chloride, serum",Assay of blood chloride,0,0.00,0,0.00,Yes,Yes,technical-only code,60.0,Classify as non-MPFS/statutory-exclusion or technical/lab-only; remove from payable surgical Case Builder unless separate fee-schedule logic exists.
82550,Yes,Yes,X,Statutory exclusion/non-MPFS payment path,pathology,"Creatine kinase (CK), total",Assay of ck (cpk),0,0.00,0,0.00,Yes,Yes,technical-only code,60.0,Classify as non-MPFS/statutory-exclusion or technical/lab-only; remove from payable surgical Case Builder unless separate fee-schedule logic exists.
82565,Yes,Yes,X,Statutory exclusion/non-MPFS payment path,pathology,"Creatinine, blood",Assay of creatinine,0,0.00,0,0.00,Yes,Yes,technical-only code,60.0,Classify as non-MPFS/statutory-exclusion or technical/lab-only; remove from payable surgical Case Builder unless separate fee-schedule logic exists.
82728,Yes,Yes,X,Statutory exclusion/non-MPFS payment path,pathology,Assay of ferritin,Assay of ferritin,0,0.00,0,0.00,Yes,Yes,technical-only code,60.0,Classify as non-MPFS/statutory-exclusion or technical/lab-only; remove from payable surgical Case Builder unless separate fee-schedule logic exists.
82784,Yes,Yes,X,Statutory exclusion/non-MPFS payment path,pathology,"IgA, IgD, IgG, IgM, each",Assay iga/igd/igg/igm each,0,0.00,0,0.00,Yes,Yes,technical-only code,60.0,Classify as non-MPFS/statutory-exclusion or technical/lab-only; remove from payable surgical Case Builder unless separate fee-schedule logic exists.
82947,Yes,Yes,X,Statutory exclusion/non-MPFS payment path,pathology,"Glucose, quantitative, blood",Assay glucose blood quant,0,0.00,0,0.00,Yes,Yes,technical-only code,60.0,Classify as non-MPFS/statutory-exclusion or technical/lab-only; remove from payable surgical Case Builder unless separate fee-schedule logic exists.
83036,Yes,Yes,X,Statutory exclusion/non-MPFS payment path,pathology,Hemoglobin A1c,Hemoglobin glycosylated a1c,0,0.00,0,0.00,Yes,Yes,technical-only code,60.0,Classify as non-MPFS/statutory-exclusion or technical/lab-only; remove from payable surgical Case Builder unless separate fee-schedule logic exists.
83540,Yes,Yes,X,Statutory exclusion/non-MPFS payment path,pathology,Iron binding capacity,Assay of iron,0,0.00,0,0.00,Yes,Yes,technical-only code,60.0,Classify as non-MPFS/statutory-exclusion or technical/lab-only; remove from payable surgical Case Builder unless separate fee-schedule logic exists.
83550,Yes,Yes,X,Statutory exclusion/non-MPFS payment path,pathology,Iron binding test,Iron binding test,0,0.00,0,0.00,Yes,Yes,technical-only code,60.0,Classify as non-MPFS/statutory-exclusion or technical/lab-only; remove from payable surgical Case Builder unless separate fee-schedule logic exists.
83615,Yes,Yes,X,Statutory exclusion/non-MPFS payment path,pathology,LDH (lactate dehydrogenase),Lactate (ld) (ldh) enzyme,0,0.00,0,0.00,Yes,Yes,technical-only code,60.0,Classify as non-MPFS/statutory-exclusion or technical/lab-only; remove from payable surgical Case Builder unless separate fee-schedule logic exists.
84075,Yes,Yes,X,Statutory exclusion/non-MPFS payment path,pathology,Alkaline phosphatase,Assay alkaline phosphatase,0,0.00,0,0.00,Yes,Yes,technical-only code,60.0,Classify as non-MPFS/statutory-exclusion or technical/lab-only; remove from payable surgical Case Builder unless separate fee-schedule logic exists.
84100,Yes,Yes,X,Statutory exclusion/non-MPFS payment path,pathology,"Phosphorus, inorganic",Assay of phosphorus,0,0.00,0,0.00,Yes,Yes,technical-only code,60.0,Classify as non-MPFS/statutory-exclusion or technical/lab-only; remove from payable surgical Case Builder unless separate fee-schedule logic exists.
84132,Yes,Yes,X,Statutory exclusion/non-MPFS payment path,pathology,"Potassium, serum",Assay of serum potassium,0,0.00,0,0.00,Yes,Yes,technical-only code,60.0,Classify as non-MPFS/statutory-exclusion or technical/lab-only; remove from payable surgical Case Builder unless separate fee-schedule logic exists.
84153,Yes,Yes,X,Statutory exclusion/non-MPFS payment path,pathology,Assay of psa total,Assay of psa total,0,0.00,0,0.00,Yes,Yes,technical-only code,60.0,Classify as non-MPFS/statutory-exclusion or technical/lab-only; remove from payable surgical Case Builder unless separate fee-schedule logic exists.
84295,Yes,Yes,X,Statutory exclusion/non-MPFS payment path,pathology,"Sodium, serum",Assay of serum sodium,0,0.00,0,0.00,Yes,Yes,technical-only code,60.0,Classify as non-MPFS/statutory-exclusion or technical/lab-only; remove from payable surgical Case Builder unless separate fee-schedule logic exists.
84439,Yes,Yes,X,Statutory exclusion/non-MPFS payment path,pathology,Free thyroxine (T4),Assay of free thyroxine,0,0.00,0,0.00,Yes,Yes,technical-only code,60.0,Classify as non-MPFS/statutory-exclusion or technical/lab-only; remove from payable surgical Case Builder unless separate fee-schedule logic exists.
84443,Yes,Yes,X,Statutory exclusion/non-MPFS payment path,pathology,Thyroid stimulating hormone (TSH),Assay thyroid stim hormone,0,0.00,0,0.00,Yes,Yes,technical-only code,60.0,Classify as non-MPFS/statutory-exclusion or technical/lab-only; remove from payable surgical Case Builder unless separate fee-schedule logic exists.
84450,Yes,Yes,X,Statutory exclusion/non-MPFS payment path,pathology,Transferase (ast) (sgot),Transferase (ast) (sgot),0,0.00,0,0.00,Yes,Yes,technical-only code,60.0,Classify as non-MPFS/statutory-exclusion or technical/lab-only; remove from payable surgical Case Builder unless separate fee-schedule logic exists.
84460,Yes,Yes,X,Statutory exclusion/non-MPFS payment path,pathology,Alanine amino (alt) (sgpt),Alanine amino (alt) (sgpt),0,0.00,0,0.00,Yes,Yes,technical-only code,60.0,Classify as non-MPFS/statutory-exclusion or technical/lab-only; remove from payable surgical Case Builder unless separate fee-schedule logic exists.
84520,Yes,Yes,X,Statutory exclusion/non-MPFS payment path,pathology,"BUN, blood urea nitrogen",Assay of urea nitrogen,0,0.00,0,0.00,Yes,Yes,technical-only code,60.0,Classify as non-MPFS/statutory-exclusion or technical/lab-only; remove from payable surgical Case Builder unless separate fee-schedule logic exists.
85025,Yes,Yes,X,Statutory exclusion/non-MPFS payment path,pathology,Complete blood count (CBC) with differential,Complete cbc w/auto diff wbc,0,0.00,0,0.00,Yes,Yes,technical-only code,60.0,Classify as non-MPFS/statutory-exclusion or technical/lab-only; remove from payable surgical Case Builder unless separate fee-schedule logic exists.
85027,Yes,Yes,X,Statutory exclusion/non-MPFS payment path,pathology,Complete blood count (CBC) automated,Complete cbc automated,0,0.00,0,0.00,Yes,Yes,technical-only code,60.0,Classify as non-MPFS/statutory-exclusion or technical/lab-only; remove from payable surgical Case Builder unless separate fee-schedule logic exists.
85610,Yes,Yes,X,Statutory exclusion/non-MPFS payment path,pathology,Prothrombin time (PT),Prothrombin time,0,0.00,0,0.00,Yes,Yes,technical-only code,60.0,Classify as non-MPFS/statutory-exclusion or technical/lab-only; remove from payable surgical Case Builder unless separate fee-schedule logic exists.
85730,Yes,Yes,X,Statutory exclusion/non-MPFS payment path,pathology,Partial thromboplastin time (PTT),Thromboplastin time partial,0,0.00,0,0.00,Yes,Yes,technical-only code,60.0,Classify as non-MPFS/statutory-exclusion or technical/lab-only; remove from payable surgical Case Builder unless separate fee-schedule logic exists.
86003,Yes,Yes,X,Statutory exclusion/non-MPFS payment path,pathology,Allergen specific IgE,Allg spec ige crude xtrc ea,0,0.00,0,0.00,Yes,Yes,technical-only code,60.0,Classify as non-MPFS/statutory-exclusion or technical/lab-only; remove from payable surgical Case Builder unless separate fee-schedule logic exists.
86200,Yes,Yes,X,Statutory exclusion/non-MPFS payment path,pathology,Cyclic citrullinated peptide (CCP) antibody,Ccp antibody,0,0.00,0,0.00,Yes,Yes,technical-only code,60.0,Classify as non-MPFS/statutory-exclusion or technical/lab-only; remove from payable surgical Case Builder unless separate fee-schedule logic exists.
86235,Yes,Yes,X,Statutory exclusion/non-MPFS payment path,pathology,Nuclear antigen antibody (ANA),Nuclear antigen antibody,0,0.00,0,0.00,Yes,Yes,technical-only code,60.0,Classify as non-MPFS/statutory-exclusion or technical/lab-only; remove from payable surgical Case Builder unless separate fee-schedule logic exists.
86780,Yes,Yes,X,Statutory exclusion/non-MPFS payment path,pathology,Treponema pallidum confirmation (syphilis),Treponema pallidum,0,0.00,0,0.00,Yes,Yes,technical-only code,60.0,Classify as non-MPFS/statutory-exclusion or technical/lab-only; remove from payable surgical Case Builder unless separate fee-schedule logic exists.
86803,Yes,Yes,X,Statutory exclusion/non-MPFS payment path,pathology,Hepatitis C antibody,Hepatitis c ab test,0,0.00,0,0.00,Yes,Yes,technical-only code,60.0,Classify as non-MPFS/statutory-exclusion or technical/lab-only; remove from payable surgical Case Builder unless separate fee-schedule logic exists.
86850,Yes,Yes,X,Statutory exclusion/non-MPFS payment path,pathology,"Antibody screen, RBC",Rbc antibody screen,0,0.00,0,0.00,Yes,Yes,technical-only code,60.0,Classify as non-MPFS/statutory-exclusion or technical/lab-only; remove from payable surgical Case Builder unless separate fee-schedule logic exists.
86900,Yes,Yes,X,Statutory exclusion/non-MPFS payment path,pathology,"Blood typing, ABO",Blood typing serologic abo,0,0.00,0,0.00,Yes,Yes,technical-only code,60.0,Classify as non-MPFS/statutory-exclusion or technical/lab-only; remove from payable surgical Case Builder unless separate fee-schedule logic exists.
86901,Yes,Yes,X,Statutory exclusion/non-MPFS payment path,pathology,"Blood typing, Rh (D)",Blood typing serologic rh(d),0,0.00,0,0.00,Yes,Yes,technical-only code,60.0,Classify as non-MPFS/statutory-exclusion or technical/lab-only; remove from payable surgical Case Builder unless separate fee-schedule logic exists.
87070,Yes,Yes,X,Statutory exclusion/non-MPFS payment path,pathology,"Culture, bacterial, other source",Culture othr specimn aerobic,0,0.00,0,0.00,Yes,Yes,technical-only code,60.0,Classify as non-MPFS/statutory-exclusion or technical/lab-only; remove from payable surgical Case Builder unless separate fee-schedule logic exists.
87081,Yes,Yes,X,Statutory exclusion/non-MPFS payment path,pathology,"Culture, presumptive",Culture screen only,0,0.00,0,0.00,Yes,Yes,technical-only code,60.0,Classify as non-MPFS/statutory-exclusion or technical/lab-only; remove from payable surgical Case Builder unless separate fee-schedule logic exists.
87086,Yes,Yes,X,Statutory exclusion/non-MPFS payment path,pathology,Urine culture,Urine culture/colony count,0,0.00,0,0.00,Yes,Yes,technical-only code,60.0,Classify as non-MPFS/statutory-exclusion or technical/lab-only; remove from payable surgical Case Builder unless separate fee-schedule logic exists.
87340,Yes,Yes,X,Statutory exclusion/non-MPFS payment path,pathology,Hepatitis B surface antigen,Hepatitis b surface ag ia,0,0.00,0,0.00,Yes,Yes,technical-only code,60.0,Classify as non-MPFS/statutory-exclusion or technical/lab-only; remove from payable surgical Case Builder unless separate fee-schedule logic exists.
87389,Yes,Yes,X,Statutory exclusion/non-MPFS payment path,pathology,HIV-1 antigen with HIV-1/2 antibodies,Hiv-1 ag w/hiv-1&-2 ab ag ia,0,0.00,0,0.00,Yes,Yes,technical-only code,60.0,Classify as non-MPFS/statutory-exclusion or technical/lab-only; remove from payable surgical Case Builder unless separate fee-schedule logic exists.
87491,Yes,Yes,X,Statutory exclusion/non-MPFS payment path,pathology,"Chlamydia, amplified probe",Chlmyd trach dna amp probe,0,0.00,0,0.00,Yes,Yes,technical-only code,60.0,Classify as non-MPFS/statutory-exclusion or technical/lab-only; remove from payable surgical Case Builder unless separate fee-schedule logic exists.
87591,Yes,Yes,X,Statutory exclusion/non-MPFS payment path,pathology,"Neisseria gonorrhoeae, amplified probe",N.gonorrhoeae dna amp prob,0,0.00,0,0.00,Yes,Yes,technical-only code,60.0,Classify as non-MPFS/statutory-exclusion or technical/lab-only; remove from payable surgical Case Builder unless separate fee-schedule logic exists.
90658,Yes,Yes,X,Statutory exclusion/non-MPFS payment path,internal_medicine,"Influenza vaccine, trivalent",Iiv3 vaccine splt 0.5 ml im,0,0.00,0,0.00,Yes,Yes,technical-only code,60.0,Classify as non-MPFS/statutory-exclusion or technical/lab-only; remove from payable surgical Case Builder unless separate fee-schedule logic exists.
90662,Yes,Yes,X,Statutory exclusion/non-MPFS payment path,internal_medicine,"Influenza vaccine, high dose",Iiv no prsv increased ag im,0,0.00,0,0.00,Yes,Yes,technical-only code,60.0,Classify as non-MPFS/statutory-exclusion or technical/lab-only; remove from payable surgical Case Builder unless separate fee-schedule logic exists.
90670,Yes,Yes,X,Statutory exclusion/non-MPFS payment path,internal_medicine,"Pneumococcal conjugate vaccine, 13-valent",Pcv13 vaccine im,0,0.00,0,0.00,Yes,Yes,technical-only code,60.0,Classify as non-MPFS/statutory-exclusion or technical/lab-only; remove from payable surgical Case Builder unless separate fee-schedule logic exists.
90686,Yes,Yes,X,Statutory exclusion/non-MPFS payment path,internal_medicine,"Influenza vaccine, quadrivalent, preservative free",Iiv4 vacc no prsv 0.5 ml im,0,0.00,0,0.00,Yes,Yes,technical-only code,60.0,Classify as non-MPFS/statutory-exclusion or technical/lab-only; remove from payable surgical Case Builder unless separate fee-schedule logic exists.
90714,Yes,Yes,E,Excluded from MPFS by regulation,internal_medicine,Tdap vaccine,Td vacc no presv 7 yrs+ im,0,0.00,0,0.00,Yes,Yes,bundled/non-payable code,85.0,"Classify as non-payable/bundled; keep informational page if useful, exclude from payable workflows unless a supported payer-specific path exists."
90715,Yes,Yes,E,Excluded from MPFS by regulation,internal_medicine,"Tdap vaccine, 7+",Tdap vaccine 7 yrs/> im,0,0.00,0,0.00,Yes,Yes,bundled/non-payable code,85.0,"Classify as non-payable/bundled; keep informational page if useful, exclude from payable workflows unless a supported payer-specific path exists."
90732,Yes,Yes,X,Statutory exclusion/non-MPFS payment path,internal_medicine,Pneumococcal polysaccharide vaccine,Ppsv23 vacc 2 yrs+ subq/im,0,0.00,0,0.00,Yes,Yes,technical-only code,60.0,Classify as non-MPFS/statutory-exclusion or technical/lab-only; remove from payable surgical Case Builder unless separate fee-schedule logic exists.
90750,Yes,Yes,E,Excluded from MPFS by regulation,internal_medicine,"Zoster vaccine, recombinant",Hzv vacc recombinant im,0,0.00,0,0.00,Yes,Yes,bundled/non-payable code,85.0,"Classify as non-payable/bundled; keep informational page if useful, exclude from payable workflows unless a supported payer-specific path exists."
90867,Yes,Yes,C,Carrier-priced by Medicare contractor,psychiatry,"Therapeutic repetitive transcranial magnetic stimulation (TMS) treatment; initial, including cortical mapping, motor threshold determination, delivery and management",Tcranial magn stim tx plan,0,0.00,0,0.00,Yes,Yes,carrier-priced code,70.0,Classify as carrier-priced; keep searchable only with warning that Medicare payment is contractor-priced and not estimated by RVU formula.
90868,Yes,Yes,C,Carrier-priced by Medicare contractor,psychiatry,"TMS treatment; subsequent delivery and management, per session",Tcranial magn stim tx deli,0,0.00,0,0.00,Yes,Yes,carrier-priced code,70.0,Classify as carrier-priced; keep searchable only with warning that Medicare payment is contractor-priced and not estimated by RVU formula.
90869,Yes,Yes,C,Carrier-priced by Medicare contractor,psychiatry,TMS treatment; subsequent motor threshold re-determination with delivery and management,Tcran magn stim redetemine,0,0.00,0,0.00,Yes,Yes,carrier-priced code,70.0,Classify as carrier-priced; keep searchable only with warning that Medicare payment is contractor-priced and not estimated by RVU formula.
90882,Yes,Yes,N,Non-covered/non-payable under MPFS,psychiatry,Environmental intervention for medical management purposes on a psychiatric patient's behalf,Envrn ivntj med mgmt psyc pt,0,0.00,0,0.00,Yes,Yes,bundled/non-payable code,85.0,"Classify as non-payable/bundled; keep informational page if useful, exclude from payable workflows unless a supported payer-specific path exists."
90889,Yes,Yes,B,Bundled/non-payable under MPFS,psychiatry,"Preparation of report of patient's psychiatric status, history, treatment, or progress for other individuals, agencies, or insurance carriers",Preparation of report,0,0.00,0,0.00,Yes,Yes,bundled/non-payable code,85.0,"Classify as non-payable/bundled; keep informational page if useful, exclude from payable workflows unless a supported payer-specific path exists."
91120,Yes,No,ABSENT,No row in CMS RVU26C baseline,gastroenterology,Rectal sensation tone and compliance test,,1.23,,0,,Yes,Yes,dataset defect,119.23,"High priority: source-row mismatch or legacy specialty-import artifact. Verify current CPT/CMS status, then either restore CMS total/payment or reclassify inactive/deleted."
91122,Yes,No,ABSENT,No row in CMS RVU26C baseline,gastroenterology,Anorectal manometry,,1.56,,0,,Yes,Yes,dataset defect,119.56,"High priority: source-row mismatch or legacy specialty-import artifact. Verify current CPT/CMS status, then either restore CMS total/payment or reclassify inactive/deleted."
92499,Yes,Yes,C,Carrier-priced by Medicare contractor,ophthalmology,Unlisted ophthalmological service or procedure,Unlisted oph svc/procedure,0,0.00,0,0.00,Yes,Yes,carrier-priced code,70.0,Classify as carrier-priced; keep searchable only with warning that Medicare payment is contractor-priced and not estimated by RVU formula.
92925,Yes,No,ABSENT,No row in CMS RVU26C baseline,interventional_cardiology,Percutaneous transluminal coronary atherectomy with coronary angioplasty each additional vessel,,5.23,,0,,Yes,Yes,dataset defect,123.23,"High priority: source-row mismatch or legacy specialty-import artifact. Verify current CPT/CMS status, then either restore CMS total/payment or reclassify inactive/deleted."
92929,Yes,No,ABSENT,No row in CMS RVU26C baseline,general_surgery,PCI with coronary stent; each additional branch (add-on),,4.63,,0,,Yes,Yes,dataset defect,122.63,"High priority: source-row mismatch or legacy specialty-import artifact. Verify current CPT/CMS status, then either restore CMS total/payment or reclassify inactive/deleted."
92934,Yes,No,ABSENT,No row in CMS RVU26C baseline,interventional_cardiology,Percutaneous transluminal coronary atherectomy with intracoronary stent each additional vessel,,5.89,,0,,Yes,Yes,dataset defect,123.89,"High priority: source-row mismatch or legacy specialty-import artifact. Verify current CPT/CMS status, then either restore CMS total/payment or reclassify inactive/deleted."
92938,Yes,No,ABSENT,No row in CMS RVU26C baseline,vascular,Percutaneous transluminal revascularization of or through coronary artery bypass graft each additional vessel,,5.34,,0,,Yes,Yes,dataset defect,123.34,"High priority: source-row mismatch or legacy specialty-import artifact. Verify current CPT/CMS status, then either restore CMS total/payment or reclassify inactive/deleted."
92944,Yes,No,ABSENT,No row in CMS RVU26C baseline,interventional_cardiology,Percutaneous transluminal revascularization of chronic total occlusion each additional coronary artery,,6.12,,0,,Yes,Yes,dataset defect,124.12,"High priority: source-row mismatch or legacy specialty-import artifact. Verify current CPT/CMS status, then either restore CMS total/payment or reclassify inactive/deleted."
92975,Yes,No,ABSENT,No row in CMS RVU26C baseline,interventional_cardiology,Thrombolysis coronary by intracoronary infusion,,1.9,,0,,Yes,Yes,dataset defect,119.9,"High priority: source-row mismatch or legacy specialty-import artifact. Verify current CPT/CMS status, then either restore CMS total/payment or reclassify inactive/deleted."
92977,Yes,No,ABSENT,No row in CMS RVU26C baseline,interventional_cardiology,Thrombolysis coronary by intravenous infusion,,3.12,,0,,Yes,Yes,dataset defect,121.12,"High priority: source-row mismatch or legacy specialty-import artifact. Verify current CPT/CMS status, then either restore CMS total/payment or reclassify inactive/deleted."
92978,Yes,Yes,C,Carrier-priced by Medicare contractor,general_surgery,Endoluminl ivus oct c 1st,Endoluminl ivus oct c 1st,0,0.00,0,0.00,Yes,Yes,carrier-priced code,78.0,Classify as carrier-priced; keep searchable only with warning that Medicare payment is contractor-priced and not estimated by RVU formula.
92979,Yes,Yes,C,Carrier-priced by Medicare contractor,interventional_cardiology,Endoluminal imaging of coronary vessel or graft using intravascular ultrasound during therapeutic intervention,Endoluminl ivus oct c ea,0,0.00,0,0.00,Yes,Yes,carrier-priced code,78.0,Classify as carrier-priced; keep searchable only with warning that Medicare payment is contractor-priced and not estimated by RVU formula.
93315,Yes,Yes,C,Carrier-priced by Medicare contractor,diagnostic_cardiology,Transesophageal echocardiography for congenital cardiac anomalies including probe placement,Echo transesophageal,0,0.00,0,0.00,Yes,Yes,carrier-priced code,70.0,Classify as carrier-priced; keep searchable only with warning that Medicare payment is contractor-priced and not estimated by RVU formula.
93317,Yes,Yes,C,Carrier-priced by Medicare contractor,diagnostic_cardiology,Transesophageal echocardiography for congenital cardiac anomalies image acquisition interpretation and report only,Echo transesophageal,0,0.00,0,0.00,Yes,Yes,carrier-priced code,70.0,Classify as carrier-priced; keep searchable only with warning that Medicare payment is contractor-priced and not estimated by RVU formula.
93318,Yes,Yes,C,Carrier-priced by Medicare contractor,diagnostic_cardiology,Transesophageal echocardiography for monitoring purposes during cardiac surgery,Echo transesophageal intraop,0,0.00,0,0.00,Yes,Yes,carrier-priced code,70.0,Classify as carrier-priced; keep searchable only with warning that Medicare payment is contractor-priced and not estimated by RVU formula.
93530,Yes,No,ABSENT,No row in CMS RVU26C baseline,diagnostic_cardiology,Right heart catheterization for congenital cardiac anomalies,,2.93,,0,,Yes,Yes,dataset defect,112.93,"High priority: source-row mismatch or legacy specialty-import artifact. Verify current CPT/CMS status, then either restore CMS total/payment or reclassify inactive/deleted."
93531,Yes,No,ABSENT,No row in CMS RVU26C baseline,diagnostic_cardiology,Combined right heart catheterization and retrograde left heart catheterization for congenital cardiac anomalies,,7.89,,0,,Yes,Yes,dataset defect,117.89,"High priority: source-row mismatch or legacy specialty-import artifact. Verify current CPT/CMS status, then either restore CMS total/payment or reclassify inactive/deleted."
93532,Yes,No,ABSENT,No row in CMS RVU26C baseline,diagnostic_cardiology,Combined right heart catheterization and transseptal left heart catheterization through intact septum for congenital cardiac anomalies,,8.34,,0,,Yes,Yes,dataset defect,118.34,"High priority: source-row mismatch or legacy specialty-import artifact. Verify current CPT/CMS status, then either restore CMS total/payment or reclassify inactive/deleted."
93533,Yes,No,ABSENT,No row in CMS RVU26C baseline,diagnostic_cardiology,Combined right heart catheterization and transseptal left heart catheterization through existing septal opening for congenital cardiac anomalies,,7.56,,0,,Yes,Yes,dataset defect,117.56,"High priority: source-row mismatch or legacy specialty-import artifact. Verify current CPT/CMS status, then either restore CMS total/payment or reclassify inactive/deleted."
93561,Yes,No,ABSENT,No row in CMS RVU26C baseline,diagnostic_cardiology,Indicator dilution studies injection procedure for cardiac output measurement,,0.89,,0,,Yes,Yes,dataset defect,110.89,"High priority: source-row mismatch or legacy specialty-import artifact. Verify current CPT/CMS status, then either restore CMS total/payment or reclassify inactive/deleted."
93562,Yes,No,ABSENT,No row in CMS RVU26C baseline,diagnostic_cardiology,Indicator dilution studies subsequent measurement of cardiac output,,0.45,,0,,Yes,Yes,dataset defect,110.45,"High priority: source-row mismatch or legacy specialty-import artifact. Verify current CPT/CMS status, then either restore CMS total/payment or reclassify inactive/deleted."
93571,Yes,Yes,C,Carrier-priced by Medicare contractor,general_surgery,Iv dop vel&/press c flo 1st,Iv dop vel&/press c flo 1st,0,0.00,0,0.00,Yes,Yes,carrier-priced code,78.0,Classify as carrier-priced; keep searchable only with warning that Medicare payment is contractor-priced and not estimated by RVU formula.
93572,Yes,Yes,C,Carrier-priced by Medicare contractor,diagnostic_cardiology,Intravascular Doppler velocity and/or pressure each additional vessel,Iv dop vel&/press c flo ea,0,0.00,0,0.00,Yes,Yes,carrier-priced code,70.0,Classify as carrier-priced; keep searchable only with warning that Medicare payment is contractor-priced and not estimated by RVU formula.
93600,Yes,Yes,C,Carrier-priced by Medicare contractor,interventional_cardiology,Bundle of His recording,Bundle of his recording,0,0.00,0,0.00,Yes,Yes,carrier-priced code,78.0,Classify as carrier-priced; keep searchable only with warning that Medicare payment is contractor-priced and not estimated by RVU formula.
93602,Yes,Yes,C,Carrier-priced by Medicare contractor,interventional_cardiology,Intra-atrial recording,Intra-atrial recording,0,0.00,0,0.00,Yes,Yes,carrier-priced code,78.0,Classify as carrier-priced; keep searchable only with warning that Medicare payment is contractor-priced and not estimated by RVU formula.
93603,Yes,Yes,C,Carrier-priced by Medicare contractor,interventional_cardiology,Right ventricular recording,Right ventricular recording,0,0.00,0,0.00,Yes,Yes,carrier-priced code,78.0,Classify as carrier-priced; keep searchable only with warning that Medicare payment is contractor-priced and not estimated by RVU formula.
93609,Yes,Yes,C,Carrier-priced by Medicare contractor,interventional_cardiology,Intraventricular and/or intra-atrial mapping of tachycardia site,Intra-vntr mapg tchycar site,0,0.00,0,0.00,Yes,Yes,carrier-priced code,78.0,Classify as carrier-priced; keep searchable only with warning that Medicare payment is contractor-priced and not estimated by RVU formula.
93610,Yes,Yes,C,Carrier-priced by Medicare contractor,interventional_cardiology,Intra-atrial pacing,Intra-atrial pacing,0,0.00,0,0.00,Yes,Yes,carrier-priced code,78.0,Classify as carrier-priced; keep searchable only with warning that Medicare payment is contractor-priced and not estimated by RVU formula.
93612,Yes,Yes,C,Carrier-priced by Medicare contractor,interventional_cardiology,Intraventricular pacing,Intraventricular pacing,0,0.00,0,0.00,Yes,Yes,carrier-priced code,78.0,Classify as carrier-priced; keep searchable only with warning that Medicare payment is contractor-priced and not estimated by RVU formula.
93615,Yes,Yes,C,Carrier-priced by Medicare contractor,interventional_cardiology,Esophageal recording of atrial electrogram with or without pacing,Esophageal recording,0,0.00,0,0.00,Yes,Yes,carrier-priced code,78.0,Classify as carrier-priced; keep searchable only with warning that Medicare payment is contractor-priced and not estimated by RVU formula.
93616,Yes,Yes,C,Carrier-priced by Medicare contractor,interventional_cardiology,Esophageal recording of atrial electrogram with pacing,Esophageal recording w/pacg,0,0.00,0,0.00,Yes,Yes,carrier-priced code,78.0,Classify as carrier-priced; keep searchable only with warning that Medicare payment is contractor-priced and not estimated by RVU formula.
93618,Yes,Yes,C,Carrier-priced by Medicare contractor,interventional_cardiology,Induction of arrhythmia by electrical pacing,Indctj arrhythmia elec pacg,0,0.00,0,0.00,Yes,Yes,carrier-priced code,78.0,Classify as carrier-priced; keep searchable only with warning that Medicare payment is contractor-priced and not estimated by RVU formula.
93621,Yes,Yes,C,Carrier-priced by Medicare contractor,interventional_cardiology,Comprehensive electrophysiologic evaluation with left atrial pacing and recording from coronary sinus,Comp ep evl l pac&rec c sins,0,0.00,0,0.00,Yes,Yes,carrier-priced code,78.0,Classify as carrier-priced; keep searchable only with warning that Medicare payment is contractor-priced and not estimated by RVU formula.
93622,Yes,Yes,C,Carrier-priced by Medicare contractor,interventional_cardiology,Comprehensive electrophysiologic evaluation with left ventricular pacing and recording,Comp ep eval l ventr pac&rec,0,0.00,0,0.00,Yes,Yes,carrier-priced code,78.0,Classify as carrier-priced; keep searchable only with warning that Medicare payment is contractor-priced and not estimated by RVU formula.
93623,Yes,Yes,C,Carrier-priced by Medicare contractor,interventional_cardiology,Programmed stimulation and pacing after intravenous drug infusion,Prgrmd stimj&pacg iv rx nfs,0,0.00,0,0.00,Yes,Yes,carrier-priced code,78.0,Classify as carrier-priced; keep searchable only with warning that Medicare payment is contractor-priced and not estimated by RVU formula.
93624,Yes,Yes,C,Carrier-priced by Medicare contractor,interventional_cardiology,Electrophysiologic follow-up study with pacing and recording,Ep f-up study pacg&rec,0,0.00,0,0.00,Yes,Yes,carrier-priced code,78.0,Classify as carrier-priced; keep searchable only with warning that Medicare payment is contractor-priced and not estimated by RVU formula.
93631,Yes,Yes,C,Carrier-priced by Medicare contractor,interventional_cardiology,Intra-operative epicardial and endocardial pacing and mapping to localize zone of origin of arrhythmia,Ntraop epicar&endcar pac&map,0,0.00,0,0.00,Yes,Yes,carrier-priced code,78.0,Classify as carrier-priced; keep searchable only with warning that Medicare payment is contractor-priced and not estimated by RVU formula.
93640,Yes,Yes,C,Carrier-priced by Medicare contractor,interventional_cardiology,Electrophysiologic evaluation of single or dual chamber pacing cardioverter-defibrillator leads,Ep eval 1/2chmbr pacg cvdfb,0,0.00,0,0.00,Yes,Yes,carrier-priced code,78.0,Classify as carrier-priced; keep searchable only with warning that Medicare payment is contractor-priced and not estimated by RVU formula.
93641,Yes,Yes,C,Carrier-priced by Medicare contractor,interventional_cardiology,Electrophysiologic evaluation of single or dual chamber transvenous pacing cardioverter-defibrillator,Ep evl 1/2chmb pac cvdfb tst,0,0.00,0,0.00,Yes,Yes,carrier-priced code,78.0,Classify as carrier-priced; keep searchable only with warning that Medicare payment is contractor-priced and not estimated by RVU formula.
93662,Yes,Yes,C,Carrier-priced by Medicare contractor,interventional_cardiology,Intracardiac echocardiography during therapeutic/diagnostic intervention including imaging supervision and interpretation,Intracardiac ecg (ice),0,0.00,0,0.00,Yes,Yes,carrier-priced code,78.0,Classify as carrier-priced; keep searchable only with warning that Medicare payment is contractor-priced and not estimated by RVU formula.
94250,Yes,No,ABSENT,No row in CMS RVU26C baseline,pulmonology,Expired gas collection quantitative single procedure,,0.23,,0,,Yes,Yes,dataset defect,110.23,"High priority: source-row mismatch or legacy specialty-import artifact. Verify current CPT/CMS status, then either restore CMS total/payment or reclassify inactive/deleted."
94400,Yes,No,ABSENT,No row in CMS RVU26C baseline,pulmonology,Breathing response to CO2,,0.89,,0,,Yes,Yes,dataset defect,110.89,"High priority: source-row mismatch or legacy specialty-import artifact. Verify current CPT/CMS status, then either restore CMS total/payment or reclassify inactive/deleted."
94620,Yes,No,ABSENT,No row in CMS RVU26C baseline,pulmonology,Pulmonary stress testing (cardiopulmonary exercise),,1.42,,0,,Yes,Yes,dataset defect,111.42,"High priority: source-row mismatch or legacy specialty-import artifact. Verify current CPT/CMS status, then either restore CMS total/payment or reclassify inactive/deleted."
94642,Yes,Yes,C,Carrier-priced by Medicare contractor,pulmonology,Aerosol inhalation of pentamidine for pneumocystis carinii pneumonia treatment or prophylaxis,Aerosol inhalation treatment,0,0.00,0,0.00,Yes,Yes,carrier-priced code,70.0,Classify as carrier-priced; keep searchable only with warning that Medicare payment is contractor-priced and not estimated by RVU formula.
94662,Yes,No,ABSENT,No row in CMS RVU26C baseline,pulmonology,Continuous negative pressure ventilation CNP initiation and management,,1.34,,0,,Yes,Yes,dataset defect,111.34,"High priority: source-row mismatch or legacy specialty-import artifact. Verify current CPT/CMS status, then either restore CMS total/payment or reclassify inactive/deleted."
94720,Yes,No,ABSENT,No row in CMS RVU26C baseline,pulmonology,Carbon monoxide diffusing capacity DLCO,,0.56,,0,,Yes,Yes,dataset defect,110.56,"High priority: source-row mismatch or legacy specialty-import artifact. Verify current CPT/CMS status, then either restore CMS total/payment or reclassify inactive/deleted."
94750,Yes,No,ABSENT,No row in CMS RVU26C baseline,pulmonology,Pulmonary compliance study lung or thorax,,0.89,,0,,Yes,Yes,dataset defect,110.89,"High priority: source-row mismatch or legacy specialty-import artifact. Verify current CPT/CMS status, then either restore CMS total/payment or reclassify inactive/deleted."
94770,Yes,No,ABSENT,No row in CMS RVU26C baseline,pulmonology,Carbon dioxide expired gas determination by infrared analyzer,,0.23,,0,,Yes,Yes,dataset defect,110.23,"High priority: source-row mismatch or legacy specialty-import artifact. Verify current CPT/CMS status, then either restore CMS total/payment or reclassify inactive/deleted."
94772,Yes,Yes,C,Carrier-priced by Medicare contractor,pulmonology,Circadian respiratory pattern recording pediatric with interpretation and report,Circadian respir pattern rec,0,0.00,0,0.00,Yes,Yes,carrier-priced code,70.0,Classify as carrier-priced; keep searchable only with warning that Medicare payment is contractor-priced and not estimated by RVU formula.
94774,Yes,Yes,C,Carrier-priced by Medicare contractor,pulmonology,Pediatric home apnea monitoring event recording including respiratory rate heart rate and oxygen saturation per 30 days,Ped home apnea mntr evnt rec,0,0.00,0,0.00,Yes,Yes,carrier-priced code,70.0,Classify as carrier-priced; keep searchable only with warning that Medicare payment is contractor-priced and not estimated by RVU formula.
94775,Yes,Yes,C,Carrier-priced by Medicare contractor,pulmonology,Pediatric home apnea monitoring event recording including respiratory rate heart rate and oxygen saturation set up and interpretation,Ped home apnea mntr att only,0,0.00,0,0.00,Yes,Yes,carrier-priced code,70.0,Classify as carrier-priced; keep searchable only with warning that Medicare payment is contractor-priced and not estimated by RVU formula.
94776,Yes,Yes,C,Carrier-priced by Medicare contractor,pulmonology,Pediatric home apnea monitoring event recording per 30 days physician review,Ped home apnea mntr dl&alys,0,0.00,0,0.00,Yes,Yes,carrier-priced code,70.0,Classify as carrier-priced; keep searchable only with warning that Medicare payment is contractor-priced and not estimated by RVU formula.
94777,Yes,Yes,C,Carrier-priced by Medicare contractor,pulmonology,Pediatric home apnea monitoring event recording per 30 days download and technical support,Ped home apnea mntr rvw i&r,0,0.00,0,0.00,Yes,Yes,carrier-priced code,70.0,Classify as carrier-priced; keep searchable only with warning that Medicare payment is contractor-priced and not estimated by RVU formula.
94799,Yes,Yes,C,Carrier-priced by Medicare contractor,pulmonology,Unlisted pulmonary service or procedure,Unlisted pulmonary svc/px,0,0.00,0,0.00,Yes,Yes,carrier-priced code,70.0,Classify as carrier-priced; keep searchable only with warning that Medicare payment is contractor-priced and not estimated by RVU formula.
96376,Yes,Yes,X,Statutory exclusion/non-MPFS payment path,internal_medicine,"IV push, each additional sequential, new substance",Tx/pro/dx inj same drug adon,0,0.00,0,0.00,Yes,Yes,technical-only code,60.0,Classify as non-MPFS/statutory-exclusion or technical/lab-only; remove from payable surgical Case Builder unless separate fee-schedule logic exists.
96999,Yes,Yes,C,Carrier-priced by Medicare contractor,dermatology,Unlisted special dermatological service or procedure,Unlisted spec derm svc/px,0,0.00,0,0.00,Yes,Yes,carrier-priced code,70.0,Classify as carrier-priced; keep searchable only with warning that Medicare payment is contractor-priced and not estimated by RVU formula.
97039,Yes,Yes,C,Carrier-priced by Medicare contractor,physical_medicine,Unlisted modality,Unlisted modality,0,0.00,0,0.00,Yes,Yes,carrier-priced code,70.0,Classify as carrier-priced; keep searchable only with warning that Medicare payment is contractor-priced and not estimated by RVU formula.
97139,Yes,Yes,C,Carrier-priced by Medicare contractor,physical_medicine,Unlisted therapeutic procedure,Unlisted therapeutic px,0,0.00,0,0.00,Yes,Yes,carrier-priced code,70.0,Classify as carrier-priced; keep searchable only with warning that Medicare payment is contractor-priced and not estimated by RVU formula.
97169,Yes,Yes,N,Non-covered/non-payable under MPFS,physical_medicine,Athletic training evaluation: low complexity,Athletic trn eval low cmplx,0,0.00,0,0.00,Yes,Yes,bundled/non-payable code,85.0,"Classify as non-payable/bundled; keep informational page if useful, exclude from payable workflows unless a supported payer-specific path exists."
97170,Yes,Yes,N,Non-covered/non-payable under MPFS,physical_medicine,Athletic training evaluation: moderate complexity,Athletic trn eval mod cmplx,0,0.00,0,0.00,Yes,Yes,bundled/non-payable code,85.0,"Classify as non-payable/bundled; keep informational page if useful, exclude from payable workflows unless a supported payer-specific path exists."
97171,Yes,Yes,N,Non-covered/non-payable under MPFS,physical_medicine,Athletic training evaluation: high complexity,Athletic trn eval high cmplx,0,0.00,0,0.00,Yes,Yes,bundled/non-payable code,85.0,"Classify as non-payable/bundled; keep informational page if useful, exclude from payable workflows unless a supported payer-specific path exists."
97172,Yes,Yes,N,Non-covered/non-payable under MPFS,physical_medicine,Athletic training re-evaluation,Athletic trn re-eval plan cr,0,0.00,0,0.00,Yes,Yes,bundled/non-payable code,85.0,"Classify as non-payable/bundled; keep informational page if useful, exclude from payable workflows unless a supported payer-specific path exists."
97545,Yes,Yes,R,Restricted coverage/special rules,physical_medicine,Work hardening/conditioning initial 2 hours,Work hardening,0,0.00,0,0.00,Yes,Yes,bundled/non-payable code,85.0,"Classify as non-payable/bundled; keep informational page if useful, exclude from payable workflows unless a supported payer-specific path exists."
97546,Yes,Yes,R,Restricted coverage/special rules,physical_medicine,Work hardening/conditioning each additional hour,Work hardening add-on,0,0.00,0,0.00,Yes,Yes,bundled/non-payable code,85.0,"Classify as non-payable/bundled; keep informational page if useful, exclude from payable workflows unless a supported payer-specific path exists."
97602,Yes,Yes,B,Bundled/non-payable under MPFS,physical_medicine,Removal of devitalized tissue from wound selective debridement,Wound(s) care non-selective,0,0.00,0,0.00,Yes,Yes,bundled/non-payable code,85.0,"Classify as non-payable/bundled; keep informational page if useful, exclude from payable workflows unless a supported payer-specific path exists."
97799,Yes,Yes,C,Carrier-priced by Medicare contractor,physical_medicine,Unlisted physical medicine/rehabilitation service or procedure,Unlisted physcl med/rehab px,0,0.00,0,0.00,Yes,Yes,carrier-priced code,70.0,Classify as carrier-priced; keep searchable only with warning that Medicare payment is contractor-priced and not estimated by RVU formula.
99218,Yes,No,ABSENT,No row in CMS RVU26C baseline,internal_medicine,"Initial observation care, straightforward/low",,1.82,,0,,Yes,Yes,dataset defect,111.82,"High priority: source-row mismatch or legacy specialty-import artifact. Verify current CPT/CMS status, then either restore CMS total/payment or reclassify inactive/deleted."
99219,Yes,No,ABSENT,No row in CMS RVU26C baseline,internal_medicine,"Initial observation care, moderate",,0.59,,0,,Yes,Yes,dataset defect,110.59,"High priority: source-row mismatch or legacy specialty-import artifact. Verify current CPT/CMS status, then either restore CMS total/payment or reclassify inactive/deleted."
99220,Yes,No,ABSENT,No row in CMS RVU26C baseline,internal_medicine,"Initial observation care, high",,3.56,,0,,Yes,Yes,dataset defect,113.56,"High priority: source-row mismatch or legacy specialty-import artifact. Verify current CPT/CMS status, then either restore CMS total/payment or reclassify inactive/deleted."
99224,Yes,No,ABSENT,No row in CMS RVU26C baseline,internal_medicine,"Subsequent observation care, straightforward",,0.74,,0,,Yes,Yes,dataset defect,110.74,"High priority: source-row mismatch or legacy specialty-import artifact. Verify current CPT/CMS status, then either restore CMS total/payment or reclassify inactive/deleted."
99225,Yes,No,ABSENT,No row in CMS RVU26C baseline,internal_medicine,"Subsequent observation care, moderate",,1.39,,0,,Yes,Yes,dataset defect,111.39,"High priority: source-row mismatch or legacy specialty-import artifact. Verify current CPT/CMS status, then either restore CMS total/payment or reclassify inactive/deleted."
99226,Yes,No,ABSENT,No row in CMS RVU26C baseline,internal_medicine,"Subsequent observation care, high",,2,,0,,Yes,Yes,dataset defect,112.0,"High priority: source-row mismatch or legacy specialty-import artifact. Verify current CPT/CMS status, then either restore CMS total/payment or reclassify inactive/deleted."
99241,Yes,No,ABSENT,No row in CMS RVU26C baseline,internal_medicine,"Office consultation, straightforward",,0.64,,0,,Yes,Yes,dataset defect,110.64,"High priority: source-row mismatch or legacy specialty-import artifact. Verify current CPT/CMS status, then either restore CMS total/payment or reclassify inactive/deleted."
99251,Yes,No,ABSENT,No row in CMS RVU26C baseline,internal_medicine,"Inpatient consultation, straightforward",,0.64,,0,,Yes,Yes,dataset defect,110.64,"High priority: source-row mismatch or legacy specialty-import artifact. Verify current CPT/CMS status, then either restore CMS total/payment or reclassify inactive/deleted."
99343,Yes,No,ABSENT,No row in CMS RVU26C baseline,internal_medicine,"Home visit, new patient, moderate",,2.46,,0,,Yes,Yes,dataset defect,112.46,"High priority: source-row mismatch or legacy specialty-import artifact. Verify current CPT/CMS status, then either restore CMS total/payment or reclassify inactive/deleted."
99354,Yes,No,ABSENT,No row in CMS RVU26C baseline,internal_medicine,"Prolonged service, outpatient, first hour",,2.33,,0,,Yes,Yes,dataset defect,112.33,"High priority: source-row mismatch or legacy specialty-import artifact. Verify current CPT/CMS status, then either restore CMS total/payment or reclassify inactive/deleted."
99355,Yes,No,ABSENT,No row in CMS RVU26C baseline,internal_medicine,"Prolonged service, outpatient, each additional 30 min",,2.33,,0,,Yes,Yes,dataset defect,112.33,"High priority: source-row mismatch or legacy specialty-import artifact. Verify current CPT/CMS status, then either restore CMS total/payment or reclassify inactive/deleted."
99356,Yes,No,ABSENT,No row in CMS RVU26C baseline,internal_medicine,"Prolonged service, inpatient, first hour",,2.33,,0,,Yes,Yes,dataset defect,112.33,"High priority: source-row mismatch or legacy specialty-import artifact. Verify current CPT/CMS status, then either restore CMS total/payment or reclassify inactive/deleted."
99357,Yes,No,ABSENT,No row in CMS RVU26C baseline,internal_medicine,"Prolonged service, inpatient, each additional 30 min",,2.33,,0,,Yes,Yes,dataset defect,112.33,"High priority: source-row mismatch or legacy specialty-import artifact. Verify current CPT/CMS status, then either restore CMS total/payment or reclassify inactive/deleted."
99441,Yes,No,ABSENT,No row in CMS RVU26C baseline,internal_medicine,"Telephone E/M, 5-10 min",,0.5,,0,,Yes,Yes,dataset defect,110.5,"High priority: source-row mismatch or legacy specialty-import artifact. Verify current CPT/CMS status, then either restore CMS total/payment or reclassify inactive/deleted."
99442,Yes,No,ABSENT,No row in CMS RVU26C baseline,internal_medicine,"Telephone E/M, 11-20 min",,0.97,,0,,Yes,Yes,dataset defect,110.97,"High priority: source-row mismatch or legacy specialty-import artifact. Verify current CPT/CMS status, then either restore CMS total/payment or reclassify inactive/deleted."
99443,Yes,No,ABSENT,No row in CMS RVU26C baseline,internal_medicine,"Telephone E/M, 21-30 min",,1.5,,0,,Yes,Yes,dataset defect,111.5,"High priority: source-row mismatch or legacy specialty-import artifact. Verify current CPT/CMS status, then either restore CMS total/payment or reclassify inactive/deleted."
